lemma,count,observed_forms,noun,proper_noun,verb,auxiliary,adjective,adverb,pronoun,other
the,114225,the=114225,0,2,0,0,0,0,0,114223
be,67646,be=19229; is=16927; are=10609; was=9690; were=6717; been=3235; being=1179; am=58; bees=2,0,0,30,67616,0,0,0,0
to,56535,to=56387; na=142; ta=6,0,0,0,0,0,0,0,56535
of,52397,of=52397,0,0,0,0,0,374,0,52023
a,37770,a=37770,58,24,0,0,0,2,0,37686
in,37045,in=37045,1,1,0,0,0,107,0,36936
and,33879,and=33879,0,0,0,0,0,0,0,33879
that,29558,that=29558,0,0,0,0,0,127,11108,18323
have,18295,have=11382; had=3404; has=3084; having=425,1,0,425,17869,0,0,0,0
it,17606,it=17606,1,0,0,0,0,0,17605,0
they,16670,they=13447; them=3223,0,0,0,0,0,0,16670,0
for,14616,for=14616,0,0,1,0,0,0,0,14615
do,13725,do=5509; does=4652; did=2808; doing=390; done=366,2,0,757,12966,0,0,0,0
not,13010,not=13008; nt=2,0,0,0,0,0,0,0,13010
on,11141,on=11141,0,2,0,0,0,154,0,10985
i,10923,i=10003; me=920,0,2,0,0,0,0,10921,0
you,9259,you=9259,0,2,0,0,0,0,9257,0
student,9107,student=6607; students=2500,8252,851,4,0,0,0,0,0
professor,8825,professor=8631; professors=194,6419,2405,1,0,0,0,0,0
from,8608,from=8608,0,0,0,0,0,0,0,8608
as,8476,as=8476,0,0,0,0,0,1377,0,7099
about,8468,about=8468,0,0,0,0,22,644,0,7802
with,8320,with=8320,0,0,0,0,0,0,0,8320
by,8103,by=8103,3,0,0,0,0,26,0,8074
this,8010,this=8010,0,0,0,0,0,0,0,8010
what,7591,what=7591,1,0,0,0,0,0,6788,802
so,7370,so=7370,0,0,0,0,1,6300,0,1069
but,7250,but=7250,0,0,0,0,0,0,0,7250
an,7173,an=7173,0,0,0,0,0,0,0,7173
their,7026,their=7026,0,0,0,0,0,0,7025,1
can,6416,can=5970; ca=432; cans=13; canned=1,19,0,1,6396,0,0,0,0
at,5976,at=5976,0,0,0,0,0,275,0,5701
we,5817,we=5109; us=708,0,0,0,0,0,0,5817,0
use,5777,use=2302; used=2210; using=1120; uses=145,797,10,4970,0,0,0,0,0
or,5776,or=5776,0,0,0,0,0,0,0,5776
more,5566,more=5566,0,0,0,0,2454,3112,0,0
would,5330,would=5330,0,0,0,5330,0,0,0,0
some,5312,some=5312,0,0,0,0,0,3,0,5309
make,5284,make=2084; made=2049; making=600; makes=551,6,0,5278,0,0,0,0,0
well,5241,well=3750; better=821; best=654; wells=15; welling=1,28,3,1,0,513,2447,0,2249
other,5138,other=4578; others=560,560,2,0,0,4576,0,0,0
there,4920,there=4920,0,0,0,0,0,997,3923,0
one,4863,one=4548; ones=315,651,5,1,0,0,0,77,4129
he,4702,he=4171; him=531,0,4,0,0,0,0,4698,0
when,4648,when=4648,0,0,0,0,0,0,0,4648
will,4626,will=4423; wo=200; wills=3,9,0,0,4617,0,0,0,0
passage,4609,passage=4593; passages=16,4244,365,0,0,0,0,0,0
which,4490,which=4490,0,0,0,0,0,0,0,4490
how,4447,how=4447,1,0,0,0,0,0,0,4446
than,4362,than=4362,0,0,0,0,0,0,0,4362
people,4137,people=4018; peoples=119,4083,54,0,0,0,0,0,0
time,4068,time=3560; times=500; timed=4; timing=4,4053,6,9,0,0,0,0,0
why,3957,why=3957,0,0,0,0,0,0,0,3957
like,3888,like=3803; liked=53; likes=28; liking=4,1,0,584,0,96,1,0,3206
could,3569,could=3569,0,0,0,3569,0,0,0,0
all,3448,all=3445; alls=3,3,2,0,0,0,522,0,2921
these,3441,these=3441,0,1,0,0,0,0,0,3440
know,3288,know=2184; known=806; knew=153; knows=92; knowing=53,1,0,3285,0,0,0,0,2
because,3263,because=3263,0,0,0,0,0,6,0,3257
if,3235,if=3233; ifs=2,0,0,2,0,0,0,0,3233
think,3193,think=2112; thought=650; thinks=219; thinking=212,2,0,3191,0,0,0,0,0
water,3180,water=2992; waters=178; watered=9; watering=1,3098,61,20,0,1,0,0,0
she,3167,she=2850; her=317,0,0,0,0,0,0,3167,0
get,3123,get=1955; got=515; getting=366; gets=243; gotten=44,3,0,3120,0,0,0,0,0
out,3108,out=3108,0,0,0,0,3,146,0,2959
work,3030,work=1924; working=461; works=435; worked=210,1487,9,1532,0,2,0,0,0
different,3002,different=3002,0,3,0,0,2999,0,0,0
lecture,2959,lecture=2917; lectures=40; lecturing=2,2942,7,9,0,1,0,0,0
where,2953,where=2953,1,0,0,0,0,0,0,2952
most,2948,most=2948,0,6,0,0,1464,1478,0,0
year,2926,years=1833; year=1093,2917,9,0,0,0,0,0,0
your,2920,your=2913; yours=7,7,0,0,0,0,0,2913,0
way,2843,way=1972; ways=871,2805,7,0,0,0,31,0,0
see,2840,see=2122; seen=328; saw=245; seeing=127; sees=18,3,0,2833,0,0,0,0,4
animal,2818,animals=1999; animal=819,2798,15,2,0,3,0,0,0
find,2810,found=1474; find=1101; finding=170; finds=65,30,0,2780,0,0,0,0,0
new,2798,new=2757; newer=34; newest=7,0,404,0,0,2394,0,0,0
its,2765,its=2765,0,0,0,0,0,0,2765,0
many,2748,many=2748,0,2,0,0,2746,0,0,0
class,2727,class=2278; classes=449,2716,9,2,0,0,0,0,0
plant,2694,plants=1579; plant=1018; planted=53; planting=44,2501,15,178,0,0,0,0,0
now,2623,now=2623,0,0,0,0,0,2614,0,9
up,2552,up=2542; ups=10,20,0,0,0,2,139,0,2391
his,2534,his=2534,0,0,0,0,0,0,2534,0
first,2493,first=2493,0,57,0,0,1333,1102,0,1
into,2487,into=2487,0,0,0,0,0,0,0,2487
large,2482,large=1819; larger=531; largest=132,0,3,0,0,2477,2,0,0
just,2477,just=2477,0,0,0,0,4,2473,0,0
take,2466,take=1259; took=413; taking=326; taken=291; takes=177,2,0,2464,0,0,0,0,0
idea,2358,ideas=1428; idea=930,2356,1,1,0,0,0,0,0
change,2336,change=1118; changes=666; changed=343; changing=209,1171,16,1149,0,0,0,0,0
part,2329,part=1856; parts=473,2306,7,2,0,14,0,0,0
example,2317,example=1837; examples=480,2317,0,0,0,0,0,0,0
explain,2306,explain=2061; explains=106; explained=72; explaining=67,2,0,2304,0,0,0,0,0
point,2304,point=1275; points=978; pointed=33; pointing=18,1779,4,521,0,0,0,0,0
go,2300,go=992; going=702; went=261; gon=142; goes=133; gone=70,11,1,2288,0,0,0,0,0
need,2286,need=1422; needed=496; needs=360; needing=8,321,1,1961,3,0,0,0,0
help,2242,help=1553; helped=303; helps=259; helping=127,199,3,2039,1,0,0,0,0
also,2227,also=2227,0,0,0,0,0,2227,0,0
food,2217,food=2048; foods=169,2186,29,1,0,1,0,0,0
only,2216,only=2216,0,1,0,0,330,1885,0,0
good,2212,good=1387; goods=458; best=367,478,58,0,0,1670,2,0,4
sentence,2114,sentence=1620; sentences=494,2114,0,0,0,0,0,0,0
woman,2102,woman=1962; women=140,2102,0,0,0,0,0,0,0
may,2097,may=2097,0,27,0,2070,0,0,0,0
man,2057,man=1955; men=102,2051,6,0,0,0,0,0,0
question,2052,question=1753; questions=281; questioned=15; questioning=3,1965,2,85,0,0,0,0,0
specie,2035,species=2035,2034,0,1,0,0,0,0,0
area,2025,areas=1162; area=863,2019,5,1,0,0,0,0,0
much,2017,much=2017,0,2,0,0,1018,997,0,0
paragraph,2009,paragraph=1977; paragraphs=32,1684,303,18,0,4,0,0,0
between,1988,between=1988,1,0,0,0,0,0,0,1987
who,1978,who=1978,0,0,0,0,0,0,1978,0
look,1962,look=1201; looking=396; looked=216; looks=149,106,1,1855,0,0,0,0,0
accord,1961,according=1955; accord=4; accorded=2,4,0,1957,0,0,0,0,0
say,1939,say=1004; said=472; says=307; saying=156,5,1,1847,0,0,0,0,86
early,1937,early=1317; earlier=440; earliest=180,0,17,0,0,1483,437,0,0
art,1935,art=1826; arts=109,1850,83,1,0,1,0,0,0
study,1934,study=1147; studies=334; studying=278; studied=175,1184,9,741,0,0,0,0,0
very,1929,very=1929,0,0,0,0,39,1890,0,0
two,1923,two=1922; twos=1,1,4,0,0,0,0,0,1918
important,1910,important=1910,0,2,0,0,1908,0,0,0
item,1908,item=1731; items=177,1624,284,0,0,0,0,0,0
then,1892,then=1892,0,0,0,0,0,1892,0,0
provide,1878,provide=914; provided=629; provides=205; providing=130,0,1,1877,0,0,0,0,0
even,1824,even=1824,0,0,0,0,4,1820,0,0
right,1817,right=1793; rights=24,93,4,0,0,812,415,0,493
over,1816,over=1816,1,0,0,0,2,126,0,1687
long,1814,long=1356; longer=446; longest=12,0,10,1,0,963,840,0,0
become,1808,became=776; become=735; becomes=160; becoming=137,0,0,1808,0,0,0,0,0
earth,1785,earth=1774; earths=11,223,1562,0,0,0,0,0,0
no,1760,no=1760,10,4,0,0,0,271,0,1475
give,1753,give=806; given=310; gives=308; gave=203; giving=126,0,1,1752,0,0,0,0,0
form,1725,form=863; formed=437; forms=332; forming=93,800,6,919,0,0,0,0,0
such,1702,such=1702,0,0,0,0,1434,0,0,268
listen,1695,listen=1466; listening=221; listened=5; listens=3,1,0,1694,0,0,0,0,0
really,1682,really=1682,0,0,0,0,0,1682,0,0
live,1662,live=776; living=486; lived=323; lives=77,1,0,1566,0,89,6,0,0
transcript,1626,transcript=1625; transcripts=1,736,890,0,0,0,0,0,0
small,1623,small=1174; smaller=421; smallest=28,1,3,0,0,1619,0,0,0
during,1609,during=1609,0,0,0,0,0,0,0,1609
write,1574,write=661; writing=409; written=309; wrote=179; writes=16,1,1,1572,0,0,0,0,0
mean,1572,mean=925; means=430; meant=139; meaning=78,87,6,1470,0,9,0,0,0
lot,1560,lot=1268; lots=292,1559,1,0,0,0,0,0,0
might,1540,might=1540,1,0,0,1539,0,0,0,0
group,1533,group=893; groups=618; grouped=13; grouping=9,1494,14,25,0,0,0,0,0
come,1525,come=582; came=502; comes=234; coming=207,0,0,1524,0,1,0,0,0
same,1522,same=1522,0,1,0,0,1521,0,0,0
want,1501,want=844; wanted=435; wants=212; wanting=10,1,0,1500,0,0,0,0,0
tree,1495,trees=949; tree=546,1478,14,3,0,0,0,0,0
those,1485,those=1485,0,0,0,0,0,0,0,1485
produce,1479,produce=653; produced=533; producing=175; produces=118,35,2,1442,0,0,0,0,0
should,1457,should=1457,0,0,0,1457,0,0,0,0
great,1440,great=1045; greater=312; greatest=83,0,125,0,0,1311,0,0,4
before,1434,before=1434,0,0,1,0,0,208,0,1225
high,1432,high=1043; higher=334; highest=55,3,22,1,0,1369,37,0,0
reading,1423,reading=1399; readings=24,1257,166,0,0,0,0,0,0
express,1422,express=972; expresses=378; expressed=52; expressing=20,0,21,1398,0,3,0,0,0
call,1419,called=1020; call=273; calls=106; calling=20,109,0,1310,0,0,0,0,0
her,1419,her=1417; hers=2,2,0,0,0,0,0,1417,0
my,1415,my=1415,0,0,0,0,0,0,1413,2
show,1404,show=729; shows=247; showed=179; shown=159; showing=90,143,1,1260,0,0,0,0,0
bird,1389,birds=982; bird=407,1371,9,4,0,5,0,0,0
after,1388,after=1388,0,0,0,0,0,67,0,1321
type,1380,type=713; types=665; typed=1; typing=1,1373,1,6,0,0,0,0,0
actually,1373,actually=1373,0,0,0,0,0,1373,0,0
another,1372,another=1372,0,0,0,0,0,0,0,1372
information,1370,information=1370,1340,30,0,0,0,0,0,0
increase,1367,increase=512; increased=485; increasing=210; increases=160,281,4,1082,0,0,0,0,0
discuss,1356,discuss=652; discussing=348; discusses=185; discussed=171,0,6,1350,0,0,0,0,0
place,1356,place=742; places=444; placed=136; placing=34,1115,2,239,0,0,0,0,0
female,1355,female=1172; females=183,231,838,2,0,284,0,0,0
grow,1324,grow=543; growing=385; grew=168; grown=138; grows=90,4,1,1319,0,0,0,0,0
each,1314,each=1314,0,0,0,0,0,0,0,1314
create,1306,create=534; created=446; creating=206; creates=120,0,2,1304,0,0,0,0,0
male,1299,male=1111; males=188,245,788,0,0,266,0,0,0
thing,1271,things=693; thing=578,1271,0,0,0,0,0,0,0
select,1266,select=828; selecting=381; selected=56; selects=1,0,3,900,0,363,0,0,0
century,1265,century=1023; centuries=242,1251,13,0,0,1,0,0,0
human,1254,human=712; humans=542,576,12,1,0,665,0,0,0
suggest,1254,suggest=593; suggests=443; suggested=149; suggesting=69,2,0,1252,0,0,0,0,0
close,1251,closest=607; close=396; closer=174; closed=50; closing=15; closes=9,9,3,111,0,913,215,0,0
cause,1230,cause=457; caused=456; causes=194; causing=123,191,1,1036,0,0,0,0,2
present,1219,presented=569; present=416; presents=201; presenting=33,33,4,897,0,285,0,0,0
our,1217,our=1213; ours=4,4,0,0,0,0,0,1213,0
system,1217,system=924; systems=293,1207,10,0,0,0,0,0,0
less,1215,less=1204; lesser=11,0,0,0,0,522,693,0,0
choice,1210,choices=1081; choice=129,1208,2,0,0,0,0,0,0
through,1204,through=1204,0,0,0,0,0,33,0,1171
often,1203,often=1203,0,0,0,0,0,1203,0,0
research,1202,research=1150; researching=29; researched=18; researches=5,1067,57,78,0,0,0,0,0
read,1197,read=670; reading=521; reads=6,6,7,1184,0,0,0,0,0
following,1196,following=1196,649,0,0,0,547,0,0,0
researcher,1183,researchers=1112; researcher=71,1181,2,0,0,0,0,0,0
play,1182,play=641; plays=260; played=163; playing=118,578,2,598,0,4,0,0,0
life,1178,life=1025; lives=145; lifes=8,1154,20,4,0,0,0,0,0
university,1173,university=1099; universities=74,1072,101,0,0,0,0,0,0
surface,1167,surface=1070; surfaces=92; surfaced=3; surfacing=2,1154,5,8,0,0,0,0,0
painting,1166,paintings=628; painting=538,1160,6,0,0,0,0,0,0
course,1157,course=917; courses=239; coursing=1,1051,2,1,0,0,103,0,0
population,1155,population=726; populations=429,1142,13,0,0,0,0,0,0
too,1155,too=1155,0,1,0,0,0,1154,0,0
material,1150,materials=598; material=552,1134,1,1,0,14,0,0,0
square,1149,square=783; squares=364; squared=2,738,0,3,0,408,0,0,0
problem,1147,problem=767; problems=380,1145,2,0,0,0,0,0,0
any,1142,any=1142,0,0,0,0,0,4,0,1138
mention,1137,mention=649; mentioned=294; mentions=181; mentioning=13,19,0,1118,0,0,0,0,0
around,1126,around=1126,0,0,0,0,0,305,0,821
word,1126,word=673; words=451; worded=2,1123,1,2,0,0,0,0,0
few,1121,few=917; fewer=203; fewest=1,0,0,0,0,1121,0,0,0
narrator,1113,narrator=1112; narrators=1,1113,0,0,0,0,0,0,0
evidence,1107,evidence=1104; evidenced=3,1054,50,3,0,0,0,0,0
number,1106,number=858; numbers=245; numbered=3,1101,1,4,0,0,0,0,0
ocean,1096,ocean=864; oceans=232,945,139,2,0,10,0,0,0
start,1092,start=454; started=448; starting=126; starts=64,57,0,1035,0,0,0,0,0
add,1088,added=504; add=494; adding=68; adds=22,0,0,1088,0,0,0,0,0
begin,1082,began=599; begin=236; beginning=108; begun=77; begins=62,0,2,1080,0,0,0,0,0
period,1082,period=826; periods=256,1054,28,0,0,0,0,0,0
summary,1077,summary=1077,1077,0,0,0,0,0,0,0
sure,1072,sure=1071; surest=1,0,2,0,0,857,23,0,190
site,1069,site=573; sites=496,1061,7,1,0,0,0,0,0
able,1068,able=1068,0,0,0,0,1068,0,0,0
kind,1068,kind=722; kinds=345; kinder=1,862,0,0,0,5,201,0,0
light,1067,light=873; lights=94; lighter=59; lit=32; lighting=7; lighted=1; lightest=1,657,17,56,0,336,1,0,0
result,1062,result=527; results=295; resulted=156; resulting=84,706,0,356,0,0,0,0,0
develop,1061,developed=574; develop=324; developing=118; develops=45,2,0,1059,0,0,0,0,0
city,1056,city=619; cities=437,989,67,0,0,0,0,0,0
space,1050,space=585; spaces=453; spaced=12,1029,8,13,0,0,0,0,0
company,1046,company=635; companies=411,1035,11,0,0,0,0,0,0
move,1034,move=453; moving=270; moved=236; moves=75,70,3,961,0,0,0,0,0
support,1034,support=681; supported=149; supports=136; supporting=68,183,3,848,0,0,0,0,0
opinion,1023,opinion=947; opinions=76,1023,0,0,0,0,0,0,0
theory,1020,theory=798; theories=222,1018,1,1,0,0,0,0,0
land,1014,land=921; lands=62; landed=17; landing=14,946,19,49,0,0,0,0,0
yeah,1012,yeah=1012,0,2,0,0,0,0,0,1010
both,1009,both=1009,0,0,0,0,0,3,0,1006
process,1002,process=786; processes=180; processed=22; processing=14,914,1,87,0,0,0,0,0
reason,1001,reasons=506; reason=482; reasoned=12; reasoning=1,987,0,14,0,0,0,0,0
fish,1000,fish=967; fishes=17; fishing=11; fished=5,936,23,41,0,0,0,0,0
while,1000,while=1000,110,0,0,0,0,0,0,890
okay,996,okay=996,0,3,0,0,99,4,0,890
something,989,something=988; somethings=1,1,0,0,0,0,0,988,0
talk,986,talk=454; talking=342; talked=111; talks=79,54,1,931,0,0,0,0,0
probably,983,probably=983,0,0,0,0,0,983,0,0
response,981,response=920; responses=61,979,1,1,0,0,0,0,0
enough,976,enough=976,0,0,0,0,571,405,0,0
back,963,back=939; backs=17; backed=6; backing=1,58,1,23,0,14,825,0,42
today,962,today=962,962,0,0,0,0,0,0,0
since,960,since=960,0,0,0,0,0,16,0,944
still,960,still=959; stilling=1,0,0,1,0,1,958,0,0
plan,957,plan=685; plans=141; planning=85; planned=46,543,4,410,0,0,0,0,0
old,956,old=641; older=225; oldest=80; olds=10,10,140,0,0,806,0,0,0
lead,954,led=472; lead=289; leading=114; leads=79,40,0,905,0,9,0,0,0
day,952,day=713; days=239,941,11,0,0,0,0,0,0
temperature,945,temperature=511; temperatures=434,940,4,1,0,0,0,0,0
certain,934,certain=934,0,4,0,0,930,0,0,0
eat,933,eat=482; eating=243; eaten=102; ate=63; eats=43,4,0,929,0,0,0,0,0
location,930,location=733; locations=197,928,2,0,0,0,0,0,0
planet,929,planet=544; planets=385,926,3,0,0,0,0,0,0
world,928,world=921; worlds=7,757,171,0,0,0,0,0,0
ancient,927,ancient=927,4,45,0,0,878,0,0,0
include,924,including=330; include=318; included=183; includes=93,0,3,921,0,0,0,0,0
product,920,products=521; product=399,919,0,1,0,0,0,0,0
allow,918,allowed=323; allow=307; allows=182; allowing=106,0,0,918,0,0,0,0,0
learn,910,learn=466; learned=242; learning=185; learns=17,2,1,907,0,0,0,0,0
effect,909,effect=536; effects=372; effected=1,898,9,2,0,0,0,0,0
own,905,own=802; owned=76; owning=16; owns=11,0,0,131,0,774,0,0,0
leave,904,leave=394; left=319; leaving=116; leaves=63; leaved=12,4,1,899,0,0,0,0,0
let,898,let=844; lets=29; letting=25,6,0,892,0,0,0,0,0
soil,898,soil=794; soils=104,887,11,0,0,0,0,0,0
amount,897,amount=629; amounts=266; amounted=2,889,0,8,0,0,0,0,0
indicate,895,indicate=710; indicates=109; indicated=44; indicating=32,0,0,895,0,0,0,0,0
end,886,end=665; ended=139; ends=65; ending=17,513,0,373,0,0,0,0,0
meaning,868,meaning=850; meanings=18,867,1,0,0,0,0,0,0
artist,860,artists=586; artist=274,855,4,0,0,1,0,0,0
however,847,however=847,0,0,0,0,0,846,0,1
answer,846,answer=695; answers=96; answered=31; answering=24,682,0,164,0,0,0,0,0
keep,845,keep=528; kept=148; keeping=106; keeps=63,0,0,845,0,0,0,0,0
three,844,three=844,0,2,0,0,0,0,0,842
here,842,here=842,0,0,0,0,0,842,0,0
environment,838,environment=663; environments=175,832,5,1,0,0,0,0,0
view,832,view=679; views=68; viewed=47; viewing=37; viewer=1,329,360,142,0,1,0,0,0
employee,830,employee=583; employees=247,816,14,0,0,0,0,0,0
conversation,829,conversation=807; conversations=22,825,4,0,0,0,0,0,0
believe,822,believe=488; believed=208; believes=119; believing=7,0,0,822,0,0,0,0,0
rock,819,rock=468; rocks=351,805,12,2,0,0,0,0,0
seem,817,seems=381; seem=316; seemed=118; seeming=2,0,0,817,0,0,0,0,0
source,813,source=453; sources=360,812,1,0,0,0,0,0,0
body,809,body=545; bodies=264,807,1,1,0,0,0,0,0
belong,807,belong=744; belonged=30; belonging=19; belongs=14,0,0,807,0,0,0,0,0
predator,806,predators=590; predator=216,805,1,0,0,0,0,0,0
scientist,805,scientists=746; scientist=59,800,2,2,0,1,0,0,0
occur,804,occurred=310; occur=246; occurs=169; occurring=79,3,0,801,0,0,0,0,0
down,802,down=800; downs=2,3,0,0,0,4,110,0,685
heat,798,heat=716; heated=55; heats=15; heating=12,651,18,129,0,0,0,0,0
build,793,built=373; build=260; building=143; builds=17,7,0,786,0,0,0,0,0
paper,790,paper=697; papers=93,783,7,0,0,0,0,0,0
try,790,try=349; trying=283; tried=138; tries=20,8,0,782,0,0,0,0,0
energy,789,energy=782; energies=7,783,6,0,0,0,0,0,0
fact,787,fact=731; facts=56,786,0,1,0,0,0,0,0
building,783,building=425; buildings=358,771,12,0,0,0,0,0,0
field,783,field=461; fields=321; fielding=1,776,6,1,0,0,0,0,0
true,783,true=783,1,2,0,0,780,0,0,0
atmosphere,777,atmosphere=749; atmospheres=28,773,4,0,0,0,0,0,0
follow,777,following=502; follow=156; followed=100; follows=19,6,0,771,0,0,0,0,0
history,777,history=759; histories=18,767,10,0,0,0,0,0,0
describe,774,describe=315; described=275; describes=148; describing=36,1,0,773,0,0,0,0,0
require,772,required=354; require=218; requires=164; requiring=36,0,1,770,0,1,0,0,0
last,770,last=655; lasting=49; lasted=43; lasts=23,1,3,169,0,585,12,0,0
behavior,766,behavior=615; behaviors=151,756,10,0,0,0,0,0,0
ask,765,ask=457; asked=204; asking=80; asks=24,2,0,763,0,0,0,0,0
paint,765,paint=331; painted=186; paints=129; painting=119,366,4,395,0,0,0,0,0
design,762,design=394; designed=188; designs=147; designing=33,477,4,281,0,0,0,0,0
second,761,second=743; seconds=18,50,28,1,0,557,90,0,35
far,759,far=556; further=109; farther=94,0,5,0,0,10,744,0,0
oh,756,oh=756,0,1,0,0,0,0,0,755
color,754,color=405; colors=288; colored=52; coloring=9,675,13,66,0,0,0,0,0
ago,753,ago=753,0,0,0,0,0,742,0,11
several,751,several=751,0,1,0,0,750,0,0,0
possible,746,possible=746,0,2,0,0,744,0,0,0
size,742,size=673; sizes=64; sized=3; sizing=2,731,5,6,0,0,0,0,0
next,741,next=741,0,2,0,0,618,114,0,7
click,740,click=727; clicking=6; clicks=6; clicked=1,10,0,730,0,0,0,0,0
music,739,music=738; musics=1,715,21,1,0,2,0,0,0
likely,737,likely=737,0,0,0,0,593,144,0,0
campus,735,campus=730; campuses=5,697,37,1,0,0,0,0,0
happen,735,happened=250; happens=210; happen=196; happening=79,0,0,735,0,0,0,0,0
region,726,region=377; regions=349,726,0,0,0,0,0,0,0
social,717,social=717,0,17,0,0,700,0,0,0
little,715,little=715,0,34,0,0,645,36,0,0
activity,712,activity=373; activities=339,708,4,0,0,0,0,0,0
imply,712,imply=687; implies=16; implied=6; implying=3,0,0,712,0,0,0,0,0
job,706,job=507; jobs=199,704,2,0,0,0,0,0,0
young,706,young=602; younger=96; youngest=8,6,8,0,0,692,0,0,0
base,705,based=617; base=82; basing=4; bases=2,72,1,632,0,0,0,0,0
production,704,production=677; productions=27,699,5,0,0,0,0,0,0
below,703,below=703,0,0,0,0,0,385,0,318
school,702,school=548; schools=146; schooling=8,662,32,8,0,0,0,0,0
air,698,air=695; airs=2; aired=1,676,17,5,0,0,0,0,0
consider,697,consider=305; considered=295; considering=79; considers=18,0,0,697,0,0,0,0,0
experience,695,experience=456; experienced=111; experiences=110; experiencing=18,486,0,209,0,0,0,0,0
climate,692,climate=566; climates=126,672,17,3,0,0,0,0,0
forest,691,forest=351; forests=315; forested=25,645,21,25,0,0,0,0,0
object,688,objects=509; object=173; objected=6,661,1,26,0,0,0,0,0
low,687,low=408; lower=257; lowest=21; lows=1,2,3,0,0,669,13,0,0
remain,687,remains=286; remain=201; remained=132; remaining=68,141,0,546,0,0,0,0,0
specific,687,specific=684; specifics=3,6,5,0,0,676,0,0,0
sea,686,sea=645; seas=41,570,115,0,0,1,0,0,0
without,686,without=686,0,0,0,0,0,1,0,685
yes,686,yes=686,0,1,0,0,0,0,0,685
complete,679,complete=572; completed=83; completing=23; completes=1,0,5,589,0,85,0,0,0
ice,679,ice=676; ices=2; icing=1,626,52,1,0,0,0,0,0
similar,676,similar=676,0,2,0,0,674,0,0,0
benefit,675,benefit=326; benefits=294; benefited=46; benefiting=9,415,0,260,0,0,0,0,0
contain,671,contain=250; contained=177; contains=173; containing=71,1,0,670,0,0,0,0,0
book,669,book=364; books=300; booked=5,637,20,12,0,0,0,0,0
sound,667,sounds=340; sound=303; sounded=17; sounding=7,316,7,308,0,36,0,0,0
state,665,state=480; states=156; stating=15; stated=14,428,17,220,0,0,0,0,0
age,663,age=551; ages=92; aged=11; aging=9,461,181,21,0,0,0,0,0
off,663,off=658; offs=5,15,1,0,0,6,29,0,612
technology,662,technology=532; technologies=130,645,17,0,0,0,0,0,0
method,659,methods=338; method=321,652,7,0,0,0,0,0,0
tell,656,tell=396; told=151; tells=60; telling=49,0,12,644,0,0,0,0,0
relationship,655,relationship=522; relationships=133,655,0,0,0,0,0,0,0
project,651,project=458; projects=174; projected=16; projecting=3,616,6,29,0,0,0,0,0
mainly,650,mainly=650,0,0,0,0,0,650,0,0
event,641,events=346; event=295,637,3,1,0,0,0,0,0
united,641,united=641,0,640,0,0,1,0,0,0
child,640,children=527; child=113,636,4,0,0,0,0,0,0
affect,639,affect=251; affected=235; affects=107; affecting=46,4,0,635,0,0,0,0,0
major,639,major=576; majors=43; majoring=18; majored=2,113,14,24,0,488,0,0,0
away,637,away=637,0,0,0,0,1,587,0,49
already,635,already=635,0,0,0,0,0,635,0,0
business,635,business=465; businesses=170,626,9,0,0,0,0,0,0
insect,635,insects=459; insect=176,612,7,16,0,0,0,0,0
society,634,society=325; societies=309,625,9,0,0,0,0,0,0
understand,634,understand=436; understood=93; understanding=66; understands=39,0,0,634,0,0,0,0,0
condition,633,conditions=563; condition=70,632,0,1,0,0,0,0,0
level,632,levels=340; level=289; leveled=3,626,0,5,0,1,0,0,0
states,630,states=630,0,630,0,0,0,0,0,0
sun,628,sun=626; suns=2,248,380,0,0,0,0,0,0
development,626,development=564; developments=62,613,13,0,0,0,0,0,0
europe,621,europe=621,0,621,0,0,0,0,0,0
experiment,618,experiment=393; experiments=174; experimenting=28; experimented=23,537,1,79,0,1,0,0,0
available,616,available=616,0,1,0,0,615,0,0,0
direction,611,directions=409; direction=202,611,0,0,0,0,0,0,0
together,611,together=611,0,0,0,0,0,608,0,3
carbon,610,carbon=610,588,18,4,0,0,0,0,0
sometimes,601,sometimes=601,0,0,0,0,0,601,0,0
difficult,596,difficult=596,0,0,0,0,596,0,0,0
four,596,four=596,0,2,0,0,0,0,0,594
hold,596,holding=227; hold=168; held=149; holds=52,22,0,574,0,0,0,0,0
involve,594,involved=288; involves=152; involve=80; involving=74,2,0,592,0,0,0,0,0
usually,594,usually=594,0,0,0,0,0,594,0,0
always,593,always=593,0,0,0,0,0,593,0,0
quality,591,quality=545; qualities=46,590,1,0,0,0,0,0,0
topic,589,topic=525; topics=64,589,0,0,0,0,0,0,0
later,587,later=587,0,0,0,0,123,464,0,0
organism,586,organisms=455; organism=131,586,0,0,0,0,0,0,0
common,585,common=575; commons=10,12,2,0,0,571,0,0,0
modern,584,modern=584,1,18,0,0,565,0,0,0
near,581,near=559; nearest=12; nearer=5; nears=3; neared=1; nearing=1,0,25,5,0,45,17,0,489
must,578,must=578,1,0,0,577,0,0,0,0
center,577,center=409; centers=140; centered=28,503,43,29,0,2,0,0,0
culture,576,culture=381; cultures=195,571,5,0,0,0,0,0,0
reduce,576,reduce=244; reduced=170; reducing=104; reduces=58,1,1,574,0,0,0,0,0
gas,574,gas=404; gases=165; gasses=3; gassing=2,564,5,5,0,0,0,0,0
once,574,once=574,0,0,0,0,0,387,0,187
week,573,week=438; weeks=135,573,0,0,0,0,0,0,0
individual,572,individual=345; individuals=227,312,13,0,0,247,0,0,0
money,572,money=572,571,1,0,0,0,0,0,0
natural,571,natural=571,1,8,0,0,562,0,0,0
whether,571,whether=571,0,0,0,0,0,0,0,571
big,570,big=426; bigger=94; biggest=50,0,11,0,0,558,1,0,0
survive,568,survive=414; survived=92; surviving=57; survives=5,7,0,559,0,2,0,0,0
term,568,term=416; terms=142; termed=10,556,1,11,0,0,0,0,0
wind,567,wind=433; winds=130; winding=2; wound=2,537,4,26,0,0,0,0,0
though,565,though=565,0,2,0,0,0,216,0,347
structure,564,structure=287; structures=260; structured=15; structuring=2,544,1,19,0,0,0,0,0
until,564,until=564,0,0,0,0,0,0,0,564
focus,563,focus=344; focused=123; focusing=54; focuses=42,153,3,407,0,0,0,0,0
chemical,562,chemical=382; chemicals=180,408,11,1,0,142,0,0,0
iron,562,iron=559; ironed=1; ironing=1; irons=1,500,56,6,0,0,0,0,0
program,562,program=396; programs=149; programmed=14; programming=2; programed=1,527,18,17,0,0,0,0,0
record,560,record=254; records=206; recorded=91; recording=9,419,0,141,0,0,0,0,0
author,559,author=476; authors=75; authored=8,551,0,8,0,0,0,0,0
order,559,order=519; ordered=20; orders=15; ordering=5,511,1,47,0,0,0,0,0
bring,557,brought=235; bring=178; brings=79; bringing=65,0,0,557,0,0,0,0,0
seed,552,seeds=439; seed=108; seeded=3; seeding=2,540,1,11,0,0,0,0,0
listening,551,listening=551,551,0,0,0,0,0,0,0
set,550,set=412; sets=83; setting=55,186,3,357,0,4,0,0,0
spread,547,spread=484; spreading=48; spreads=15,155,1,388,0,3,0,0,0
turn,545,turn=226; turned=141; turns=138; turning=40,114,0,431,0,0,0,0,0
american,544,american=544,0,91,0,0,453,0,0,0
ability,543,ability=480; abilities=63,543,0,0,0,0,0,0,0
easy,543,easy=278; easier=251; easiest=14,0,1,0,0,539,2,0,1
protect,542,protect=302; protected=135; protecting=72; protects=33,3,0,539,0,0,0,0,0
room,542,room=402; rooms=139; roomed=1,525,15,2,0,0,0,0,0
control,541,control=377; controlled=95; controlling=46; controls=23,255,6,280,0,0,0,0,0
impact,535,impact=449; impacts=70; impacted=10; impacting=6,498,4,33,0,0,0,0,0
solar,534,solar=534,0,10,0,0,523,1,0,0
case,531,case=380; cases=151,531,0,0,0,0,0,0,0
difference,530,difference=293; differences=237,527,3,0,0,0,0,0,0
influence,529,influence=286; influenced=173; influences=59; influencing=11,267,2,260,0,0,0,0,0
maybe,529,maybe=529,0,0,0,0,0,529,0,0
particular,529,particular=529,0,0,0,0,529,0,0,0
pay,528,pay=316; paid=143; paying=57; pays=12,21,5,502,0,0,0,0,0
north,527,north=527,74,343,0,0,74,36,0,0
bacteria,525,bacteria=525,518,7,0,0,0,0,0,0
determine,525,determine=301; determined=120; determining=75; determines=29,1,4,520,0,0,0,0,0
trade,525,trade=440; traded=54; trading=16; trades=15,419,14,92,0,0,0,0,0
cost,522,cost=292; costs=225; costing=5,441,0,81,0,0,0,0,0
egg,522,eggs=388; egg=134,518,2,0,0,2,0,0,0
writing,522,writing=496; writings=26,502,20,0,0,0,0,0,0
among,521,among=521,0,0,0,0,0,0,0,521
technique,520,techniques=293; technique=227,519,0,1,0,0,0,0,0
warm,520,warm=328; warmer=140; warming=24; warmed=19; warms=9,9,9,70,0,431,1,0,0
pretty,518,pretty=518,0,3,0,0,9,506,0,0
themselves,515,themselves=515,0,0,0,0,0,0,515,0
appear,514,appear=209; appeared=149; appears=143; appearing=13,0,0,514,0,0,0,0,0
fit,514,fit=477; fits=24; fitted=8; fitting=5,15,0,132,0,367,0,0,0
image,513,images=307; image=205; imaging=1,507,1,5,0,0,0,0,0
travel,512,travel=316; traveled=78; traveling=72; travels=43; travelled=2; travelling=1,146,4,362,0,0,0,0,0
essential,511,essential=504; essentials=7,7,1,0,0,503,0,0,0
teach,511,teaching=282; teach=117; taught=96; teaches=16,0,0,511,0,0,0,0,0
especially,510,especially=510,0,0,0,0,0,510,0,0
star,508,stars=254; star=248; staring=3; starred=2; starring=1,494,5,9,0,0,0,0,0
leaf,507,leaves=380; leaf=127,496,8,3,0,0,0,0,0
within,507,within=507,0,0,0,0,0,0,0,507
layer,506,layer=324; layers=174; layered=8,496,0,10,0,0,0,0,0
main,506,main=503; mains=3,4,4,0,0,498,0,0,0
purpose,506,purpose=391; purposes=115,504,0,0,0,2,0,0,0
summarize,504,summarize=498; summarized=2; summarizes=2; summarizing=2,0,0,504,0,0,0,0,0
date,503,date=207; dating=146; dates=85; dated=65,236,0,267,0,0,0,0,0
movement,501,movement=374; movements=127,490,11,0,0,0,0,0,0
strong,501,strong=360; stronger=122; strongest=19,0,1,0,0,500,0,0,0
put,500,put=396; putting=77; puts=27,3,1,493,0,3,0,0,0
dry,496,dry=326; dried=79; drying=34; drier=29; dries=28,2,3,183,0,308,0,0,0
store,496,store=247; stores=109; stored=94; storing=46,250,1,245,0,0,0,0,0
government,495,government=376; governments=119,486,9,0,0,0,0,0,0
rather,495,rather=495,0,0,0,0,0,495,0,0
growth,494,growth=491; growths=3,492,2,0,0,0,0,0,0
cover,492,covered=242; cover=158; covering=54; covers=38,48,3,441,0,0,0,0,0
role,492,role=430; roles=62,490,2,0,0,0,0,0,0
river,491,river=301; rivers=190,352,138,1,0,0,0,0,0
feature,489,features=307; feature=142; featured=26; featuring=14,421,1,67,0,0,0,0,0
feel,489,feel=297; felt=92; feels=64; feeling=36,10,0,479,0,0,0,0,0
pattern,489,patterns=309; pattern=178; patterned=2,486,1,2,0,0,0,0,0
late,487,late=438; latest=27; later=22,0,30,0,0,378,79,0,0
hard,486,hard=373; harder=109; hardest=4,0,3,0,0,397,86,0,0
effective,485,effective=485,0,0,0,0,485,0,0,0
film,483,film=300; films=169; filming=9; filmed=5,455,8,20,0,0,0,0,0
compare,482,compare=230; compared=170; comparing=62; compares=20,1,5,476,0,0,0,0,0
member,481,members=402; member=79,481,0,0,0,0,0,0,0
hypothesis,479,hypothesis=411; hypotheses=68,477,2,0,0,0,0,0,0
instead,479,instead=479,0,0,0,0,0,479,0,0
offer,478,offer=202; offered=152; offers=65; offering=59,20,1,457,0,0,0,0,0
review,478,review=428; reviews=26; reviewed=17; reviewing=7,42,6,430,0,0,0,0,0
factor,477,factors=300; factor=175; factored=2,473,0,4,0,0,0,0,0
uh,477,uh=477,0,0,0,0,0,0,0,477
spend,476,spend=283; spent=118; spending=52; spends=23,0,0,476,0,0,0,0,0
local,475,local=473; locals=2,2,5,0,0,468,0,0,0
style,475,style=331; styles=144,473,1,1,0,0,0,0,0
open,474,open=383; opened=61; opening=18; opens=12,4,4,161,0,301,4,0,0
short,474,short=393; shorter=77; shortest=4,1,0,0,0,461,12,0,0
um,474,um=474,0,0,0,0,0,0,0,474
break,472,break=270; broken=65; breaks=60; broke=46; breaking=31,113,6,353,0,0,0,0,0
name,472,name=272; named=123; names=69; naming=8,311,0,161,0,0,0,0,0
sell,469,sell=168; sold=166; selling=106; sells=29,4,0,465,0,0,0,0,0
sense,467,sense=439; sensing=22; senses=4; sensed=2,398,0,69,0,0,0,0,0
speak,467,speaking=259; speak=123; spoken=54; spoke=26; speaks=5,1,8,458,0,0,0,0,0
every,466,every=466,0,0,0,0,0,0,0,466
prey,466,prey=454; preyed=4; preying=4; preys=4,357,69,40,0,0,0,0,0
public,466,public=466,175,2,0,0,289,0,0,0
story,464,story=305; stories=159,462,1,1,0,0,0,0,0
tool,463,tools=330; tool=133,463,0,0,0,0,0,0,0
various,461,various=461,0,1,0,0,460,0,0,0
practice,460,practice=240; practices=150; practiced=49; practicing=21,340,5,115,0,0,0,0,0
america,459,america=454; americas=5,5,454,0,0,0,0,0,0
identify,459,identify=285; identified=125; identifying=39; identifies=10,0,1,458,0,0,0,0,0
mars,458,mars=458,0,458,0,0,0,0,0,0
crop,456,crops=292; crop=162; cropped=1; cropping=1,449,3,4,0,0,0,0,0
buy,452,buy=269; buying=107; bought=67; buys=9,0,6,446,0,0,0,0,0
power,450,power=388; powered=42; powers=15; powering=5,386,3,61,0,0,0,0,0
challenge,449,challenge=276; challenges=114; challenged=32; challenging=27,184,2,263,0,0,0,0,0
reach,448,reach=203; reached=115; reaching=83; reaches=47,12,0,436,0,0,0,0,0
although,447,although=447,0,0,0,0,0,0,0,447
illustrate,446,illustrate=264; illustrates=160; illustrated=18; illustrating=4,5,0,441,0,0,0,0,0
feed,445,feed=264; feeding=81; fed=68; feeds=30; feeder=2,39,0,404,0,2,0,0,0
economic,444,economic=384; economics=60,60,9,0,0,375,0,0,0
piece,444,pieces=232; piece=209; piecing=2; pieced=1,437,1,6,0,0,0,0,0
damage,442,damage=287; damaged=120; damaging=25; damages=10,257,0,185,0,0,0,0,0
habitat,442,habitat=257; habitats=185,414,27,0,0,1,0,0,0
model,442,model=255; models=166; modeled=18; modeling=3,414,3,25,0,0,0,0,0
community,441,community=265; communities=176,433,8,0,0,0,0,0,0
native,441,native=439; natives=2,3,84,0,0,354,0,0,0
environmental,440,environmental=440,0,19,0,0,421,0,0,0
exist,440,exist=147; existed=127; existing=109; exists=57,2,0,438,0,0,0,0,0
family,439,family=325; families=114,432,7,0,0,0,0,0,0
fall,438,fall=227; fell=75; falling=60; falls=54; fallen=22,122,4,312,0,0,0,0,0
cool,437,cool=223; cooler=87; cooling=65; cooled=40; cools=22,5,11,174,0,239,0,0,8
resource,435,resources=352; resource=83,429,4,2,0,0,0,0,0
prevent,434,prevent=253; prevents=62; preventing=61; prevented=58,3,1,430,0,0,0,0,0
home,433,home=294; homes=132; homing=7,358,2,7,0,0,66,0,0
advantage,432,advantage=278; advantages=153; advantaged=1,429,0,3,0,0,0,0,0
deep,431,deep=355; deeper=60; deepest=16,0,26,0,0,336,69,0,0
interesting,431,interesting=431,0,20,0,0,411,0,0,0
person,429,person=419; persons=10,428,1,0,0,0,0,0,0
quickly,429,quickly=429,0,1,0,0,0,428,0,0
typically,429,typically=429,0,1,0,0,0,428,0,0
article,428,article=335; articles=93,426,0,2,0,0,0,0,0
drag,427,drag=413; dragged=9; dragging=4; drags=1,42,2,376,0,0,0,0,7
country,426,country=227; countries=199,423,3,0,0,0,0,0,0
recent,426,recent=426,1,3,0,0,422,0,0,0
hear,425,heard=211; hear=180; hearing=25; hears=9,0,0,425,0,0,0,0,0
popular,425,popular=425,0,1,0,0,424,0,0,0
stone,424,stone=296; stones=128,396,28,0,0,0,0,0,0
under,424,under=424,0,0,0,0,0,4,0,420
remember,423,remember=387; remembered=17; remembering=13; remembers=6,1,0,422,0,0,0,0,0
farmer,421,farmers=388; farmer=33,420,1,0,0,0,0,0,0
along,420,along=420,0,0,0,0,0,37,0,383
million,419,million=303; millions=116,116,0,0,0,0,0,0,303
improve,418,improve=229; improved=113; improving=53; improves=23,1,0,417,0,0,0,0,0
subject,418,subject=240; subjects=171; subjected=6; subjecting=1,336,0,8,0,74,0,0,0
force,417,force=145; forces=142; forced=103; forcing=27,252,1,164,0,0,0,0,0
ground,415,ground=377; grounds=38,408,4,3,0,0,0,0,0
past,415,past=414; pasts=1,232,1,0,0,151,0,0,31
island,414,island=241; islands=173,356,58,0,0,0,0,0,0
emphasize,412,emphasize=362; emphasized=30; emphasizing=12; emphasizes=8,0,0,412,0,0,0,0,0
approach,410,approach=289; approaches=68; approaching=31; approached=22,315,0,95,0,0,0,0,0
oxygen,410,oxygen=410,396,14,0,0,0,0,0,0
release,410,released=160; release=148; releasing=55; releases=47,62,0,348,0,0,0,0,0
town,410,town=214; towns=196,399,9,2,0,0,0,0,0
computer,409,computer=317; computers=92,406,3,0,0,0,0,0,0
never,409,never=409,0,0,0,0,0,409,0,0
respond,408,responding=202; respond=164; responded=31; responds=11,7,0,401,0,0,0,0,0
department,406,department=369; departments=37,377,29,0,0,0,0,0,0
lose,405,lost=195; lose=135; losing=43; loses=32,1,0,404,0,0,0,0,0
recently,404,recently=404,0,0,0,0,0,404,0,0
grass,403,grass=287; grasses=116,393,7,3,0,0,0,0,0
european,402,european=401; europeans=1,1,33,0,0,368,0,0,0
discover,401,discovered=340; discover=48; discovering=12; discovers=1,0,0,401,0,0,0,0,0
summer,401,summer=378; summers=23,398,3,0,0,0,0,0,0
choose,400,choose=196; chose=82; choosing=58; chosen=57; chooses=7,0,1,399,0,0,0,0,0
exactly,400,exactly=400,0,0,0,0,0,400,0,0
minor,400,minor=399; minors=1,5,3,0,0,392,0,0,0
relatively,400,relatively=400,0,0,0,0,0,400,0,0
rise,400,rise=178; rising=85; rises=71; rose=55; risen=11,130,0,270,0,0,0,0,0
title,400,title=384; titles=9; titled=7,393,0,7,0,0,0,0,0
moon,399,moon=331; moons=68,212,187,0,0,0,0,0,0
clear,398,clear=324; cleared=36; clearer=18; clearing=17; clearest=2; clears=1,0,3,76,0,314,5,0,0
science,397,science=378; sciences=19,372,24,0,0,1,0,0,0
almost,395,almost=395,0,0,0,0,0,395,0,0
fossil,393,fossil=239; fossils=154,351,8,0,0,34,0,0,0
shape,393,shape=179; shapes=107; shaped=91; shaping=16,264,0,129,0,0,0,0,0
apply,392,apply=172; applied=128; applying=68; applies=24,0,2,390,0,0,0,0,0
industry,392,industry=295; industries=97,390,2,0,0,0,0,0,0
ship,392,ships=211; ship=155; shipped=21; shipping=5,357,1,34,0,0,0,0,0
tend,391,tend=260; tended=70; tends=56; tending=5,0,0,391,0,0,0,0,0
variety,391,variety=359; varieties=32,391,0,0,0,0,0,0,0
carry,390,carry=171; carried=143; carrying=55; carries=21,0,0,390,0,0,0,0,0
fire,389,fire=231; fires=103; fired=44; firing=11,313,6,70,0,0,0,0,0
brief,388,brief=388,2,1,0,0,385,0,0,0
rate,388,rate=264; rates=124,378,0,10,0,0,0,0,0
agriculture,387,agriculture=387,365,22,0,0,0,0,0,0
cold,387,cold=346; colder=30; coldest=11,23,5,1,0,357,1,0,0
continue,387,continue=196; continued=123; continues=41; continuing=27,0,1,386,0,0,0,0,0
fly,386,fly=169; flying=115; flies=79; flew=15; flown=8,80,0,306,0,0,0,0,0
language,386,language=289; languages=97,381,4,1,0,0,0,0,0
stay,385,stay=281; stayed=41; stays=33; staying=30,7,0,378,0,0,0,0,0
minute,382,minutes=294; minute=88,379,0,0,0,3,0,0,0
single,382,single=381; singles=1,2,4,1,0,369,6,0,0
archaeologist,381,archaeologists=339; archaeologist=42,375,5,1,0,0,0,0,0
again,380,again=380,0,0,0,0,0,380,0,0
decline,379,decline=219; declined=73; declines=46; declining=41,205,4,170,0,0,0,0,0
introductory,378,introductory=378,0,2,0,0,376,0,0,0
supply,377,supply=226; supplies=107; supplied=34; supplying=10,298,0,79,0,0,0,0,0
agree,376,agree=288; agreed=49; agrees=29; agreeing=10,0,0,376,0,0,0,0,0
eventually,376,eventually=376,0,1,0,0,0,375,0,0
introduce,376,introduced=185; introduce=140; introducing=41; introduces=10,0,2,374,0,0,0,0,0
quite,376,quite=376,0,0,0,0,4,292,0,80
weather,376,weather=348; weathering=17; weathered=9; weathers=2,340,6,30,0,0,0,0,0
biology,375,biology=375,356,19,0,0,0,0,0,0
receive,375,receive=185; received=140; receiving=28; receives=22,0,0,375,0,0,0,0,0
easily,374,easily=374,0,0,0,0,0,374,0,0
hour,374,hours=282; hour=92,370,4,0,0,0,0,0,0
worker,374,workers=303; worker=71,369,5,0,0,0,0,0,0
club,373,club=307; clubs=66,329,44,0,0,0,0,0,0
evolve,373,evolved=285; evolve=63; evolving=21; evolves=4,4,0,369,0,0,0,0,0
nest,372,nest=210; nests=152; nesting=9; nested=1,352,1,19,0,0,0,0,0
perform,372,perform=150; performed=137; performing=68; performs=17,3,0,369,0,0,0,0,0
wild,371,wild=371,82,4,0,0,285,0,0,0
insert,367,insert=362; inserted=2; inserting=2; inserts=1,0,357,9,0,1,0,0,0
library,367,library=317; libraries=50,355,12,0,0,0,0,0,0
brain,366,brain=325; brains=41,364,1,1,0,0,0,0,0
least,365,least=365,0,0,0,0,266,99,0,0
traditional,365,traditional=365,2,3,0,0,360,0,0,0
dioxide,362,dioxide=362,360,2,0,0,0,0,0,0
run,362,run=172; running=100; ran=51; runs=39,24,0,338,0,0,0,0,0
line,359,line=175; lines=165; lined=14; lining=5,327,3,29,0,0,0,0,0
market,359,market=257; markets=91; marketed=7; marketing=4,334,4,21,0,0,0,0,0
expect,358,expected=176; expect=145; expecting=20; expects=17,0,0,358,0,0,0,0,0
grain,356,grain=209; grains=143; grained=4,338,10,8,0,0,0,0,0
marine,356,marine=356,29,48,0,0,279,0,0,0
hand,355,hand=265; hands=69; handed=17; handing=4,323,1,31,0,0,0,0,0
claim,354,claim=252; claimed=51; claims=48; claiming=3,247,0,107,0,0,0,0,0
flower,354,flowers=193; flower=120; flowering=41,304,2,48,0,0,0,0,0
yet,354,yet=354,0,0,0,0,0,293,0,61
significant,353,significant=353,0,3,0,0,350,0,0,0
hunt,352,hunt=134; hunting=132; hunted=78; hunts=8,59,2,291,0,0,0,0,0
office,352,office=341; offices=11,322,29,1,0,0,0,0,0
against,351,against=351,0,2,0,0,0,0,0,349
third,351,third=344; thirds=7,32,19,0,0,197,103,0,0
depend,349,depends=104; depending=90; depend=81; depended=74,1,0,348,0,0,0,0,0
guess,348,guess=316; guessing=13; guesses=11; guessed=8,27,0,321,0,0,0,0,0
museum,347,museum=223; museums=124,311,36,0,0,0,0,0,0
south,347,south=347,56,180,0,0,52,59,0,0
fast,346,fast=179; faster=157; fastest=9; fasting=1,1,5,4,0,115,221,0,0
function,345,function=196; functions=111; functioning=20; functioned=18,256,0,89,0,0,0,0,0
infer,345,inferred=330; infer=13; inferring=2,0,0,345,0,0,0,0,0
salt,345,salt=308; salts=37,325,14,6,0,0,0,0,0
hot,344,hot=319; hotter=19; hottest=6,0,7,0,0,336,1,0,0
sculpture,344,sculpture=194; sculptures=150,339,5,0,0,0,0,0,0
skill,343,skills=256; skill=87,340,0,3,0,0,0,0,0
across,342,across=342,0,1,0,0,0,14,0,327
avoid,342,avoid=265; avoided=40; avoiding=30; avoids=7,2,2,338,0,0,0,0,0
current,342,current=241; currents=101,121,5,1,0,215,0,0,0
encourage,342,encourage=186; encouraged=99; encouraging=30; encourages=27,1,1,340,0,0,0,0,0
house,342,house=175; houses=152; housed=15,295,22,25,0,0,0,0,0
meet,342,meet=220; met=59; meeting=37; meets=26,1,3,338,0,0,0,0,0
assignment,341,assignment=254; assignments=87,340,1,0,0,0,0,0,0
complex,341,complex=335; complexes=6,33,4,0,0,304,0,0,0
raise,341,raised=128; raise=113; raising=65; raises=35,5,1,335,0,0,0,0,0
letter,340,letter=269; letters=70; lettering=1,338,0,2,0,0,0,0,0
car,339,car=184; cars=155,335,4,0,0,0,0,0,0
observe,339,observed=187; observe=88; observing=60; observes=4,0,2,337,0,0,0,0,0
service,339,service=190; services=148; serviced=1,328,9,2,0,0,0,0,0
wall,337,walls=209; wall=125; walled=3,328,5,4,0,0,0,0,0
characteristic,336,characteristics=241; characteristic=95,299,0,0,0,37,0,0,0
orbit,336,orbit=186; orbits=91; orbiting=51; orbited=8,237,1,98,0,0,0,0,0
special,336,special=335; specials=1,2,3,0,0,331,0,0,0
establish,335,established=199; establish=88; establishing=46; establishes=2,1,0,333,0,1,0,0,0
matter,335,matter=310; matters=21; mattered=4,262,3,35,0,0,35,0,0
night,334,night=290; nights=44,330,4,0,0,0,0,0,0
detail,333,details=259; detail=69; detailed=3; detailing=2,327,0,6,0,0,0,0,0
england,333,england=333,0,333,0,0,0,0,0,0
painter,333,painters=227; painter=106,333,0,0,0,0,0,0,0
pass,333,pass=145; passed=85; passing=64; passes=39,27,14,291,0,1,0,0,0
month,332,months=191; month=141,332,0,0,0,0,0,0,0
outside,332,outside=330; outsides=2,17,2,0,0,35,69,0,209
transport,332,transport=162; transported=114; transporting=52; transports=4,85,1,246,0,0,0,0,0
interested,331,interested=331,0,0,0,0,331,0,0,0
nature,329,nature=329,325,4,0,0,0,0,0,0
figure,327,figure=154; figures=113; figured=48; figuring=12,156,0,171,0,0,0,0,0
itself,327,itself=327,0,0,0,0,0,0,327,0
share,327,share=184; shared=84; sharing=43; shares=16,29,0,298,0,0,0,0,0
argue,326,argue=222; argued=70; argues=25; arguing=9,1,0,325,0,0,0,0,0
mammal,326,mammals=280; mammal=46,282,2,0,0,42,0,0,0
ant,325,ants=222; ant=103,264,0,0,0,61,0,0,0
agricultural,324,agricultural=324,0,11,0,0,313,0,0,0
future,324,future=320; futures=4,176,2,0,0,146,0,0,0
prefer,324,prefer=224; preferred=69; prefers=27; preferring=4,0,0,324,0,0,0,0,0
root,323,roots=234; root=84; rooted=3; rooting=2,316,1,6,0,0,0,0,0
except,322,except=322,6,216,0,0,0,0,0,100
lake,322,lake=169; lakes=153,295,27,0,0,0,0,0,0
teacher,321,teachers=191; teacher=130,321,0,0,0,0,0,0,0
pottery,320,pottery=319; potteries=1,310,9,0,0,1,0,0,0
throughout,320,throughout=320,0,0,0,0,0,0,0,320
price,319,price=177; prices=121; priced=21,297,1,21,0,0,0,0,0
thousand,319,thousands=207; thousand=112,207,0,0,0,0,0,0,112
decide,317,decided=157; decide=113; deciding=32; decides=15,1,0,316,0,0,0,0,0
free,317,free=297; freed=13; freer=4; freeing=2; frees=1,0,7,32,0,264,14,0,0
locate,317,located=226; locate=67; locating=24,0,1,315,0,1,0,0,0
rain,317,rain=239; rains=57; rained=15; raining=6,273,2,42,0,0,0,0,0
decrease,316,decrease=156; decreased=83; decreases=41; decreasing=36,104,0,212,0,0,0,0,0
cave,315,cave=208; caves=107,268,20,27,0,0,0,0,0
cell,315,cells=175; cell=140,314,1,0,0,0,0,0,0
moth,315,moths=182; moth=133,288,24,3,0,0,0,0,0
position,315,position=219; positions=75; positioned=17; positioning=4,286,0,29,0,0,0,0,0
concept,313,concept=274; concepts=39,311,1,1,0,0,0,0,0
thus,313,thus=313,0,0,0,0,0,313,0,0
contribute,311,contributed=155; contribute=100; contributes=32; contributing=24,6,1,304,0,0,0,0,0
friend,311,friends=217; friend=94,310,1,0,0,0,0,0,0
generally,311,generally=311,0,0,0,0,0,311,0,0
hall,311,hall=269; halls=42,220,90,1,0,0,0,0,0
semester,311,semester=306; semesters=5,310,1,0,0,0,0,0,0
attract,310,attract=162; attracted=97; attracting=27; attracts=24,2,0,308,0,0,0,0,0
collect,310,collected=131; collect=95; collecting=66; collects=18,7,1,302,0,0,0,0,0
interest,310,interest=239; interests=67; interested=4,290,1,19,0,0,0,0,0
construction,309,construction=302; constructions=7,306,3,0,0,0,0,0,0
decision,309,decision=165; decisions=144,309,0,0,0,0,0,0,0
distance,309,distance=190; distances=117; distanced=2,299,2,8,0,0,0,0,0
explanation,309,explanation=230; explanations=79,307,1,1,0,0,0,0,0
pressure,308,pressure=274; pressures=33; pressured=1,305,2,1,0,0,0,0,0
relate,308,related=258; relate=25; relates=18; relating=7,1,0,307,0,0,0,0,0
bat,307,bats=195; bat=112,297,9,1,0,0,0,0,0
discovery,307,discovery=213; discoveries=94,296,11,0,0,0,0,0,0
inside,307,inside=303; insides=4,24,0,0,0,7,51,0,225
middle,306,middle=306,94,119,0,0,93,0,0,0
someone,306,someone=305; someones=1,1,0,0,0,0,0,305,0
farm,305,farms=135; farm=130; farming=24; farmed=16,249,3,53,0,0,0,0,0
original,305,original=299; originals=6,11,1,0,0,293,0,0,0
visit,305,visit=154; visited=74; visiting=58; visits=19,64,4,237,0,0,0,0,0
opportunity,303,opportunity=182; opportunities=121,299,4,0,0,0,0,0,0
parent,301,parents=245; parent=54; parenting=2,298,1,2,0,0,0,0,0
proposal,301,proposal=280; proposals=21,301,0,0,0,0,0,0,0
theater,301,theater=256; theaters=45,274,27,0,0,0,0,0,0
stop,300,stop=158; stopped=83; stopping=31; stops=22; stoped=5; stoping=1,9,0,291,0,0,0,0,0
repeat,298,repeat=228; repeated=50; repeating=17; repeats=3,1,0,297,0,0,0,0,0
basis,297,basis=295; bases=2,297,0,0,0,0,0,0,0
datum,297,data=297,297,0,0,0,0,0,0,0
northern,297,northern=297,0,31,0,0,266,0,0,0
return,297,return=177; returned=66; returning=37; returns=17,65,4,228,0,0,0,0,0
element,296,elements=229; element=67,296,0,0,0,0,0,0,0
limit,296,limited=104; limit=98; limits=59; limiting=35,73,5,218,0,0,0,0,0
artifact,294,artifacts=257; artifact=37,289,0,4,0,1,0,0,0
lack,294,lack=200; lacked=49; lacks=25; lacking=20,151,6,136,0,1,0,0,0
maintain,294,maintain=153; maintained=64; maintaining=63; maintains=14,0,0,294,0,0,0,0,0
hundred,293,hundreds=166; hundred=127,166,3,0,0,0,0,0,124
mass,293,mass=272; masses=21,214,21,2,0,48,8,0,0
post,292,post=240; posted=20; posts=17; posting=15,210,4,65,0,13,0,0,0
propose,291,proposed=210; propose=59; proposes=14; proposing=8,0,0,291,0,0,0,0,0
road,290,roads=148; road=142,257,33,0,0,0,0,0,0
side,290,side=214; sides=75; sided=1,284,0,4,0,2,0,0,0
independent,289,independent=289,1,1,0,0,109,0,0,178
real,289,real=289,0,0,0,0,284,5,0,0
remove,289,removed=107; remove=104; removing=65; removes=13,0,0,289,0,0,0,0,0
metal,288,metal=204; metals=82; metalling=2,281,5,2,0,0,0,0,0
performance,288,performance=203; performances=85,286,1,1,0,0,0,0,0
represent,288,represent=120; represented=91; representing=40; represents=37,0,0,287,0,1,0,0,0
strategy,287,strategy=163; strategies=124,286,1,0,0,0,0,0,0
toward,287,toward=287,0,0,0,0,0,0,0,287
whole,287,whole=287,57,0,0,0,230,0,0,0
winter,287,winter=257; winters=27; wintering=2; wintered=1,280,4,3,0,0,0,0,0
core,286,core=231; cores=55,282,0,0,0,4,0,0,0
fungus,286,fungus=187; fungi=95; funguses=4,283,2,0,0,1,0,0,0
western,285,western=283; westerns=2,4,48,0,0,233,0,0,0
disease,284,disease=163; diseases=120; diseased=1,276,2,6,0,0,0,0,0
oil,284,oil=270; oils=13; oiled=1,277,6,1,0,0,0,0,0
value,284,value=203; valued=42; values=38; valuing=1,228,2,54,0,0,0,0,0
highly,283,highly=283,0,0,0,0,0,283,0,0
shell,283,shells=142; shell=140; shelled=1,256,0,3,0,24,0,0,0
surround,283,surrounding=210; surrounded=53; surrounds=11; surround=9,0,0,283,0,0,0,0,0
either,282,either=282,0,0,0,0,0,67,0,215
formation,282,formation=253; formations=29,278,4,0,0,0,0,0,0
magnetic,282,magnetic=282,0,1,0,0,281,0,0,0
stage,281,stage=193; stages=88,277,0,4,0,0,0,0,0
urban,280,urban=280,0,13,0,0,267,0,0,0
sort,279,sort=236; sorts=28; sorted=9; sorting=6,175,0,26,0,0,78,0,0
rule,278,rules=106; rule=105; ruled=47; ruling=20,191,1,86,0,0,0,0,0
access,276,access=270; accessing=3; accessed=2; accesses=1,234,3,39,0,0,0,0,0
africa,275,africa=275,0,275,0,0,0,0,0,0
britain,274,britain=274,0,274,0,0,0,0,0,0
face,274,face=133; faced=59; facing=50; faces=32,94,0,180,0,0,0,0,0
measure,274,measure=104; measured=68; measuring=61; measures=41,59,0,215,0,0,0,0,0
arctic,273,arctic=273,0,226,0,0,47,0,0,0
consumer,273,consumers=207; consumer=66,273,0,0,0,0,0,0,0
customer,273,customers=208; customer=65,273,0,0,0,0,0,0,0
expensive,273,expensive=273,0,0,0,0,273,0,0,0
else,272,else=272,0,0,0,0,0,272,0,0
sign,272,sign=123; signs=99; signed=34; signing=16,141,4,127,0,0,0,0,0
speed,272,speed=222; speeds=34; speeding=11; speeded=3; sped=2,232,2,38,0,0,0,0,0
anyway,271,anyway=270; anyways=1,1,0,0,0,0,262,0,8
everyone,271,everyone=271,0,0,0,0,0,0,271,0
king,271,king=185; kings=86,207,64,0,0,0,0,0,0
task,271,tasks=143; task=127; tasked=1,264,2,5,0,0,0,0,0
demonstrate,270,demonstrate=166; demonstrated=70; demonstrates=22; demonstrating=12,1,1,268,0,0,0,0,0
useful,270,useful=270,0,0,0,0,270,0,0,0
wood,270,wood=248; woods=22,264,6,0,0,0,0,0,0
dark,269,dark=225; darker=41; darkest=2; darks=1,33,13,1,0,218,4,0,0
wide,269,wide=211; wider=56; widest=2,0,2,0,0,261,6,0,0
bone,268,bones=183; bone=85,267,1,0,0,0,0,0,0
heavy,268,heavy=223; heavier=39; heaviest=6,0,10,0,0,258,0,0,0
particularly,268,particularly=268,0,0,0,0,0,268,0,0
range,268,range=215; ranges=33; ranging=17; ranged=3,223,0,43,0,2,0,0,0
serve,268,serve=125; served=81; serves=36; serving=26,8,0,260,0,0,0,0,0
archaeological,267,archaeological=267,0,3,0,0,264,0,0,0
ecosystem,267,ecosystems=138; ecosystem=129,259,1,7,0,0,0,0,0
fuel,267,fuel=190; fuels=61; fueled=13; fueling=2; fuelled=1,242,2,23,0,0,0,0,0
act,266,act=123; acting=79; acts=39; acted=25,64,12,190,0,0,0,0,0
chance,266,chance=207; chances=58; chancing=1,265,0,1,0,0,0,0,0
flow,266,flow=146; flows=57; flowing=33; flowed=30,122,0,144,0,0,0,0,0
simple,265,simple=217; simpler=34; simplest=14,5,0,0,0,260,0,0,0
blue,264,blue=225; blues=39,56,46,2,0,159,1,0,0
farming,264,farming=264,256,8,0,0,0,0,0,0
mountain,264,mountain=148; mountains=116,239,24,1,0,0,0,0,0
physical,264,physical=264,0,2,0,0,262,0,0,0
roman,264,roman=264,0,75,0,0,189,0,0,0
greek,262,greek=261; greeks=1,1,30,0,0,231,0,0,0
print,262,prints=96; printed=74; print=70; printing=22,131,0,131,0,0,0,0,0
associate,261,associated=221; associate=31; associating=6; associates=3,7,0,254,0,0,0,0,0
literature,261,literature=261,245,15,1,0,0,0,0,0
sample,261,samples=161; sample=93; sampling=4; sampled=3,252,0,9,0,0,0,0,0
dinosaur,260,dinosaurs=179; dinosaur=81,258,1,1,0,0,0,0,0
extinction,260,extinction=194; extinctions=66,260,0,0,0,0,0,0,0
coal,259,coal=256; coaling=2; coals=1,237,20,2,0,0,0,0,0
diet,259,diet=189; diets=70,255,3,0,0,1,0,0,0
obtain,259,obtain=146; obtained=73; obtaining=35; obtains=5,0,1,257,0,0,1,0,0
realize,259,realize=116; realized=100; realizes=35; realizing=8,0,0,259,0,0,0,0,0
signal,259,signals=137; signal=115; signaling=5; signaled=1; signalling=1,224,1,32,0,2,0,0,0
slow,259,slow=146; slower=39; slowed=36; slowing=20; slows=18,0,0,128,0,126,5,0,0
cloud,258,cloud=143; clouds=115,236,6,6,0,10,0,0,0
concern,258,concern=97; concerns=93; concerned=44; concerning=24,171,2,85,0,0,0,0,0
issue,258,issue=144; issues=94; issued=12; issuing=8,234,0,24,0,0,0,0,0
silk,258,silk=250; silks=8,217,41,0,0,0,0,0,0
rely,257,rely=137; relied=66; relying=29; relies=25,1,0,256,0,0,0,0,0
famous,256,famous=256,0,6,0,0,250,0,0,0
thank,255,thanks=206; thank=47; thanking=2,207,0,48,0,0,0,0,0
completely,254,completely=254,0,0,0,0,0,254,0,0
die,254,died=103; die=100; dying=30; dies=21,13,0,241,0,0,0,0,0
aspect,253,aspect=137; aspects=116,253,0,0,0,0,0,0,0
block,253,block=124; blocks=87; blocking=27; blocked=15,154,2,97,0,0,0,0,0
stream,253,streams=132; stream=117; streaming=3; streamed=1,237,5,11,0,0,0,0,0
successful,253,successful=253,0,5,0,0,248,0,0,0
wait,253,wait=160; waiting=72; waited=13; waits=8,7,1,243,0,0,0,0,2
character,252,character=127; characters=125,252,0,0,0,0,0,0,0
director,252,director=220; directors=32,196,56,0,0,0,0,0,0
situation,252,situation=167; situations=85,252,0,0,0,0,0,0,0
empire,251,empire=239; empires=12,133,118,0,0,0,0,0,0
necessary,250,necessary=250,0,0,0,0,250,0,0,0
nutrient,248,nutrients=210; nutrient=38,220,1,0,0,26,1,0,0
send,248,send=107; sent=86; sending=40; sends=15,0,0,248,0,0,0,0,0
bear,247,bears=87; born=76; bear=58; bearing=17; bore=7; borne=2,109,1,137,0,0,0,0,0
cut,247,cut=171; cutting=59; cuts=17,27,0,219,0,1,0,0,0
potential,247,potential=247,59,2,0,0,186,0,0,0
english,246,english=246,0,102,0,0,144,0,0,0
schedule,246,schedule=180; scheduled=41; schedules=23; scheduling=2,171,4,71,0,0,0,0,0
attack,245,attack=132; attacks=46; attacked=40; attacking=27,89,0,156,0,0,0,0,0
continent,245,continents=136; continent=109,241,4,0,0,0,0,0,0
global,245,global=245,0,11,0,0,234,0,0,0
sunlight,245,sunlight=245,242,0,0,0,3,0,0,0
white,245,white=244; whites=1,5,12,0,0,219,9,0,0
attend,244,attend=144; attended=50; attending=48; attends=2,0,1,243,0,0,0,0,0
colony,244,colonies=125; colony=119,242,2,0,0,0,0,0,0
effort,244,effort=133; efforts=111,243,1,0,0,0,0,0,0
mind,244,mind=222; minds=21; minded=1,200,4,40,0,0,0,0,0
simply,244,simply=244,0,0,0,0,0,244,0,0
head,243,head=164; heads=42; headed=25; heading=12,191,1,51,0,0,0,0,0
replace,243,replaced=133; replace=79; replacing=28; replaces=3,2,0,241,0,0,0,0,0
song,243,songs=144; song=99,204,35,1,0,3,0,0,0
worth,243,worth=243,12,0,0,0,231,0,0,0
argument,242,arguments=155; argument=87,242,0,0,0,0,0,0,0
attention,241,attention=241,241,0,0,0,0,0,0,0
due,241,due=238; dues=3,3,0,0,0,122,0,0,116
wing,241,wings=159; wing=46; winged=35; winging=1,205,0,36,0,0,0,0,0
central,240,central=240,0,83,0,0,157,0,0,0
direct,240,direct=148; directed=80; directing=11; directs=1,0,1,110,0,129,0,0,0
drive,240,drive=97; driving=67; driven=40; drove=21; drives=15,18,4,218,0,0,0,0,0
highlight,240,highlighted=190; highlight=37; highlights=9; highlighting=4,7,0,233,0,0,0,0,0
soon,240,soon=203; sooner=37,0,0,0,0,0,240,0,0
floor,239,floor=220; floors=18; flooring=1,238,0,1,0,0,0,0,0
hunter,239,hunter=143; hunters=96,228,10,0,0,1,0,0,0
competition,238,competition=222; competitions=16,228,10,0,0,0,0,0,0
contrast,238,contrast=211; contrasts=14; contrasted=7; contrasting=6,134,1,103,0,0,0,0,0
season,238,season=192; seasons=46,238,0,0,0,0,0,0,0
venus,238,venus=238,0,238,0,0,0,0,0,0
adapt,237,adapted=150; adapt=73; adapting=12; adapts=2,3,0,234,0,0,0,0,0
methane,237,methane=237,224,12,1,0,0,0,0,0
notice,237,noticed=124; notice=99; notices=7; noticing=7,31,1,205,0,0,0,0,0
landscape,236,landscape=179; landscapes=55; landscaping=2,230,4,2,0,0,0,0,0
importance,235,importance=235,235,0,0,0,0,0,0,0
industrial,234,industrial=234,0,60,0,0,174,0,0,0
online,234,online=234,5,6,0,0,103,120,0,0
ring,234,rings=141; ring=87; ringed=4; ringing=1; rung=1,222,2,10,0,0,0,0,0
scientific,234,scientific=234,0,5,0,0,229,0,0,0
top,234,top=220; tops=10; topped=4,158,10,6,0,59,1,0,0
discussion,233,discussion=200; discussions=33,233,0,0,0,0,0,0,0
general,233,general=228; generals=5,16,2,0,0,215,0,0,0
horse,233,horses=159; horse=74,230,2,1,0,0,0,0,0
red,233,red=227; reds=6,22,20,1,0,189,1,0,0
refer,233,refers=92; refer=59; referred=54; referring=28,2,0,231,0,0,0,0,0
southern,233,southern=233,2,41,0,0,190,0,0,0
spider,233,spiders=146; spider=87,221,3,9,0,0,0,0,0
origin,232,origin=148; origins=84,223,7,0,0,2,0,0,0
perhaps,232,perhaps=232,0,0,0,0,0,232,0,0
bad,231,bad=184; worse=36; worst=11,0,0,0,0,230,1,0,0
generate,231,generate=92; generated=85; generates=36; generating=18,2,1,228,0,0,0,0,0
watch,231,watch=104; watching=86; watched=37; watches=4,14,4,213,0,0,0,0,0
audience,230,audience=158; audiences=72,226,3,1,0,0,0,0,0
note,230,notes=111; note=61; noted=50; noting=8,124,0,106,0,0,0,0,0
presence,230,presence=230,230,0,0,0,0,0,0,0
preserve,230,preserved=95; preserve=75; preserving=50; preserves=10,8,2,220,0,0,0,0,0
reflect,230,reflect=88; reflected=76; reflects=35; reflecting=31,0,0,230,0,0,0,0,0
anything,229,anything=229,0,0,0,0,0,0,229,0
huge,229,huge=229,0,1,0,0,228,0,0,0
incorrect,229,incorrect=229,0,1,0,0,228,0,0,0
judge,229,judged=185; judge=28; judging=10; judges=6,12,0,217,0,0,0,0,0
mineral,229,minerals=137; mineral=92,220,1,0,0,8,0,0,0
catch,228,catch=133; caught=61; catching=26; catches=8,21,0,207,0,0,0,0,0
definitely,228,definitely=228,0,1,0,0,0,227,0,0
full,228,full=224; fulled=1; fuller=1; fullest=1; fulling=1,0,0,3,0,225,0,0,0
mostly,228,mostly=228,0,0,0,0,1,227,0,0
civilization,227,civilization=131; civilizations=96,226,1,0,0,0,0,0,0
migration,227,migration=199; migrations=28,215,12,0,0,0,0,0,0
demand,226,demand=152; demands=49; demanded=14; demanding=11,188,2,36,0,0,0,0,0
requirement,226,requirement=116; requirements=110,216,10,0,0,0,0,0,0
test,226,test=115; tested=61; tests=31; testing=19,79,2,145,0,0,0,0,0
east,225,east=225,32,176,0,0,6,11,0,0
finally,224,finally=224,0,0,0,0,0,224,0,0
draw,223,draw=89; drawn=71; drew=30; drawing=21; draws=12,4,1,218,0,0,0,0,0
kill,223,kill=83; killed=76; killing=40; kills=24,2,0,221,0,0,0,0,0
liquid,223,liquid=207; liquids=16,83,4,0,0,136,0,0,0
statement,223,statement=112; statements=111,223,0,0,0,0,0,0,0
glass,222,glass=212; glasses=10,214,6,2,0,0,0,0,0
percent,222,percent=222,222,0,0,0,0,0,0,0
scale,222,scale=183; scales=35; scaled=3; scaling=1,215,1,6,0,0,0,0,0
snake,222,snakes=129; snake=93,212,9,1,0,0,0,0,0
accept,221,accepted=129; accept=72; accepting=14; accepts=6,0,0,221,0,0,0,0,0
black,221,black=221,3,43,0,0,174,1,0,0
composition,221,composition=180; compositions=41,219,2,0,0,0,0,0,0
fill,221,filled=99; fill=98; filling=17; fills=7,5,1,215,0,0,0,0,0
success,221,success=218; successes=3,219,2,0,0,0,0,0,0
cycle,220,cycle=143; cycles=73; cycling=3; cycled=1,212,0,8,0,0,0,0,0
detect,220,detect=131; detected=57; detecting=30; detects=2,0,0,220,0,0,0,0,0
picture,220,picture=134; pictures=81; pictured=4; picturing=1,204,4,12,0,0,0,0,0
speaker,220,speakers=184; speaker=36,218,2,0,0,0,0,0,0
adaptation,219,adaptations=142; adaptation=77,217,1,1,0,0,0,0,0
fine,219,fine=180; fines=16; finest=14; finer=9,40,7,2,0,162,8,0,0
behind,218,behind=218,0,0,0,0,0,77,0,141
burn,218,burn=74; burned=51; burning=49; burns=34; burnt=10,31,0,187,0,0,0,0,0
cultural,218,cultural=218,0,6,0,0,212,0,0,0
eye,218,eyes=120; eye=98,218,0,0,0,0,0,0,0
hunting,218,hunting=218,214,4,0,0,0,0,0,0
stuff,218,stuff=211; stuffed=4; stuffing=2; stuffs=1,211,1,6,0,0,0,0,0
above,217,above=217,0,1,0,0,0,26,0,190
basic,216,basic=208; basics=8,10,0,0,0,206,0,0,0
couple,216,couple=211; coupled=4; couples=1,211,1,4,0,0,0,0,0
destroy,216,destroyed=121; destroy=48; destroying=37; destroys=10,0,1,215,0,0,0,0,0
historical,216,historical=216,0,6,0,0,210,0,0,0
scene,216,scenes=123; scene=93,216,0,0,0,0,0,0,0
separate,216,separate=139; separated=57; separating=14; separates=6,1,1,112,0,102,0,0,0
knowledge,215,knowledge=215,209,6,0,0,0,0,0,0
maya,215,maya=215,0,214,0,0,1,0,0,0
spring,215,spring=184; springs=27; sprang=2; springing=1; sprung=1,194,16,5,0,0,0,0,0
ever,214,ever=214,0,0,0,0,0,214,0,0
imagine,214,imagine=193; imagined=13; imagining=7; imagines=1,2,5,206,0,0,1,0,0
nineteenth,214,nineteenth=214,6,8,0,0,200,0,0,0
copy,213,copy=97; copies=81; copied=26; copying=9,158,0,55,0,0,0,0,0
coral,213,coral=141; corals=72,111,10,0,0,92,0,0,0
enter,213,enter=91; entered=48; entering=46; enters=28,6,1,206,0,0,0,0,0
molecule,213,molecules=175; molecule=38,213,0,0,0,0,0,0,0
bee,212,bees=187; bee=25,206,6,0,0,0,0,0,0
deposit,212,deposits=129; deposited=54; deposit=27; depositing=2,144,0,68,0,0,0,0,0
graduate,212,graduate=156; graduated=21; graduates=18; graduating=17,79,6,107,0,20,0,0,0
limited,212,limited=212,0,3,0,0,209,0,0,0
park,212,park=153; parks=50; parked=6; parking=3,130,42,40,0,0,0,0,0
prehistoric,212,prehistoric=212,0,2,0,0,210,0,0,0
shakespeare,212,shakespeare=212,10,200,0,0,2,0,0,0
sleep,212,sleep=188; sleeping=19; sleeps=3; slept=2,147,2,63,0,0,0,0,0
additional,211,additional=211,0,4,0,0,207,0,0,0
drop,211,drop=90; dropped=64; drops=40; dropping=17,42,0,169,0,0,0,0,0
advisor,210,advisor=198; advisors=12,93,117,0,0,0,0,0,0
law,210,laws=127; law=83,206,4,0,0,0,0,0,0
care,209,care=178; caring=17; cared=11; cares=3,147,2,60,0,0,0,0,0
movie,209,movies=115; movie=94,208,1,0,0,0,0,0,0
attitude,208,attitude=177; attitudes=31,207,0,1,0,0,0,0,0
organic,208,organic=208,0,10,0,0,198,0,0,0
particle,208,particles=192; particle=16,207,0,1,0,0,0,0,0
prepare,208,prepare=120; preparing=48; prepared=36; prepares=4,0,0,208,0,0,0,0,0
self,208,self=202; selves=6,208,0,0,0,0,0,0,0
settlement,208,settlements=119; settlement=89,208,0,0,0,0,0,0,0
web,208,web=208,206,2,0,0,0,0,0,0
artwork,207,artwork=147; artworks=60,205,2,0,0,0,0,0,0
directly,207,directly=207,0,0,0,0,0,207,0,0
request,207,request=158; requests=30; requested=14; requesting=5,109,1,97,0,0,0,0,0
survival,207,survival=207,207,0,0,0,0,0,0,0
training,207,training=207,202,3,0,0,2,0,0,0
application,206,application=158; applications=48,204,1,1,0,0,0,0,0
deal,206,deal=143; dealing=34; dealt=15; deals=14,91,0,115,0,0,0,0,0
list,206,list=148; lists=30; listed=22; listing=6,154,1,51,0,0,0,0,0
rich,206,rich=183; richer=14; richest=6; riches=3,3,0,0,0,203,0,0,0
shift,206,shift=107; shifts=44; shifted=36; shifting=19,131,0,75,0,0,0,0,0
compete,205,compete=99; competing=83; competed=15; competes=8,2,1,202,0,0,0,0,0
comprehensive,205,comprehensive=205,0,1,0,0,204,0,0,0
economy,205,economy=164; economies=41,202,3,0,0,0,0,0,0
protein,205,protein=130; proteins=75,205,0,0,0,0,0,0,0
reveal,205,revealed=89; reveal=75; reveals=29; revealing=12,1,0,204,0,0,0,0,0
deer,204,deer=204,193,9,2,0,0,0,0,0
doubt,204,doubt=130; doubts=66; doubted=4; doubting=4,97,0,94,0,0,13,0,0
estimate,204,estimate=78; estimated=63; estimates=51; estimating=12,76,0,128,0,0,0,0,0
everything,204,everything=204,0,0,0,0,0,0,204,0
search,204,search=138; searching=50; searched=12; searches=4,77,5,122,0,0,0,0,0
stand,204,standing=74; stand=60; stands=44; stood=26,16,0,188,0,0,0,0,0
adult,203,adult=125; adults=78,193,3,4,0,3,0,0,0
finding,203,findings=145; finding=58,199,4,0,0,0,0,0,0
poem,203,poems=114; poem=89,203,0,0,0,0,0,0,0
waste,203,waste=174; wasted=11; wasting=11; wastes=7,158,5,40,0,0,0,0,0
china,202,china=202,0,202,0,0,0,0,0,0
familiar,202,familiar=202,0,0,0,0,202,0,0,0
presentation,202,presentation=162; presentations=40,201,1,0,0,0,0,0,0
team,202,team=176; teams=25; teamed=1,198,2,2,0,0,0,0,0
australia,201,australia=201,0,201,0,0,0,0,0,0
extra,201,extra=200; extras=1,1,2,0,0,193,5,0,0
observation,201,observations=126; observation=75,200,1,0,0,0,0,0,0
ok,201,ok=201,16,30,2,0,37,0,0,116
action,200,action=111; actions=89,196,4,0,0,0,0,0,0
enjoy,200,enjoy=108; enjoyed=57; enjoying=21; enjoys=14,0,0,200,0,0,0,0,0
machine,200,machines=104; machine=96,194,6,0,0,0,0,0,0
game,199,game=119; games=80,198,1,0,0,0,0,0,0
reaction,199,reaction=109; reactions=90,198,0,1,0,0,0,0,0
conduct,198,conducted=99; conduct=64; conducting=33; conducts=2,23,2,173,0,0,0,0,0
crab,198,crab=108; crabs=90,182,16,0,0,0,0,0,0
entire,198,entire=198,0,0,0,0,198,0,0,0
capture,197,capture=102; captured=64; capturing=23; captures=8,21,0,176,0,0,0,0,0
instance,197,instance=181; instances=16,197,0,0,0,0,0,0,0
previously,197,previously=197,0,0,0,0,0,197,0,0
rest,197,rest=174; resting=14; rested=7; rests=2,153,1,43,0,0,0,0,0
addition,196,addition=192; additions=4,196,0,0,0,0,0,0,0
therefore,196,therefore=196,0,0,0,0,0,196,0,0
unusual,196,unusual=196,0,1,0,0,195,0,0,0
camera,195,camera=122; cameras=73,193,2,0,0,0,0,0,0
assume,194,assumed=89; assume=77; assumes=17; assuming=11,1,0,193,0,0,0,0,0
absorb,193,absorb=96; absorbed=55; absorbing=23; absorbs=19,0,1,192,0,0,0,0,0
account,193,account=138; accounts=37; accounted=12; accounting=6,95,0,98,0,0,0,0,0
flight,193,flight=169; flights=24,190,2,1,0,0,0,0,0
arrive,192,arrived=115; arrive=48; arriving=22; arrives=7,3,1,188,0,0,0,0,0
education,192,education=191; educations=1,191,1,0,0,0,0,0,0
efficient,192,efficient=192,5,1,0,0,186,0,0,0
exhibit,192,exhibit=116; exhibited=36; exhibits=31; exhibiting=9,89,1,102,0,0,0,0,0
expand,192,expand=81; expanded=57; expanding=40; expands=14,1,1,190,0,0,0,0,0
half,192,half=191; halves=1,120,0,0,0,10,6,0,56
loss,192,loss=174; losses=18,190,2,0,0,0,0,0,0
meteorite,192,meteorites=109; meteorite=83,183,0,4,0,5,0,0,0
nearby,192,nearby=192,0,1,0,0,128,62,0,1
rapidly,192,rapidly=192,0,0,0,0,0,192,0,0
walk,192,walk=97; walking=66; walks=15; walked=14,19,2,170,0,1,0,0,0
administrator,191,administrator=160; administrators=31,190,1,0,0,0,0,0,0
extremely,191,extremely=191,0,0,0,0,0,191,0,0
thick,191,thick=156; thicker=34; thickest=1,1,6,0,0,179,5,0,0
trip,191,trip=138; trips=49; tripped=3; tripping=1,183,2,6,0,0,0,0,0
bronze,190,bronze=181; bronzes=9,107,79,4,0,0,0,0,0
enable,190,enabled=77; enables=51; enable=40; enabling=22,1,0,189,0,0,0,0,0
evolution,190,evolution=190,183,7,0,0,0,0,0,0
newspaper,190,newspaper=163; newspapers=27,184,6,0,0,0,0,0,0
reproduce,190,reproduce=141; reproducing=30; reproduced=15; reproduces=4,7,0,183,0,0,0,0,0
architecture,189,architecture=188; architectures=1,184,3,2,0,0,0,0,0
billion,189,billion=143; billions=46,46,0,0,0,0,0,0,143
commercial,189,commercial=182; commercials=7,32,2,0,0,155,0,0,0
vary,189,vary=83; varies=40; varied=37; varying=29,0,0,189,0,0,0,0,0
video,189,video=145; videos=44,188,0,0,0,1,0,0,0
analyze,188,analyze=79; analyzed=60; analyzing=49,0,1,187,0,0,0,0,0
gather,188,gather=86; gathering=68; gathered=29; gathers=5,5,1,182,0,0,0,0,0
plastic,188,plastic=171; plastics=17,128,1,0,0,59,0,0,0
communicate,187,communicate=151; communicating=20; communicates=12; communicated=4,2,2,183,0,0,0,0,0
fruit,187,fruit=147; fruits=35; fruiting=5,177,4,6,0,0,0,0,0
report,187,report=75; reported=59; reports=46; reporting=7,83,1,103,0,0,0,0,0
train,187,train=90; trained=73; trains=15; training=9,76,5,106,0,0,0,0,0
consume,186,consume=80; consuming=58; consumed=37; consumes=11,3,1,182,0,0,0,0,0
migrate,186,migrate=99; migrated=48; migrating=33; migrates=6,9,2,175,0,0,0,0,0
policy,186,policy=156; policies=30,179,6,1,0,0,0,0,0
quantity,186,quantities=133; quantity=53,186,0,0,0,0,0,0,0
unlike,186,unlike=186,1,2,0,0,1,0,0,182
bit,185,bit=168; bits=17,185,0,0,0,0,0,0,0
british,185,british=185,0,32,0,0,153,0,0,0
certainly,185,certainly=185,0,0,0,0,0,185,0,0
display,184,display=99; displayed=40; displays=30; displaying=15,73,2,109,0,0,0,0,0
poetry,184,poetry=184,178,6,0,0,0,0,0,0
regard,184,regarding=108; regarded=39; regard=33; regards=4,29,0,155,0,0,0,0,0
save,184,save=127; saved=25; saving=22; saves=10,2,1,181,0,0,0,0,0
transportation,184,transportation=184,174,10,0,0,0,0,0,0
attempt,183,attempt=66; attempts=54; attempted=40; attempting=23,81,0,102,0,0,0,0,0
basically,183,basically=183,0,0,0,0,0,183,0,0
chinese,183,chinese=183,0,26,0,0,157,0,0,0
desert,183,desert=157; deserts=25; deserted=1,166,16,1,0,0,0,0,0
french,183,french=183,0,27,0,0,156,0,0,0
key,183,key=161; keys=21; keying=1,71,0,1,0,111,0,0,0
photograph,183,photographs=117; photograph=59; photographing=6; photographed=1,171,0,12,0,0,0,0,0
psychology,183,psychology=183,181,2,0,0,0,0,0,0
wonder,183,wondering=76; wonder=44; wondered=44; wonders=19,16,2,165,0,0,0,0,0
contact,182,contact=169; contacts=7; contacting=5; contacted=1,142,4,36,0,0,0,0,0
housing,182,housing=182,169,12,1,0,0,0,0,0
infant,182,infants=114; infant=68,179,1,2,0,0,0,0,0
negative,182,negative=182,3,0,0,0,179,0,0,0
property,182,property=95; properties=87,181,1,0,0,0,0,0,0
pull,182,pull=87; pulled=61; pulling=22; pulls=12,28,0,151,0,3,0,0,0
step,182,step=103; steps=73; stepped=4; stepping=2,169,3,9,0,1,0,0,0
ensure,181,ensure=132; ensured=17; ensures=16; ensuring=16,2,1,178,0,0,0,0,0
equipment,181,equipment=180; equipments=1,178,3,0,0,0,0,0,0
novel,181,novel=97; novels=84,157,1,0,0,23,0,0,0
political,181,political=181,0,0,0,0,181,0,0,0
sit,181,sit=92; sitting=55; sat=20; sits=14,0,0,181,0,0,0,0,0
butterfly,180,butterflies=102; butterfly=78,176,1,3,0,0,0,0,0
gain,180,gain=76; gained=63; gaining=25; gains=16,26,0,154,0,0,0,0,0
labor,180,labor=174; labored=4; laboring=2,174,0,6,0,0,0,0,0
statue,180,statues=105; statue=75,179,0,1,0,0,0,0,0
check,179,check=129; checking=22; checked=20; checks=8,17,4,158,0,0,0,0,0
connection,179,connection=116; connections=63,178,1,0,0,0,0,0,0
expose,179,exposed=139; exposing=25; expose=13; exposes=2,0,0,179,0,0,0,0,0
giant,179,giant=135; giants=44,64,1,0,0,114,0,0,0
per,179,per=179,0,0,0,0,0,0,0,179
series,179,series=179,170,9,0,0,0,0,0,0
solution,179,solution=126; solutions=53,179,0,0,0,0,0,0,0
widely,179,widely=179,0,0,0,0,0,179,0,0
career,178,career=136; careers=42,168,9,1,0,0,0,0,0
connect,178,connected=91; connect=47; connecting=28; connects=12,0,0,178,0,0,0,0,0
consequence,178,consequences=119; consequence=59,178,0,0,0,0,0,0,0
advance,177,advance=80; advances=78; advanced=15; advancing=4,132,0,41,0,4,0,0,0
green,177,green=169; greens=7; greener=1,16,20,0,0,141,0,0,0
interior,177,interior=162; interiors=15,126,7,0,0,44,0,0,0
musician,177,musicians=145; musician=32,174,0,3,0,0,0,0,0
risk,177,risk=122; risks=53; risked=1; risking=1,171,0,6,0,0,0,0,0
unique,177,unique=177,1,0,0,0,176,0,0,0
asia,176,asia=176,0,176,0,0,0,0,0,0
communication,176,communication=157; communications=19,168,8,0,0,0,0,0,0
exchange,176,exchange=146; exchanged=14; exchanges=10; exchanging=6,127,9,40,0,0,0,0,0
reserve,176,reserve=90; reserves=56; reserved=29; reserving=1,104,12,60,0,0,0,0,0
coast,175,coast=167; coasts=8,137,38,0,0,0,0,0,0
medium,175,media=123; medium=51; mediums=1,158,0,0,0,17,0,0,0
species,175,species=175,130,45,0,0,0,0,0,0
correct,174,correct=156; corrected=14; correcting=4,0,1,67,0,106,0,0,0
differ,174,differ=98; differs=35; differed=32; differing=9,6,0,168,0,0,0,0,0
miss,174,miss=69; missed=52; missing=48; misses=5,1,16,157,0,0,0,0,0
opera,174,opera=135; operas=39,162,11,1,0,0,0,0,0
plate,174,plate=102; plates=72,172,2,0,0,0,0,0,0
standard,174,standard=108; standards=66,113,2,0,0,59,0,0,0
factory,173,factories=87; factory=86,171,2,0,0,0,0,0,0
feather,173,feathers=154; feather=11; feathered=8,157,3,8,0,5,0,0,0
goal,173,goal=104; goals=69,172,1,0,0,0,0,0,0
health,173,health=173,167,6,0,0,0,0,0,0
network,173,network=115; networks=54; networking=4,164,5,4,0,0,0,0,0
option,173,options=88; option=85,173,0,0,0,0,0,0,0
pollen,173,pollen=173,163,10,0,0,0,0,0,0
settle,173,settled=105; settle=48; settling=15; settles=5,1,0,172,0,0,0,0,0
briefly,172,briefly=172,0,3,0,0,0,169,0,0
conclusion,172,conclusion=87; conclusions=85,170,2,0,0,0,0,0,0
confirm,172,confirm=83; confirmed=72; confirms=10; confirming=7,0,0,172,0,0,0,0,0
escape,172,escape=102; escaping=29; escaped=26; escapes=15,25,2,145,0,0,0,0,0
examine,172,examine=80; examined=49; examining=37; examines=6,0,3,169,0,0,0,0,0
serious,172,serious=172,0,0,0,0,172,0,0,0
significantly,172,significantly=172,0,0,0,0,0,172,0,0
west,172,west=172,49,103,0,0,9,11,0,0
monkey,171,monkeys=122; monkey=49,170,1,0,0,0,0,0,0
accurate,170,accurate=170,0,1,0,0,169,0,0,0
artistic,170,artistic=170,0,1,0,0,169,0,0,0
bottom,170,bottom=158; bottoms=11; bottomed=1,152,0,1,0,17,0,0,0
degree,170,degree=114; degrees=56,169,1,0,0,0,0,0,0
leader,170,leaders=100; leader=70,170,0,0,0,0,0,0,0
love,170,love=115; loved=39; loves=11; loving=5,19,10,141,0,0,0,0,0
previous,170,previous=170,0,0,0,0,170,0,0,0
primarily,170,primarily=170,0,0,0,0,0,170,0,0
academic,169,academic=164; academics=5,6,16,0,0,147,0,0,0
meal,169,meal=110; meals=59,164,3,2,0,0,0,0,0
organize,169,organized=77; organize=57; organizing=32; organizes=3,0,0,169,0,0,0,0,0
weight,169,weight=146; weights=23,166,1,2,0,0,0,0,0
canal,168,canal=106; canals=62,144,24,0,0,0,0,0,0
clearly,168,clearly=168,0,0,0,0,0,168,0,0
debate,168,debate=124; debated=28; debating=9; debates=7,124,2,42,0,0,0,0,0
pick,168,pick=111; picked=34; picking=16; picks=7,5,0,163,0,0,0,0,0
combine,167,combined=74; combine=47; combining=27; combines=19,3,0,164,0,0,0,0,0
purchase,167,purchase=95; purchased=37; purchasing=21; purchases=14,34,2,131,0,0,0,0,0
revolution,167,revolution=161; revolutions=6,80,86,0,0,1,0,0,0
rural,167,rural=167,0,2,0,0,165,0,0,0
spot,167,spot=72; spots=50; spotted=43; spotting=2,108,0,59,0,0,0,0,0
tiny,167,tiny=165; tinier=1; tiniest=1,0,0,0,0,167,0,0,0
content,166,content=150; contents=16,160,2,0,0,4,0,0,0
document,166,documents=63; document=46; documented=43; documenting=14,91,0,75,0,0,0,0,0
magma,166,magma=164; magmas=2,160,6,0,0,0,0,0,0
radiation,166,radiation=165; radiations=1,166,0,0,0,0,0,0,0
disagree,165,disagree=132; disagrees=16; disagreed=13; disagreeing=4,0,0,165,0,0,0,0,0
instrument,165,instruments=104; instrument=61,164,0,0,0,1,0,0,0
interaction,165,interaction=94; interactions=71,165,0,0,0,0,0,0,0
larvae,165,larvae=165,46,88,3,0,28,0,0,0
clay,164,clay=159; clays=5,164,0,0,0,0,0,0,0
credit,164,credit=137; credits=20; credited=7,149,2,12,0,1,0,0,0
warming,164,warming=164,163,1,0,0,0,0,0,0
zone,164,zone=114; zones=50,163,1,0,0,0,0,0,0
depict,163,depicted=83; depict=43; depicting=21; depicts=16,2,0,160,0,1,0,0,0
mark,163,mark=72; marks=47; marked=35; marking=9,59,39,65,0,0,0,0,0
protection,163,protection=158; protections=5,158,5,0,0,0,0,0,0
recognize,163,recognize=81; recognized=67; recognizing=9; recognizes=6,0,0,163,0,0,0,0,0
ticket,163,tickets=96; ticket=67,163,0,0,0,0,0,0,0
valuable,163,valuable=161; valuables=2,2,0,0,0,161,0,0,0
analysis,162,analysis=143; analyses=19,162,0,0,0,0,0,0,0
boat,162,boats=102; boat=57; boating=3,158,1,3,0,0,0,0,0
five,162,five=162,0,1,0,0,0,0,0,161
historian,162,historians=130; historian=32,160,2,0,0,0,0,0,0
musical,162,musical=156; musicals=6,6,4,0,0,152,0,0,0
originally,162,originally=162,0,0,0,0,0,162,0,0
tour,162,tour=102; tours=46; touring=9; toured=5,144,1,17,0,0,0,0,0
volunteer,162,volunteer=82; volunteers=63; volunteering=11; volunteered=6,115,1,46,0,0,0,0,0
beetle,161,beetle=87; beetles=74,149,11,1,0,0,0,0,0
organization,161,organization=101; organizations=60,161,0,0,0,0,0,0,0
possibility,161,possibility=129; possibilities=32,161,0,0,0,0,0,0,0
typical,161,typical=161,0,0,0,0,161,0,0,0
corn,160,corn=160,149,10,1,0,0,0,0,0
dance,160,dance=111; dances=42; dancing=4; danced=3,139,7,14,0,0,0,0,0
roommate,160,roommate=105; roommates=55,158,1,0,0,1,0,0,0
sale,160,sales=110; sale=50,159,1,0,0,0,0,0,0
fox,159,fox=100; foxes=59,106,53,0,0,0,0,0,0
frog,159,frogs=101; frog=58,158,0,1,0,0,0,0,0
lay,159,laid=56; lay=55; laying=29; lays=19,6,2,146,0,5,0,0,0
mediterranean,159,mediterranean=159,0,159,0,0,0,0,0,0
mound,159,mounds=85; mound=74,134,22,3,0,0,0,0,0
phenomenon,159,phenomenon=134; phenomena=25,158,1,0,0,0,0,0,0
portrait,159,portraits=84; portrait=75,147,10,2,0,0,0,0,0
upper,159,upper=159,0,32,0,0,127,0,0,0
domesticate,158,domesticated=119; domesticate=25; domesticating=10; domesticates=4,4,0,153,0,1,0,0,0
emerge,158,emerged=87; emerge=37; emerging=20; emerges=14,2,0,156,0,0,0,0,0
meter,158,meters=122; meter=34; metered=2,156,0,2,0,0,0,0,0
mother,158,mother=111; mothers=47,151,2,0,0,5,0,0,0
photography,158,photography=158,152,5,1,0,0,0,0,0
speech,158,speech=135; speeches=23,156,2,0,0,0,0,0,0
construct,157,constructed=98; construct=34; constructing=25,0,0,157,0,0,0,0,0
fully,157,fully=157,0,0,0,0,0,157,0,0
living,157,living=157,154,0,0,0,3,0,0,0
merchant,157,merchants=135; merchant=22,157,0,0,0,0,0,0,0
active,156,active=156,0,2,0,0,154,0,0,0
average,156,average=155; averaging=1,18,0,3,0,135,0,0,0
difficulty,156,difficulty=116; difficulties=40,155,1,0,0,0,0,0,0
rapid,156,rapid=139; rapids=17,21,1,0,0,134,0,0,0
submit,156,submit=82; submitted=53; submitting=17; submits=4,0,4,152,0,0,0,0,0
tall,156,tall=122; taller=28; tallest=6,0,4,1,0,151,0,0,0
village,156,villages=95; village=61,153,3,0,0,0,0,0,0
front,155,front=155,103,0,1,0,48,3,0,0
regular,155,regular=155,2,0,0,0,153,0,0,0
thin,155,thin=119; thinner=26; thinned=5; thinnest=3; thinning=2,0,0,11,0,144,0,0,0
final,154,final=147; finals=7,9,1,0,0,144,0,0,0
scholar,154,scholars=134; scholar=20,153,1,0,0,0,0,0,0
substance,154,substances=82; substance=72,154,0,0,0,0,0,0,0
bright,153,bright=126; brighter=25; brightest=2,0,0,0,0,153,0,0,0
pollution,153,pollution=153,147,4,0,0,2,0,0,0
predict,153,predict=74; predicted=43; predicting=22; predicts=14,2,0,151,0,0,0,0,0
prove,153,prove=59; proved=50; proven=26; proves=13; proving=5,0,0,153,0,0,0,0,0
unfortunately,153,unfortunately=153,0,0,0,0,0,153,0,0
beginning,152,beginning=142; beginnings=10,151,1,0,0,0,0,0,0
blood,152,blood=151; blooded=1,150,1,1,0,0,0,0,0
cloth,152,cloth=146; cloths=6,141,11,0,0,0,0,0,0
collection,152,collection=127; collections=25,149,3,0,0,0,0,0,0
concentration,152,concentration=77; concentrations=75,152,0,0,0,0,0,0,0
defense,152,defense=90; defenses=62,146,4,2,0,0,0,0,0
expert,152,experts=115; expert=37,146,1,0,0,5,0,0,0
helpful,152,helpful=152,0,0,0,0,152,0,0,0
hole,152,holes=106; hole=46,152,0,0,0,0,0,0,0
host,152,host=106; hosts=27; hosting=13; hosted=6,117,2,33,0,0,0,0,0
morning,152,morning=142; mornings=10,150,2,0,0,0,0,0,0
push,152,push=67; pushed=39; pushing=31; pushes=15,17,1,134,0,0,0,0,0
suppose,152,supposed=109; suppose=42; supposes=1,0,0,152,0,0,0,0,0
tropical,152,tropical=152,0,2,0,0,150,0,0,0
hydrogen,151,hydrogen=151,149,2,0,0,0,0,0,0
promote,151,promote=70; promoted=37; promoting=30; promotes=14,2,0,149,0,0,0,0,0
responsible,151,responsible=151,0,0,0,0,151,0,0,0
track,151,track=103; tracks=26; tracking=13; tracked=9,98,0,53,0,0,0,0,0
understanding,151,understanding=151,149,2,0,0,0,0,0,0
vegetation,151,vegetation=151,150,1,0,0,0,0,0,0
volcanic,151,volcanic=151,2,5,1,0,143,0,0,0
algae,150,algae=150,134,14,2,0,0,0,0,0
jupiter,150,jupiter=150,2,148,0,0,0,0,0,0
lie,150,lay=56; lying=37; lies=29; lie=28,8,0,142,0,0,0,0,0
overall,150,overall=150,0,3,0,0,105,42,0,0
personal,150,personal=150,0,1,0,0,149,0,0,0
route,150,routes=86; route=64,144,6,0,0,0,0,0,0
version,150,version=115; versions=35,149,1,0,0,0,0,0,0
crust,149,crust=147; crusts=2,148,1,0,0,0,0,0,0
hi,149,hi=149,1,39,0,0,0,0,0,109
link,149,linked=59; link=54; links=22; linking=14,62,0,87,0,0,0,0,0
manufacture,149,manufacture=73; manufactured=48; manufacturing=23; manufactures=5,41,0,108,0,0,0,0,0
nice,149,nice=147; nicer=1; nicest=1,0,5,0,0,143,0,0,1
sheet,149,sheets=92; sheet=57,146,3,0,0,0,0,0,0
writer,149,writers=86; writer=63,149,0,0,0,0,0,0,0
achieve,148,achieve=75; achieved=56; achieving=13; achieves=4,0,0,148,0,0,0,0,0
actual,148,actual=148,0,0,0,0,148,0,0,0
collision,148,collision=95; collisions=53,146,2,0,0,0,0,0,0
despite,148,despite=148,0,0,0,0,0,0,0,148
device,148,device=75; devices=73,147,1,0,0,0,0,0,0
manager,148,manager=107; managers=41,112,36,0,0,0,0,0,0
visual,148,visual=146; visuals=2,4,0,0,0,144,0,0,0
charge,147,charge=66; charged=50; charges=18; charging=13,57,0,90,0,0,0,0,0
clovis,147,clovis=147,57,80,0,0,10,0,0,0
consist,147,consists=55; consisted=42; consist=27; consisting=23,4,0,143,0,0,0,0,0
density,147,density=116; densities=31,145,2,0,0,0,0,0,0
mammoth,147,mammoth=79; mammoths=68,97,8,0,0,42,0,0,0
meeting,147,meeting=105; meetings=42,146,1,0,0,0,0,0,0
radio,147,radio=143; radios=4,137,10,0,0,0,0,0,0
skin,147,skin=102; skins=44; skinned=1,145,0,2,0,0,0,0,0
trap,147,trapped=66; trap=40; traps=26; trapping=15,39,1,107,0,0,0,0,0
wave,147,waves=101; wave=39; waving=5; waved=2,137,0,10,0,0,0,0,0
astronomer,146,astronomers=130; astronomer=16,145,0,1,0,0,0,0,0
currently,146,currently=146,0,0,0,0,0,146,0,0
disappear,146,disappeared=84; disappear=35; disappearing=15; disappears=12,1,0,145,0,0,0,0,0
eastern,146,eastern=146,0,19,0,0,127,0,0,0
import,146,imported=87; import=28; imports=20; importing=11,28,0,118,0,0,0,0,0
poor,146,poor=124; poorer=19; poorest=3,0,1,0,0,145,0,0,0
section,146,section=92; sections=54,145,1,0,0,0,0,0,0
shop,146,shop=103; shops=22; shopping=19; shopped=2,111,6,29,0,0,0,0,0
dense,145,dense=129; denser=12; densest=4,1,0,0,0,144,0,0,0
email,145,email=130; emails=7; emailed=6; emailing=2,109,1,34,0,0,1,0,0
frequently,145,frequently=145,0,2,0,0,0,143,0,0
manufacturing,145,manufacturing=145,140,5,0,0,0,0,0,0
map,145,map=68; maps=64; mapped=8; mapping=5,119,2,24,0,0,0,0,0
surprised,145,surprised=145,0,2,0,0,143,0,0,0
wear,145,wear=50; wearing=39; worn=32; wore=19; wears=5,16,0,129,0,0,0,0,0
wheat,145,wheat=145,142,3,0,0,0,0,0,0
distinguish,144,distinguish=89; distinguished=28; distinguishing=15; distinguishes=12,1,0,142,0,1,0,0,0
dorm,144,dorm=112; dorms=32,139,1,4,0,0,0,0,0
genetic,144,genetic=124; genetics=20,20,0,0,0,124,0,0,0
inspire,144,inspired=119; inspire=16; inspires=5; inspiring=4,0,0,144,0,0,0,0,0
memory,144,memory=119; memories=25,142,2,0,0,0,0,0,0
publish,144,published=120; publish=16; publishing=6; publishes=2,0,1,143,0,0,0,0,0
religious,144,religious=144,0,0,0,0,144,0,0,0
resident,144,residents=73; resident=71,86,7,0,0,51,0,0,0
background,143,background=119; backgrounds=24,141,2,0,0,0,0,0,0
noise,143,noise=112; noises=31,141,1,1,0,0,0,0,0
solve,143,solve=93; solved=31; solving=17; solves=2,1,1,141,0,0,0,0,0
atmospheric,142,atmospheric=142,0,4,0,0,138,0,0,0
dolphin,142,dolphins=115; dolphin=27,136,0,1,0,4,1,0,0
drought,142,drought=101; droughts=41,135,7,0,0,0,0,0,0
harmful,142,harmful=142,0,1,0,0,141,0,0,0
manage,142,manage=65; managed=46; managing=27; manages=4,0,0,142,0,0,0,0,0
nothing,142,nothing=142,0,0,0,0,0,0,142,0
six,142,six=142,0,0,0,0,0,0,0,142
assumption,141,assumption=94; assumptions=47,141,0,0,0,0,0,0,0
actor,140,actors=99; actor=41,140,0,0,0,0,0,0,0
baby,140,baby=74; babies=66,139,1,0,0,0,0,0,0
egyptian,140,egyptian=140,0,4,0,0,136,0,0,0
join,140,join=82; joined=35; joining=21; joins=2,3,1,136,0,0,0,0,0
kilometer,140,kilometers=127; kilometer=13,140,0,0,0,0,0,0,0
powerful,140,powerful=140,0,0,0,0,140,0,0,0
slowly,140,slowly=140,0,0,0,0,0,140,0,0
unable,140,unable=140,0,0,0,0,140,0,0,0
wet,140,wet=136; wetted=2; wettest=1; wetting=1,3,3,4,0,130,0,0,0
wolf,140,wolves=88; wolf=52,131,9,0,0,0,0,0,0
adopt,139,adopted=79; adopt=40; adopting=15; adopts=5,2,0,137,0,0,0,0,0
healthy,139,healthy=102; healthier=35; healthiest=2,0,1,0,0,138,0,0,0
nearly,139,nearly=139,0,0,0,0,0,139,0,0
pool,139,pools=76; pool=60; pooled=3,131,2,6,0,0,0,0,0
rainfall,139,rainfall=138; rainfalls=1,130,5,4,0,0,0,0,0
rome,139,rome=139,0,138,1,0,0,0,0,0
survey,139,survey=85; surveys=46; surveyed=4; surveying=4,116,2,21,0,0,0,0,0
archaeology,138,archaeology=138,132,6,0,0,0,0,0,0
assign,138,assigned=98; assign=22; assigning=16; assigns=2,0,0,138,0,0,0,0,0
egypt,138,egypt=138,0,138,0,0,0,0,0,0
interact,138,interact=87; interacting=24; interacted=14; interacts=13,4,0,134,0,0,0,0,0
positive,138,positive=138,0,2,0,0,136,0,0,0
professional,138,professional=107; professionals=31,31,2,0,0,105,0,0,0
snow,138,snow=138,135,2,1,0,0,0,0,0
vapor,137,vapor=137,137,0,0,0,0,0,0,0
beneficial,136,beneficial=136,2,3,0,0,131,0,0,0
gatherer,136,gatherers=77; gatherer=59,135,0,1,0,0,0,0,0
length,136,length=124; lengths=12,134,2,0,0,0,0,0,0
naturally,136,naturally=136,0,0,0,0,0,136,0,0
private,136,private=136,0,0,0,0,136,0,0,0
rare,136,rare=133; rarer=2; rarest=1,3,1,0,0,132,0,0,0
reef,136,reefs=83; reef=53,130,1,5,0,0,0,0,0
solid,136,solid=132; solids=4,4,0,0,0,132,0,0,0
underground,136,underground=136,2,1,0,0,76,57,0,0
volcano,136,volcanoes=92; volcano=42; volcanos=2,135,1,0,0,0,0,0,0
anyone,135,anyone=135,0,0,0,0,0,0,135,0
astronomy,135,astronomy=135,132,3,0,0,0,0,0,0
grade,135,grade=70; grades=45; grading=13; graded=7,111,1,23,0,0,0,0,0
irrigation,135,irrigation=135,132,2,1,0,0,0,0,0
mix,135,mixed=55; mix=45; mixing=26; mixes=9,23,0,112,0,0,0,0,0
zebra,135,zebras=84; zebra=51,134,1,0,0,0,0,0,0
alone,134,alone=134,0,0,0,0,24,110,0,0
closely,134,closely=134,0,0,0,0,0,134,0,0
lab,134,lab=121; labs=13,132,1,1,0,0,0,0,0
non,134,non=134,12,11,0,0,111,0,0,0
stick,134,stick=67; stuck=34; sticks=17; sticking=16,30,0,104,0,0,0,0,0
dust,133,dust=133,131,2,0,0,0,0,0,0
eighteenth,133,eighteenth=133,2,9,0,0,122,0,0,0
explore,133,explore=83; exploring=27; explored=20; explores=3,0,0,133,0,0,0,0,0
indeed,133,indeed=133,0,0,0,0,0,133,0,0
match,133,match=85; matched=24; matches=21; matching=3,30,0,103,0,0,0,0,0
participate,133,participate=84; participating=25; participated=22; participates=2,0,0,133,0,0,0,0,0
principle,133,principles=75; principle=58,133,0,0,0,0,0,0,0
safe,133,safe=93; safer=37; safes=2; safest=1,2,1,0,0,130,0,0,0
stress,133,stress=95; stressed=20; stresses=16; stressing=2,84,0,46,0,3,0,0,0
depth,132,depth=81; depths=51,132,0,0,0,0,0,0,0
distribution,132,distribution=127; distributions=5,132,0,0,0,0,0,0,0
melt,132,melt=60; melted=37; melting=20; melts=15,17,0,111,0,4,0,0,0
multiple,132,multiple=132,1,2,0,0,129,0,0,0
news,132,news=132,128,4,0,0,0,0,0,0
ritual,132,ritual=70; rituals=62,74,1,0,0,57,0,0,0
sediment,132,sediments=70; sediment=62,118,2,0,0,12,0,0,0
whose,132,whose=132,0,0,0,0,0,0,0,132
engage,131,engage=67; engaged=36; engaging=24; engages=4,1,0,130,0,0,0,0,0
finish,131,finished=72; finish=51; finishing=5; finishes=3,9,0,122,0,0,0,0,0
parking,131,parking=131,128,3,0,0,0,0,0,0
visitor,131,visitors=117; visitor=14,131,0,0,0,0,0,0,0
advertising,130,advertising=130,127,3,0,0,0,0,0,0
bury,130,buried=109; bury=11; burying=8; buries=2,1,0,129,0,0,0,0,0
clean,130,clean=67; cleaning=33; cleaner=19; cleaned=9; cleans=2,0,6,74,0,50,0,0,0
collapse,130,collapse=90; collapsed=23; collapses=10; collapsing=7,78,4,48,0,0,0,0,0
gold,130,gold=128; golds=2,110,7,0,0,13,0,0,0
guide,130,guide=75; guides=29; guided=14; guiding=12,62,15,53,0,0,0,0,0
hire,130,hired=48; hire=47; hiring=28; hires=7,3,1,126,0,0,0,0,0
ten,130,ten=111; tens=19,19,3,0,0,0,0,0,108
widespread,130,widespread=130,1,2,0,0,127,0,0,0
dormitory,129,dormitory=99; dormitories=30,123,6,0,0,0,0,0,0
harm,129,harm=77; harmed=27; harming=17; harms=8,42,0,87,0,0,0,0,0
innovation,129,innovation=66; innovations=63,129,0,0,0,0,0,0,0
attach,128,attached=79; attach=39; attaching=7; attaches=3,0,0,128,0,0,0,0,0
doctor,128,doctor=80; doctors=48,87,41,0,0,0,0,0,0
flood,128,floods=55; flood=46; flooded=17; flooding=10,92,2,34,0,0,0,0,0
outer,128,outer=128,2,0,0,0,126,0,0,0
perfect,128,perfect=121; perfecting=4; perfected=3,0,3,14,0,111,0,0,0
station,128,stations=69; station=56; stationed=3,122,3,3,0,0,0,0,0
storm,128,storms=80; storm=48,126,1,1,0,0,0,0,0
temporary,128,temporary=128,0,1,0,0,127,0,0,0
traffic,128,traffic=128,128,0,0,0,0,0,0,0
volume,128,volume=109; volumes=19,127,0,1,0,0,0,0,0
aquatic,127,aquatic=126; aquatics=1,1,1,0,0,125,0,0,0
band,127,band=84; bands=41; banded=2,112,10,5,0,0,0,0,0
bison,127,bison=127,119,8,0,0,0,0,0,0
diversity,127,diversity=127,125,2,0,0,0,0,0,0
era,127,era=117; eras=10,120,7,0,0,0,0,0,0
extinct,127,extinct=127,0,0,0,0,127,0,0,0
habit,127,habits=88; habit=39,126,1,0,0,0,0,0,0
internal,127,internal=127,0,0,0,0,127,0,0,0
international,127,international=127,0,13,0,0,114,0,0,0
largely,127,largely=127,0,0,0,0,0,127,0,0
participant,127,participants=118; participant=9,125,0,0,0,2,0,0,0
technological,127,technological=127,0,2,0,0,125,0,0,0
turtle,127,turtles=87; turtle=40,126,1,0,0,0,0,0,0
asteroid,126,asteroids=68; asteroid=58,125,0,0,0,1,0,0,0
comet,126,comets=66; comet=60,124,0,1,0,1,0,0,0
decoration,126,decorations=87; decoration=39,126,0,0,0,0,0,0,0
favor,126,favor=63; favored=42; favors=12; favoring=9,43,0,83,0,0,0,0,0
financial,126,financial=126,0,1,0,0,125,0,0,0
medical,126,medical=126,0,1,0,0,125,0,0,0
surprising,126,surprising=126,0,3,0,0,123,0,0,0
territory,126,territory=100; territories=26,122,4,0,0,0,0,0,0
total,126,total=121; totals=5,27,0,1,0,98,0,0,0
brown,125,brown=120; browns=5,9,14,0,0,102,0,0,0
storage,125,storage=125,120,3,2,0,0,0,0,0
tooth,125,teeth=108; tooth=17,125,0,0,0,0,0,0,0
trend,125,trend=66; trends=58; trending=1,123,0,2,0,0,0,0,0
visible,125,visible=125,0,0,0,0,125,0,0,0
conservation,124,conservation=124,122,2,0,0,0,0,0,0
france,124,france=124,0,124,0,0,0,0,0,0
necessarily,124,necessarily=124,0,0,0,0,0,124,0,0
pine,124,pine=91; pines=33,90,21,2,0,11,0,0,0
soft,124,soft=114; softer=10,0,3,0,0,121,0,0,0
address,123,address=96; addressed=17; addressing=8; addresses=2,25,0,98,0,0,0,0,0
biological,123,biological=123,0,4,0,0,119,0,0,0
cross,123,cross=71; crossed=24; crossing=23; crosses=5,30,1,77,0,15,0,0,0
dangerous,123,dangerous=123,0,0,0,0,123,0,0,0
entirely,123,entirely=123,0,0,0,0,0,123,0,0
fund,123,fund=48; funds=45; funded=21; funding=9,68,8,47,0,0,0,0,0
internship,123,internship=93; internships=30,116,5,2,0,0,0,0,0
national,123,national=123,0,28,0,0,95,0,0,0
originate,123,originated=88; originate=21; originates=7; originating=7,3,0,120,0,0,0,0,0
primary,123,primary=123,0,1,0,0,122,0,0,0
valley,123,valley=94; valleys=29,65,54,4,0,0,0,0,0
acquire,122,acquire=54; acquired=53; acquiring=14; acquires=1,0,1,121,0,0,0,0,0
advanced,122,advanced=122,0,1,0,0,121,0,0,0
atlantic,122,atlantic=122,0,102,0,0,20,0,0,0
branch,122,branches=85; branch=31; branching=5; branched=1,113,0,9,0,0,0,0,0
cotton,122,cotton=118; cottons=4,113,9,0,0,0,0,0,0
dig,122,dig=46; digging=41; dug=27; digs=8,13,1,108,0,0,0,0,0
fail,122,failed=59; fail=33; fails=20; failing=10,2,0,120,0,0,0,0,0
photo,122,photo=63; photos=59,118,4,0,0,0,0,0,0
profit,122,profit=61; profits=54; profited=5; profiting=2,102,0,18,0,2,0,0,0
transition,122,transition=94; transitions=20; transitioned=5; transitioning=3,111,0,11,0,0,0,0,0
unlikely,122,unlikely=122,0,0,0,0,122,0,0,0
whale,122,whales=84; whale=35; whaling=3,109,0,3,0,10,0,0,0
apart,121,apart=121,0,0,0,0,0,112,0,9
foot,121,feet=82; foot=39,121,0,0,0,0,0,0,0
gradually,121,gradually=121,0,0,0,0,0,121,0,0
japanese,121,japanese=121,0,7,0,0,114,0,0,0
mercury,121,mercury=121,39,82,0,0,0,0,0,0
realistic,121,realistic=121,0,0,0,0,121,0,0,0
renaissance,121,renaissance=119; renaissances=2,25,96,0,0,0,0,0,0
sky,121,sky=117; skies=4,120,1,0,0,0,0,0,0
tradition,121,tradition=71; traditions=50,119,1,1,0,0,0,0,0
busy,120,busy=114; busier=3; busiest=3,0,0,0,0,120,0,0,0
chimpanzee,120,chimpanzees=101; chimpanzee=19,118,2,0,0,0,0,0,0
dna,120,dna=120,71,49,0,0,0,0,0,0
fishing,120,fishing=120,118,2,0,0,0,0,0,0
massive,120,massive=120,0,1,0,0,119,0,0,0
mate,120,mates=61; mate=59,87,0,33,0,0,0,0,0
official,120,official=69; officials=51,63,0,0,0,57,0,0,0
page,120,pages=62; page=58,119,1,0,0,0,0,0,0
phone,120,phone=79; phones=41,119,0,1,0,0,0,0,0
poet,120,poets=70; poet=50,106,12,2,0,0,0,0,0
variation,120,variations=64; variation=56,120,0,0,0,0,0,0,0
african,119,african=119,0,9,0,0,110,0,0,0
conclude,119,concluded=60; conclude=54; concludes=3; concluding=2,3,0,116,0,0,0,0,0
creative,119,creative=119,0,2,0,0,117,0,0,0
europeans,119,europeans=119,0,119,0,0,0,0,0,0
float,119,floating=65; float=41; floats=8; floated=5,11,0,108,0,0,0,0,0
forage,119,foraging=85; forage=28; foraged=4; forages=2,8,0,111,0,0,0,0,0
generation,119,generations=67; generation=52,118,1,0,0,0,0,0,0
invent,119,invented=95; invent=17; inventing=7,0,1,118,0,0,0,0,0
muscle,119,muscles=70; muscle=49,116,2,1,0,0,0,0,0
proportion,119,proportion=81; proportions=38,119,0,0,0,0,0,0,0
rocky,119,rocky=118; rockier=1,0,10,0,0,109,0,0,0
suitable,119,suitable=119,0,0,0,0,119,0,0,0
wrong,119,wrong=119,9,0,0,0,110,0,0,0
beyond,118,beyond=118,0,0,0,0,0,2,0,116
concrete,118,concrete=118,74,2,0,0,42,0,0,0
harvest,118,harvest=54; harvested=37; harvests=15; harvesting=12,43,0,75,0,0,0,0,0
hop,118,hoping=66; hopes=32; hoped=11; hopping=4; hop=3; hops=2,2,0,116,0,0,0,0,0
nitrogen,118,nitrogen=118,106,12,0,0,0,0,0,0
owner,118,owners=70; owner=48,118,0,0,0,0,0,0,0
paul,118,paul=118,0,118,0,0,0,0,0,0
relative,118,relative=89; relatives=29,48,0,0,0,70,0,0,0
similarity,118,similarities=65; similarity=53,117,1,0,0,0,0,0,0
turbine,118,turbines=101; turbine=17,118,0,0,0,0,0,0,0
weapon,118,weapons=102; weapon=16,117,1,0,0,0,0,0,0
balance,117,balance=99; balanced=11; balancing=5; balances=2,92,0,25,0,0,0,0,0
dead,117,dead=117,2,5,0,0,110,0,0,0
domestication,117,domestication=117,109,8,0,0,0,0,0,0
engineering,117,engineering=117,110,7,0,0,0,0,0,0
faculty,117,faculty=117,107,10,0,0,0,0,0,0
invention,117,invention=78; inventions=39,117,0,0,0,0,0,0,0
repair,117,repair=58; repairs=29; repaired=17; repairing=13,56,1,60,0,0,0,0,0
silver,117,silver=117,74,5,0,0,38,0,0,0
stable,117,stable=115; stables=2,3,0,0,0,114,0,0,0
tail,117,tailed=48; tail=44; tails=25,69,0,48,0,0,0,0,0
underwater,117,underwater=117,19,3,0,0,93,2,0,0
cast,116,cast=107; casting=6; casts=3,17,1,90,0,8,0,0,0
cheap,116,cheaper=67; cheap=45; cheapest=4,0,0,0,0,114,2,0,0
claire,116,claire=116,0,116,0,0,0,0,0,0
classical,116,classical=116,0,8,0,0,108,0,0,0
conflict,116,conflict=66; conflicts=40; conflicting=7; conflicted=3,99,0,17,0,0,0,0,0
contemporary,116,contemporary=99; contemporaries=17,20,6,0,0,90,0,0,0
extreme,116,extreme=109; extremes=7,16,1,0,0,99,0,0,0
hide,116,hide=57; hidden=35; hiding=14; hides=8; hid=2,3,0,113,0,0,0,0,0
increasingly,116,increasingly=116,0,0,0,0,0,116,0,0
inhabitant,116,inhabitants=113; inhabitant=3,115,0,0,0,1,0,0,0
management,116,management=116,113,3,0,0,0,0,0,0
normally,116,normally=116,0,0,0,0,0,116,0,0
practical,116,practical=116,0,2,0,0,114,0,0,0
remind,116,remind=89; reminds=17; reminded=8; reminding=2,0,0,116,0,0,0,0,0
sand,116,sand=95; sands=20; sanded=1,112,2,2,0,0,0,0,0
steam,116,steam=116,112,3,1,0,0,0,0,0
surprise,116,surprise=67; surprised=35; surprises=14,59,3,54,0,0,0,0,0
dutch,115,dutch=115,0,35,0,0,80,0,0,0
eruption,115,eruption=59; eruptions=56,114,1,0,0,0,0,0,0
hair,115,hair=70; hairs=45,113,2,0,0,0,0,0,0
initially,115,initially=115,0,1,0,0,0,114,0,0
onto,115,onto=115,0,0,0,0,0,0,0,115
polar,115,polar=115,1,3,0,0,111,0,0,0
romans,115,romans=115,0,115,0,0,0,0,0,0
setting,115,setting=64; settings=51,114,0,1,0,0,0,0,0
americans,114,americans=114,0,114,0,0,0,0,0,0
caterpillar,114,caterpillar=65; caterpillars=49,94,8,0,0,12,0,0,0
effectively,114,effectively=114,0,0,0,0,0,114,0,0
gravity,114,gravity=114,114,0,0,0,0,0,0,0
greenhouse,114,greenhouse=108; greenhouses=6,111,3,0,0,0,0,0,0
interview,114,interview=71; interviews=22; interviewed=12; interviewing=9,70,1,43,0,0,0,0,0
lizard,114,lizards=72; lizard=42,114,0,0,0,0,0,0,0
mid,114,mid=114,4,4,0,0,106,0,0,0
nile,114,nile=114,0,113,0,0,1,0,0,0
plus,114,plus=114,5,0,0,0,1,0,0,108
status,114,status=113; statuses=1,114,0,0,0,0,0,0,0
swim,114,swim=80; swimming=29; swims=5,10,0,102,0,2,0,0,0
tissue,114,tissues=59; tissue=55,113,0,1,0,0,0,0,0
war,114,war=93; wars=18; warring=2; warred=1,68,43,3,0,0,0,0,0
abandon,113,abandoned=81; abandon=20; abandoning=11; abandons=1,0,0,113,0,0,0,0,0
classroom,113,classroom=95; classrooms=18,111,1,1,0,0,0,0,0
decade,113,decades=93; decade=20,113,0,0,0,0,0,0,0
divide,113,divided=67; divide=25; dividing=18; divides=3,3,1,109,0,0,0,0,0
drink,113,drink=60; drinking=26; drinks=18; drank=9,47,0,66,0,0,0,0,0
greatly,113,greatly=113,0,0,0,0,0,113,0,0
impossible,113,impossible=113,0,0,0,0,113,0,0,0
squid,113,squid=71; squids=42,109,1,0,0,3,0,0,0
table,113,table=78; tables=35,113,0,0,0,0,0,0,0
transfer,113,transferred=48; transfer=45; transferring=12; transfers=8,32,3,78,0,0,0,0,0
weak,113,weak=70; weaker=40; weakest=3,0,0,0,0,113,0,0,0
aware,112,aware=112,0,3,0,0,109,0,0,0
breed,112,breed=52; breeding=37; bred=15; breeds=8,12,0,100,0,0,0,0,0
critical,112,critical=112,0,0,0,0,112,0,0,0
exercise,112,exercise=94; exercises=8; exercising=7; exercised=3,82,4,26,0,0,0,0,0
willing,112,willing=112,0,0,0,0,112,0,0,0
york,112,york=112,0,112,0,0,0,0,0,0
alternative,111,alternative=92; alternatives=19,53,1,1,0,56,0,0,0
box,111,box=59; boxes=52,107,4,0,0,0,0,0,0
gene,111,genes=66; gene=45,111,0,0,0,0,0,0,0
mistake,111,mistake=52; mistakes=48; mistaken=8; mistaking=2; mistook=1,95,0,16,0,0,0,0,0
script,111,script=86; scripts=24; scripted=1,109,1,1,0,0,0,0,0
tourist,111,tourists=82; tourist=29,111,0,0,0,0,0,0,0
twentieth,111,twentieth=111,1,0,0,0,110,0,0,0
window,111,windows=69; window=42,111,0,0,0,0,0,0,0
cat,110,cats=88; cat=22,108,1,1,0,0,0,0,0
concerned,110,concerned=110,0,2,0,0,108,0,0,0
everyday,110,everyday=110,2,1,0,0,103,4,0,0
existence,110,existence=110,110,0,0,0,0,0,0,0
extend,110,extend=44; extended=32; extending=17; extends=17,1,0,109,0,0,0,0,0
garden,110,garden=81; gardens=26; gardening=3,103,4,3,0,0,0,0,0
impressionist,110,impressionist=87; impressionists=23,34,6,0,0,70,0,0,0
palace,110,palace=77; palaces=33,98,12,0,0,0,0,0,0
pyramid,110,pyramid=62; pyramids=48,91,19,0,0,0,0,0,0
sing,110,sing=43; singing=33; sung=22; sang=6; sings=6,3,2,105,0,0,0,0,0
amphibian,109,amphibians=78; amphibian=31,84,1,0,0,24,0,0,0
appearance,109,appearance=105; appearances=4,108,1,0,0,0,0,0,0
biologist,109,biologists=87; biologist=22,107,2,0,0,0,0,0,0
college,109,college=96; colleges=13,83,26,0,0,0,0,0,0
composer,109,composer=57; composers=52,108,0,0,0,1,0,0,0
dining,109,dining=109,104,5,0,0,0,0,0,0
hatch,109,hatch=52; hatched=27; hatching=26; hatches=4,23,1,85,0,0,0,0,0
herd,109,herds=59; herd=41; herding=6; herded=3,90,0,11,0,8,0,0,0
whatever,109,whatever=109,0,0,0,0,0,0,8,101
advice,108,advice=108,108,0,0,0,0,0,0,0
broad,108,broad=81; broader=27,0,3,0,0,93,12,0,0
coffee,108,coffee=108,106,2,0,0,0,0,0,0
court,108,court=82; courts=24; courting=2,90,16,2,0,0,0,0,0
hope,108,hope=96; hopes=12,21,4,83,0,0,0,0,0
operate,108,operate=59; operated=23; operating=16; operates=10,0,0,108,0,0,0,0,0
pole,108,poles=80; pole=28,86,22,0,0,0,0,0,0
successfully,108,successfully=108,0,0,0,0,0,108,0,0
text,108,text=63; texts=45,106,2,0,0,0,0,0,0
textbook,108,textbook=85; textbooks=23,108,0,0,0,0,0,0,0
threat,108,threat=72; threats=36,108,0,0,0,0,0,0,0
trace,108,trace=51; traces=35; traced=16; tracing=6,58,0,50,0,0,0,0,0
acid,107,acid=86; acids=21,80,5,0,0,22,0,0,0
craft,107,craft=62; crafts=37; crafted=8,96,1,10,0,0,0,0,0
define,107,defined=45; define=38; defining=19; defines=5,1,1,105,0,0,0,0,0
eliminate,107,eliminate=42; eliminated=41; eliminating=21; eliminates=3,0,0,107,0,0,0,0,0
fair,107,fair=99; fairs=7; fairer=1,13,5,0,0,89,0,0,0
hydrate,107,hydrate=60; hydrates=47,91,1,1,0,14,0,0,0
pacific,107,pacific=107,0,105,0,0,2,0,0,0
plow,107,plow=61; plows=35; plowed=6; plowing=5,87,1,19,0,0,0,0,0
thrive,107,thrive=65; thrived=24; thriving=14; thrives=4,0,0,107,0,0,0,0,0
us,107,uses=55; us=52,55,52,0,0,0,0,0,0
viewer,107,viewers=57; viewer=50,106,0,0,0,1,0,0,0
americas,106,americas=106,0,106,0,0,0,0,0,0
bicycle,106,bicycle=71; bicycles=33; bicycling=2,100,4,2,0,0,0,0,0
carve,106,carved=80; carving=15; carve=11,0,0,106,0,0,0,0,0
convince,106,convince=47; convinced=45; convincing=14,1,0,105,0,0,0,0,0
erosion,106,erosion=106,103,3,0,0,0,0,0,0
fight,106,fight=59; fighting=24; fights=12; fought=11,26,0,80,0,0,0,0,0
reliable,106,reliable=106,0,0,0,0,106,0,0,0
strike,106,struck=40; strike=27; striking=22; strikes=17,24,0,82,0,0,0,0,0
appeal,105,appeal=66; appealing=22; appealed=10; appeals=7,42,1,62,0,0,0,0,0
brick,105,bricks=72; brick=33,103,2,0,0,0,0,0,0
carefully,105,carefully=105,0,0,0,0,0,105,0,0
kid,105,kids=87; kid=16; kidding=2,103,0,2,0,0,0,0,0
latin,105,latin=105,0,70,0,0,35,0,0,0
offspring,105,offspring=105,105,0,0,0,0,0,0,0
path,105,path=55; paths=50,105,0,0,0,0,0,0,0
pond,105,ponds=58; pond=47,103,0,2,0,0,0,0,0
register,105,register=66; registered=21; registering=11; registers=7,8,4,93,0,0,0,0,0
seek,105,sought=43; seek=37; seeking=18; seeks=7,0,0,105,0,0,0,0,0
switch,105,switch=63; switched=20; switching=20; switches=2,13,1,91,0,0,0,0,0
belief,104,belief=59; beliefs=45,104,0,0,0,0,0,0,0
complicated,104,complicated=104,0,1,0,0,103,0,0,0
compound,104,compounds=83; compound=19; compounding=2,100,1,3,0,0,0,0,0
critic,104,critics=93; critic=11,103,1,0,0,0,0,0,0
danger,104,danger=76; dangers=28,102,0,2,0,0,0,0,0
forward,104,forward=103; forwarded=1,0,0,1,0,5,96,0,2
leonardo,104,leonardo=104,0,104,0,0,0,0,0,0
productivity,104,productivity=104,104,0,0,0,0,0,0,0
progress,104,progress=85; progressed=12; progresses=4; progressing=3,78,4,22,0,0,0,0,0
shallow,104,shallow=88; shallower=14; shallows=2,3,2,1,0,98,0,0,0
steel,104,steel=104,103,1,0,0,0,0,0,0
theme,104,themes=53; theme=49; themed=2,102,0,2,0,0,0,0,0
website,104,website=86; websites=18,104,0,0,0,0,0,0,0
beautiful,103,beautiful=103,0,0,0,0,103,0,0,0
combination,103,combination=93; combinations=10,103,0,0,0,0,0,0,0
compose,103,composed=77; compose=15; composing=10; composes=1,0,1,102,0,0,0,0,0
cultivate,103,cultivated=55; cultivate=29; cultivating=19,0,0,103,0,0,0,0,0
fat,103,fat=92; fats=10; fatter=1,50,5,0,0,48,0,0,0
investigate,103,investigate=44; investigated=33; investigating=24; investigates=2,0,1,102,0,0,0,0,0
mile,103,miles=82; mile=21,101,2,0,0,0,0,0,0
ratio,103,ratio=88; ratios=15,102,1,0,0,0,0,0,0
reproductive,103,reproductive=103,0,3,0,0,100,0,0,0
sport,103,sports=86; sport=17,103,0,0,0,0,0,0,0
strength,103,strength=81; strengths=22,103,0,0,0,0,0,0,0
sufficient,103,sufficient=103,0,0,0,0,103,0,0,0
thought,103,thought=61; thoughts=42,102,1,0,0,0,0,0,0
annual,102,annual=89; annuals=13,13,0,0,0,89,0,0,0
breeding,102,breeding=102,100,2,0,0,0,0,0,0
evolutionary,102,evolutionary=102,0,2,0,0,100,0,0,0
immediately,102,immediately=102,0,0,0,0,0,102,0,0
pesticide,102,pesticides=60; pesticide=42,100,2,0,0,0,0,0,0
recording,102,recording=59; recordings=43,102,0,0,0,0,0,0,0
ruler,102,rulers=65; ruler=37,102,0,0,0,0,0,0,0
seventeenth,102,seventeenth=102,3,1,0,0,98,0,0,0
wealthy,102,wealthy=86; wealthier=10; wealthiest=6,0,1,0,0,101,0,0,0
antler,101,antlers=85; antler=16,98,3,0,0,0,0,0,0
commonly,101,commonly=101,0,0,0,0,0,101,0,0
creativity,101,creativity=101,99,2,0,0,0,0,0,0
disadvantage,101,disadvantages=50; disadvantage=47; disadvantaged=4,96,0,5,0,0,0,0,0
fix,101,fixed=61; fix=28; fixing=11; fixes=1,4,0,97,0,0,0,0,0
kingdom,101,kingdom=77; kingdoms=24,70,31,0,0,0,0,0,0
popularity,101,popularity=101,101,0,0,0,0,0,0,0
specifically,101,specifically=101,0,0,0,0,0,101,0,0
evaluate,100,evaluate=65; evaluating=18; evaluated=14; evaluates=3,1,4,95,0,0,0,0,0
export,100,export=37; exports=32; exported=22; exporting=9,58,0,42,0,0,0,0,0
extract,100,extract=44; extracting=33; extracted=23,0,0,100,0,0,0,0,0
greece,100,greece=100,0,100,0,0,0,0,0,0
italy,100,italy=100,0,100,0,0,0,0,0,0
plenty,100,plenty=100,97,1,0,0,1,1,0,0
ball,99,ball=84; balls=15,91,8,0,0,0,0,0,0
continental,99,continental=99,0,10,1,0,88,0,0,0
daily,99,daily=99,0,0,0,0,89,10,0,0
feedback,99,feedback=99,93,4,2,0,0,0,0,0
foreign,99,foreign=99,0,1,0,0,98,0,0,0
graze,99,grazing=57; graze=28; grazed=11; grazes=3,4,0,95,0,0,0,0,0
height,99,height=91; heights=8,99,0,0,0,0,0,0,0
ideal,99,ideal=87; ideals=12,22,2,0,0,75,0,0,0
learning,99,learning=99,96,2,0,0,1,0,0,0
mantle,99,mantle=93; mantles=6,89,8,1,0,1,0,0,0
normal,99,normal=99,0,0,0,0,99,0,0,0
organ,99,organs=69; organ=30,94,5,0,0,0,0,0,0
pigment,99,pigment=50; pigments=49,97,2,0,0,0,0,0,0
extensive,98,extensive=98,0,0,0,0,98,0,0,0
livestock,98,livestock=98,97,1,0,0,0,0,0,0
majority,98,majority=98,97,1,0,0,0,0,0,0
military,98,military=98,13,0,0,0,85,0,0,0
pair,98,pair=50; pairs=39; paired=9,83,0,15,0,0,0,0,0
permanent,98,permanent=98,0,1,0,0,97,0,0,0
perspective,98,perspective=78; perspectives=20,96,1,0,0,1,0,0,0
residence,98,residence=77; residences=21,94,3,1,0,0,0,0,0
retain,98,retain=55; retained=23; retains=11; retaining=9,1,0,97,0,0,0,0,0
supervisor,98,supervisor=88; supervisors=10,44,54,0,0,0,0,0,0
vulnerable,98,vulnerable=98,0,0,0,0,98,0,0,0
webs,98,webs=98,94,4,0,0,0,0,0,0
ancestor,97,ancestors=73; ancestor=24,97,0,0,0,0,0,0,0
army,97,army=84; armies=13,86,11,0,0,0,0,0,0
bike,97,bike=67; bikes=28; biking=2,91,1,5,0,0,0,0,0
description,97,description=57; descriptions=40,97,0,0,0,0,0,0,0
happy,97,happy=86; happier=11,0,2,0,0,95,0,0,0
introduction,97,introduction=96; introductions=1,96,1,0,0,0,0,0,0
john,97,john=97,0,97,0,0,0,0,0,0
rat,97,rats=54; rat=33; rated=10,76,10,11,0,0,0,0,0
ready,97,ready=97,0,0,0,0,93,4,0,0
whereas,97,whereas=97,0,1,0,0,0,5,0,91
bed,96,beds=59; bed=36; bedded=1,94,0,2,0,0,0,0,0
dog,96,dogs=69; dog=27,95,1,0,0,0,0,0,0
enormous,96,enormous=96,0,0,0,0,96,0,0,0
expansion,96,expansion=95; expansions=1,94,2,0,0,0,0,0,0
mechanism,96,mechanism=55; mechanisms=41,95,1,0,0,0,0,0,0
mexico,96,mexico=96,0,96,0,0,0,0,0,0
otherwise,96,otherwise=96,0,0,0,0,0,96,0,0
pest,96,pests=70; pest=26,88,1,3,0,4,0,0,0
shortage,96,shortage=51; shortages=45,95,1,0,0,0,0,0,0
specialized,96,specialized=96,0,5,0,0,91,0,0,0
street,96,street=53; streets=43,74,22,0,0,0,0,0,0
wealth,96,wealth=96,94,2,0,0,0,0,0,0
arise,95,arose=54; arise=18; arises=14; arising=5; arisen=4,0,1,94,0,0,0,0,0
ceramic,95,ceramic=51; ceramics=44,47,0,0,0,48,0,0,0
death,95,death=74; deaths=21,94,1,0,0,0,0,0,0
hey,95,hey=95,0,4,0,0,0,0,0,91
newly,95,newly=95,0,2,0,0,0,93,0,0
possibly,95,possibly=95,0,0,0,0,0,95,0,0
recommend,95,recommend=49; recommended=37; recommends=7; recommending=2,0,0,95,0,0,0,0,0
reptile,95,reptiles=75; reptile=20,91,0,0,0,4,0,0,0
scrub,95,scrub=92; scrubbing=2; scrubbed=1,70,20,5,0,0,0,0,0
attractive,94,attractive=94,0,1,0,0,93,0,0,0
distribute,94,distributed=46; distribute=29; distributing=14; distributes=5,0,1,93,0,0,0,0,0
glacier,94,glaciers=89; glacier=5,91,2,0,0,0,1,0,0
obviously,94,obviously=94,0,0,0,0,0,94,0,0
satellite,94,satellites=48; satellite=46,92,1,1,0,0,0,0,0
sister,94,sister=86; sisters=8,91,1,0,0,2,0,0,0
smell,94,smell=72; smells=13; smelled=3; smelling=3; smelt=3,61,1,32,0,0,0,0,0
symbol,94,symbols=63; symbol=31,94,0,0,0,0,0,0,0
teaching,94,teaching=90; teachings=4,94,0,0,0,0,0,0,0
treat,94,treated=40; treat=35; treating=15; treats=4,11,0,83,0,0,0,0,0
abundant,93,abundant=93,0,1,0,0,92,0,0,0
beach,93,beach=68; beaches=25,90,2,1,0,0,0,0,0
behavioral,93,behavioral=93,0,2,0,0,91,0,0,0
clothing,93,clothing=93,90,3,0,0,0,0,0,0
crack,93,cracks=47; crack=33; cracked=8; cracking=5,54,0,39,0,0,0,0,0
distant,93,distant=93,1,3,0,0,89,0,0,0
facility,93,facilities=58; facility=35,93,0,0,0,0,0,0,0
intend,93,intended=78; intend=9; intends=4; intending=2,0,0,93,0,0,0,0,0
laboratory,93,laboratory=80; laboratories=13,93,0,0,0,0,0,0,0
magazine,93,magazine=59; magazines=34,90,3,0,0,0,0,0,0
motion,93,motion=87; motions=6,93,0,0,0,0,0,0,0
occupy,93,occupied=55; occupy=28; occupying=6; occupies=4,2,1,90,0,0,0,0,0
concert,92,concert=62; concerts=30,91,0,1,0,0,0,0,0
defend,92,defend=72; defending=17; defended=2; defends=1,1,0,91,0,0,0,0,0
dramatic,92,dramatic=92,0,0,0,0,92,0,0,0
drift,92,drift=65; drifting=13; drifted=12; drifts=2,50,4,38,0,0,0,0,0
emperor,92,emperor=74; emperors=18,66,26,0,0,0,0,0,0
grassland,92,grasslands=55; grassland=37,91,1,0,0,0,0,0,0
hit,92,hit=59; hits=18; hitting=15,7,0,85,0,0,0,0,0
intense,92,intense=92,0,0,0,0,92,0,0,0
none,92,none=92,92,0,0,0,0,0,0,0
shelter,92,shelter=65; shelters=19; sheltered=8,83,0,8,0,1,0,0,0
throw,92,thrown=38; throw=25; throwing=22; threw=7,2,0,90,0,0,0,0,0
appreciate,91,appreciate=52; appreciated=26; appreciates=7; appreciating=6,0,0,91,0,0,0,0,0
arrange,91,arranged=46; arrange=38; arranging=6; arranges=1,2,4,85,0,0,0,0,0
availability,91,availability=91,91,0,0,0,0,0,0,0
bill,91,bill=55; bills=28; billed=8,77,5,9,0,0,0,0,0
employ,91,employed=57; employ=26; employing=6; employs=2,3,0,88,0,0,0,0,0
empty,91,empty=85; emptied=4; empties=1; emptying=1,1,0,7,0,83,0,0,0
error,91,error=50; errors=41,91,0,0,0,0,0,0,0
extent,91,extent=91,91,0,0,0,0,0,0,0
feeling,91,feeling=46; feelings=45,91,0,0,0,0,0,0,0
glacial,91,glacial=91,1,7,0,0,83,0,0,0
hill,91,hill=58; hills=33,82,8,1,0,0,0,0,0
limestone,91,limestone=90; limestones=1,72,15,3,0,1,0,0,0
outdoor,91,outdoor=88; outdoors=3,3,0,0,0,88,0,0,0
restaurant,91,restaurant=59; restaurants=32,91,0,0,0,0,0,0,0
alter,90,altered=40; alter=27; altering=12; alters=11,5,1,84,0,0,0,0,0
appropriate,90,appropriate=90,3,2,1,0,84,0,0,0
artificial,90,artificial=90,1,1,0,0,88,0,0,0
electric,90,electric=90,1,3,0,0,86,0,0,0
elsewhere,90,elsewhere=90,0,0,0,0,0,90,0,0
further,90,further=88; furthered=1; furthering=1,0,2,4,0,84,0,0,0
glad,90,glad=90,0,12,0,0,78,0,0,0
imitate,90,imitate=55; imitated=15; imitating=14; imitates=6,1,0,89,0,0,0,0,0
incorporate,90,incorporate=37; incorporated=31; incorporating=15; incorporates=7,0,0,90,0,0,0,0,0
invasive,90,invasive=90,0,7,0,0,83,0,0,0
marketing,90,marketing=90,87,3,0,0,0,0,0,0
mature,90,mature=67; matures=10; maturing=7; matured=6,5,3,34,0,48,0,0,0
mining,90,mining=90,90,0,0,0,0,0,0,0
recover,90,recover=50; recovered=27; recovering=10; recovers=3,5,0,85,0,0,0,0,0
reproduction,90,reproduction=83; reproductions=7,88,2,0,0,0,0,0,0
session,90,session=50; sessions=40,90,0,0,0,0,0,0,0
slightly,90,slightly=90,0,0,0,0,0,90,0,0
taste,90,taste=58; tastes=24; tasted=4; tasting=4,58,0,32,0,0,0,0,0
vast,90,vast=90,1,0,0,0,89,0,0,0
vent,90,vents=53; vent=36; vented=1,89,0,1,0,0,0,0,0
wow,90,wow=90,0,13,1,0,0,0,0,76
assistant,89,assistant=74; assistants=15,84,0,0,0,5,0,0,0
beak,89,beaks=55; beak=32; beaked=2,86,0,3,0,0,0,0,0
edge,89,edge=57; edges=31; edging=1,85,2,2,0,0,0,0,0
london,89,london=89,0,89,0,0,0,0,0,0
math,89,math=86; maths=3,86,3,0,0,0,0,0,0
narrow,89,narrow=77; narrower=5; narrowed=4; narrowing=3,0,0,17,0,71,1,0,0
obvious,89,obvious=89,0,0,0,0,89,0,0,0
opening,89,opening=50; openings=39,89,0,0,0,0,0,0,0
phase,89,phase=69; phases=17; phased=3,86,0,3,0,0,0,0,0
shark,89,shark=53; sharks=36,77,11,1,0,0,0,0,0
technical,89,technical=89,0,1,0,0,88,0,0,0
vertical,89,vertical=89,0,6,0,0,83,0,0,0
capable,88,capable=88,0,0,0,0,88,0,0,0
context,88,context=83; contexts=5,86,1,1,0,0,0,0,0
dam,88,dam=43; dams=42; dammed=3,78,4,6,0,0,0,0,0
domestic,88,domestic=88,0,0,0,0,88,0,0,0
essentially,88,essentially=88,0,0,0,0,0,88,0,0
exam,88,exam=51; exams=37,88,0,0,0,0,0,0,0
flat,88,flat=85; flats=3,4,2,0,0,82,0,0,0
gallery,88,gallery=56; galleries=32,81,7,0,0,0,0,0,0
income,88,income=76; incomes=10; incoming=2,86,0,2,0,0,0,0,0
measurement,88,measurements=66; measurement=22,88,0,0,0,0,0,0,0
message,88,message=63; messages=25,87,0,1,0,0,0,0,0
photosynthesis,88,photosynthesis=88,86,2,0,0,0,0,0,0
rhythm,88,rhythms=56; rhythm=32,86,2,0,0,0,0,0,0
saturn,88,saturn=87; saturns=1,1,87,0,0,0,0,0,0
sheep,88,sheep=88,87,1,0,0,0,0,0,0
sorry,88,sorry=88,0,1,0,0,44,2,0,41
studio,88,studio=67; studios=21,87,1,0,0,0,0,0,0
ton,88,tons=74; ton=14,85,3,0,0,0,0,0,0
trouble,88,trouble=85; troubles=3,88,0,0,0,0,0,0,0
clothe,87,clothes=84; clothe=2; clothed=1,84,0,3,0,0,0,0,0
coin,87,coins=75; coin=8; coined=4,83,0,4,0,0,0,0,0
concentrate,87,concentrate=50; concentrated=23; concentrating=10; concentrates=4,4,0,83,0,0,0,0,0
deadline,87,deadline=72; deadlines=15,87,0,0,0,0,0,0,0
electricity,87,electricity=87,86,1,0,0,0,0,0,0
fiber,87,fibers=60; fiber=27,87,0,0,0,0,0,0,0
fresh,87,fresh=86; freshest=1,0,0,0,0,87,0,0,0
jay,87,jays=71; jay=16,76,11,0,0,0,0,0,0
plain,87,plain=47; plains=40,45,24,0,0,16,2,0,0
recycling,87,recycling=87,85,2,0,0,0,0,0,0
target,87,target=66; targeted=9; targeting=7; targets=5,50,0,37,0,0,0,0,0
accurately,86,accurately=86,0,0,0,0,0,86,0,0
barrier,86,barriers=48; barrier=38,86,0,0,0,0,0,0,0
chain,86,chain=61; chains=25,86,0,0,0,0,0,0,0
coastal,86,coastal=86,1,4,0,0,81,0,0,0
dissolve,86,dissolved=50; dissolve=23; dissolves=9; dissolving=4,5,0,81,0,0,0,0,0
emotion,86,emotions=66; emotion=20,85,1,0,0,0,0,0,0
expression,86,expressions=52; expression=34,86,0,0,0,0,0,0,0
fun,86,fun=86,57,0,0,0,29,0,0,0
funding,86,funding=86,85,1,0,0,0,0,0,0
gravitational,86,gravitational=86,0,5,0,0,81,0,0,0
leg,86,legs=63; leg=23,86,0,0,0,0,0,0,0
lightning,86,lightning=86,85,1,0,0,0,0,0,0
ray,86,rays=66; ray=20,81,4,1,0,0,0,0,0
react,86,react=53; reacted=17; reacts=9; reacting=7,8,0,78,0,0,0,0,0
resemble,86,resemble=39; resembled=20; resembles=18; resembling=9,2,0,83,0,1,0,0,0
round,86,round=80; rounded=3; rounds=2; rounding=1,37,0,4,0,36,9,0,0
somewhat,86,somewhat=86,0,1,0,0,0,85,0,0
stem,86,stems=60; stem=20; stemmed=6,50,0,36,0,0,0,0,0
temperate,86,temperate=86,58,0,4,0,24,0,0,0
upon,86,upon=86,0,0,0,0,0,0,0,86
calculate,85,calculated=41; calculate=35; calculating=8; calculates=1,0,2,83,0,0,0,0,0
comparison,85,comparison=72; comparisons=13,85,0,0,0,0,0,0,0
container,85,containers=59; container=26,85,0,0,0,0,0,0,0
convert,85,converted=34; convert=32; converting=15; converts=4,3,1,81,0,0,0,0,0
dominate,85,dominated=56; dominate=22; dominates=5; dominating=2,2,0,83,0,0,0,0,0
efficiency,85,efficiency=81; efficiencies=4,85,0,0,0,0,0,0,0
encounter,85,encounter=38; encountered=29; encounters=15; encountering=3,12,1,72,0,0,0,0,0
improvement,85,improvements=50; improvement=35,84,1,0,0,0,0,0,0
interpret,85,interpret=38; interpreted=28; interpreting=16; interprets=3,1,1,83,0,0,0,0,0
jump,85,jump=52; jumping=15; jumped=9; jumps=9,22,1,62,0,0,0,0,0
lion,85,lions=65; lion=20,85,0,0,0,0,0,0,0
literary,85,literary=85,0,3,0,0,82,0,0,0
mud,85,mud=85,84,1,0,0,0,0,0,0
reject,85,rejected=49; reject=28; rejecting=5; rejects=3,0,0,85,0,0,0,0,0
textile,85,textile=54; textiles=31,82,0,0,0,3,0,0,0
ultraviolet,85,ultraviolet=85,38,1,1,0,45,0,0,0
vision,85,vision=84; visions=1,84,1,0,0,0,0,0,0
ash,84,ash=82; ashes=2,70,14,0,0,0,0,0,0
blow,84,blow=29; blown=27; blowing=17; blew=8; blows=3,9,0,75,0,0,0,0,0
canada,84,canada=84,0,84,0,0,0,0,0,0
cretaceous,84,cretaceous=84,7,17,0,0,60,0,0,0
engineer,84,engineers=54; engineer=21; engineered=7; engineering=2,72,0,12,0,0,0,0,0
geologic,84,geologic=84,1,2,0,0,81,0,0,0
maintenance,84,maintenance=84,83,1,0,0,0,0,0,0
mesopotamia,84,mesopotamia=84,3,81,0,0,0,0,0,0
partly,84,partly=84,0,0,0,0,0,84,0,0
recycle,84,recycled=33; recycling=33; recycle=18,1,0,83,0,0,0,0,0
terrestrial,84,terrestrial=84,0,0,0,0,84,0,0,0
undergo,84,undergo=29; underwent=22; undergone=15; undergoing=12; undergoes=6,0,0,84,0,0,0,0,0
usual,84,usual=84,0,0,0,0,84,0,0,0
abstract,83,abstract=83,0,12,0,0,70,1,0,0
advertisement,83,advertisements=46; advertisement=37,82,0,1,0,0,0,0,0
behave,83,behave=56; behaved=11; behaves=10; behaving=6,7,0,76,0,0,0,0,0
beneath,83,beneath=83,6,0,0,0,0,0,0,77
c,83,c=83,22,59,1,0,0,0,0,1
circle,83,circle=48; circles=29; circling=5; circled=1,59,14,10,0,0,0,0,0
cluster,83,clusters=42; cluster=35; clustered=5; clustering=1,76,0,7,0,0,0,0,0
component,83,component=50; components=33,80,0,0,0,3,0,0,0
constant,83,constant=83,6,0,0,0,77,0,0,0
count,83,count=41; counting=18; counts=18; counted=6,20,2,61,0,0,0,0,0
detailed,83,detailed=83,0,1,0,0,82,0,0,0
dynasty,83,dynasty=66; dynasties=17,59,24,0,0,0,0,0,0
elephant,83,elephants=68; elephant=15,81,0,0,0,2,0,0,0
engine,83,engine=51; engines=32,83,0,0,0,0,0,0,0
journal,83,journal=60; journals=23,80,3,0,0,0,0,0,0
opposite,83,opposite=83,26,0,0,0,55,0,0,2
personality,83,personality=70; personalities=13,82,1,0,0,0,0,0,0
seasonal,83,seasonal=83,1,6,0,0,76,0,0,0
suffer,83,suffered=34; suffer=29; suffers=11; suffering=9,0,0,83,0,0,0,0,0
trait,83,traits=55; trait=28,83,0,0,0,0,0,0,0
tutor,83,tutor=60; tutors=14; tutoring=8; tutored=1,66,0,17,0,0,0,0,0
vessel,83,vessels=68; vessel=15,83,0,0,0,0,0,0,0
adjust,82,adjust=52; adjusting=18; adjusted=10; adjusts=2,1,0,81,0,0,0,0,0
aid,82,aid=54; aided=16; aiding=6; aids=6,46,0,36,0,0,0,0,0
airplane,82,airplane=47; airplanes=35,81,1,0,0,0,0,0,0
biofilm,82,biofilm=46; biofilms=36,75,5,0,0,2,0,0,0
clarify,82,clarify=78; clarified=3; clarifies=1,1,0,81,0,0,0,0,0
consistent,82,consistent=82,1,1,0,0,80,0,0,0
constantly,82,constantly=82,0,0,0,0,0,82,0,0
dwarf,82,dwarf=45; dwarfs=35; dwarfing=2,79,1,2,0,0,0,0,0
enzyme,82,enzymes=59; enzyme=23,82,0,0,0,0,0,0,0
herbivore,82,herbivores=69; herbivore=13,80,0,2,0,0,0,0,0
impressive,82,impressive=82,0,2,0,0,80,0,0,0
moisture,82,moisture=81; moistures=1,75,3,2,0,2,0,0,0
numerous,82,numerous=82,0,0,0,0,82,0,0,0
permission,82,permission=82,82,0,0,0,0,0,0,0
railroad,82,railroad=42; railroads=40,77,5,0,0,0,0,0,0
shoe,82,shoes=70; shoe=12,82,0,0,0,0,0,0,0
straight,82,straight=79; straighter=2; straightest=1,0,1,0,0,48,33,0,0
suggestion,82,suggestion=50; suggestions=32,82,0,0,0,0,0,0,0
classic,81,classic=72; classics=9,12,32,0,0,37,0,0,0
classify,81,classified=40; classify=24; classifying=16; classifies=1,0,0,81,0,0,0,0,0
de,81,de=81,1,45,0,0,0,0,0,35
distinct,81,distinct=81,2,0,0,0,79,0,0,0
ecological,81,ecological=81,0,1,0,0,80,0,0,0
expense,81,expense=45; expenses=36,80,1,0,0,0,0,0,0
facial,81,facial=81,0,6,0,0,75,0,0,0
feeding,81,feeding=81,75,4,0,0,2,0,0,0
freeze,81,freezing=30; freeze=23; frozen=14; freezes=11; froze=3,4,0,77,0,0,0,0,0
ordinary,81,ordinary=81,0,0,0,0,81,0,0,0
philosophy,81,philosophy=75; philosophies=6,78,3,0,0,0,0,0,0
plot,81,plot=43; plots=36; plotted=2,78,0,3,0,0,0,0,0
quick,81,quick=75; quicker=5; quickest=1,0,8,0,0,71,2,0,0
responsibility,81,responsibility=43; responsibilities=38,80,1,0,0,0,0,0,0
association,80,association=53; associations=27,73,7,0,0,0,0,0,0
copper,80,copper=80,79,1,0,0,0,0,0,0
dean,80,dean=79; deans=1,47,33,0,0,0,0,0,0
debris,80,debris=80,73,7,0,0,0,0,0,0
diaz,80,diaz=80,0,80,0,0,0,0,0,0
exact,80,exact=79; exacting=1,0,0,2,0,78,0,0,0
forget,80,forget=44; forgot=21; forgotten=11; forgets=2; forgetting=2,1,0,79,0,0,0,0,0
mural,80,mural=43; murals=37,74,0,0,0,6,0,0,0
permit,80,permit=36; permitted=28; permits=14; permitting=2,35,0,45,0,0,0,0,0
pose,80,pose=43; posed=17; poses=17; posing=3,13,0,67,0,0,0,0,0
respect,80,respect=52; respects=20; respected=6; respecting=2,61,0,19,0,0,0,0,0
roof,80,roof=56; roofs=23; roofed=1,77,1,2,0,0,0,0,0
sophisticated,80,sophisticated=80,0,1,0,0,79,0,0,0
threaten,80,threatened=46; threatening=17; threaten=12; threatens=5,0,0,80,0,0,0,0,0
toxic,80,toxic=80,0,1,0,0,79,0,0,0
workshop,80,workshop=63; workshops=17,78,2,0,0,0,0,0,0
yield,80,yield=35; yields=30; yielded=13; yielding=2,41,0,39,0,0,0,0,0
apparently,79,apparently=79,0,0,0,0,0,79,0,0
borrow,79,borrow=43; borrowed=30; borrowing=5; borrows=1,1,0,78,0,0,0,0,0
cultivation,79,cultivation=79,78,1,0,0,0,0,0,0
decorate,79,decorated=51; decorate=19; decorating=9,0,1,77,0,1,0,0,0
differently,79,differently=79,0,0,0,0,0,79,0,0
earn,79,earn=42; earned=24; earning=13,0,0,79,0,0,0,0,0
emit,79,emit=28; emitted=24; emitting=14; emits=13,1,0,78,0,0,0,0,0
fence,79,fences=46; fence=24; fenced=8; fencing=1,68,0,11,0,0,0,0,0
horn,79,horns=61; horn=10; horned=8,71,0,8,0,0,0,0,0
oppose,79,opposed=55; oppose=12; opposing=11; opposes=1,0,0,79,0,0,0,0,0
regulation,79,regulations=46; regulation=33,78,1,0,0,0,0,0,0
sincerely,79,sincerely=79,0,0,0,0,0,79,0,0
trader,79,traders=75; trader=4,79,0,0,0,0,0,0,0
tribe,79,tribes=67; tribe=12,79,0,0,0,0,0,0,0
worry,79,worry=53; worries=11; worried=8; worrying=7,10,1,68,0,0,0,0,0
architect,78,architects=54; architect=24,78,0,0,0,0,0,0,0
bay,78,bay=57; bays=21,39,39,0,0,0,0,0,0
bookstore,78,bookstore=75; bookstores=3,66,12,0,0,0,0,0,0
brood,78,brood=57; brooding=15; broods=5; brooded=1,52,6,19,0,1,0,0,0
chemistry,78,chemistry=78,70,8,0,0,0,0,0,0
fee,78,fee=56; fees=22,78,0,0,0,0,0,0,0
lower,78,lower=36; lowered=18; lowering=18; lowers=6,1,3,69,0,0,5,0,0
meat,78,meat=77; meats=1,75,0,3,0,0,0,0,0
porcelain,78,porcelain=64; porcelains=14,71,7,0,0,0,0,0,0
seal,78,seals=31; seal=24; sealed=21; sealing=2,46,1,31,0,0,0,0,0
spin,78,spin=27; spinning=26; spins=15; spun=9; spines=1,13,0,65,0,0,0,0,0
staff,78,staff=72; staffed=5; staffs=1,70,0,8,0,0,0,0,0
suddenly,78,suddenly=78,0,0,0,0,0,78,0,0
wooden,78,wooden=78,0,3,0,0,75,0,0,0
category,77,categories=44; category=33,77,0,0,0,0,0,0,0
considerable,77,considerable=77,0,0,0,0,77,0,0,0
essay,77,essay=68; essays=9,76,0,0,0,1,0,0,0
finch,77,finches=50; finch=27,62,0,0,0,15,0,0,0
handle,77,handle=46; handled=17; handling=9; handles=5,14,0,63,0,0,0,0,0
honeybee,77,honeybees=55; honeybee=22,66,10,1,0,0,0,0,0
isotope,77,isotopes=44; isotope=33,74,2,1,0,0,0,0,0
japan,77,japan=77,0,77,0,0,0,0,0,0
lifestyle,77,lifestyle=61; lifestyles=16,77,0,0,0,0,0,0,0
modify,77,modified=50; modify=17; modifying=8; modifies=2,0,0,77,0,0,0,0,0
moment,77,moment=65; moments=12,74,3,0,0,0,0,0,0
net,77,nets=47; net=29; netted=1,55,0,1,0,21,0,0,0
productive,77,productive=77,1,1,0,0,75,0,0,0
remote,77,remote=77,0,5,1,0,69,2,0,0
resistance,77,resistance=75; resistances=2,77,0,0,0,0,0,0,0
somewhere,77,somewhere=77,0,0,0,0,0,77,0,0
trading,77,trading=77,77,0,0,0,0,0,0,0
citizen,76,citizens=45; citizen=31,66,10,0,0,0,0,0,0
collide,76,collided=28; colliding=25; collide=21; collides=2,6,0,70,0,0,0,0,0
decay,76,decay=52; decaying=10; decays=8; decayed=6,38,1,37,0,0,0,0,0
distinctive,76,distinctive=76,1,1,0,0,74,0,0,0
egyptians,76,egyptians=76,0,76,0,0,0,0,0,0
electronic,76,electronic=69; electronics=7,7,0,0,0,69,0,0,0
excavation,76,excavation=46; excavations=30,76,0,0,0,0,0,0,0
forager,76,foragers=62; forager=14,69,0,4,0,3,0,0,0
grant,76,grant=41; grants=18; granted=16; granting=1,43,7,26,0,0,0,0,0
household,76,household=60; households=16,76,0,0,0,0,0,0,0
initial,76,initial=73; initials=3,3,1,0,0,72,0,0,0
mimicry,76,mimicry=76,40,29,0,0,7,0,0,0
potato,76,potatoes=45; potato=31,76,0,0,0,0,0,0,0
regularly,76,regularly=76,0,0,0,0,0,76,0,0
regulate,76,regulate=36; regulated=21; regulating=16; regulates=3,1,0,73,0,2,0,0,0
roughly,76,roughly=76,0,0,0,0,0,76,0,0
strongly,76,strongly=76,0,0,0,0,0,76,0,0
waterfall,76,waterfalls=51; waterfall=25,73,2,0,0,1,0,0,0
yellow,76,yellow=71; yellows=5,10,3,1,0,62,0,0,0
ahead,75,ahead=75,0,0,0,0,0,75,0,0
amazon,75,amazon=75,0,75,0,0,0,0,0,0
anasazi,75,anasazi=75,0,75,0,0,0,0,0,0
diverse,75,diverse=75,0,0,0,0,75,0,0,0
ecology,75,ecology=75,59,16,0,0,0,0,0,0
fluid,75,fluid=47; fluids=28,60,0,0,0,15,0,0,0
mouse,75,mice=44; mouse=31,70,5,0,0,0,0,0,0
nation,75,nation=42; nations=33,75,0,0,0,0,0,0,0
rarely,75,rarely=75,0,0,0,0,0,75,0,0
severe,75,severe=75,0,1,0,0,74,0,0,0
sulfur,75,sulfur=75,67,8,0,0,0,0,0,0
sustain,75,sustain=46; sustained=20; sustaining=8; sustains=1,0,0,75,0,0,0,0,0
titan,75,titan=75,0,75,0,0,0,0,0,0
vermeer,75,vermeer=75,0,75,0,0,0,0,0,0
worried,75,worried=75,0,4,0,0,71,0,0,0
adviser,74,adviser=65; advisers=9,74,0,0,0,0,0,0,0
antibiotic,74,antibiotics=42; antibiotic=32,49,0,0,0,25,0,0,0
bus,74,bus=54; buses=20,74,0,0,0,0,0,0,0
calcium,74,calcium=74,74,0,0,0,0,0,0,0
church,74,church=52; churches=22,59,15,0,0,0,0,0,0
contract,74,contract=48; contracts=14; contracted=7; contracting=5,43,0,31,0,0,0,0,0
desire,74,desire=50; desired=18; desires=6,52,0,22,0,0,0,0,0
forth,74,forth=74,0,0,0,0,0,71,0,3
freshwater,74,freshwater=74,73,0,1,0,0,0,0,0
inhabit,74,inhabited=36; inhabit=29; inhabiting=7; inhabits=2,1,0,73,0,0,0,0,0
interpretation,74,interpretation=51; interpretations=23,73,1,0,0,0,0,0,0
mail,74,mail=66; mailed=4; mails=4,66,1,7,0,0,0,0,0
microorganism,74,microorganisms=71; microorganism=3,74,0,0,0,0,0,0,0
paris,74,paris=74,0,74,0,0,0,0,0,0
related,74,related=74,0,0,0,0,74,0,0,0
sensitive,74,sensitive=74,2,0,0,0,72,0,0,0
surplus,74,surplus=49; surpluses=25,54,0,0,0,20,0,0,0
thinking,74,thinking=74,72,2,0,0,0,0,0,0
twice,74,twice=74,0,0,0,0,0,51,0,23
unexpected,74,unexpected=74,0,0,0,0,74,0,0,0
venom,74,venom=67; venoms=7,68,6,0,0,0,0,0,0
william,74,william=74,0,74,0,0,0,0,0,0
accumulate,73,accumulate=24; accumulated=21; accumulates=15; accumulating=13,13,0,60,0,0,0,0,0
andrew,73,andrew=73,0,73,0,0,0,0,0,0
door,73,door=49; doors=24,71,2,0,0,0,0,0,0
entertainment,73,entertainment=69; entertainments=4,71,2,0,0,0,0,0,0
fur,73,fur=62; furs=11,69,3,1,0,0,0,0,0
genre,73,genre=52; genres=21,70,2,1,0,0,0,0,0
geologist,73,geologists=66; geologist=7,73,0,0,0,0,0,0,0
hang,73,hanging=33; hang=28; hung=8; hangs=4,1,0,72,0,0,0,0,0
making,73,making=72; makings=1,71,2,0,0,0,0,0,0
sink,73,sink=34; sinking=14; sinks=12; sank=8; sunk=4; sunken=1,14,0,59,0,0,0,0,0
totally,73,totally=73,0,0,0,0,0,73,0,0
unless,73,unless=73,0,0,0,0,0,0,0,73
board,72,board=54; boards=18,66,2,4,0,0,0,0,0
creation,72,creation=69; creations=3,71,1,0,0,0,0,0,0
hospital,72,hospitals=45; hospital=27,70,2,0,0,0,0,0,0
institution,72,institutions=53; institution=19,72,0,0,0,0,0,0,0
jazz,72,jazz=72,61,11,0,0,0,0,0,0
lesson,72,lesson=38; lessons=34,65,7,0,0,0,0,0,0
manufacturer,72,manufacturers=53; manufacturer=19,72,0,0,0,0,0,0,0
puzzle,72,puzzle=26; puzzled=24; puzzles=13; puzzling=9,34,0,38,0,0,0,0,0
reality,72,reality=66; realities=6,72,0,0,0,0,0,0,0
sequence,72,sequence=48; sequences=20; sequencing=4,65,1,6,0,0,0,0,0
signature,72,signature=56; signatures=16,72,0,0,0,0,0,0,0
stimulate,72,stimulated=39; stimulate=19; stimulates=9; stimulating=5,0,0,72,0,0,0,0,0
sudden,72,sudden=72,0,1,0,0,69,2,0,0
telescope,72,telescope=44; telescopes=28,67,5,0,0,0,0,0,0
win,72,won=28; win=24; winning=13; wins=7,6,0,66,0,0,0,0,0
absence,71,absence=70; absences=1,71,0,0,0,0,0,0,0
barley,71,barley=71,64,7,0,0,0,0,0,0
conference,71,conference=59; conferences=12,69,2,0,0,0,0,0,0
crater,71,craters=47; crater=24,70,1,0,0,0,0,0,0
cream,71,cream=71,68,1,1,0,1,0,0,0
drawing,71,drawings=47; drawing=24,70,1,0,0,0,0,0,0
jellyfish,71,jellyfish=71,12,28,7,0,24,0,0,0
master,71,master=39; masters=29; mastered=2; mastering=1,59,0,12,0,0,0,0,0
mystery,71,mystery=62; mysteries=9,70,1,0,0,0,0,0,0
raw,71,raw=71,0,1,0,0,70,0,0,0
reader,71,readers=47; reader=24,71,0,0,0,0,0,0,0
touch,71,touch=51; touched=9; touches=8; touching=3,34,0,37,0,0,0,0,0
trigger,71,triggered=30; trigger=27; triggers=9; triggering=5,12,0,59,0,0,0,0,0
unit,71,unit=42; units=29,71,0,0,0,0,0,0,0
weathering,71,weathering=71,67,3,0,0,1,0,0,0
wetland,71,wetland=39; wetlands=32,50,2,1,0,18,0,0,0
bond,70,bonds=50; bond=17; bonded=3,64,0,6,0,0,0,0,0
capital,70,capital=68; capitals=2,70,0,0,0,0,0,0,0
cattle,70,cattle=70,70,0,0,0,0,0,0,0
comment,70,comment=31; comments=30; commented=6; commenting=3,50,0,20,0,0,0,0,0
exhibition,70,exhibition=49; exhibitions=21,68,2,0,0,0,0,0,0
fabric,70,fabric=45; fabrics=25,70,0,0,0,0,0,0,0
fairly,70,fairly=70,0,0,0,0,0,70,0,0
frame,70,frame=42; frames=19; framed=8; framing=1,56,0,14,0,0,0,0,0
gym,70,gym=68; gyms=2,66,4,0,0,0,0,0,0
kangaroo,70,kangaroo=56; kangaroos=14,33,35,0,0,2,0,0,0
lunar,70,lunar=70,1,1,0,0,68,0,0,0
medieval,70,medieval=70,0,5,0,0,65,0,0,0
parasite,70,parasites=44; parasite=26,68,0,1,0,1,0,0,0
player,70,player=35; players=35,70,0,0,0,0,0,0,0
playwright,70,playwright=35; playwrights=35,70,0,0,0,0,0,0,0
relation,70,relations=36; relation=34,70,0,0,0,0,0,0,0
reward,70,reward=34; rewards=23; rewarded=10; rewarding=3,49,0,21,0,0,0,0,0
selection,70,selection=67; selections=3,69,1,0,0,0,0,0,0
skeleton,70,skeleton=35; skeletons=35,65,5,0,0,0,0,0,0
specialize,70,specialized=35; specialize=19; specializing=11; specializes=5,0,0,70,0,0,0,0,0
television,70,television=67; televisions=3,69,1,0,0,0,0,0,0
twenty,70,twenty=69; twenties=1,1,1,0,0,0,0,0,68
appointment,69,appointment=64; appointments=5,69,0,0,0,0,0,0,0
arrangement,69,arrangement=38; arrangements=31,69,0,0,0,0,0,0,0
atom,69,atoms=57; atom=12,68,0,1,0,0,0,0,0
bacterium,69,bacterium=69,69,0,0,0,0,0,0,0
basin,69,basin=53; basins=16,63,6,0,0,0,0,0,0
brand,69,brand=55; brands=12; branding=2,67,0,2,0,0,0,0,0
cognitive,69,cognitive=69,0,2,0,0,67,0,0,0
confident,69,confident=69,0,2,0,0,67,0,0,0
dominant,69,dominant=69,2,0,0,0,67,0,0,0
excellent,69,excellent=69,1,3,0,0,65,0,0,0
galaxy,69,galaxy=38; galaxies=31,59,10,0,0,0,0,0,0
goat,69,goats=61; goat=8,66,2,1,0,0,0,0,0
golden,69,golden=69,0,7,0,0,62,0,0,0
harvesting,69,harvesting=69,69,0,0,0,0,0,0,0
mine,69,mine=32; mines=24; mined=7; mining=6,44,0,17,0,0,0,8,0
predation,69,predation=69,68,0,1,0,0,0,0,0
remarkable,69,remarkable=69,0,1,0,0,68,0,0,0
sailor,69,sailors=66; sailor=3,69,0,0,0,0,0,0,0
sarah,69,sarah=69,0,69,0,0,0,0,0,0
stimulus,69,stimulus=36; stimuli=33,69,0,0,0,0,0,0,0
strengthen,69,strengthen=28; strengthened=16; strengthens=13; strengthening=12,1,1,67,0,0,0,0,0
tomb,69,tombs=41; tomb=28,68,1,0,0,0,0,0,0
transform,69,transformed=39; transform=15; transforming=13; transforms=2,2,0,67,0,0,0,0,0
vehicle,69,vehicles=52; vehicle=17,69,0,0,0,0,0,0,0
authority,68,authority=46; authorities=22,67,1,0,0,0,0,0,0
besides,68,besides=68,0,0,0,0,0,24,0,44
delay,68,delay=31; delayed=20; delays=13; delaying=4,28,1,39,0,0,0,0,0
domesticated,68,domesticated=68,0,1,0,0,67,0,0,0
fragment,68,fragments=57; fragment=8; fragmented=3,64,0,4,0,0,0,0,0
italian,68,italian=68,0,2,0,0,66,0,0,0
limb,68,limbs=57; limb=11,68,0,0,0,0,0,0,0
nuclear,68,nuclear=68,0,3,0,0,65,0,0,0
peak,68,peak=54; peaks=9; peaked=4; peaking=1,49,11,5,0,3,0,0,0
pepper,68,peppered=39; pepper=19; peppers=10,29,0,39,0,0,0,0,0
pitch,68,pitch=45; pitched=17; pitches=6,48,3,17,0,0,0,0,0
planetary,68,planetary=68,0,1,0,0,67,0,0,0
pot,68,pots=47; pot=21,68,0,0,0,0,0,0,0
primitive,68,primitive=68,0,0,0,0,68,0,0,0
restore,68,restored=24; restore=23; restoring=19; restores=2,0,0,68,0,0,0,0,0
shade,68,shade=36; shades=19; shaded=9; shading=4,48,0,20,0,0,0,0,0
soap,68,soap=65; soaps=3,64,4,0,0,0,0,0,0
spore,68,spores=63; spore=5,63,0,3,0,2,0,0,0
tough,68,tough=64; tougher=3; toughest=1,0,1,0,0,64,3,0,0
antarctica,67,antarctica=67,0,67,0,0,0,0,0,0
apartment,67,apartment=47; apartments=20,67,0,0,0,0,0,0,0
asian,67,asian=67,2,2,0,0,63,0,0,0
b,67,b=67,56,11,0,0,0,0,0,0
bumblebee,67,bumblebees=49; bumblebee=18,65,1,1,0,0,0,0,0
circumstance,67,circumstances=59; circumstance=8,67,0,0,0,0,0,0,0
coloration,67,coloration=67,65,2,0,0,0,0,0,0
dependent,67,dependent=66; dependents=1,3,0,0,0,64,0,0,0
geological,67,geological=67,0,1,0,0,66,0,0,0
geology,67,geology=67,60,7,0,0,0,0,0,0
ignore,67,ignored=27; ignore=19; ignoring=13; ignores=8,0,0,67,0,0,0,0,0
invite,67,invite=34; invited=21; inviting=8; invites=4,0,1,66,0,0,0,0,0
nutrition,67,nutrition=67,67,0,0,0,0,0,0,0
paleolithic,67,paleolithic=67,0,39,0,0,28,0,0,0
preference,67,preference=35; preferences=32,66,1,0,0,0,0,0,0
president,67,president=65; presidents=2,57,10,0,0,0,0,0,0
regional,67,regional=67,0,2,0,0,65,0,0,0
rent,67,rent=45; renting=10; rented=6; rents=6,30,0,37,0,0,0,0,0
shore,67,shore=53; shores=13; shoring=1,63,3,1,0,0,0,0,0
significance,67,significance=67,67,0,0,0,0,0,0,0
smith,67,smith=62; smiths=5,4,62,1,0,0,0,0,0
strip,67,strip=30; strips=16; stripped=12; stripping=5; striped=3; striping=1,37,2,28,0,0,0,0,0
worm,67,worms=43; worm=24,65,0,2,0,0,0,0,0
accomplish,66,accomplish=38; accomplished=22; accomplishes=3; accomplishing=3,1,0,63,0,2,0,0,0
blend,66,blend=44; blending=8; blended=7; blends=7,7,0,59,0,0,0,0,0
bottle,66,bottles=49; bottle=17,66,0,0,0,0,0,0,0
boundary,66,boundaries=41; boundary=25,63,3,0,0,0,0,0,0
coat,66,coat=32; coated=15; coats=15; coating=4,44,0,22,0,0,0,0,0
disperse,66,dispersed=33; disperse=24; dispersing=7; disperses=2,1,0,65,0,0,0,0,0
e,66,e=65; ing=1,49,13,3,0,0,0,0,1
evening,66,evening=58; evenings=8,66,0,0,0,0,0,0,0
formal,66,formal=66,0,0,0,0,66,0,0,0
frequency,66,frequency=54; frequencies=12,66,0,0,0,0,0,0,0
girl,66,girl=55; girls=11,61,5,0,0,0,0,0,0
gray,66,gray=64; grays=2,5,6,2,0,53,0,0,0
inca,66,inca=65; incas=1,2,64,0,0,0,0,0,0
instruction,66,instruction=35; instructions=31,66,0,0,0,0,0,0,0
mouth,66,mouth=56; mouths=10,66,0,0,0,0,0,0,0
outline,66,outline=40; outlines=21; outlined=3; outlining=2,50,0,16,0,0,0,0,0
partner,66,partner=36; partners=28; partnered=2,58,0,8,0,0,0,0,0
perceive,66,perceive=31; perceived=30; perceives=5,1,0,63,0,2,0,0,0
plane,66,plane=47; planes=19,66,0,0,0,0,0,0,0
prairie,66,prairie=42; prairies=24,27,0,0,0,39,0,0,0
spacecraft,66,spacecraft=65; spacecrafts=1,66,0,0,0,0,0,0,0
stretch,66,stretch=21; stretched=16; stretches=16; stretching=13,20,0,46,0,0,0,0,0
struggle,66,struggling=26; struggle=23; struggles=9; struggled=8,17,0,49,0,0,0,0,0
sugar,66,sugar=52; sugars=14,65,1,0,0,0,0,0,0
tiger,66,tiger=36; tigers=30,54,11,1,0,0,0,0,0
ultimately,66,ultimately=66,0,0,0,0,0,66,0,0
van,66,van=66,2,64,0,0,0,0,0,0
vasari,66,vasari=66,0,65,0,0,1,0,0,0
abroad,65,abroad=65,9,2,0,0,4,45,0,5
careful,65,careful=65,1,1,0,0,63,0,0,0
charcoal,65,charcoal=65,64,0,0,0,1,0,0,0
comfortable,65,comfortable=65,0,0,0,0,65,0,0,0
crucial,65,crucial=65,2,0,0,0,63,0,0,0
deliver,65,deliver=30; delivered=25; delivering=6; delivers=4,0,0,65,0,0,0,0,0
editor,65,editor=44; editors=21,65,0,0,0,0,0,0,0
elaborate,65,elaborate=63; elaborates=1; elaborating=1,1,1,6,0,57,0,0,0
employment,65,employment=65,62,3,0,0,0,0,0,0
exposure,65,exposure=65,65,0,0,0,0,0,0,0
flooding,65,flooding=65,64,1,0,0,0,0,0,0
hemisphere,65,hemisphere=64; hemispheres=1,38,26,1,0,0,0,0,0
internet,65,internet=65,62,3,0,0,0,0,0,0
lung,65,lungs=48; lung=17,64,1,0,0,0,0,0,0
nectar,65,nectar=64; nectars=1,44,20,0,0,1,0,0,0
occasionally,65,occasionally=65,0,0,0,0,0,65,0,0
patron,65,patrons=40; patron=25,65,0,0,0,0,0,0,0
pleistocene,65,pleistocene=65,0,61,0,0,4,0,0,0
pre,65,pre=65,2,17,4,0,41,0,0,1
procedure,65,procedure=34; procedures=31,65,0,0,0,0,0,0,0
suburb,65,suburbs=56; suburb=9,65,0,0,0,0,0,0,0
unknown,65,unknown=65,0,0,0,0,65,0,0,0
voice,65,voice=48; voices=15; voiced=1; voicing=1,61,0,4,0,0,0,0,0
wash,65,washed=30; wash=24; washing=8; washes=3,3,7,55,0,0,0,0,0
weekend,65,weekend=46; weekends=19,64,1,0,0,0,0,0,0
ages,64,ages=64,0,64,0,0,0,0,0,0
australian,64,australian=64,0,0,0,0,64,0,0,0
capacity,64,capacity=55; capacities=9,64,0,0,0,0,0,0,0
carving,64,carvings=41; carving=23,64,0,0,0,0,0,0,0
colleague,64,colleagues=44; colleague=20,64,0,0,0,0,0,0,0
complexity,64,complexity=56; complexities=8,63,1,0,0,0,0,0,0
creature,64,creatures=51; creature=13,64,0,0,0,0,0,0,0
digest,64,digest=43; digested=14; digesting=7,4,1,57,0,2,0,0,0
digestive,64,digestive=64,3,0,0,0,61,0,0,0
echinoderm,64,echinoderms=54; echinoderm=10,62,1,0,0,1,0,0,0
equal,64,equal=57; equals=6; equaled=1,3,0,5,0,56,0,0,0
evaluation,64,evaluations=35; evaluation=29,64,0,0,0,0,0,0,0
fertile,64,fertile=64,0,26,0,0,36,2,0,0
furthermore,64,furthermore=64,0,0,0,0,0,64,0,0
lighting,64,lighting=64,64,0,0,0,0,0,0,0
lo,64,lo=64,2,60,0,0,0,0,2,0
mask,64,masks=30; mask=29; masking=3; masked=2,58,1,5,0,0,0,0,0
overcome,64,overcome=51; overcoming=8; overcame=3; overcomes=2,0,0,64,0,0,0,0,0
poisonous,64,poisonous=64,0,0,0,0,64,0,0,0
precipitation,64,precipitation=64,64,0,0,0,0,0,0,0
reference,64,reference=42; references=19; referenced=2; referencing=1,61,0,3,0,0,0,0,0
substantial,64,substantial=64,1,1,0,0,62,0,0,0
wildlife,64,wildlife=64,62,2,0,0,0,0,0,0
yucca,64,yucca=64,6,43,0,0,15,0,0,0
astronomical,63,astronomical=63,0,3,0,0,60,0,0,0
attribute,63,attributed=33; attributes=17; attribute=9; attributing=4,12,0,51,0,0,0,0,0
climatic,63,climatic=63,0,0,0,0,63,0,0,0
david,63,david=63,0,63,0,0,0,0,0,0
favorite,63,favorite=56; favorites=7,10,0,1,0,52,0,0,0
glue,63,glue=43; glues=11; glued=9,45,2,16,0,0,0,0,0
hive,63,hive=53; hives=10,48,1,1,0,13,0,0,0
insight,63,insight=36; insights=27,63,0,0,0,0,0,0,0
limitation,63,limitations=47; limitation=16,63,0,0,0,0,0,0,0
lionfish,63,lionfish=63,40,7,0,0,16,0,0,0
neighbor,63,neighbors=46; neighbor=9; neighboring=8,54,1,8,0,0,0,0,0
neolithic,63,neolithic=63,0,23,0,0,40,0,0,0
phrase,63,phrase=50; phrases=10; phrased=3,60,0,3,0,0,0,0,0
planning,63,planning=63,60,3,0,0,0,0,0,0
pursue,63,pursue=31; pursuing=22; pursued=8; pursues=2,0,0,63,0,0,0,0,0
resistant,63,resistant=63,0,0,0,0,63,0,0,0
reverse,63,reverse=35; reversed=17; reverses=8; reversing=3,4,0,52,0,7,0,0,0
safety,63,safety=63,63,0,0,0,0,0,0,0
sail,63,sail=34; sails=13; sailed=9; sailing=7,22,0,41,0,0,0,0,0
skilled,63,skilled=63,0,0,0,0,63,0,0,0
taxis,63,taxes=63,63,0,0,0,0,0,0,0
vegetable,63,vegetables=47; vegetable=16,60,1,0,0,2,0,0,0
absolutely,62,absolutely=62,0,0,0,0,0,62,0,0
calendar,62,calendar=41; calendars=21,62,0,0,0,0,0,0,0
convenient,62,convenient=62,0,1,0,0,61,0,0,0
digital,62,digital=62,0,5,0,0,57,0,0,0
disk,62,disk=47; disks=15,62,0,0,0,0,0,0,0
dye,62,dye=32; dyes=23; dyed=7,54,1,7,0,0,0,0,0
exoplanet,62,exoplanets=39; exoplanet=23,57,3,0,0,2,0,0,0
friendly,62,friendly=60; friendlier=2,0,0,0,0,61,1,0,0
furnace,62,furnaces=38; furnace=24,61,1,0,0,0,0,0,0
guest,62,guest=32; guests=30,62,0,0,0,0,0,0,0
heavily,62,heavily=62,0,0,0,0,0,62,0,0
impress,62,impressed=42; impress=13; impressing=5; impresses=2,2,0,60,0,0,0,0,0
independently,62,independently=62,0,0,0,0,0,62,0,0
invest,62,invested=28; invest=24; investing=8; invests=2,0,0,62,0,0,0,0,0
juvenile,62,juvenile=56; juveniles=6,7,2,0,0,53,0,0,0
neither,62,neither=62,0,0,0,0,0,0,0,62
penguin,62,penguins=45; penguin=17,58,2,2,0,0,0,0,0
pit,62,pit=43; pits=14; pitted=5,38,17,7,0,0,0,0,0
precise,62,precise=62,0,1,0,0,61,0,0,0
queen,62,queen=59; queens=3,36,14,0,0,12,0,0,0
recall,62,recall=50; recalling=6; recalls=4; recalled=2,3,0,58,0,1,0,0,0
scenario,62,scenario=35; scenarios=27,62,0,0,0,0,0,0,0
settler,62,settlers=61; settler=1,62,0,0,0,0,0,0,0
supercritical,62,supercritical=62,0,3,0,0,59,0,0,0
tern,62,terns=48; tern=14,55,1,1,0,5,0,0,0
thomas,62,thomas=62,0,62,0,0,0,0,0,0
truth,62,truth=60; truths=2,61,1,0,0,0,0,0,0
bite,61,biting=24; bite=23; bites=11; bitten=3,14,1,46,0,0,0,0,0
cache,61,cache=26; caches=14; cached=11; caching=10,33,4,24,0,0,0,0,0
classmate,61,classmates=47; classmate=14,61,0,0,0,0,0,0,0
clue,61,clues=43; clue=18,60,0,1,0,0,0,0,0
cone,61,cones=40; cone=21,60,1,0,0,0,0,0,0
conserve,61,conserve=47; conserving=8; conserved=3; conserves=3,1,0,60,0,0,0,0,0
dramatically,61,dramatically=61,0,0,0,0,0,61,0,0
equally,61,equally=61,0,0,0,0,0,61,0,0
frequent,61,frequent=61,0,3,2,0,56,0,0,0
greeks,61,greeks=61,0,61,0,0,0,0,0,0
ingredient,61,ingredients=40; ingredient=21,61,0,0,0,0,0,0,0
is,61,is=61,0,0,0,0,0,61,0,0
kelly,61,kelly=61,0,61,0,0,0,0,0,0
martian,61,martian=60; martians=1,1,3,0,0,57,0,0,0
monitor,61,monitor=33; monitoring=15; monitored=11; monitors=2,5,0,56,0,0,0,0,0
patch,61,patches=40; patch=20; patching=1,60,0,1,0,0,0,0,0
peasant,61,peasants=47; peasant=14,59,2,0,0,0,0,0,0
rid,61,rid=39; riding=19; rides=3,0,0,59,0,2,0,0,0
seawater,61,seawater=61,61,0,0,0,0,0,0,0
spanish,61,spanish=61,0,25,0,0,36,0,0,0
suit,61,suited=34; suit=23; suits=3; suiting=1,14,0,47,0,0,0,0,0
timing,61,timing=59; timings=2,60,1,0,0,0,0,0,0
traditionally,61,traditionally=61,0,1,0,0,0,60,0,0
troubadour,61,troubadour=32; troubadours=29,53,2,3,0,2,0,0,1
tube,61,tube=37; tubes=24,61,0,0,0,0,0,0,0
wanna,61,wanna=61,2,2,57,0,0,0,0,0
accuracy,60,accuracy=60,60,0,0,0,0,0,0,0
ad,60,ad=36; ads=24,57,3,0,0,0,0,0,0
agreement,60,agreement=53; agreements=7,60,0,0,0,0,0,0,0
cancel,60,cancel=29; canceled=19; cancelled=7; canceling=3; cancels=2,0,1,59,0,0,0,0,0
canvas,60,canvas=50; canvases=10,56,3,1,0,0,0,0,0
ceremony,60,ceremony=33; ceremonies=27,58,2,0,0,0,0,0,0
colored,60,colored=60,0,1,0,0,59,0,0,0
documentary,60,documentary=50; documentaries=10,57,1,0,0,2,0,0,0
double,60,double=36; doubled=18; doubling=4; doubles=2,0,2,29,0,26,2,0,1
driver,60,drivers=48; driver=12,60,0,0,0,0,0,0,0
embryo,60,embryos=33; embryo=27,59,1,0,0,0,0,0,0
flexible,60,flexible=60,0,1,0,0,59,0,0,0
inner,60,inner=60,0,0,0,0,60,0,0,0
intensity,60,intensity=53; intensities=7,60,0,0,0,0,0,0,0
interfere,60,interfere=39; interfered=10; interfering=7; interferes=4,1,0,59,0,0,0,0,0
ireland,60,ireland=60,0,60,0,0,0,0,0,0
motivate,60,motivate=26; motivated=25; motivating=5; motivates=4,1,0,59,0,0,0,0,0
pore,60,pores=54; pore=6,52,0,2,0,6,0,0,0
producer,60,producers=39; producer=21,59,1,0,0,0,0,0,0
seat,60,seats=36; seat=18; seated=5; seating=1,53,0,7,0,0,0,0,0
sixteenth,60,sixteenth=60,0,1,0,0,59,0,0,0
snail,60,snail=31; snails=29,59,1,0,0,0,0,0,0
sunspot,60,sunspots=35; sunspot=25,59,1,0,0,0,0,0,0
thread,60,thread=49; threads=11,60,0,0,0,0,0,0,0
tidal,60,tidal=60,0,0,0,0,60,0,0,0
toad,60,toad=33; toads=27,58,2,0,0,0,0,0,0
upcoming,60,upcoming=60,0,1,0,0,59,0,0,0
wish,60,wish=28; wishes=25; wished=5; wishing=2,6,0,54,0,0,0,0,0
airport,59,airport=34; airports=25,58,1,0,0,0,0,0,0
amazing,59,amazing=59,0,0,0,0,59,0,0,0
anymore,59,anymore=59,0,0,0,0,0,59,0,0
cereal,59,cereals=30; cereal=29,52,0,1,0,6,0,0,0
climb,59,climb=30; climbing=17; climbed=8; climbs=4,8,0,51,0,0,0,0,0
code,59,code=48; codes=11,58,0,1,0,0,0,0,0
countryside,59,countryside=59,59,0,0,0,0,0,0,0
dome,59,dome=37; domes=21; domed=1,58,0,1,0,0,0,0,0
earthquake,59,earthquakes=37; earthquake=22,59,0,0,0,0,0,0,0
enhance,59,enhance=33; enhanced=11; enhances=9; enhancing=6,0,0,59,0,0,0,0,0
equator,59,equator=59,57,2,0,0,0,0,0,0
exciting,59,exciting=59,0,0,0,0,59,0,0,0
germany,59,germany=59,0,59,0,0,0,0,0,0
himself,59,himself=59,0,0,0,0,0,0,59,0
india,59,india=59,0,59,0,0,0,0,0,0
load,59,load=35; loads=15; loaded=8; loading=1,46,0,13,0,0,0,0,0
marsupial,59,marsupials=44; marsupial=15,46,0,2,0,11,0,0,0
microbe,59,microbes=53; microbe=6,52,1,6,0,0,0,0,0
mimic,59,mimic=36; mimics=12; mimicking=11,5,0,50,0,4,0,0,0
orchestra,59,orchestra=48; orchestras=11,54,5,0,0,0,0,0,0
reduction,59,reduction=56; reductions=3,56,3,0,0,0,0,0,0
rembrandt,59,rembrandt=59,2,57,0,0,0,0,0,0
rocket,59,rocket=45; rockets=13; rocketed=1,55,3,1,0,0,0,0,0
sick,59,sick=59,2,0,0,0,57,0,0,0
somehow,59,somehow=59,0,0,0,0,0,59,0,0
spain,59,spain=59,0,59,0,0,0,0,0,0
tower,59,towers=31; tower=24; towering=4,49,5,5,0,0,0,0,0
weevil,59,weevil=32; weevils=27,52,1,0,0,6,0,0,0
yourself,59,yourself=56; yourselves=3,3,0,0,0,0,0,56,0
abundance,58,abundance=56; abundances=2,58,0,0,0,0,0,0,0
advertise,58,advertise=24; advertised=16; advertising=16; advertises=2,0,0,58,0,0,0,0,0
bridge,58,bridge=42; bridges=16,47,11,0,0,0,0,0,0
california,58,california=58,0,58,0,0,0,0,0,0
carp,58,carp=58,56,0,1,0,1,0,0,0
controversial,58,controversial=58,1,0,0,0,57,0,0,0
draft,58,draft=47; drafts=6; drafting=3; drafted=2,52,0,6,0,0,0,0,0
educational,58,educational=58,0,0,0,0,58,0,0,0
elite,58,elite=45; elites=13,40,0,0,0,18,0,0,0
furniture,58,furniture=58,58,0,0,0,0,0,0,0
grind,58,grinding=37; grind=15; ground=6,0,0,58,0,0,0,0,0
inform,58,inform=38; informed=15; informing=4; informs=1,0,1,57,0,0,0,0,0
luxury,58,luxury=50; luxuries=8,58,0,0,0,0,0,0,0
maize,58,maize=58,50,5,3,0,0,0,0,0
manuscript,58,manuscript=40; manuscripts=18,58,0,0,0,0,0,0,0
molten,58,molten=58,2,1,1,0,54,0,0,0
myself,58,myself=58,0,0,0,0,0,0,58,0
nor,58,nor=58,0,0,0,0,0,0,0,58
platform,58,platforms=47; platform=11,58,0,0,0,0,0,0,0
realism,58,realism=58,50,8,0,0,0,0,0,0
restrict,58,restricted=38; restrict=14; restricting=6,1,0,57,0,0,0,0,0
rotation,58,rotation=54; rotations=4,58,0,0,0,0,0,0,0
seven,58,seven=58,0,0,0,0,0,0,0,58
sharp,58,sharp=52; sharper=6,0,0,0,0,57,1,0,0
t,58,t=58,45,13,0,0,0,0,0,0
temple,58,temples=36; temple=22,51,7,0,0,0,0,0,0
afford,57,afford=54; afforded=3,0,0,57,0,0,0,0,0
alaska,57,alaska=57,0,57,0,0,0,0,0,0
bark,57,bark=57,53,4,0,0,0,0,0,0
carbonate,57,carbonate=50; carbonates=6; carbonated=1,52,3,1,0,1,0,0,0
cite,57,cite=33; cited=10; citing=8; cites=6,0,0,57,0,0,0,0,0
confuse,57,confused=25; confuse=20; confusing=10; confuses=2,3,0,54,0,0,0,0,0
crowd,57,crowd=21; crowded=20; crowds=13; crowding=3,33,0,24,0,0,0,0,0
discourage,57,discourage=36; discouraged=16; discourages=4; discouraging=1,5,0,52,0,0,0,0,0
division,57,division=44; divisions=13,54,3,0,0,0,0,0,0
dryas,57,dryas=57,2,55,0,0,0,0,0,0
false,57,false=57,0,0,0,0,57,0,0,0
fertilizer,57,fertilizer=32; fertilizers=25,56,0,1,0,0,0,0,0
harsh,57,harsh=53; harsher=3; harshest=1,0,0,0,0,57,0,0,0
highway,57,highways=33; highway=24,56,0,0,0,1,0,0,0
immediate,57,immediate=57,1,0,0,0,56,0,0,0
ink,57,ink=39; inks=15; inked=2; inking=1,51,0,6,0,0,0,0,0
latitude,57,latitudes=44; latitude=13,56,0,0,0,1,0,0,0
manner,57,manner=51; manners=6,57,0,0,0,0,0,0,0
mission,57,mission=37; missions=20,57,0,0,0,0,0,0,0
mixture,57,mixture=53; mixtures=4,57,0,0,0,0,0,0,0
modernist,57,modernist=56; modernists=1,7,9,0,0,41,0,0,0
parental,57,parental=57,0,3,0,0,54,0,0,0
preservation,57,preservation=57,53,4,0,0,0,0,0,0
synthetic,57,synthetic=57,0,3,0,0,54,0,0,0
tie,57,tied=30; ties=21; tie=6,19,0,38,0,0,0,0,0
tuna,57,tuna=52; tunas=5,35,21,1,0,0,0,0,0
warn,57,warn=43; warning=9; warns=4; warned=1,0,0,57,0,0,0,0,0
ways,57,ways=57,0,57,0,0,0,0,0,0
convey,56,convey=35; conveyed=11; conveying=7; conveys=3,0,0,56,0,0,0,0,0
definition,56,definition=48; definitions=8,56,0,0,0,0,0,0,0
evaporate,56,evaporates=19; evaporated=17; evaporate=13; evaporating=7,0,0,56,0,0,0,0,0
exploit,56,exploit=32; exploited=17; exploiting=5; exploits=2,5,0,51,0,0,0,0,0
fashion,56,fashion=48; fashions=5; fashioned=3,51,0,5,0,0,0,0,0
gathering,56,gathering=54; gatherings=2,55,0,1,0,0,0,0,0
indian,56,indian=56,0,16,0,0,40,0,0,0
inland,56,inland=56,8,5,2,0,26,15,0,0
intelligence,56,intelligence=56,49,7,0,0,0,0,0,0
jewelry,56,jewelry=56,56,0,0,0,0,0,0,0
panel,56,panels=43; panel=13,55,1,0,0,0,0,0,0
patient,56,patients=31; patient=25,38,0,0,0,18,0,0,0
portion,56,portion=38; portions=18,56,0,0,0,0,0,0,0
rehearsal,56,rehearsal=37; rehearsals=19,54,1,1,0,0,0,0,0
rotate,56,rotating=27; rotate=15; rotates=12; rotated=2,2,0,54,0,0,0,0,0
royal,56,royal=56,0,15,0,0,41,0,0,0
shot,56,shot=29; shots=27,56,0,0,0,0,0,0,0
sociology,56,sociology=56,56,0,0,0,0,0,0,0
tendency,56,tendency=51; tendencies=5,56,0,0,0,0,0,0,0
treatment,56,treatment=46; treatments=10,56,0,0,0,0,0,0,0
accident,55,accidents=35; accident=20,55,0,0,0,0,0,0,0
architectural,55,architectural=55,0,1,0,0,54,0,0,0
bacterial,55,bacterial=55,0,1,0,0,54,0,0,0
belt,55,belt=38; belts=17,48,7,0,0,0,0,0,0
brother,55,brother=49; brothers=6,55,0,0,0,0,0,0,0
budget,55,budget=53; budgeted=1; budgets=1,51,0,4,0,0,0,0,0
channel,55,channels=39; channel=14; channeled=1; channeling=1,47,6,2,0,0,0,0,0
chocolate,55,chocolate=48; chocolates=7,53,0,2,0,0,0,0,0
deeply,55,deeper=29; deeply=26,0,0,0,0,0,55,0,0
dimensional,55,dimensional=55,0,0,0,0,55,0,0,0
dorset,55,dorset=55,0,45,0,0,10,0,0,0
favorable,55,favorable=55,0,0,0,0,55,0,0,0
freedom,55,freedom=50; freedoms=5,55,0,0,0,0,0,0,0
gift,55,gifts=28; gift=26; gifted=1,54,0,1,0,0,0,0,0
groundwater,55,groundwater=55,54,1,0,0,0,0,0,0
heart,55,heart=46; hearts=9,54,1,0,0,0,0,0,0
implement,55,implement=23; implemented=15; implements=10; implementing=7,13,0,42,0,0,0,0,0
indoor,55,indoor=31; indoors=24,24,0,0,0,31,0,0,0
lock,55,locked=24; lock=17; locks=13; locking=1,22,0,33,0,0,0,0,0
monument,55,monuments=31; monument=24,51,4,0,0,0,0,0,0
photographer,55,photographers=38; photographer=17,55,0,0,0,0,0,0,0
radiocarbon,55,radiocarbon=55,44,10,1,0,0,0,0,0
rainforest,55,rainforest=46; rainforests=9,48,2,0,0,5,0,0,0
relevant,55,relevant=55,0,0,0,0,55,0,0,0
singer,55,singers=46; singer=9,55,0,0,0,0,0,0,0
texture,55,texture=43; textures=10; textured=2,53,0,2,0,0,0,0,0
tv,55,tv=54; tvs=1,51,4,0,0,0,0,0,0
weakness,55,weakness=28; weaknesses=27,55,0,0,0,0,0,0,0
weed,55,weed=26; weeds=26; weeding=3,50,1,4,0,0,0,0,0
whistle,55,whistles=36; whistle=12; whistling=7,43,0,8,0,4,0,0,0
wool,55,wool=54; wools=1,52,3,0,0,0,0,0,0
accessible,54,accessible=54,0,0,0,0,54,0,0,0
anthropology,54,anthropology=54,50,4,0,0,0,0,0,0
approximately,54,approximately=54,0,0,0,0,0,54,0,0
archaeopteryx,54,archaeopteryx=54,0,54,0,0,0,0,0,0
arrival,54,arrival=52; arrivals=2,53,1,0,0,0,0,0,0
aside,54,aside=54,1,0,0,0,0,47,0,6
buyer,54,buyers=40; buyer=14,54,0,0,0,0,0,0,0
cichlid,54,cichlid=34; cichlids=20,42,0,0,0,12,0,0,0
circular,54,circular=54,0,0,0,0,54,0,0,0
colonist,54,colonists=53; colonist=1,54,0,0,0,0,0,0,0
contradict,54,contradict=21; contradicts=17; contradicted=12; contradicting=4,0,0,54,0,0,0,0,0
excited,54,excited=54,0,0,0,0,54,0,0,0
graduation,54,graduation=54,52,2,0,0,0,0,0,0
innovative,54,innovative=54,0,0,0,0,54,0,0,0
journey,54,journey=47; journeys=7,54,0,0,0,0,0,0,0
michelangelo,54,michelangelo=54,0,54,0,0,0,0,0,0
owl,54,owl=33; owls=21,52,1,0,0,1,0,0,0
pleased,54,pleased=54,0,1,0,0,53,0,0,0
port,54,port=33; ports=21,51,3,0,0,0,0,0,0
profitable,54,profitable=54,0,0,0,0,54,0,0,0
regardless,54,regardless=54,0,0,0,0,0,54,0,0
sahara,54,sahara=54,1,53,0,0,0,0,0,0
scent,54,scent=52; scenting=1; scents=1,43,2,1,0,8,0,0,0
stripe,54,stripes=54,54,0,0,0,0,0,0,0
vaudeville,54,vaudeville=54,39,15,0,0,0,0,0,0
washington,54,washington=54,0,54,0,0,0,0,0,0
woodland,54,woodlands=36; woodland=18,51,3,0,0,0,0,0,0
yesterday,54,yesterday=54,54,0,0,0,0,0,0,0
acknowledge,53,acknowledge=32; acknowledged=16; acknowledges=3; acknowledging=2,0,0,53,0,0,0,0,0
afternoon,53,afternoon=46; afternoons=7,53,0,0,0,0,0,0,0
angle,53,angle=28; angles=25,51,0,2,0,0,0,0,0
approve,53,approved=27; approve=21; approves=4; approving=1,0,0,53,0,0,0,0,0
artisan,53,artisans=47; artisan=6,47,1,0,0,5,0,0,0
being,53,beings=27; being=26,53,0,0,0,0,0,0,0
cement,53,cement=47; cemented=6,45,1,7,0,0,0,0,0
cetacean,53,cetaceans=42; cetacean=11,42,0,0,0,11,0,0,0
committee,53,committee=49; committees=4,44,9,0,0,0,0,0,0
consumption,53,consumption=53,49,4,0,0,0,0,0,0
darwin,53,darwin=53,0,53,0,0,0,0,0,0
desk,53,desk=41; desks=12,53,0,0,0,0,0,0,0
efficiently,53,efficiently=53,0,0,0,0,0,53,0,0
facilitate,53,facilitate=23; facilitated=19; facilitating=9; facilitates=2,6,0,47,0,0,0,0,0
gap,53,gap=32; gaps=21,52,1,0,0,0,0,0,0
hormone,53,hormone=41; hormones=12,51,2,0,0,0,0,0,0
indigo,53,indigo=53,47,6,0,0,0,0,0,0
inuit,53,inuit=53,1,52,0,0,0,0,0,0
investment,53,investment=37; investments=16,53,0,0,0,0,0,0,0
maximum,53,maximum=49; maximums=4,15,9,0,0,29,0,0,0
phoenician,53,phoenician=45; phoenicians=8,8,4,0,0,41,0,0,0
poison,53,poison=30; poisoned=14; poisoning=5; poisons=4,25,1,27,0,0,0,0,0
possess,53,possess=34; possessed=16; possesses=3,2,0,51,0,0,0,0,0
primate,53,primates=49; primate=4,52,0,1,0,0,0,0,0
psychologist,53,psychologists=43; psychologist=10,53,0,0,0,0,0,0,0
recommendation,53,recommendation=42; recommendations=11,53,0,0,0,0,0,0,0
richard,53,richard=52; richards=1,1,52,0,0,0,0,0,0
rough,53,rough=53,0,1,1,0,47,4,0,0
shed,53,shed=30; sheds=14; shedding=9,9,0,43,0,1,0,0,0
tea,53,tea=50; teas=3,52,1,0,0,0,0,0,0
termite,53,termites=29; termite=24,34,15,0,0,4,0,0,0
tunnel,53,tunnel=27; tunnels=25; tunneling=1,49,0,4,0,0,0,0,0
afraid,52,afraid=52,0,0,0,0,52,0,0,0
breathe,52,breathe=36; breathing=11; breathed=3; breathes=2,2,0,47,0,3,0,0,0
canyon,52,canyon=49; canyons=3,22,30,0,0,0,0,0,0
consequently,52,consequently=52,0,0,0,0,0,52,0,0
continuous,52,continuous=52,1,5,0,0,46,0,0,0
convincing,52,convincing=52,4,2,0,0,46,0,0,0
cue,52,cues=43; cue=8; cued=1,51,0,1,0,0,0,0,0
dodo,52,dodo=41; dodos=11,52,0,0,0,0,0,0,0
downtown,52,downtown=52,48,2,0,0,2,0,0,0
drill,52,drill=30; drilled=11; drilling=8; drills=3,18,0,34,0,0,0,0,0
estuary,52,estuaries=35; estuary=17,37,1,0,0,14,0,0,0
infect,52,infected=33; infect=10; infects=6; infecting=3,0,0,52,0,0,0,0,0
launch,52,launch=28; launched=15; launching=7; launches=2,16,0,36,0,0,0,0,0
mainland,52,mainland=52,49,0,0,0,3,0,0,0
navigate,52,navigate=45; navigating=4; navigated=2; navigates=1,0,0,50,0,2,0,0,0
outcome,52,outcome=39; outcomes=13,47,2,3,0,0,0,0,0
physics,52,physics=52,49,3,0,0,0,0,0,0
province,52,provinces=27; province=25,51,1,0,0,0,0,0,0
resume,52,resume=43; resumes=7; resumed=2,49,0,3,0,0,0,0,0
scatter,52,scattered=30; scattering=11; scatter=10; scatters=1,2,0,50,0,0,0,0,0
seriously,52,seriously=52,0,0,0,0,0,52,0,0
shrub,52,shrubs=45; shrub=7,50,2,0,0,0,0,0,0
slope,52,slopes=30; slope=22,52,0,0,0,0,0,0,0
surprisingly,52,surprisingly=52,0,2,0,0,0,50,0,0
upward,52,upward=51; upwards=1,1,0,0,0,15,36,0,0
vine,52,vines=35; vine=17,50,1,1,0,0,0,0,0
achebe,51,achebe=51,0,51,0,0,0,0,0,0
brush,51,brush=36; brushes=8; brushing=6; brushed=1,37,0,14,0,0,0,0,0
card,51,card=28; cards=23,51,0,0,0,0,0,0,0
collector,51,collectors=44; collector=7,51,0,0,0,0,0,0,0
da,51,da=51,0,51,0,0,0,0,0,0
derive,51,derived=44; derive=5; derives=1; deriving=1,0,0,51,0,0,0,0,0
environmentally,51,environmentally=51,0,0,0,0,0,51,0,0
evergreen,51,evergreen=46; evergreens=5,6,6,4,0,35,0,0,0
fundamental,51,fundamental=45; fundamentals=6,6,0,0,0,45,0,0,0
han,51,han=51,0,51,0,0,0,0,0,0
influential,51,influential=51,0,0,0,0,51,0,0,0
journalism,51,journalism=51,49,2,0,0,0,0,0,0
medicine,51,medicine=44; medicines=7,45,6,0,0,0,0,0,0
megafauna,51,megafauna=51,28,23,0,0,0,0,0,0
mental,51,mental=51,0,2,0,0,49,0,0,0
mosquito,51,mosquitoes=32; mosquito=17; mosquitos=2,42,7,1,0,1,0,0,0
motivation,51,motivation=42; motivations=9,49,2,0,0,0,0,0,0
oak,51,oak=35; oaks=16,48,2,0,0,0,0,0,1
officer,51,officer=27; officers=24,33,18,0,0,0,0,0,0
offshore,51,offshore=50; offshored=1,0,6,1,0,37,7,0,0
performer,51,performers=41; performer=10,51,0,0,0,0,0,0,0
pocket,51,pockets=29; pocket=22,47,4,0,0,0,0,0,0
precisely,51,precisely=51,0,0,0,0,0,51,0,0
prior,51,prior=51,0,1,0,0,11,39,0,0
protective,51,protective=51,0,0,0,0,51,0,0,0
proto,51,proto=51,6,33,0,0,12,0,0,0
radioactive,51,radioactive=51,0,1,0,0,50,0,0,0
sculptor,51,sculptor=28; sculptors=23,51,0,0,0,0,0,0,0
smooth,51,smooth=43; smoothed=4; smoother=3; smoothing=1,2,0,5,0,44,0,0,0
socrates,51,socrates=51,0,51,0,0,0,0,0,0
software,51,software=51,51,0,0,0,0,0,0,0
squirrel,51,squirrels=28; squirrel=23,43,6,2,0,0,0,0,0
steady,51,steady=48; steadier=3,0,0,1,0,50,0,0,0
students,51,students=51,0,51,0,0,0,0,0,0
succeed,51,succeed=25; succeeded=20; succeeding=5; succeeds=1,0,0,51,0,0,0,0,0
super,51,super=51,3,4,0,0,22,22,0,0
tapestry,51,tapestries=35; tapestry=16,51,0,0,0,0,0,0,0
unusually,51,unusually=51,0,0,0,0,0,51,0,0
vital,51,vital=51,0,0,0,0,51,0,0,0
whenever,51,whenever=51,0,0,0,0,0,0,0,51
younger,51,younger=51,0,51,0,0,0,0,0,0
accretion,50,accretion=49; accretions=1,50,0,0,0,0,0,0,0
awareness,50,awareness=50,49,1,0,0,0,0,0,0
bet,50,bet=49; bets=1,7,2,41,0,0,0,0,0
biochar,50,biochar=50,26,22,0,0,2,0,0,0
blade,50,blades=40; blade=10,50,0,0,0,0,0,0,0
conventional,50,conventional=50,0,0,0,0,50,0,0,0
criticism,50,criticism=43; criticisms=7,50,0,0,0,0,0,0,0
crystal,50,crystals=36; crystal=14,44,6,0,0,0,0,0,0
dancer,50,dancers=27; dancer=23,41,9,0,0,0,0,0,0
depiction,50,depiction=29; depictions=21,50,0,0,0,0,0,0,0
deplete,50,depleted=37; deplete=5; depleting=5; depletes=3,0,0,50,0,0,0,0,0
drum,50,drums=28; drum=21; drumming=1,48,0,2,0,0,0,0,0
ear,50,ears=26; ear=24,50,0,0,0,0,0,0,0
exception,50,exception=32; exceptions=18,50,0,0,0,0,0,0,0
flourish,50,flourished=26; flourish=21; flourishing=2; flourishes=1,1,0,48,0,1,0,0,0
frozen,50,frozen=50,0,0,0,0,50,0,0,0
geometric,50,geometric=48; geometrics=2,2,0,0,0,48,0,0,0
incentive,50,incentive=32; incentives=18,49,1,0,0,0,0,0,0
indo,50,indo=50,6,41,0,0,3,0,0,0
jack,50,jack=50,11,39,0,0,0,0,0,0
left,50,left=50,13,0,0,0,37,0,0,0
mill,50,mills=25; mill=23; milling=2,44,4,2,0,0,0,0,0
moreover,50,moreover=50,0,0,0,0,0,50,0,0
philosopher,50,philosopher=29; philosophers=21,49,0,0,0,1,0,0,0
plentiful,50,plentiful=50,1,1,0,0,48,0,0,0
ride,50,ride=41; rides=7; ridden=1; rode=1,28,0,22,0,0,0,0,0
ruin,50,ruins=20; ruin=13; ruined=13; ruining=4,19,8,23,0,0,0,0,0
russian,50,russian=50,0,6,0,0,44,0,0,0
salmon,50,salmon=50,45,5,0,0,0,0,0,0
screen,50,screen=34; screens=14; screened=1; screening=1,48,0,2,0,0,0,0,0
sedentary,50,sedentary=50,1,0,0,0,49,0,0,0
sized,50,sized=50,0,0,0,0,50,0,0,0
strange,50,strange=49; stranger=1,1,1,0,0,48,0,0,0
tenure,50,tenure=41; tenured=9,38,3,9,0,0,0,0,0
vacation,50,vacation=40; vacations=10,50,0,0,0,0,0,0,0
venice,50,venice=50,0,50,0,0,0,0,0,0
burrow,49,burrows=22; burrow=16; burrowing=6; burrowed=5,31,0,18,0,0,0,0,0
cash,49,cash=49,49,0,0,0,0,0,0,0
commission,49,commissioned=25; commission=13; commissions=9; commissioning=2,15,5,29,0,0,0,0,0
competitor,49,competitors=38; competitor=11,49,0,0,0,0,0,0,0
condense,49,condense=18; condenses=16; condensed=15,16,0,33,0,0,0,0,0
cosmic,49,cosmic=49,0,1,0,0,48,0,0,0
costume,49,costumes=32; costume=16; costumed=1,44,3,1,0,1,0,0,0
decorative,49,decorative=49,0,1,0,0,48,0,0,0
defensive,49,defensive=49,1,2,0,0,46,0,0,0
discount,49,discount=25; discounted=10; discounts=9; discounting=5,32,0,17,0,0,0,0,0
distinction,49,distinction=31; distinctions=18,48,1,0,0,0,0,0,0
everywhere,49,everywhere=49,0,0,0,0,0,49,0,0
excavate,49,excavated=29; excavate=12; excavating=8,0,0,49,0,0,0,0,0
industrialization,49,industrialization=49,45,4,0,0,0,0,0,0
infection,49,infection=30; infections=19,48,1,0,0,0,0,0,0
instal,49,installed=27; installing=22,0,0,49,0,0,0,0,0
loud,49,loud=43; louder=6,0,0,0,0,44,5,0,0
mountains,49,mountains=49,0,49,0,0,0,0,0,0
oyster,49,oysters=26; oyster=23,42,1,1,0,5,0,0,0
seabird,49,seabirds=29; seabird=20,42,3,0,0,4,0,0,0
shoal,49,shoal=23; shoals=14; shoaling=12,37,0,12,0,0,0,0,0
spear,49,spear=25; spears=23; spearing=1,46,1,2,0,0,0,0,0
sumerian,49,sumerian=47; sumerians=2,2,4,0,0,43,0,0,0
superior,49,superior=49,0,1,0,0,48,0,0,0
tax,49,tax=42; taxed=4; taxing=3,36,1,12,0,0,0,0,0
thermal,49,thermal=49,0,1,0,0,48,0,0,0
toy,49,toys=30; toy=18; toying=1,48,0,1,0,0,0,0,0
accommodate,48,accommodate=41; accommodating=4; accommodated=2; accommodates=1,0,0,48,0,0,0,0,0
arm,48,arms=37; arm=10; armed=1,47,0,1,0,0,0,0,0
blooded,48,blooded=48,4,0,0,0,44,0,0,0
boy,48,boy=39; boys=9,37,2,0,0,0,0,0,9
bunch,48,bunch=45; bunches=2; bunched=1,47,0,1,0,0,0,0,0
candidate,48,candidate=25; candidates=23,48,0,0,0,0,0,0,0
chick,48,chicks=30; chick=18,48,0,0,0,0,0,0,0
colonial,48,colonial=46; colonials=2,5,5,0,0,38,0,0,0
contest,48,contest=36; contests=10; contested=2,45,0,3,0,0,0,0,0
costly,48,costly=47; costlier=1,0,1,0,0,47,0,0,0
disc,48,disc=43; discs=5,34,13,1,0,0,0,0,0
eight,48,eight=46; eights=2,2,0,0,0,0,0,0,46
foundation,48,foundation=36; foundations=12,40,8,0,0,0,0,0,0
guinea,48,guinea=48,16,32,0,0,0,0,0,0
gupta,48,gupta=48,0,48,0,0,0,0,0,0
igloo,48,igloo=40; igloos=8,48,0,0,0,0,0,0,0
nebula,48,nebula=48,39,8,0,0,1,0,0,0
nutritious,48,nutritious=48,0,0,0,0,48,0,0,0
odor,48,odor=26; odors=22,40,2,1,0,5,0,0,0
pack,48,pack=22; packed=20; packs=5; packing=1,21,0,27,0,0,0,0,0
parrot,48,parrots=29; parrot=19,39,2,0,0,7,0,0,0
partially,48,partially=48,0,0,0,0,0,48,0,0
psychological,48,psychological=48,0,1,0,0,47,0,0,0
roll,48,roll=26; rolled=13; rolling=6; rolls=3,16,2,30,0,0,0,0,0
stock,48,stock=34; stocks=12; stocked=1; stocking=1,40,1,7,0,0,0,0,0
turkey,48,turkey=44; turkeys=4,9,39,0,0,0,0,0,0
vinci,48,vinci=48,0,48,0,0,0,0,0,0
aggressive,47,aggressive=47,0,0,0,0,47,0,0,0
anywhere,47,anywhere=47,0,0,0,0,0,47,0,0
axis,47,axis=31; axes=16,47,0,0,0,0,0,0,0
birth,47,birth=42; births=5,47,0,0,0,0,0,0,0
calorie,47,calories=40; calorie=7,47,0,0,0,0,0,0,0
characterize,47,characterized=33; characterize=10; characterizes=4,1,0,46,0,0,0,0,0
chief,47,chief=28; chiefs=19,40,1,0,0,6,0,0,0
complain,47,complain=30; complained=10; complaining=7,0,0,47,0,0,0,0,0
cow,47,cows=35; cow=12,46,0,1,0,0,0,0,0
decompose,47,decompose=17; decomposing=13; decomposed=11; decomposes=6,2,0,43,0,2,0,0,0
depression,47,depression=28; depressions=19,34,13,0,0,0,0,0,0
disappearance,47,disappearance=43; disappearances=4,47,0,0,0,0,0,0,0
experimental,47,experimental=47,1,2,0,0,44,0,0,0
flock,47,flocks=24; flock=19; flocked=2; flocking=2,42,0,4,0,1,0,0,0
lava,47,lava=47,44,3,0,0,0,0,0,0
marble,47,marble=47,45,2,0,0,0,0,0,0
please,47,please=43; pleased=2; pleasing=2,1,0,13,0,0,0,0,33
prediction,47,predictions=32; prediction=15,47,0,0,0,0,0,0,0
reasons,47,reasons=47,0,47,0,0,0,0,0,0
scan,47,scan=30; scans=7; scanning=6; scanned=4,14,4,21,0,8,0,0,0
span,47,span=30; spans=9; spanned=4; spanning=4,33,0,14,0,0,0,0,0
steal,47,steal=18; stealing=14; stolen=9; stole=5; steals=1,0,0,47,0,0,0,0,0
thunderbird,47,thunderbirds=25; thunderbird=22,43,2,0,0,2,0,0,0
wax,47,wax=47,47,0,0,0,0,0,0,0
accompany,46,accompanied=32; accompanying=7; accompany=5; accompanies=2,0,0,46,0,0,0,0,0
canopy,46,canopy=42; canopies=3; canopied=1,37,5,2,0,2,0,0,0
cooking,46,cooking=46,44,2,0,0,0,0,0,0
fin,46,fins=21; finned=16; fin=7; fined=2,27,0,18,0,1,0,0,0
flap,46,flapping=32; flap=10; flaps=3; flapped=1,5,0,41,0,0,0,0,0
geographic,46,geographic=46,0,0,0,0,46,0,0,0
german,46,german=46,0,4,0,0,42,0,0,0
grave,46,grave=46,30,3,0,0,13,0,0,0
greenland,46,greenland=46,0,46,0,0,0,0,0,0
guy,46,guys=27; guy=19,46,0,0,0,0,0,0,0
intensive,46,intensive=46,0,1,0,0,45,0,0,0
iridium,46,iridium=46,42,4,0,0,0,0,0,0
mat,46,mat=20; mating=13; mats=10; mated=3,30,0,16,0,0,0,0,0
minimum,46,minimum=45; minimums=1,21,0,0,0,25,0,0,0
neck,46,necked=26; neck=16; necks=4,20,0,26,0,0,0,0,0
negatively,46,negatively=46,0,0,0,0,0,46,0,0
outdoors,46,outdoors=46,0,4,0,0,1,41,0,0
palm,46,palm=42; palms=4,45,1,0,0,0,0,0,0
piano,46,piano=42; pianos=4,46,0,0,0,0,0,0,0
proof,46,proof=31; proofs=13; proofing=2,42,0,2,0,2,0,0,0
properly,46,properly=46,0,0,0,0,0,46,0,0
quiet,46,quiet=45; quieted=1,0,1,1,0,44,0,0,0
replicate,46,replicate=31; replicated=7; replicating=7; replicates=1,0,0,46,0,0,0,0,0
rush,46,rush=33; rushed=9; rushing=3; rushes=1,25,3,18,0,0,0,0,0
security,46,security=46,45,1,0,0,0,0,0,0
shrimp,46,shrimp=45; shrimps=1,41,0,4,0,1,0,0,0
sketch,46,sketches=25; sketch=14; sketching=5; sketched=2,37,0,9,0,0,0,0,0
swimming,46,swimming=46,42,4,0,0,0,0,0,0
tale,46,tales=29; tale=17,44,2,0,0,0,0,0,0
williams,46,williams=46,0,46,0,0,0,0,0,0
anglo,45,anglo=45,0,33,0,0,12,0,0,0
approval,45,approval=44; approvals=1,44,0,1,0,0,0,0,0
bubble,45,bubbles=33; bubble=10; bubbling=2,38,0,7,0,0,0,0,0
confidence,45,confidence=45,45,0,0,0,0,0,0,0
consideration,45,consideration=33; considerations=12,45,0,0,0,0,0,0,0
cormorant,45,cormorants=27; cormorant=18,44,1,0,0,0,0,0,0
external,45,external=45,0,0,0,0,45,0,0,0
finance,45,finance=24; finances=12; financed=8; financing=1,24,1,20,0,0,0,0,0
fog,45,fog=45,44,1,0,0,0,0,0,0
folsom,45,folsom=45,0,45,0,0,0,0,0,0
germanic,45,germanic=45,0,9,0,0,36,0,0,0
hibernation,45,hibernation=45,44,1,0,0,0,0,0,0
hotel,45,hotel=32; hotels=13,42,3,0,0,0,0,0,0
impressionism,45,impressionism=45,10,35,0,0,0,0,0,0
inspiration,45,inspiration=44; inspirations=1,45,0,0,0,0,0,0,0
microscope,45,microscope=27; microscopes=18,45,0,0,0,0,0,0,0
moist,45,moist=45,16,1,2,0,26,0,0,0
mold,45,molds=27; mold=16; molded=2,43,0,2,0,0,0,0,0
obstacle,45,obstacles=31; obstacle=14,45,0,0,0,0,0,0,0
planetesimal,45,planetesimals=36; planetesimal=9,43,0,0,0,2,0,0,0
praise,45,praise=29; praised=9; praises=6; praising=1,15,0,30,0,0,0,0,0
reinforce,45,reinforce=28; reinforced=7; reinforces=5; reinforcing=5,0,0,45,0,0,0,0,0
reputation,45,reputation=41; reputations=4,45,0,0,0,0,0,0,0
similarly,45,similarly=45,0,0,0,0,0,45,0,0
specialization,45,specialization=41; specializations=4,43,2,0,0,0,0,0,0
tourism,45,tourism=45,44,1,0,0,0,0,0,0
toxin,45,toxins=34; toxin=11,45,0,0,0,0,0,0,0
venetian,45,venetian=45,0,5,0,0,40,0,0,0
voyage,45,voyage=23; voyages=21; voyaged=1,42,2,1,0,0,0,0,0
wheel,45,wheel=28; wheels=13; wheeled=4,33,6,4,0,2,0,0,0
aboriginal,44,aboriginal=44,0,5,0,0,39,0,0,0
additionally,44,additionally=44,0,0,0,0,0,44,0,0
battle,44,battle=27; battles=17,44,0,0,0,0,0,0,0
cargo,44,cargo=39; cargoes=5,44,0,0,0,0,0,0,0
ceremonial,44,ceremonial=44,0,0,0,0,44,0,0,0
counter,44,counter=42; countered=2,34,0,7,0,2,1,0,0
crow,44,crows=28; crow=16,41,0,3,0,0,0,0,0
cup,44,cup=30; cups=14,40,4,0,0,0,0,0,0
educate,44,educated=21; educate=12; educating=11,0,0,44,0,0,0,0,0
electrical,44,electrical=44,0,0,0,0,44,0,0,0
emergence,44,emergence=44,42,2,0,0,0,0,0,0
exploration,44,exploration=34; explorations=10,44,0,0,0,0,0,0,0
gazelle,44,gazelles=32; gazelle=12,41,1,2,0,0,0,0,0
god,44,gods=25; god=19,29,15,0,0,0,0,0,0
habitable,44,habitable=44,0,0,0,0,44,0,0,0
imitation,44,imitation=35; imitations=9,43,1,0,0,0,0,0,0
impressed,44,impressed=44,0,0,0,0,44,0,0,0
indication,44,indication=32; indications=12,44,0,0,0,0,0,0,0
locally,44,locally=44,0,0,0,0,0,44,0,0
lowland,44,lowlands=32; lowland=12,39,5,0,0,0,0,0,0
lunch,44,lunch=42; lunches=2,42,2,0,0,0,0,0,0
mating,44,mating=43; matings=1,40,2,0,0,2,0,0,0
mutualism,44,mutualism=43; mutualisms=1,41,3,0,0,0,0,0,0
mysterious,44,mysterious=44,0,0,0,0,44,0,0,0
northwest,44,northwest=44,4,35,1,0,3,1,0,0
notion,44,notion=31; notions=13,44,0,0,0,0,0,0,0
pile,44,piles=18; pile=12; piling=8; piled=6,29,0,15,0,0,0,0,0
plaster,44,plaster=43; plasters=1,43,0,0,0,1,0,0,0
portray,44,portray=18; portrayed=18; portraying=6; portrays=2,0,0,44,0,0,0,0,0
printing,44,printing=44,43,1,0,0,0,0,0,0
profession,44,profession=33; professions=11,44,0,0,0,0,0,0,0
promise,44,promise=21; promising=13; promised=8; promises=2,16,0,28,0,0,0,0,0
prospective,44,prospective=44,0,2,0,0,42,0,0,0
re,44,re=44,10,0,27,0,1,0,0,6
reasonable,44,reasonable=44,0,1,0,0,43,0,0,0
truly,44,truly=44,0,0,0,0,0,44,0,0
trust,44,trust=36; trusted=5; trusts=2; trusting=1,22,1,21,0,0,0,0,0
tutoring,44,tutoring=44,42,2,0,0,0,0,0,0
varied,44,varied=44,0,1,0,0,43,0,0,0
vocabulary,44,vocabulary=43; vocabularies=1,27,0,0,0,17,0,0,0
academy,43,academy=30; academies=13,17,26,0,0,0,0,0,0
bag,43,bags=36; bag=7,43,0,0,0,0,0,0,0
beauty,43,beauty=42; beauties=1,43,0,0,0,0,0,0,0
carbohydrate,43,carbohydrates=33; carbohydrate=10,41,0,1,0,1,0,0,0
chicago,43,chicago=43,0,43,0,0,0,0,0,0
cowbird,43,cowbird=27; cowbirds=16,23,1,0,0,19,0,0,0
disappoint,43,disappointed=40; disappoint=3,0,0,43,0,0,0,0,0
dollar,43,dollars=35; dollar=8,43,0,0,0,0,0,0,0
drawback,43,drawbacks=29; drawback=14,43,0,0,0,0,0,0,0
everybody,43,everybody=43,0,0,0,0,0,0,43,0
folio,43,folio=41; folios=2,21,21,0,0,1,0,0,0
folk,43,folk=35; folks=8,43,0,0,0,0,0,0,0
former,43,former=43,0,1,0,0,42,0,0,0
hurt,43,hurt=35; hurting=4; hurts=4,0,0,43,0,0,0,0,0
illusion,43,illusion=40; illusions=3,39,4,0,0,0,0,0,0
melody,43,melody=27; melodies=16,41,1,1,0,0,0,0,0
mesozoic,43,mesozoic=43,0,39,0,0,4,0,0,0
mushroom,43,mushroom=29; mushrooms=13; mushroomed=1,42,0,1,0,0,0,0,0
niche,43,niche=25; niches=18,43,0,0,0,0,0,0,0
ore,43,ore=38; ores=5,43,0,0,0,0,0,0,0
phobos,43,phobos=43,0,43,0,0,0,0,0,0
pollutant,43,pollutants=41; pollutant=2,41,0,0,0,2,0,0,0
potentially,43,potentially=43,0,0,0,0,0,43,0,0
recipe,43,recipes=29; recipe=14,43,0,0,0,0,0,0,0
resist,43,resist=29; resisted=8; resists=4; resisting=2,2,0,41,0,0,0,0,0
resolve,43,resolve=29; resolved=9; resolving=5,0,0,43,0,0,0,0,0
routine,43,routine=38; routines=5,32,0,0,0,11,0,0,0
safely,43,safely=43,0,0,0,0,0,43,0,0
shadow,43,shadow=24; shadows=16; shadowing=2; shadowed=1,33,1,9,0,0,0,0,0
snack,43,snack=27; snacks=16,41,2,0,0,0,0,0,0
stability,43,stability=43,41,2,0,0,0,0,0,0
strict,43,strict=39; stricter=4,1,0,0,0,42,0,0,0
stromatolite,43,stromatolites=33; stromatolite=10,41,1,0,0,1,0,0,0
tech,43,tech=43,37,3,0,0,2,1,0,0
tyrannosaurus,43,tyrannosaurus=43,2,41,0,0,0,0,0,0
alternate,42,alternate=24; alternating=16; alternated=2,0,0,22,0,20,0,0,0
apparent,42,apparent=42,0,0,0,0,42,0,0,0
bank,42,banks=24; bank=18,36,6,0,0,0,0,0,0
beaver,42,beavers=27; beaver=15,41,1,0,0,0,0,0,0
bug,42,bugs=36; bug=5; bugged=1,41,0,1,0,0,0,0,0
cahokia,42,cahokia=42,0,42,0,0,0,0,0,0
commerce,42,commerce=42,42,0,0,0,0,0,0,0
considerably,42,considerably=42,0,0,0,0,0,42,0,0
coordinator,42,coordinator=42,42,0,0,0,0,0,0,0
deciduous,42,deciduous=42,0,0,0,0,42,0,0,0
disrupt,42,disrupted=16; disrupt=14; disrupting=7; disrupts=5,0,0,42,0,0,0,0,0
disturb,42,disturbed=23; disturb=11; disturbing=6; disturbs=2,0,0,42,0,0,0,0,0
disturbance,42,disturbance=26; disturbances=16,42,0,0,0,0,0,0,0
dive,42,dive=30; dives=9; diving=2; dove=1,16,0,25,0,1,0,0,0
emotional,42,emotional=42,0,0,0,0,42,0,0,0
emphasis,42,emphasis=42,40,2,0,0,0,0,0,0
europa,42,europa=42,2,40,0,0,0,0,0,0
extension,42,extension=29; extensions=13,42,0,0,0,0,0,0,0
fascinating,42,fascinating=42,0,1,0,0,41,0,0,0
fisher,42,fishers=36; fisher=6,37,5,0,0,0,0,0,0
friday,42,friday=42,0,42,0,0,0,0,0,0
fusion,42,fusion=42,42,0,0,0,0,0,0,0
heating,42,heating=42,42,0,0,0,0,0,0,0
lift,42,lift=37; lifted=3; lifting=1; lifts=1,29,1,12,0,0,0,0,0
milk,42,milk=42,42,0,0,0,0,0,0,0
min,42,min=42,2,16,0,0,22,0,0,2
nutritional,42,nutritional=42,0,0,0,0,42,0,0,0
oral,42,oral=42,0,1,0,0,41,0,0,0
pump,42,pump=22; pumping=8; pumped=6; pumps=6,14,0,28,0,0,0,0,0
rice,42,rice=41; rices=1,36,6,0,0,0,0,0,0
specialist,42,specialists=37; specialist=5,41,0,0,0,1,0,0,0
suspect,42,suspect=15; suspected=14; suspects=13,2,0,37,0,3,0,0,0
trunk,42,trunks=28; trunk=14,42,0,0,0,0,0,0,0
variable,42,variables=34; variable=8,36,0,1,0,5,0,0,0
waterway,42,waterways=38; waterway=4,42,0,0,0,0,0,0,0
wilder,42,wilder=42,2,40,0,0,0,0,0,0
ziggurat,42,ziggurats=36; ziggurat=6,42,0,0,0,0,0,0,0
afro,41,afro=41,0,41,0,0,0,0,0,0
agency,41,agency=24; agencies=17,39,2,0,0,0,0,0,0
announce,41,announced=30; announce=8; announcing=2; announces=1,0,0,41,0,0,0,0,0
calculation,41,calculations=36; calculation=5,41,0,0,0,0,0,0,0
celtic,41,celtic=41,0,7,0,0,34,0,0,0
cicada,41,cicadas=21; cicada=20,34,7,0,0,0,0,0,0
client,41,clients=22; client=19,41,0,0,0,0,0,0,0
colder,41,colder=41,6,0,1,0,34,0,0,0
contribution,41,contribution=21; contributions=20,41,0,0,0,0,0,0,0
crossing,41,crossings=29; crossing=12,37,4,0,0,0,0,0,0
dispersal,41,dispersal=41,38,3,0,0,0,0,0,0
endanger,41,endangered=35; endanger=3; endangering=2; endangers=1,0,0,41,0,0,0,0,0
exotic,41,exotic=41,0,0,0,0,41,0,0,0
experienced,41,experienced=41,0,0,0,0,41,0,0,0
explosion,41,explosion=32; explosions=9,41,0,0,0,0,0,0,0
failure,41,failure=33; failures=8,40,0,1,0,0,0,0,0
fourth,41,fourth=41,0,2,0,0,39,0,0,0
impose,41,imposed=19; impose=13; imposing=7; imposes=2,0,0,41,0,0,0,0,0
impression,41,impression=21; impressions=20,41,0,0,0,0,0,0,0
impressionists,41,impressionists=41,0,41,0,0,0,0,0,0
installation,41,installation=35; installations=6,41,0,0,0,0,0,0,0
lacquer,41,lacquer=40; lacquered=1,38,2,1,0,0,0,0,0
larva,41,larva=41,17,24,0,0,0,0,0,0
maker,41,makers=31; maker=10,41,0,0,0,0,0,0,0
mechanical,41,mechanical=41,1,0,0,0,40,0,0,0
memoir,41,memoirs=21; memoir=20,35,3,2,0,1,0,0,0
mobile,41,mobile=41,0,0,0,0,41,0,0,0
neighboring,41,neighboring=41,40,0,0,0,1,0,0,0
observatory,41,observatory=35; observatories=6,30,7,0,0,4,0,0,0
permanently,41,permanently=41,0,0,0,0,0,41,0,0
predatory,41,predatory=41,2,0,0,0,39,0,0,0
preparation,41,preparation=35; preparations=6,41,0,0,0,0,0,0,0
prosperity,41,prosperity=41,39,2,0,0,0,0,0,0
representation,41,representation=31; representations=10,41,0,0,0,0,0,0,0
salamander,41,salamander=22; salamanders=19,37,1,0,0,2,1,0,0
salinity,41,salinity=41,39,2,0,0,0,0,0,0
spill,41,spills=17; spill=15; spilled=5; spilling=4,24,0,17,0,0,0,0,0
streetcar,41,streetcar=33; streetcars=8,40,1,0,0,0,0,0,0
string,41,string=22; strings=12; strung=5; stringed=2,33,0,8,0,0,0,0,0
update,41,update=21; updated=12; updates=5; updating=3,8,1,32,0,0,0,0,0
uruk,41,uruk=41,0,40,0,0,1,0,0,0
weaken,41,weaken=15; weakened=14; weakens=9; weakening=3,1,0,40,0,0,0,0,0
booth,40,booth=23; booths=17,40,0,0,0,0,0,0,0
chamber,40,chambers=24; chamber=15; chambered=1,39,0,1,0,0,0,0,0
chapter,40,chapter=32; chapters=8,40,0,0,0,0,0,0,0
chondrite,40,chondrites=35; chondrite=5,39,1,0,0,0,0,0,0
cliff,40,cliffs=21; cliff=19,40,0,0,0,0,0,0,0
competitive,40,competitive=40,0,0,0,0,40,0,0,0
cooling,40,cooling=40,40,0,0,0,0,0,0,0
droplet,40,droplets=37; droplet=3,40,0,0,0,0,0,0,0
evaporation,40,evaporation=40,40,0,0,0,0,0,0,0
father,40,father=35; fathers=5,37,3,0,0,0,0,0,0
fear,40,fear=29; fears=6; feared=4; fearing=1,26,1,13,0,0,0,0,0
fortunately,40,fortunately=40,0,0,0,0,0,40,0,0
gradual,40,gradual=40,0,0,0,0,40,0,0,0
gull,40,gulls=29; gull=11,40,0,0,0,0,0,0,0
hopper,40,hopper=40,1,39,0,0,0,0,0,0
invade,40,invaded=17; invading=12; invade=10; invades=1,0,0,40,0,0,0,0,0
islands,40,islands=40,0,40,0,0,0,0,0,0
jaw,40,jaw=21; jaws=18; jawed=1,39,0,1,0,0,0,0,0
log,40,logging=21; log=9; logs=9; logged=1,12,0,28,0,0,0,0,0
metabolic,40,metabolic=40,31,2,0,0,7,0,0,0
miller,40,miller=39; millers=1,1,39,0,0,0,0,0,0
monsoon,40,monsoon=30; monsoons=10,39,1,0,0,0,0,0,0
nomadic,40,nomadic=40,0,0,0,0,39,1,0,0
paleontologist,40,paleontologists=33; paleontologist=7,39,0,1,0,0,0,0,0
penetrate,40,penetrate=21; penetrates=10; penetrated=5; penetrating=4,4,0,36,0,0,0,0,0
percentage,40,percentage=35; percentages=5,40,0,0,0,0,0,0,0
pig,40,pigs=33; pig=7,40,0,0,0,0,0,0,0
poorly,40,poorly=40,0,0,0,0,0,40,0,0
regret,40,regret=20; regrets=18; regretted=2,12,2,26,0,0,0,0,0
slide,40,slide=16; sliding=14; slides=10,16,0,24,0,0,0,0,0
soldier,40,soldiers=33; soldier=7,40,0,0,0,0,0,0,0
surrounding,40,surroundings=40,40,0,0,0,0,0,0,0
till,40,till=37; tilled=3,2,0,3,0,0,0,0,35
tip,40,tip=16; tips=16; tipped=7; tipping=1,28,0,12,0,0,0,0,0
towards,40,towards=40,0,0,0,0,0,0,0,40
transmit,40,transmitted=21; transmit=10; transmitting=6; transmits=3,0,0,40,0,0,0,0,0
worldwide,40,worldwide=40,0,0,0,0,8,32,0,0
adequate,39,adequate=39,1,0,0,0,38,0,0,0
announcement,39,announcement=38; announcements=1,38,1,0,0,0,0,0,0
builder,39,builders=34; builder=5,39,0,0,0,0,0,0,0
bycatch,39,bycatch=39,29,6,1,0,3,0,0,0
cactus,39,cactus=39,34,1,0,0,4,0,0,0
cage,39,cage=20; cages=17; caged=2,26,11,2,0,0,0,0,0
camouflage,39,camouflage=33; camouflaged=3; camouflaging=3,28,0,11,0,0,0,0,0
captivity,39,captivity=39,39,0,0,0,0,0,0,0
constellation,39,constellation=25; constellations=14,39,0,0,0,0,0,0,0
contaminate,39,contaminated=34; contaminating=4; contaminates=1,0,0,39,0,0,0,0,0
crew,39,crew=26; crews=13,39,0,0,0,0,0,0,0
diffusion,39,diffusion=39,39,0,0,0,0,0,0,0
dispute,39,dispute=18; disputes=16; disputed=5,31,0,8,0,0,0,0,0
duty,39,duties=28; duty=11,39,0,0,0,0,0,0,0
exclusively,39,exclusively=39,0,0,0,0,0,39,0,0
farmland,39,farmland=35; farmlands=4,35,1,0,0,3,0,0,0
finished,39,finished=39,0,0,0,0,39,0,0,0
fungal,39,fungal=39,18,6,0,0,15,0,0,0
guarantee,39,guarantee=19; guaranteed=15; guarantees=5,9,0,30,0,0,0,0,0
historically,39,historically=39,0,0,0,0,0,39,0,0
hollow,39,hollow=24; hollows=14; hollowed=1,12,0,7,0,20,0,0,0
imperial,39,imperial=39,0,3,0,0,36,0,0,0
insulation,39,insulation=39,35,4,0,0,0,0,0,0
intellectual,39,intellectual=29; intellectuals=10,14,1,0,0,24,0,0,0
laptop,39,laptop=35; laptops=4,39,0,0,0,0,0,0,0
minoan,39,minoan=39,0,39,0,0,0,0,0,0
newton,39,newton=39,0,39,0,0,0,0,0,0
nicaragua,39,nicaragua=39,0,39,0,0,0,0,0,0
octopus,39,octopus=21; octopuses=18,37,2,0,0,0,0,0,0
operation,39,operations=21; operation=18,39,0,0,0,0,0,0,0
orientation,39,orientation=39,38,1,0,0,0,0,0,0
phoenicians,39,phoenicians=39,0,39,0,0,0,0,0,0
pollinate,39,pollinate=19; pollinated=13; pollinates=4; pollinating=3,1,0,38,0,0,0,0,0
press,39,press=27; pressed=7; pressing=5,23,0,16,0,0,0,0,0
prompt,39,prompted=17; prompt=10; prompts=7; prompting=5,1,0,37,0,1,0,0,0
radical,39,radical=31; radicals=8,9,0,0,0,30,0,0,0
relax,39,relax=27; relaxing=8; relaxed=3; relaxes=1,0,0,39,0,0,0,0,0
remarkably,39,remarkably=39,0,0,0,0,0,39,0,0
repeatedly,39,repeatedly=39,0,0,0,0,0,39,0,0
salty,39,salty=37; saltier=2,0,2,0,0,37,0,0,0
selective,39,selective=39,0,3,0,0,36,0,0,0
spiral,39,spiral=30; spirals=6; spiraling=2; spiralling=1,13,15,4,0,7,0,0,0
symbiosis,39,symbiosis=39,35,4,0,0,0,0,0,0
symbolic,39,symbolic=39,0,0,0,0,39,0,0,0
undergraduate,39,undergraduate=32; undergraduates=7,14,2,1,0,22,0,0,0
violet,39,violets=21; violet=18,35,2,0,0,2,0,0,0
wire,39,wire=30; wires=7; wired=2,37,0,2,0,0,0,0,0
acre,38,acres=28; acre=10,38,0,0,0,0,0,0,0
aristotle,38,aristotle=38,0,38,0,0,0,0,0,0
automobile,38,automobile=30; automobiles=8,38,0,0,0,0,0,0,0
bar,38,bars=23; bar=14; barred=1,37,0,1,0,0,0,0,0
bearden,38,bearden=38,0,38,0,0,0,0,0,0
bog,38,bogs=21; bog=17,37,1,0,0,0,0,0,0
chair,38,chair=23; chairs=14; chairing=1,35,1,2,0,0,0,0,0
circulation,38,circulation=37; circulations=1,38,0,0,0,0,0,0,0
continually,38,continually=38,0,0,0,0,0,38,0,0
cook,38,cook=15; cooking=15; cooked=7; cooks=1,2,2,34,0,0,0,0,0
deliberately,38,deliberately=38,0,0,0,0,0,38,0,0
discipline,38,discipline=22; disciplines=12; disciplined=3; disciplining=1,31,1,6,0,0,0,0,0
economist,38,economists=26; economist=12,38,0,0,0,0,0,0,0
enemy,38,enemies=25; enemy=13,38,0,0,0,0,0,0,0
fertility,38,fertility=38,38,0,0,0,0,0,0,0
flyer,38,flyers=25; flyer=13,38,0,0,0,0,0,0,0
fungi,38,fungi=38,3,28,7,0,0,0,0,0
globe,38,globe=36; globes=2,35,3,0,0,0,0,0,0
groove,38,grooves=28; groove=8; grooved=2,36,0,2,0,0,0,0,0
hermit,38,hermit=36; hermits=2,5,8,2,0,23,0,0,0
intention,38,intention=19; intentions=19,38,0,0,0,0,0,0,0
interestingly,38,interestingly=38,0,1,0,0,0,37,0,0
james,38,james=38,0,38,0,0,0,0,0,0
leadership,38,leadership=38,38,0,0,0,0,0,0,0
legal,38,legal=38,0,0,0,0,38,0,0,0
maple,38,maple=29; maples=9,37,1,0,0,0,0,0,0
miner,38,miners=27; miner=11,38,0,0,0,0,0,0,0
mount,38,mount=15; mounted=11; mounts=11; mounting=1,13,9,16,0,0,0,0,0
nonnative,38,nonnative=37; nonnatives=1,1,1,0,0,36,0,0,0
northeastern,38,northeastern=38,0,3,0,0,35,0,0,0
nut,38,nuts=34; nut=4,37,0,1,0,0,0,0,0
party,38,party=25; parties=13,35,3,0,0,0,0,0,0
piaget,38,piaget=38,2,36,0,0,0,0,0,0
pipe,38,pipes=23; pipe=15,38,0,0,0,0,0,0,0
priority,38,priority=31; priorities=7,38,0,0,0,0,0,0,0
publication,38,publication=26; publications=12,38,0,0,0,0,0,0,0
puffin,38,puffins=32; puffin=6,36,1,0,0,1,0,0,0
rainwater,38,rainwater=38,34,4,0,0,0,0,0,0
reconstruct,38,reconstruct=21; reconstructing=11; reconstructed=6,1,0,37,0,0,0,0,0
rift,38,rift=25; rifts=13,33,5,0,0,0,0,0,0
scarce,38,scarce=38,1,0,0,0,37,0,0,0
shirt,38,shirt=22; shirts=16,38,0,0,0,0,0,0,0
shrink,38,shrinking=16; shrink=9; shrinks=5; shrank=4; shrunk=4,5,0,33,0,0,0,0,0
sight,38,sight=33; sighted=3; sights=2,34,1,3,0,0,0,0,0
symbiotic,38,symbiotic=38,0,0,0,0,38,0,0,0
tectonic,38,tectonic=27; tectonics=11,15,4,0,0,19,0,0,0
temporarily,38,temporarily=38,0,0,0,0,0,38,0,0
tom,38,tom=38,0,38,0,0,0,0,0,0
unclear,38,unclear=38,1,0,0,0,37,0,0,0
accidentally,37,accidentally=37,0,0,0,0,0,37,0,0
affordable,37,affordable=37,0,0,0,0,37,0,0,0
ah,37,ah=37,0,0,0,0,0,0,0,37
bean,37,beans=35; bean=2,36,0,1,0,0,0,0,0
bombardment,37,bombardment=34; bombardments=3,36,1,0,0,0,0,0,0
boom,37,boom=37,26,11,0,0,0,0,0,0
cafeteria,37,cafeteria=36; cafeterias=1,35,2,0,0,0,0,0,0
childhood,37,childhood=36; childhoods=1,37,0,0,0,0,0,0,0
consistently,37,consistently=37,0,0,0,0,0,37,0,0
controversy,37,controversy=34; controversies=3,37,0,0,0,0,0,0,0
cousin,37,cousin=30; cousins=7,37,0,0,0,0,0,0,0
crescent,37,crescent=37,6,31,0,0,0,0,0,0
crowded,37,crowded=37,0,0,0,0,37,0,0,0
destructive,37,destructive=37,1,0,0,0,36,0,0,0
dialogue,37,dialogue=28; dialogues=9,37,0,0,0,0,0,0,0
dimorphism,37,dimorphism=37,34,3,0,0,0,0,0,0
donate,37,donated=17; donate=16; donating=4,0,0,37,0,0,0,0,0
drama,37,drama=31; dramas=6,37,0,0,0,0,0,0,0
duke,37,duke=35; dukes=2,16,21,0,0,0,0,0,0
effectiveness,37,effectiveness=37,37,0,0,0,0,0,0,0
elevation,37,elevation=19; elevations=18,37,0,0,0,0,0,0,0
emission,37,emissions=33; emission=4,36,1,0,0,0,0,0,0
expressionist,37,expressionist=35; expressionists=2,32,4,0,0,1,0,0,0
exterior,37,exterior=29; exteriors=8,20,0,0,0,17,0,0,0
fifth,37,fifth=37,2,2,0,0,31,2,0,0
flexibility,37,flexibility=37,37,0,0,0,0,0,0,0
george,37,george=37,0,37,0,0,0,0,0,0
guard,37,guard=13; guards=13; guarded=6; guarding=5,18,1,18,0,0,0,0,0
implication,37,implications=35; implication=2,37,0,0,0,0,0,0,0
instructor,37,instructors=24; instructor=13,37,0,0,0,0,0,0,0
landmass,37,landmasses=22; landmass=15,37,0,0,0,0,0,0,0
meteor,37,meteor=28; meteors=9,37,0,0,0,0,0,0,0
output,37,output=37,37,0,0,0,0,0,0,0
pastoralist,37,pastoralists=29; pastoralist=8,34,3,0,0,0,0,0,0
peer,37,peer=20; peers=16; peering=1,33,0,4,0,0,0,0,0
pendant,37,pendant=36; pendants=1,7,0,0,0,30,0,0,0
perception,37,perception=29; perceptions=8,37,0,0,0,0,0,0,0
postcard,37,postcards=31; postcard=6,37,0,0,0,0,0,0,0
pound,37,pounds=22; pound=10; pounding=4; pounded=1,28,2,7,0,0,0,0,0
prevail,37,prevailing=22; prevailed=12; prevail=3,0,0,37,0,0,0,0,0
reservoir,37,reservoirs=21; reservoir=16,32,1,1,0,3,0,0,0
saharan,37,saharan=37,0,13,0,0,24,0,0,0
scroll,37,scrolls=29; scroll=7; scrolled=1,35,1,1,0,0,0,0,0
sensing,37,sensing=37,36,1,0,0,0,0,0,0
shipping,37,shipping=37,37,0,0,0,0,0,0,0
talent,37,talent=29; talents=8,37,0,0,0,0,0,0,0
token,37,tokens=23; token=14,24,0,0,0,13,0,0,0
transformation,37,transformation=27; transformations=10,34,3,0,0,0,0,0,0
truck,37,truck=19; trucks=17; trucked=1,36,0,1,0,0,0,0,0
twain,37,twain=37,1,36,0,0,0,0,0,0
uniform,37,uniform=27; uniforms=10,18,0,0,0,19,0,0,0
unrelated,37,unrelated=37,0,0,0,0,37,0,0,0
vertebrate,37,vertebrates=27; vertebrate=10,28,0,1,0,8,0,0,0
virus,37,virus=30; viruses=7,35,2,0,0,0,0,0,0
vocal,37,vocal=37,2,2,0,0,33,0,0,0
whom,37,whom=37,0,0,0,0,0,0,37,0
advocate,36,advocate=11; advocated=10; advocates=10; advocating=5,15,0,21,0,0,0,0,0
baboon,36,baboons=29; baboon=7,26,3,7,0,0,0,0,0
battery,36,batteries=23; battery=13,36,0,0,0,0,0,0,0
bind,36,bound=18; bind=7; binding=6; binds=5,0,0,36,0,0,0,0,0
border,36,borders=21; border=11; bordering=3; bordered=1,32,0,4,0,0,0,0,0
bother,36,bother=17; bothered=10; bothering=6; bothers=3,2,0,34,0,0,0,0,0
burial,36,burial=31; burials=5,31,0,0,0,5,0,0,0
cathedral,36,cathedrals=21; cathedral=15,31,1,0,0,4,0,0,0
challenging,36,challenging=36,0,0,0,0,36,0,0,0
coastline,36,coastline=21; coastlines=15,36,0,0,0,0,0,0,0
column,36,columns=25; column=11,36,0,0,0,0,0,0,0
commodity,36,commodities=19; commodity=17,36,0,0,0,0,0,0,0
degas,36,degas=36,0,36,0,0,0,0,0,0
deserve,36,deserves=14; deserve=11; deserved=11,0,0,36,0,0,0,0,0
detergent,36,detergent=21; detergents=15,31,5,0,0,0,0,0,0
dinner,36,dinner=36,36,0,0,0,0,0,0,0
distract,36,distract=12; distracted=12; distracting=10; distracts=2,1,0,35,0,0,0,0,0
duck,36,ducks=21; duck=15,35,0,1,0,0,0,0,0
durable,36,durable=36,0,0,0,0,36,0,0,0
dwelling,36,dwellings=20; dwelling=16,33,1,0,0,2,0,0,0
eject,36,ejected=31; eject=4; ejecting=1,0,0,36,0,0,0,0,0
endothermic,36,endothermic=36,8,11,1,0,16,0,0,0
entrance,36,entrance=25; entrances=11,36,0,0,0,0,0,0,0
entry,36,entry=27; entries=9,36,0,0,0,0,0,0,0
episode,36,episodes=26; episode=10,36,0,0,0,0,0,0,0
fiction,36,fiction=35; fictions=1,33,2,0,0,1,0,0,0
fifteenth,36,fifteenth=36,4,0,0,0,32,0,0,0
fold,36,fold=13; folded=12; folding=8; folds=3,2,0,33,0,1,0,0,0
grocery,36,grocery=28; groceries=8,36,0,0,0,0,0,0,0
indicator,36,indicator=19; indicators=17,36,0,0,0,0,0,0,0
label,36,label=15; labels=12; labeled=7; labeling=2,22,0,14,0,0,0,0,0
lifetime,36,lifetime=33; lifetimes=3,36,0,0,0,0,0,0,0
machinery,36,machinery=36,36,0,0,0,0,0,0,0
melaka,36,melaka=36,0,36,0,0,0,0,0,0
membrane,36,membranes=24; membrane=12,36,0,0,0,0,0,0,0
meroě,36,meroě=36,0,36,0,0,0,0,0,0
millennium,36,millennium=32; millennia=4,33,3,0,0,0,0,0,0
nucleus,36,nucleus=26; nuclei=10,36,0,0,0,0,0,0,0
panda,36,pandas=32; panda=4,32,0,4,0,0,0,0,0
pasture,36,pastures=20; pasture=16,34,0,0,0,2,0,0,0
peninsula,36,peninsula=36,8,28,0,0,0,0,0,0
pheromone,36,pheromone=19; pheromones=17,32,0,0,0,4,0,0,0
pollination,36,pollination=36,36,0,0,0,0,0,0,0
poster,36,posters=20; poster=16,36,0,0,0,0,0,0,0
researchers,36,researchers=36,0,36,0,0,0,0,0,0
saturday,36,saturday=36,0,36,0,0,0,0,0,0
scotland,36,scotland=36,0,36,0,0,0,0,0,0
secondary,36,secondary=36,0,0,0,0,36,0,0,0
serengeti,36,serengeti=36,0,36,0,0,0,0,0,0
split,36,split=31; splits=3; splitting=2,13,2,20,0,1,0,0,0
tablet,36,tablets=31; tablet=5,36,0,0,0,0,0,0,0
tank,36,tank=22; tanks=14,36,0,0,0,0,0,0,0
thistle,36,thistle=33; thistles=3,24,0,0,0,2,10,0,0
universe,36,universe=35; universes=1,34,2,0,0,0,0,0,0
virtually,36,virtually=36,0,0,0,0,0,36,0,0
weigh,36,weighed=16; weigh=13; weighing=4; weighs=3,0,0,36,0,0,0,0,0
wildebeest,36,wildebeests=21; wildebeest=15,27,4,0,0,4,1,0,0
working,36,working=30; workings=6,33,2,0,0,1,0,0,0
workplace,36,workplace=31; workplaces=5,33,0,0,0,3,0,0,0
assist,35,assist=17; assisting=9; assisted=6; assists=3,0,0,35,0,0,0,0,0
athlete,35,athletes=29; athlete=6,33,0,2,0,0,0,0,0
ban,35,banning=18; ban=10; banned=6; bans=1,5,2,28,0,0,0,0,0
bowl,35,bowl=19; bowls=16,30,4,1,0,0,0,0,0
camp,35,camp=23; camps=7; camping=5,29,1,5,0,0,0,0,0
classification,35,classification=29; classifications=6,35,0,0,0,0,0,0,0
dealer,35,dealers=20; dealer=15,35,0,0,0,0,0,0,0
einstein,35,einstein=35,0,35,0,0,0,0,0,0
extended,35,extended=35,0,3,0,0,32,0,0,0
f,35,f=35,0,29,0,0,0,0,0,6
feeder,35,feeders=32; feeder=3,35,0,0,0,0,0,0,0
fescue,35,fescue=35,13,1,0,0,21,0,0,0
flanders,35,flanders=35,1,34,0,0,0,0,0,0
found,35,founded=29; founding=6,0,0,35,0,0,0,0,0
geography,35,geography=35,35,0,0,0,0,0,0,0
gland,35,glands=25; gland=10,34,1,0,0,0,0,0,0
glow,35,glow=24; glowing=7; glows=4,13,0,22,0,0,0,0,0
guppy,35,guppies=32; guppy=3,33,0,0,0,2,0,0,0
harden,35,hardens=15; harden=11; hardened=9,15,0,20,0,0,0,0,0
hardly,35,hardly=35,0,0,0,0,0,35,0,0
homework,35,homework=35,35,0,0,0,0,0,0,0
hudson,35,hudson=35,0,35,0,0,0,0,0,0
immune,35,immune=35,0,0,0,0,35,0,0,0
indigenous,35,indigenous=35,0,0,0,0,35,0,0,0
kitchen,35,kitchen=32; kitchens=3,35,0,0,0,0,0,0,0
librarian,35,librarian=32; librarians=3,34,0,0,0,1,0,0,0
manatee,35,manatees=27; manatee=8,35,0,0,0,0,0,0,0
mycorrhizal,35,mycorrhizal=35,13,11,1,0,10,0,0,0
nowadays,35,nowadays=35,0,0,0,0,0,35,0,0
observer,35,observers=27; observer=8,35,0,0,0,0,0,0,0
ongoing,35,ongoing=35,0,0,0,0,35,0,0,0
overlook,35,overlooked=19; overlooks=7; overlook=6; overlooking=3,1,0,34,0,0,0,0,0
ownership,35,ownership=35,35,0,0,0,0,0,0,0
physically,35,physically=35,0,0,0,0,0,35,0,0
physiological,35,physiological=35,0,1,0,0,34,0,0,0
problematic,35,problematic=35,1,0,0,0,34,0,0,0
proper,35,proper=35,0,0,0,0,35,0,0,0
quilt,35,quilts=26; quilt=9,34,0,1,0,0,0,0,0
readily,35,readily=35,0,0,0,0,0,35,0,0
recognition,35,recognition=35,32,3,0,0,0,0,0,0
registration,35,registration=35,34,0,0,0,1,0,0,0
salary,35,salary=22; salaries=13,33,2,0,0,0,0,0,0
salesperson,35,salesperson=24; salespeople=11,35,0,0,0,0,0,0,0
scholarship,35,scholarship=27; scholarships=8,30,5,0,0,0,0,0,0
shopping,35,shopping=35,35,0,0,0,0,0,0,0
smoke,35,smoke=33; smoked=1; smoking=1,31,0,4,0,0,0,0,0
stomach,35,stomach=28; stomachs=7,34,1,0,0,0,0,0,0
strain,35,strains=21; strain=13; straining=1,33,0,2,0,0,0,0,0
subsequent,35,subsequent=35,0,0,0,0,35,0,0,0
subsidy,35,subsidies=26; subsidy=9,34,1,0,0,0,0,0,0
supplement,35,supplement=19; supplemented=7; supplements=7; supplementing=2,15,0,19,0,1,0,0,0
theatre,35,theatre=34; theatres=1,32,3,0,0,0,0,0,0
timber,35,timber=34; timbers=1,35,0,0,0,0,0,0,0
tobacco,35,tobacco=35,34,1,0,0,0,0,0,0
trail,35,trails=19; trail=15; trailing=1,29,4,2,0,0,0,0,0
unpleasant,35,unpleasant=35,0,0,0,0,34,1,0,0
user,35,users=23; user=12,33,2,0,0,0,0,0,0
vibrio,35,vibrio=34; vibrios=1,2,33,0,0,0,0,0,0
warning,35,warning=30; warnings=5,34,1,0,0,0,0,0,0
wasp,35,wasps=23; wasp=12,31,3,1,0,0,0,0,0
alongside,34,alongside=34,0,0,0,0,0,0,0,34
amphipod,34,amphipods=18; amphipod=16,34,0,0,0,0,0,0,0
animate,34,animated=34,0,0,34,0,0,0,0,0
anthropologist,34,anthropologists=26; anthropologist=8,31,2,0,0,0,0,0,1
ape,34,apes=31; ape=3,32,0,2,0,0,0,0,0
apple,34,apple=24; apples=10,33,1,0,0,0,0,0,0
attraction,34,attraction=27; attractions=7,33,1,0,0,0,0,0,0
bulb,34,bulbs=27; bulb=7,31,3,0,0,0,0,0,0
callipterus,34,callipterus=34,19,15,0,0,0,0,0,0
canoe,34,canoe=16; canoes=16; canoeing=2,31,1,2,0,0,0,0,0
cézanne,34,cézanne=34,0,34,0,0,0,0,0,0
destruction,34,destruction=34,33,1,0,0,0,0,0,0
differences,34,differences=34,0,34,0,0,0,0,0,0
dirt,34,dirt=34,34,0,0,0,0,0,0,0
disagreement,34,disagreement=20; disagreements=14,33,0,1,0,0,0,0,0
disruption,34,disruption=26; disruptions=8,34,0,0,0,0,0,0,0
edition,34,edition=30; editions=4,34,0,0,0,0,0,0,0
epic,34,epic=33; epics=1,9,0,0,0,25,0,0,0
estate,34,estate=22; estates=12,33,0,1,0,0,0,0,0
expectation,34,expectations=24; expectation=10,34,0,0,0,0,0,0,0
fade,34,fade=19; faded=13; fades=1; fading=1,5,0,29,0,0,0,0,0
fort,34,fort=22; forts=12,19,15,0,0,0,0,0,0
geothermal,34,geothermal=34,4,2,0,0,28,0,0,0
granitic,34,granitic=34,0,1,0,0,33,0,0,0
guam,34,guam=34,0,34,0,0,0,0,0,0
guideline,34,guidelines=28; guideline=6,34,0,0,0,0,0,0,0
hypothesize,34,hypothesized=26; hypothesize=7; hypothesizes=1,2,1,31,0,0,0,0,0
impasto,34,impasto=34,27,2,0,0,5,0,0,0
indirect,34,indirect=34,0,3,0,0,31,0,0,0
laundry,34,laundry=34,13,1,0,0,20,0,0,0
m,34,m=34,6,19,8,0,0,0,1,0
mathematical,34,mathematical=34,0,0,0,0,34,0,0,0
merely,34,merely=34,0,0,0,0,0,34,0,0
migratory,34,migratory=34,23,1,0,0,10,0,0,0
monday,34,monday=34,0,34,0,0,0,0,0,0
neighborhood,34,neighborhood=21; neighborhoods=13,34,0,0,0,0,0,0,0
nine,34,nine=34,0,1,0,0,0,0,0,33
noguchi,34,noguchi=34,0,34,0,0,0,0,0,0
placental,34,placentals=25; placental=9,25,0,0,0,9,0,0,0
plankton,34,plankton=34,0,34,0,0,0,0,0,0
plausible,34,plausible=34,0,0,0,0,34,0,0,0
printer,34,printer=25; printers=9,33,1,0,0,0,0,0,0
prize,34,prize=18; prized=12; prizes=4,19,3,12,0,0,0,0,0
qualified,34,qualified=34,0,0,0,0,34,0,0,0
quorum,34,quorum=34,18,15,1,0,0,0,0,0
replacement,34,replacement=33; replacements=1,34,0,0,0,0,0,0,0
residential,34,residential=34,0,2,0,0,32,0,0,0
restoration,34,restoration=33; restorations=1,33,1,0,0,0,0,0,0
retreat,34,retreat=17; retreated=10; retreats=4; retreating=3,9,0,25,0,0,0,0,0
revise,34,revised=18; revise=13; revising=3,0,2,32,0,0,0,0,0
robin,34,robins=21; robin=13,27,7,0,0,0,0,0,0
row,34,row=20; rows=13; rowed=1,32,0,2,0,0,0,0,0
scratch,34,scratch=18; scratches=7; scratched=5; scratching=4,21,0,13,0,0,0,0,0
son,34,son=25; sons=9,34,0,0,0,0,0,0,0
speculate,34,speculate=20; speculated=10; speculating=3; speculates=1,1,0,33,0,0,0,0,0
thunderstorm,34,thunderstorms=18; thunderstorm=16,30,1,1,0,2,0,0,0
tolerate,34,tolerate=31; tolerated=2; tolerating=1,2,0,32,0,0,0,0,0
upset,34,upset=31; upsets=2; upsetting=1,2,0,9,0,23,0,0,0
vortex,34,vortices=19; vortex=15,33,1,0,0,0,0,0,0
withstand,34,withstand=30; withstood=3; withstanding=1,1,0,33,0,0,0,0,0
woodcut,34,woodcut=17; woodcuts=17,32,0,1,0,1,0,0,0
acacia,33,acacia=31; acacias=2,12,21,0,0,0,0,0,0
achievement,33,achievements=21; achievement=12,33,0,0,0,0,0,0,0
aim,33,aim=18; aimed=12; aims=2; aiming=1,13,0,20,0,0,0,0,0
antarctic,33,antarctic=33,0,13,0,0,20,0,0,0
athens,33,athens=33,0,33,0,0,0,0,0,0
automatically,33,automatically=33,0,0,0,0,0,33,0,0
azolla,33,azolla=33,0,33,0,0,0,0,0,0
bamboo,33,bamboo=33,33,0,0,0,0,0,0,0
carboniferous,33,carboniferous=33,0,9,0,0,24,0,0,0
centimeter,33,centimeters=28; centimeter=5,33,0,0,0,0,0,0,0
chaco,33,chaco=33,0,33,0,0,0,0,0,0
chase,33,chasing=12; chase=9; chased=7; chases=5,3,0,30,0,0,0,0,0
climber,33,climber=32; climbers=1,23,10,0,0,0,0,0,0
correctly,33,correctly=33,0,0,0,0,0,33,0,0
cunningham,33,cunningham=33,0,33,0,0,0,0,0,0
designer,33,designers=24; designer=9,33,0,0,0,0,0,0,0
destination,33,destination=28; destinations=5,33,0,0,0,0,0,0,0
equip,33,equipped=28; equip=3; equipping=2,0,0,33,0,0,0,0,0
eurasia,33,eurasia=33,0,33,0,0,0,0,0,0
examination,33,examination=32; examinations=1,33,0,0,0,0,0,0,0
exert,33,exert=17; exerted=11; exerting=3; exerts=2,2,0,31,0,0,0,0,0
expertise,33,expertise=32; expertises=1,32,1,0,0,0,0,0,0
fishery,33,fisheries=21; fishery=12,33,0,0,0,0,0,0,0
galapagos,33,galapagos=33,0,33,0,0,0,0,0,0
gill,33,gills=32; gill=1,33,0,0,0,0,0,0,0
graphene,33,graphene=33,27,2,1,0,3,0,0,0
hmm,33,hmm=33,0,30,0,0,0,0,0,3
horseshoe,33,horseshoe=32; horseshoes=1,12,20,1,0,0,0,0,0
hurricane,33,hurricane=24; hurricanes=9,33,0,0,0,0,0,0,0
identical,33,identical=33,0,0,0,0,33,0,0,0
identity,33,identity=31; identities=2,32,0,1,0,0,0,0,0
importantly,33,importantly=33,0,0,0,0,0,33,0,0
improved,33,improved=33,0,5,0,0,28,0,0,0
independence,33,independence=33,33,0,0,0,0,0,0,0
invertebrate,33,invertebrates=28; invertebrate=5,25,0,7,0,1,0,0,0
isolate,33,isolated=21; isolate=5; isolating=5; isolates=2,0,0,33,0,0,0,0,0
makeup,33,makeup=32; makeups=1,33,0,0,0,0,0,0,0
mangrove,33,mangrove=22; mangroves=11,25,1,7,0,0,0,0,0
mary,33,mary=33,0,33,0,0,0,0,0,0
mentor,33,mentor=25; mentoring=4; mentors=3; mentored=1,23,0,10,0,0,0,0,0
mixed,33,mixed=33,0,0,0,0,33,0,0,0
mycenaean,33,mycenaean=33,0,5,0,0,28,0,0,0
nesting,33,nesting=33,9,0,0,0,24,0,0,0
occupation,33,occupation=18; occupations=15,33,0,0,0,0,0,0,0
pain,33,pain=33,31,0,2,0,0,0,0,0
planting,33,planting=32; plantings=1,33,0,0,0,0,0,0,0
porch,33,porch=21; porches=12,33,0,0,0,0,0,0,0
prominent,33,prominent=33,0,0,0,0,33,0,0,0
quelea,33,quelea=18; queleas=15,17,13,0,0,3,0,0,0
rank,33,rank=17; ranking=8; ranked=5; ranks=3,15,1,17,0,0,0,0,0
san,33,san=33,0,33,0,0,0,0,0,0
secure,33,secure=21; secured=10; securing=2,0,0,17,0,16,0,0,0
senior,33,senior=27; seniors=6,7,0,0,0,26,0,0,0
spirit,33,spirit=21; spirits=12,32,1,0,0,0,0,0,0
unfamiliar,33,unfamiliar=33,1,0,0,0,32,0,0,0
vacuum,33,vacuum=32; vacuums=1,31,0,1,0,1,0,0,0
vanilla,33,vanilla=33,32,1,0,0,0,0,0,0
acidic,32,acidic=32,0,0,0,0,32,0,0,0
administration,32,administration=32,30,2,0,0,0,0,0,0
admit,32,admit=25; admits=3; admitted=3; admitting=1,0,0,32,0,0,0,0,0
agent,32,agent=16; agents=16,32,0,0,0,0,0,0,0
alive,32,alive=32,0,0,0,0,32,0,0,0
appreciation,32,appreciation=32,32,0,0,0,0,0,0,0
arts,32,arts=32,0,32,0,0,0,0,0,0
bce,32,bce=32,4,28,0,0,0,0,0,0
blame,32,blame=26; blamed=6,4,0,28,0,0,0,0,0
brightly,32,brightly=32,0,0,0,0,0,32,0,0
bush,32,bushes=22; bush=10,24,8,0,0,0,0,0,0
cassini,32,cassini=32,0,32,0,0,0,0,0,0
chimp,32,chimps=22; chimp=10,31,0,1,0,0,0,0,0
cooperation,32,cooperation=32,32,0,0,0,0,0,0,0
enclose,32,enclosed=21; enclosing=6; enclose=4; encloses=1,1,0,31,0,0,0,0,0
fake,32,fake=29; fakes=3,10,0,1,0,21,0,0,0
forecast,32,forecast=20; forecasts=12,28,0,4,0,0,0,0,0
fragile,32,fragile=32,0,0,0,0,32,0,0,0
franklin,32,franklin=32,0,32,0,0,0,0,0,0
genetically,32,genetically=32,0,0,0,0,0,32,0,0
germinate,32,germinate=29; germinated=2; germinating=1,4,0,27,0,1,0,0,0
grab,32,grab=21; grabbing=5; grabbed=3; grabs=3,0,0,32,0,0,0,0,0
historic,32,historic=32,0,6,0,0,26,0,0,0
infrastructure,32,infrastructure=31; infrastructures=1,31,1,0,0,0,0,0,0
investigation,32,investigation=17; investigations=15,32,0,0,0,0,0,0,0
judgment,32,judgment=16; judgments=16,32,0,0,0,0,0,0,0
lascaux,32,lascaux=32,0,32,0,0,0,0,0,0
londinium,32,londinium=32,0,32,0,0,0,0,0,0
mode,32,mode=19; modes=13,32,0,0,0,0,0,0,0
myth,32,myth=17; myths=15,31,1,0,0,0,0,0,0
nevertheless,32,nevertheless=32,0,0,0,0,0,32,0,0
noticeable,32,noticeable=32,0,0,0,0,32,0,0,0
objective,32,objective=28; objectives=4,11,0,0,0,21,0,0,0
occasion,32,occasion=18; occasions=14,32,0,0,0,0,0,0,0
olive,32,olive=29; olives=3,25,1,0,0,6,0,0,0
oxide,32,oxide=22; oxides=10,31,0,1,0,0,0,0,0
ozone,32,ozone=32,30,2,0,0,0,0,0,0
participation,32,participation=32,32,0,0,0,0,0,0,0
partnership,32,partnership=23; partnerships=9,32,0,0,0,0,0,0,0
passenger,32,passengers=25; passenger=7,32,0,0,0,0,0,0,0
payment,32,payment=21; payments=11,32,0,0,0,0,0,0,0
peacock,32,peacocks=18; peacock=14,31,0,1,0,0,0,0,0
perfectly,32,perfectly=32,0,0,0,0,0,32,0,0
pop,32,pop=27; popping=2; pops=2; popped=1,12,6,11,0,3,0,0,0
predictable,32,predictable=32,0,1,0,0,31,0,0,0
preferred,32,preferred=32,0,0,0,0,32,0,0,0
pretend,32,pretend=20; pretending=8; pretended=3; pretends=1,12,0,19,0,1,0,0,0
principal,32,principal=32,3,1,0,0,28,0,0,0
replenish,32,replenished=14; replenish=13; replenishing=4; replenishes=1,0,0,32,0,0,0,0,0
revere,32,revere=31; revered=1,5,23,4,0,0,0,0,0
revolutionary,32,revolutionary=32,1,6,0,0,25,0,0,0
robot,32,robots=24; robot=8,32,0,0,0,0,0,0,0
sauropod,32,sauropods=29; sauropod=3,30,0,0,0,2,0,0,0
scandinavia,32,scandinavia=32,0,32,0,0,0,0,0,0
sensory,32,sensory=32,0,1,0,0,31,0,0,0
sexual,32,sexual=32,0,3,0,0,29,0,0,0
shoot,32,shoots=16; shoot=10; shot=6,12,0,20,0,0,0,0,0
smelting,32,smelting=32,32,0,0,0,0,0,0,0
solely,32,solely=32,0,0,0,0,0,32,0,0
spray,32,sprayed=15; spray=10; spraying=5; sprays=2,6,0,26,0,0,0,0,0
sprout,32,sprout=25; sprouting=4; sprouts=2; sprouted=1,12,0,20,0,0,0,0,0
staple,32,staple=29; staples=3,19,0,0,0,13,0,0,0
sustainable,32,sustainable=32,0,0,0,0,32,0,0,0
sweep,32,swept=22; sweep=4; sweeping=3; sweeps=3,1,0,31,0,0,0,0,0
thirty,32,thirty=32,0,1,0,0,0,0,0,31
uncertain,32,uncertain=32,0,0,0,0,32,0,0,0
villa,32,villa=19; villas=13,29,3,0,0,0,0,0,0
advise,31,advise=15; advising=8; advised=7; advises=1,1,0,30,0,0,0,0,0
award,31,awarded=13; award=10; awards=6; awarding=2,14,0,17,0,0,0,0,0
beat,31,beat=11; beats=11; beaten=6; beating=3,14,0,17,0,0,0,0,0
bias,31,bias=23; biased=5; biases=3,21,4,6,0,0,0,0,0
birds,31,birds=31,0,31,0,0,0,0,0,0
chart,31,charts=18; chart=13,31,0,0,0,0,0,0,0
cheatgrass,31,cheatgrass=31,30,1,0,0,0,0,0,0
clock,31,clock=22; clocks=9,30,0,1,0,0,0,0,0
compensate,31,compensate=20; compensates=6; compensated=4; compensating=1,3,0,28,0,0,0,0,0
constraint,31,constraints=26; constraint=5,30,0,1,0,0,0,0,0
continuously,31,continuously=31,0,0,0,0,0,31,0,0
criticize,31,criticize=15; criticized=15; criticizing=1,0,0,31,0,0,0,0,0
curious,31,curious=31,0,1,0,0,30,0,0,0
cutting,31,cutting=31,31,0,0,0,0,0,0,0
darkness,31,darkness=31,31,0,0,0,0,0,0,0
daughter,31,daughter=28; daughters=3,31,0,0,0,0,0,0,0
deficit,31,deficit=18; deficits=13,31,0,0,0,0,0,0,0
desirable,31,desirable=31,0,0,0,0,31,0,0,0
doubtful,31,doubtful=31,2,0,0,0,29,0,0,0
drinking,31,drinking=31,31,0,0,0,0,0,0,0
engraving,31,engravings=26; engraving=5,31,0,0,0,0,0,0,0
entrepreneur,31,entrepreneurs=25; entrepreneur=6,31,0,0,0,0,0,0,0
erratic,31,erratics=20; erratic=11,20,0,0,0,11,0,0,0
fairy,31,fairy=30; fairies=1,30,1,0,0,0,0,0,0
fan,31,fans=19; fan=11; fanning=1,28,1,2,0,0,0,0,0
fanny,31,fanny=31,0,31,0,0,0,0,0,0
festival,31,festival=23; festivals=8,28,3,0,0,0,0,0,0
fifteen,31,fifteen=31,0,0,0,0,0,0,0,31
filter,31,filter=19; filters=9; filtering=2; filtered=1,13,0,17,0,1,0,0,0
fitness,31,fitness=31,26,5,0,0,0,0,0,0
fluctuation,31,fluctuations=25; fluctuation=6,31,0,0,0,0,0,0,0
footage,31,footage=31,31,0,0,0,0,0,0,0
forever,31,forever=31,0,0,0,0,0,31,0,0
format,31,format=24; formats=3; formatted=2; formatting=2,26,0,5,0,0,0,0,0
funny,31,funny=31,1,1,0,0,29,0,0,0
geographical,31,geographical=31,0,0,0,0,31,0,0,0
gogh,31,gogh=31,0,31,0,0,0,0,0,0
hawk,31,hawks=16; hawk=15,29,2,0,0,0,0,0,0
humans,31,humans=31,0,31,0,0,0,0,0,0
improvisation,31,improvisation=29; improvisations=2,31,0,0,0,0,0,0,0
inaccurate,31,inaccurate=31,0,0,1,0,30,0,0,0
incredibly,31,incredibly=31,0,0,0,0,0,31,0,0
interval,31,intervals=20; interval=11,31,0,0,0,0,0,0,0
logical,31,logical=31,1,1,0,0,29,0,0,0
microburst,31,microbursts=16; microburst=15,30,1,0,0,0,0,0,0
nocturnal,31,nocturnal=31,0,0,0,0,31,0,0,0
orca,31,orca=18; orcas=13,25,6,0,0,0,0,0,0
peter,31,peter=31,0,31,0,0,0,0,0,0
pour,31,poured=17; pour=7; pouring=6; pours=1,3,0,28,0,0,0,0,0
presumably,31,presumably=31,0,1,0,0,0,30,0,0
prop,31,props=20; prop=9; propped=1; propping=1,25,3,3,0,0,0,0,0
pure,31,pure=29; purer=1; purest=1,0,1,0,0,30,0,0,0
questionnaire,31,questionnaires=24; questionnaire=7,31,0,0,0,0,0,0,0
random,31,random=31,0,0,0,0,31,0,0,0
robinson,31,robinson=31,0,31,0,0,0,0,0,0
seagrass,31,seagrass=30; seagrasses=1,30,0,1,0,0,0,0,0
shelf,31,shelves=24; shelf=7,31,0,0,0,0,0,0,0
simulation,31,simulations=22; simulation=9,31,0,0,0,0,0,0,0
singing,31,singing=31,31,0,0,0,0,0,0,0
spawn,31,spawning=15; spawn=12; spawned=4,2,1,28,0,0,0,0,0
sponge,31,sponge=21; sponges=7; sponging=3,27,0,3,0,1,0,0,0
subsistence,31,subsistence=31,29,1,1,0,0,0,0,0
swallow,31,swallow=23; swallowed=4; swallowing=2; swallows=2,1,2,10,0,0,18,0,0
symbolize,31,symbolize=12; symbolized=10; symbolizes=8; symbolizing=1,1,0,30,0,0,0,0,0
thickness,31,thickness=30; thicknesses=1,31,0,0,0,0,0,0,0
thule,31,thule=31,1,22,0,0,8,0,0,0
tide,31,tide=19; tides=12,31,0,0,0,0,0,0,0
twist,31,twist=22; twists=6; twisting=2; twisted=1,16,4,11,0,0,0,0,0
underneath,31,underneath=31,1,0,0,0,0,6,0,24
utilitarian,31,utilitarian=31,0,0,0,0,31,0,0,0
whitney,31,whitney=31,0,31,0,0,0,0,0,0
wobble,31,wobble=22; wobbles=5; wobbling=4,13,0,15,0,3,0,0,0
woody,31,woody=31,24,4,1,0,2,0,0,0
x,31,x=31,26,1,0,0,0,0,0,4
acceptance,30,acceptance=30,29,1,0,0,0,0,0,0
actively,30,actively=30,0,0,0,0,0,30,0,0
akkadian,30,akkadian=30,0,16,0,0,14,0,0,0
altogether,30,altogether=30,0,0,0,0,0,30,0,0
angiosperm,30,angiosperms=25; angiosperm=5,27,1,0,0,2,0,0,0
bantu,30,bantu=30,0,27,0,0,3,0,0,0
basketball,30,basketball=30,30,0,0,0,0,0,0,0
bd,30,bd=30,0,29,0,0,0,0,1,0
biodiversity,30,biodiversity=30,29,1,0,0,0,0,0,0
biomass,30,biomass=30,29,1,0,0,0,0,0,0
breath,30,breath=29; breaths=1,28,0,2,0,0,0,0,0
butter,30,butter=30,28,2,0,0,0,0,0,0
cable,30,cable=22; cables=8,29,1,0,0,0,0,0,0
cap,30,cap=18; caps=12,29,0,1,0,0,0,0,0
co,30,co=30,20,4,6,0,0,0,0,0
coating,30,coating=26; coatings=4,30,0,0,0,0,0,0,0
comparatively,30,comparatively=30,0,3,0,0,0,27,0,0
confine,30,confined=26; confine=2; confines=1; confining=1,1,0,29,0,0,0,0,0
cooperative,30,cooperative=30,1,1,0,0,28,0,0,0
coordinate,30,coordinate=15; coordinated=9; coordinates=3; coordinating=3,5,0,25,0,0,0,0,0
crash,30,crashed=11; crashing=10; crash=6; crashes=3,6,0,24,0,0,0,0,0
custom,30,customs=19; custom=11,27,1,0,0,0,2,0,0
descend,30,descended=21; descend=5; descending=2; descends=2,1,0,29,0,0,0,0,0
disappointed,30,disappointed=30,1,2,0,0,27,0,0,0
eggshell,30,eggshells=24; eggshell=6,30,0,0,0,0,0,0,0
elliptical,30,elliptical=30,0,0,0,0,30,0,0,0
employer,30,employers=21; employer=9,30,0,0,0,0,0,0,0
enterprise,30,enterprise=17; enterprises=11; enterprising=2,24,4,2,0,0,0,0,0
establishment,30,establishment=20; establishments=10,29,1,0,0,0,0,0,0
extraordinary,30,extraordinary=30,0,1,0,0,29,0,0,0
grazer,30,grazers=27; grazer=3,30,0,0,0,0,0,0,0
hierarchy,30,hierarchy=26; hierarchies=4,29,1,0,0,0,0,0,0
hummingbird,30,hummingbirds=20; hummingbird=10,22,6,0,0,2,0,0,0
hungry,30,hungry=28; hungriest=2,0,0,0,0,30,0,0,0
hypnosis,30,hypnosis=30,27,3,0,0,0,0,0,0
initiative,30,initiative=18; initiatives=12,30,0,0,0,0,0,0,0
insulate,30,insulating=18; insulate=5; insulated=5; insulates=2,0,0,30,0,0,0,0,0
invasion,30,invasion=25; invasions=5,30,0,0,0,0,0,0,0
inventor,30,inventors=16; inventor=14,30,0,0,0,0,0,0,0
knee,30,knees=23; knee=7,30,0,0,0,0,0,0,0
licensing,30,licensing=30,28,2,0,0,0,0,0,0
lisa,30,lisa=30,0,30,0,0,0,0,0,0
lord,30,lord=16; lords=14,15,15,0,0,0,0,0,0
manipulate,30,manipulate=10; manipulated=10; manipulating=8; manipulates=2,0,0,30,0,0,0,0,0
means,30,means=30,30,0,0,0,0,0,0,0
megapode,30,megapodes=18; megapode=12,28,2,0,0,0,0,0,0
migrating,30,migrating=30,27,2,0,0,1,0,0,0
nervous,30,nervous=30,0,0,0,0,30,0,0,0
nurse,30,nurse=21; nurses=5; nursing=4,21,1,8,0,0,0,0,0
palsa,30,palsa=17; palsas=13,30,0,0,0,0,0,0,0
periodically,30,periodically=30,0,0,0,0,0,30,0,0
pigeon,30,pigeons=27; pigeon=3,30,0,0,0,0,0,0,0
realist,30,realist=27; realists=3,4,1,1,0,24,0,0,0
rigid,30,rigid=30,0,0,0,0,30,0,0,0
rope,30,rope=22; ropes=6; roped=2,28,0,2,0,0,0,0,0
shard,30,shards=29; shard=1,30,0,0,0,0,0,0,0
solidify,30,solidify=19; solidified=9; solidifying=2,2,0,28,0,0,0,0,0
suited,30,suited=30,0,0,0,0,30,0,0,0
syllabus,30,syllabus=30,30,0,0,0,0,0,0,0
thesis,30,thesis=30,29,1,0,0,0,0,0,0
tomorrow,30,tomorrow=30,30,0,0,0,0,0,0,0
tone,30,tone=17; tones=13,30,0,0,0,0,0,0,0
tragedy,30,tragedies=17; tragedy=13,29,1,0,0,0,0,0,0
unsuccessful,30,unsuccessful=30,0,0,0,0,30,0,0,0
weave,30,woven=16; weave=9; weaving=4; wove=1,3,0,27,0,0,0,0,0
willow,30,willow=18; willows=12,25,1,3,0,1,0,0,0
accumulation,29,accumulation=26; accumulations=3,29,0,0,0,0,0,0,0
adaptive,29,adaptive=29,11,0,0,0,18,0,0,0
admire,29,admired=14; admire=7; admires=6; admiring=2,1,0,28,0,0,0,0,0
aerial,29,aerial=29,0,0,0,0,29,0,0,0
aesthetic,29,aesthetic=18; aesthetics=11,12,1,0,0,16,0,0,0
anticipate,29,anticipate=15; anticipated=10; anticipating=3; anticipates=1,0,0,29,0,0,0,0,0
benjamin,29,benjamin=29,0,29,0,0,0,0,0,0
boil,29,boil=12; boiled=9; boiling=7; boils=1,0,0,29,0,0,0,0,0
burning,29,burning=29,29,0,0,0,0,0,0,0
campaign,29,campaign=21; campaigns=7; campaigning=1,28,0,1,0,0,0,0,0
cellulose,29,cellulose=29,27,1,0,0,1,0,0,0
cezanne,29,cezanne=29,0,29,0,0,0,0,0,0
chemically,29,chemically=29,0,0,0,0,0,29,0,0
contraction,29,contraction=21; contractions=8,29,0,0,0,0,0,0,0
deforestation,29,deforestation=29,28,1,0,0,0,0,0,0
diameter,29,diameter=29,29,0,0,0,0,0,0,0
erode,29,eroded=19; erode=5; eroding=3; erodes=2,1,0,28,0,0,0,0,0
financially,29,financially=29,0,0,0,0,0,29,0,0
flaherty,29,flaherty=29,4,25,0,0,0,0,0,0
harbor,29,harbor=27; harbored=1; harbors=1,23,3,3,0,0,0,0,0
harmless,29,harmless=29,2,0,0,0,27,0,0,0
imagination,29,imagination=24; imaginations=5,29,0,0,0,0,0,0,0
inexpensive,29,inexpensive=29,0,0,0,0,29,0,0,0
lacquerware,29,lacquerware=29,28,0,0,0,1,0,0,0
lawn,29,lawn=21; lawns=8,27,2,0,0,0,0,0,0
loose,29,loose=29,0,0,0,0,28,1,0,0
maximize,29,maximize=18; maximizing=11,0,0,29,0,0,0,0,0
mayan,29,mayan=29,0,15,0,0,14,0,0,0
metabolism,29,metabolism=27; metabolisms=2,28,0,1,0,0,0,0,0
muon,29,muon=20; muons=9,28,1,0,0,0,0,0,0
nabis,29,nabis=29,0,29,0,0,0,0,0,0
notable,29,notable=29,0,0,0,0,29,0,0,0
orange,29,orange=25; oranges=4,12,3,1,0,13,0,0,0
patronage,29,patronage=29,29,0,0,0,0,0,0,0
pet,29,pet=21; pets=8,8,14,0,0,7,0,0,0
phytolith,29,phytoliths=19; phytolith=10,23,2,0,0,2,1,0,1
pleasant,29,pleasant=29,1,0,0,0,28,0,0,0
pollute,29,polluting=13; pollute=9; polluted=4; pollutes=3,1,0,28,0,0,0,0,0
protosun,29,protosun=29,29,0,0,0,0,0,0,0
removal,29,removal=29,28,1,0,0,0,0,0,0
representative,29,representative=23; representatives=6,13,0,0,0,16,0,0,0
rival,29,rival=15; rivals=13; rivaled=1,18,0,3,0,8,0,0,0
rodinia,29,rodinia=29,0,29,0,0,0,0,0,0
s,29,s=29,3,3,10,0,0,0,2,11
satisfaction,29,satisfaction=29,27,1,1,0,0,0,0,0
segal,29,segal=29,0,29,0,0,0,0,0,0
silkworm,29,silkworms=26; silkworm=3,29,0,0,0,0,0,0,0
sixth,29,sixth=29,1,0,0,0,28,0,0,0
specially,29,specially=29,0,0,0,0,0,29,0,0
sticky,29,sticky=29,0,0,0,0,29,0,0,0
sub,29,sub=29,4,0,0,0,25,0,0,0
substantially,29,substantially=29,0,0,0,0,0,29,0,0
symmetry,29,symmetry=29,28,1,0,0,0,0,0,0
thomsen,29,thomsen=29,0,29,0,0,0,0,0,0
traveler,29,travelers=26; traveler=3,29,0,0,0,0,0,0,0
tropic,29,tropics=28; tropic=1,28,0,0,0,1,0,0,0
unnecessary,29,unnecessary=29,0,0,0,0,29,0,0,0
wherever,29,wherever=29,0,0,0,0,0,0,0,29
wife,29,wife=24; wives=5,29,0,0,0,0,0,0,0
yea,29,yea=29,1,18,0,0,1,0,0,9
adams,28,adams=28,0,28,0,0,0,0,0,0
administrative,28,administrative=28,0,0,0,0,28,0,0,0
adoption,28,adoption=28,28,0,0,0,0,0,0,0
alarm,28,alarm=26; alarming=1; alarms=1,25,2,1,0,0,0,0,0
andes,28,andes=28,0,28,0,0,0,0,0,0
anup,28,anup=28,0,28,0,0,0,0,0,0
assess,28,assessing=15; assess=12; assessed=1,1,0,27,0,0,0,0,0
athletic,28,athletic=25; athletics=3,3,0,0,0,25,0,0,0
beehive,28,beehive=21; beehives=7,9,0,0,0,19,0,0,0
beethoven,28,beethoven=28,0,28,0,0,0,0,0,0
berry,28,berries=27; berry=1,28,0,0,0,0,0,0,0
breakfast,28,breakfast=28,25,3,0,0,0,0,0,0
caesar,28,caesar=28,0,28,0,0,0,0,0,0
celebrity,28,celebrities=15; celebrity=13,27,1,0,0,0,0,0,0
celsius,28,celsius=28,7,21,0,0,0,0,0,0
chew,28,chew=14; chewing=9; chews=3; chewed=2,1,5,22,0,0,0,0,0
cole,28,cole=28,0,28,0,0,0,0,0,0
collaboration,28,collaboration=23; collaborations=5,27,1,0,0,0,0,0,0
commedia,28,commedia=28,15,13,0,0,0,0,0,0
comparable,28,comparable=28,0,0,0,0,28,0,0,0
cooperate,28,cooperate=21; cooperating=4; cooperated=3,0,0,28,0,0,0,0,0
disaster,28,disaster=21; disasters=7,28,0,0,0,0,0,0,0
donation,28,donations=21; donation=7,28,0,0,0,0,0,0,0
dove,28,dove=23; doves=5,12,14,2,0,0,0,0,0
dragonfly,28,dragonfly=15; dragonflies=13,26,0,0,0,1,1,0,0
dress,28,dressed=14; dress=12; dresses=1; dressing=1,9,0,19,0,0,0,0,0
easter,28,easter=28,0,28,0,0,0,0,0,0
electromagnetic,28,electromagnetic=28,0,0,0,0,28,0,0,0
enforce,28,enforced=13; enforce=9; enforcing=5; enforces=1,0,0,28,0,0,0,0,0
faience,28,faience=27; faiences=1,22,6,0,0,0,0,0,0
functional,28,functional=28,0,1,0,0,27,0,0,0
grid,28,grid=21; grids=7,28,0,0,0,0,0,0,0
honestly,28,honestly=28,0,0,0,0,0,28,0,0
hotter,28,hotter=28,4,0,0,0,22,2,0,0
illustration,28,illustrations=18; illustration=10,28,0,0,0,0,0,0,0
isolated,28,isolated=28,0,0,0,0,28,0,0,0
khun,28,khun=28,0,28,0,0,0,0,0,0
legend,28,legends=15; legend=13,25,3,0,0,0,0,0,0
maori,28,maori=28,0,28,0,0,0,0,0,0
microscopic,28,microscopic=28,0,0,0,0,28,0,0,0
minimize,28,minimize=18; minimized=5; minimizing=4; minimizes=1,0,0,28,0,0,0,0,0
mistaken,28,mistaken=28,0,3,0,0,25,0,0,0
mule,28,mule=27; mules=1,2,0,0,0,26,0,0,0
noble,28,noble=17; nobles=11,11,0,1,0,16,0,0,0
orleans,28,orleans=28,0,28,0,0,0,0,0,0
overlap,28,overlap=18; overlapping=6; overlapped=3; overlaps=1,9,0,19,0,0,0,0,0
package,28,package=14; packages=12; packaged=2,23,0,5,0,0,0,0,0
politic,28,politics=28,28,0,0,0,0,0,0,0
pollinator,28,pollinators=22; pollinator=6,28,0,0,0,0,0,0,0
populate,28,populated=27; populate=1,0,0,28,0,0,0,0,0
prestige,28,prestige=28,28,0,0,0,0,0,0,0
processing,28,processing=28,28,0,0,0,0,0,0,0
purple,28,purple=28,12,0,1,0,13,2,0,0
quarter,28,quarter=17; quarters=11,25,3,0,0,0,0,0,0
reporter,28,reporter=20; reporters=8,28,0,0,0,0,0,0,0
resin,28,resin=24; resins=4,28,0,0,0,0,0,0,0
rook,28,rooks=26; rook=2,28,0,0,0,0,0,0,0
segment,28,segment=16; segments=10; segmented=2,26,0,2,0,0,0,0,0
slip,28,slip=17; slipped=5; slips=4; slipping=2,12,1,13,0,2,0,0,0
spell,28,spell=11; spelled=9; spells=8,13,0,15,0,0,0,0,0
spindle,28,spindles=22; spindle=6,26,0,0,0,2,0,0,0
spite,28,spite=28,28,0,0,0,0,0,0,0
stalk,28,stalk=12; stalks=11; stalking=4; stalked=1,19,0,9,0,0,0,0,0
susceptible,28,susceptible=28,0,0,0,0,28,0,0,0
swing,28,swing=21; swings=3; swinging=2; swung=2,17,0,11,0,0,0,0,0
tang,28,tang=28,0,28,0,0,0,0,0,0
transaction,28,transactions=20; transaction=8,28,0,0,0,0,0,0,0
troop,28,troops=25; troop=3,28,0,0,0,0,0,0,0
uncertainty,28,uncertainty=22; uncertainties=6,28,0,0,0,0,0,0,0
unstable,28,unstable=28,0,0,0,0,28,0,0,0
varnish,28,varnish=25; varnished=2; varnishes=1,19,2,2,0,5,0,0,0
vitamin,28,vitamin=14; vitamins=14,28,0,0,0,0,0,0,0
warmth,28,warmth=28,28,0,0,0,0,0,0,0
weathercaster,28,weathercasters=26; weathercaster=2,28,0,0,0,0,0,0,0
welcome,28,welcome=25; welcomed=3,3,0,13,0,12,0,0,0
zealand,28,zealand=28,0,28,0,0,0,0,0,0
zero,28,zero=27; zeros=1,1,13,0,0,1,0,0,13
ammonia,27,ammonia=27,25,0,0,0,2,0,0,0
anatomy,27,anatomy=26; anatomies=1,22,5,0,0,0,0,0,0
andean,27,andean=27,0,7,0,0,20,0,0,0
appealing,27,appealing=27,0,0,0,0,27,0,0,0
arrow,27,arrow=16; arrows=11,25,2,0,0,0,0,0,0
assemble,27,assembled=13; assemble=8; assembling=4; assembles=2,1,0,25,0,1,0,0,0
astronaut,27,astronauts=24; astronaut=3,27,0,0,0,0,0,0,0
barnacle,27,barnacle=16; barnacles=11,27,0,0,0,0,0,0,0
basement,27,basement=26; basements=1,27,0,0,0,0,0,0,0
boring,27,boring=27,0,0,0,0,27,0,0,0
bread,27,bread=22; breads=5,26,1,0,0,0,0,0,0
burst,27,burst=14; bursts=11; bursting=2,18,0,8,0,1,0,0,0
caribbean,27,caribbean=27,0,23,0,0,4,0,0,0
ceiling,27,ceiling=18; ceilings=9,27,0,0,0,0,0,0,0
chestnut,27,chestnut=26; chestnuts=1,22,0,0,0,5,0,0,0
collaborate,27,collaborated=12; collaborate=9; collaborating=6,0,0,27,0,0,0,0,0
collective,27,collective=27,1,0,0,0,26,0,0,0
commercially,27,commercially=27,0,0,0,0,0,27,0,0
conquer,27,conquered=21; conquer=4; conquering=2,0,0,27,0,0,0,0,0
council,27,council=26; councils=1,21,6,0,0,0,0,0,0
crisis,27,crisis=22; crises=5,27,0,0,0,0,0,0,0
database,27,database=16; databases=11,26,1,0,0,0,0,0,0
defeat,27,defeat=16; defeated=8; defeating=3,6,0,21,0,0,0,0,0
descendant,27,descendants=23; descendant=4,26,0,0,0,1,0,0,0
detector,27,detectors=15; detector=12,27,0,0,0,0,0,0,0
devise,27,devised=18; devise=7; devising=2,0,0,27,0,0,0,0,0
dish,27,dishes=19; dish=8,27,0,0,0,0,0,0,0
dismiss,27,dismissed=15; dismiss=9; dismissing=2; dismisses=1,0,0,27,0,0,0,0,0
distort,27,distorted=13; distorts=6; distort=5; distorting=3,0,0,27,0,0,0,0,0
dot,27,dots=23; dot=3; dotted=1,26,0,1,0,0,0,0,0
drain,27,drained=11; drain=10; draining=3; drains=3,4,0,23,0,0,0,0,0
eclipse,27,eclipses=15; eclipse=11; eclipsing=1,25,0,2,0,0,0,0,0
economics,27,economics=27,13,14,0,0,0,0,0,0
ectotherm,27,ectotherms=26; ectotherm=1,25,0,2,0,0,0,0,0
enrol,27,enrolled=18; enrolling=9,0,0,27,0,0,0,0,0
eocene,27,eocene=27,0,24,0,0,3,0,0,0
excuse,27,excuse=24; excused=3,2,1,24,0,0,0,0,0
exhaust,27,exhaust=22; exhausted=5,17,0,8,0,2,0,0,0
federal,27,federal=27,0,0,0,0,27,0,0,0
filmmaker,27,filmmakers=16; filmmaker=11,27,0,0,0,0,0,0,0
fluoride,27,fluoride=27,19,3,1,0,3,1,0,0
formula,27,formula=14; formulas=13,27,0,0,0,0,0,0,0
fraction,27,fraction=24; fractions=3,27,0,0,0,0,0,0,0
gulf,27,gulf=27,3,24,0,0,0,0,0,0
hence,27,hence=27,0,0,0,0,0,27,0,0
herbicide,27,herbicide=21; herbicides=6,27,0,0,0,0,0,0,0
honey,27,honey=27,26,1,0,0,0,0,0,0
incoming,27,incoming=27,0,0,0,0,27,0,0,0
incomplete,27,incomplete=27,1,1,0,0,25,0,0,0
infestation,27,infestation=17; infestations=10,27,0,0,0,0,0,0,0
inject,27,injected=17; injecting=5; inject=4; injects=1,0,0,27,0,0,0,0,0
input,27,input=23; inputs=4,26,0,1,0,0,0,0,0
inscription,27,inscriptions=22; inscription=5,27,0,0,0,0,0,0,0
integrate,27,integrate=11; integrated=8; integrating=8,0,0,27,0,0,0,0,0
jane,27,jane=27,4,19,0,0,0,0,0,4
jomon,27,jomon=27,0,27,0,0,0,0,0,0
justify,27,justify=21; justified=5; justifies=1,0,0,27,0,0,0,0,0
kudzu,27,kudzu=27,7,3,0,0,17,0,0,0
lenape,27,lenape=27,7,20,0,0,0,0,0,0
literally,27,literally=27,0,0,0,0,0,27,0,0
melting,27,melting=27,25,2,0,0,0,0,0,0
misunderstanding,27,misunderstanding=24; misunderstandings=3,27,0,0,0,0,0,0,0
molecular,27,molecular=27,0,1,0,0,26,0,0,0
monteverdi,27,monteverdi=27,0,27,0,0,0,0,0,0
monumental,27,monumental=27,0,1,0,0,26,0,0,0
navigation,27,navigation=27,25,2,0,0,0,0,0,0
nevada,27,nevada=27,0,27,0,0,0,0,0,0
o,27,o=27,15,11,0,0,0,0,0,1
occurrence,27,occurrence=20; occurrences=7,27,0,0,0,0,0,0,0
outweigh,27,outweigh=23; outweighed=2; outweighs=2,0,0,27,0,0,0,0,0
pace,27,pace=23; paced=3; pacing=1,23,0,4,0,0,0,0,0
phosphorus,27,phosphorus=27,25,2,0,0,0,0,0,0
physicist,27,physicists=14; physicist=13,25,2,0,0,0,0,0,0
profound,27,profound=27,1,0,0,0,26,0,0,0
quarry,27,quarry=21; quarries=3; quarrying=3,24,0,3,0,0,0,0,0
rainy,27,rainy=27,0,0,0,0,27,0,0,0
rational,27,rational=27,0,0,0,0,27,0,0,0
reconsider,27,reconsider=19; reconsidered=4; reconsidering=4,0,0,27,0,0,0,0,0
saint,27,saint=27,0,27,0,0,0,0,0,0
saving,27,savings=23; saving=4,27,0,0,0,0,0,0,0
seller,27,sellers=17; seller=10,27,0,0,0,0,0,0,0
skull,27,skull=14; skulls=13,27,0,0,0,0,0,0,0
slight,27,slight=24; slightest=3,0,1,0,0,26,0,0,0
southeast,27,southeast=27,7,13,0,0,7,0,0,0
southwestern,27,southwestern=27,0,1,0,0,26,0,0,0
stabilize,27,stabilize=17; stabilized=6; stabilizes=2; stabilizing=2,0,0,27,0,0,0,0,0
subscription,27,subscription=21; subscriptions=6,26,1,0,0,0,0,0,0
substitute,27,substitute=17; substituted=5; substitutes=3; substituting=2,14,1,11,0,1,0,0,0
tadpole,27,tadpoles=23; tadpole=4,24,0,1,0,2,0,0,0
terrace,27,terraces=18; terraced=6; terrace=2; terracing=1,20,0,7,0,0,0,0,0
testing,27,testing=27,25,2,0,0,0,0,0,0
tremendous,27,tremendous=27,0,0,0,0,27,0,0,0
tuition,27,tuition=27,27,0,0,0,0,0,0,0
ubaid,27,ubaid=27,0,27,0,0,0,0,0,0
uncover,27,uncovered=20; uncover=3; uncovering=2; uncovers=2,0,0,27,0,0,0,0,0
ware,27,wares=22; ware=5,26,0,0,0,1,0,0,0
weaver,27,weavers=15; weaver=12,27,0,0,0,0,0,0,0
woolly,27,woolly=27,0,0,0,0,5,22,0,0
worthwhile,27,worthwhile=27,1,0,0,0,26,0,0,0
acting,26,acting=26,20,5,0,0,1,0,0,0
altitude,26,altitudes=15; altitude=11,25,0,1,0,0,0,0,0
arid,26,arid=26,13,1,1,0,11,0,0,0
attendance,26,attendance=26,24,2,0,0,0,0,0,0
auditorium,26,auditorium=26,25,1,0,0,0,0,0,0
blast,26,blast=14; blasted=10; blasting=1; blasts=1,13,1,12,0,0,0,0,0
bloom,26,blooms=14; bloom=8; blooming=4,15,0,11,0,0,0,0,0
boston,26,boston=26,0,26,0,0,0,0,0,0
breathing,26,breathing=26,26,0,0,0,0,0,0,0
charles,26,charles=26,0,26,0,0,0,0,0,0
chesapeake,26,chesapeake=26,1,25,0,0,0,0,0,0
chili,26,chili=26,20,2,0,0,4,0,0,0
clutch,26,clutch=14; clutches=12,25,0,0,0,1,0,0,0
commitment,26,commitment=24; commitments=2,26,0,0,0,0,0,0,0
conchs,26,conchs=26,24,2,0,0,0,0,0,0
congestion,26,congestion=26,26,0,0,0,0,0,0,0
conifer,26,conifers=15; conifer=11,22,1,1,0,2,0,0,0
convention,26,convention=17; conventions=9,25,1,0,0,0,0,0,0
crazy,26,crazy=26,0,1,0,0,25,0,0,0
cruise,26,cruise=20; cruises=5; cruising=1,24,0,2,0,0,0,0,0
currency,26,currency=25; currencies=1,26,0,0,0,0,0,0,0
decipher,26,decipher=10; deciphering=9; deciphered=7,1,1,24,0,0,0,0,0
diamond,26,diamonds=14; diamond=12,23,3,0,0,0,0,0,0
diminish,26,diminished=14; diminishing=6; diminish=4; diminishes=2,0,0,25,0,1,0,0,0
discard,26,discarded=24; discarding=2,0,0,26,0,0,0,0,0
downward,26,downward=25; downwards=1,1,0,0,0,10,15,0,0
dynamic,26,dynamic=20; dynamics=6,7,0,0,0,19,0,0,0
eater,26,eaters=22; eater=4,26,0,0,0,0,0,0,0
echo,26,echo=11; echoes=8; echoing=4; echoed=3,16,0,10,0,0,0,0,0
erupt,26,erupted=11; erupt=9; erupts=4; erupting=2,1,0,21,0,3,1,0,0
euphrates,26,euphrates=26,0,26,0,0,0,0,0,0
eurasian,26,eurasian=26,0,4,0,0,22,0,0,0
expressionism,26,expressionism=26,9,17,0,0,0,0,0,0
flash,26,flash=13; flashes=9; flashed=2; flashing=2,20,0,6,0,0,0,0,0
focused,26,focused=26,0,0,0,0,26,0,0,0
fourteenth,26,fourteenth=26,1,0,0,0,25,0,0,0
fulfill,26,fulfill=24; fulfills=2,1,0,25,0,0,0,0,0
grand,26,grand=26,0,9,0,0,17,0,0,0
grazing,26,grazing=26,23,2,0,0,1,0,0,0
guild,26,guilds=22; guild=4,25,1,0,0,0,0,0,0
hieroglyph,26,hieroglyphs=23; hieroglyph=3,26,0,0,0,0,0,0,0
ii,26,ii=26,0,26,0,0,0,0,0,0
immigrant,26,immigrants=21; immigrant=5,22,0,0,0,4,0,0,0
indirectly,26,indirectly=26,0,0,0,0,0,26,0,0
injury,26,injuries=17; injury=9,26,0,0,0,0,0,0,0
involvement,26,involvement=26,23,1,2,0,0,0,0,0
joseph,26,joseph=26,0,26,0,0,0,0,0,0
khipu,26,khipu=24; khipus=2,3,23,0,0,0,0,0,0
km,26,km=26,26,0,0,0,0,0,0,0
lamp,26,lamps=17; lamp=9,26,0,0,0,0,0,0,0
lautrec,26,lautrec=26,2,24,0,0,0,0,0,0
lean,26,lean=18; leaning=5; leans=2; leaner=1,0,0,10,0,16,0,0,0
magnetism,26,magnetism=26,26,0,0,0,0,0,0,0
minimal,26,minimal=26,0,1,0,0,25,0,0,0
noisy,26,noisy=26,0,0,0,0,26,0,0,0
nonetheless,26,nonetheless=26,0,0,0,0,0,26,0,0
novice,26,novice=20; novices=6,26,0,0,0,0,0,0,0
pearl,26,pearl=24; pearls=2,3,22,0,0,1,0,0,0
peru,26,peru=26,0,26,0,0,0,0,0,0
photographic,26,photographic=26,0,1,0,0,25,0,0,0
pizza,26,pizza=24; pizzas=2,21,5,0,0,0,0,0,0
pleasure,26,pleasure=26,25,1,0,0,0,0,0,0
polynesian,26,polynesian=21; polynesians=5,6,1,0,0,19,0,0,0
powder,26,powder=25; powders=1,26,0,0,0,0,0,0,0
ptolemy,26,ptolemy=26,0,26,0,0,0,0,0,0
radiate,26,radiate=9; radiates=9; radiating=6; radiated=2,0,0,26,0,0,0,0,0
reasoning,26,reasoning=26,25,1,0,0,0,0,0,0
recreation,26,recreation=26,25,1,0,0,0,0,0,0
recruit,26,recruit=12; recruited=7; recruiting=4; recruits=3,3,0,23,0,0,0,0,0
relieve,26,relieved=17; relieving=5; relieve=3; relieves=1,0,0,26,0,0,0,0,0
ridge,26,ridges=22; ridge=4,23,1,2,0,0,0,0,0
sandwich,26,sandwich=19; sandwiches=6; sandwiched=1,25,0,1,0,0,0,0,0
saxons,26,saxons=26,0,26,0,0,0,0,0,0
scavenger,26,scavenger=14; scavengers=12,25,1,0,0,0,0,0,0
sens,26,senses=26,26,0,0,0,0,0,0,0
shaft,26,shafts=25; shaft=1,26,0,0,0,0,0,0,0
shortly,26,shortly=26,0,0,0,0,0,26,0,0
silicon,26,silicon=26,22,4,0,0,0,0,0,0
snakehead,26,snakeheads=21; snakehead=5,24,0,0,0,2,0,0,0
sometime,26,sometime=26,0,0,1,0,0,25,0,0
spectrum,26,spectrum=26,26,0,0,0,0,0,0,0
spending,26,spending=26,26,0,0,0,0,0,0,0
strictly,26,strictly=26,0,0,0,0,0,26,0,0
structural,26,structural=26,0,0,0,0,26,0,0,0
susan,26,susan=26,0,26,0,0,0,0,0,0
tenant,26,tenants=18; tenant=8,26,0,0,0,0,0,0,0
teosinte,26,teosinte=26,20,6,0,0,0,0,0,0
thereby,26,thereby=26,0,0,0,0,0,26,0,0
toulouse,26,toulouse=26,6,20,0,0,0,0,0,0
translate,26,translated=17; translate=5; translates=3; translating=1,0,0,26,0,0,0,0,0
trial,26,trial=17; trials=9,25,1,0,0,0,0,0,0
tusk,26,tusk=14; tusks=9; tusking=3,22,1,3,0,0,0,0,0
underlie,26,underlying=22; underlie=2; underlies=2,1,0,25,0,0,0,0,0
unused,26,unused=26,0,0,0,0,26,0,0,0
valid,26,valid=26,0,0,0,0,26,0,0,0
velvet,26,velvet=26,26,0,0,0,0,0,0,0
w,26,w=26,0,24,0,0,0,1,0,1
wage,26,wages=22; wage=4,26,0,0,0,0,0,0,0
wonderful,26,wonderful=26,0,0,0,0,26,0,0,0
wrap,26,wrap=13; wrapped=8; wrapping=4; wraps=1,5,0,21,0,0,0,0,0
accelerate,25,accelerated=12; accelerating=7; accelerate=4; accelerates=2,1,0,24,0,0,0,0,0
adulthood,25,adulthood=25,24,0,1,0,0,0,0,0
amateur,25,amateur=20; amateurs=5,12,1,0,0,12,0,0,0
archive,25,archives=16; archive=9,25,0,0,0,0,0,0,0
aristocrat,25,aristocrats=21; aristocrat=4,25,0,0,0,0,0,0,0
assistance,25,assistance=25,25,0,0,0,0,0,0,0
atwater,25,atwater=25,1,24,0,0,0,0,0,0
audio,25,audio=24; audios=1,6,0,0,0,19,0,0,0
authentic,25,authentic=25,0,1,0,0,24,0,0,0
baroque,25,baroque=25,0,15,0,0,10,0,0,0
bell,25,bell=20; bells=5,15,9,1,0,0,0,0,0
canadian,25,canadian=25,0,10,0,0,15,0,0,0
capability,25,capabilities=18; capability=7,25,0,0,0,0,0,0,0
claw,25,claws=16; claw=6; clawed=3,21,1,3,0,0,0,0,0
coincide,25,coincided=11; coincide=8; coincides=3; coinciding=3,0,0,25,0,0,0,0,0
colonize,25,colonized=11; colonize=8; colonizing=6,0,0,25,0,0,0,0,0
colorful,25,colorful=25,0,0,0,0,25,0,0,0
consensus,25,consensus=25,24,1,0,0,0,0,0,0
dating,25,dating=25,23,1,0,0,1,0,0,0
devote,25,devoted=11; devote=10; devotes=2; devoting=2,0,0,25,0,0,0,0,0
disney,25,disney=25,0,25,0,0,0,0,0,0
disprove,25,disproved=14; disprove=7; disproves=3; disproving=1,0,0,25,0,0,0,0,0
electron,25,electron=15; electrons=10,25,0,0,0,0,0,0,0
exceptional,25,exceptional=25,0,0,0,0,25,0,0,0
excess,25,excess=24; excesses=1,5,0,0,0,20,0,0,0
explode,25,exploded=13; explode=5; exploding=5; explodes=2,0,1,24,0,0,0,0,0
fawn,25,fawns=16; fawn=9,25,0,0,0,0,0,0,0
firm,25,firm=20; firms=4; firmed=1,14,0,1,0,10,0,0,0
fischeri,25,fischeri=25,2,18,0,0,5,0,0,0
fulling,25,fulling=25,24,1,0,0,0,0,0,0
govern,25,governing=11; governed=9; govern=4; governs=1,0,0,25,0,0,0,0,0
honest,25,honest=25,0,0,0,0,25,0,0,0
honeysuckle,25,honeysuckle=24; honeysuckles=1,16,3,0,0,6,0,0,0
honor,25,honor=15; honored=7; honoring=2; honors=1,4,2,19,0,0,0,0,0
initiate,25,initiated=12; initiate=8; initiating=4; initiates=1,0,0,25,0,0,0,0,0
install,25,install=25,0,3,22,0,0,0,0,0
intentionally,25,intentionally=25,0,0,0,0,0,25,0,0
involved,25,involved=25,0,0,0,0,25,0,0,0
ion,25,ions=23; ion=2,25,0,0,0,0,0,0,0
joint,25,joints=16; joint=9,16,1,0,0,8,0,0,0
juice,25,juice=20; juices=5,24,1,0,0,0,0,0,0
latter,25,latter=25,3,0,0,0,22,0,0,0
lens,25,lens=14; lenses=11,23,1,0,0,1,0,0,0
loan,25,loan=16; loans=8; loaning=1,22,0,3,0,0,0,0,0
magnet,25,magnet=21; magnets=4,25,0,0,0,0,0,0,0
mapping,25,mapping=25,25,0,0,0,0,0,0,0
marker,25,markers=19; marker=6,25,0,0,0,0,0,0,0
memorize,25,memorize=12; memorized=9; memorizing=4,0,0,25,0,0,0,0,0
odd,25,odd=18; odds=7,7,0,0,0,18,0,0,0
optimal,25,optimal=25,0,1,0,0,24,0,0,0
ornament,25,ornaments=19; ornamented=4; ornament=2,20,1,4,0,0,0,0,0
panama,25,panama=25,0,25,0,0,0,0,0,0
proximity,25,proximity=25,25,0,0,0,0,0,0,0
relocate,25,relocated=11; relocate=7; relocating=7,0,0,25,0,0,0,0,0
reuse,25,reused=15; reuse=8; reusing=2,1,0,24,0,0,0,0,0
rodin,25,rodin=25,0,25,0,0,0,0,0,0
russia,25,russia=25,0,25,0,0,0,0,0,0
sacrifice,25,sacrifice=8; sacrificed=8; sacrificing=5; sacrifices=4,10,0,15,0,0,0,0,0
sandstone,25,sandstone=21; sandstones=4,24,0,1,0,0,0,0,0
satisfy,25,satisfy=18; satisfying=4; satisfied=3,0,0,25,0,0,0,0,0
seafloor,25,seafloor=24; seafloors=1,25,0,0,0,0,0,0,0
sedimentary,25,sedimentary=25,0,1,0,0,24,0,0,0
sensitivity,25,sensitivity=16; sensitivities=9,25,0,0,0,0,0,0,0
sharply,25,sharply=25,0,0,0,0,0,25,0,0
shield,25,shield=13; shields=9; shielding=3,17,1,7,0,0,0,0,0
shipwreck,25,shipwreck=18; shipwrecks=6; shipwrecked=1,24,0,1,0,0,0,0,0
sonata,25,sonata=25,13,10,0,0,1,0,0,1
sponsor,25,sponsored=10; sponsor=8; sponsors=5; sponsoring=2,4,0,21,0,0,0,0,0
spurt,25,spurt=23; spurts=2,25,0,0,0,0,0,0,0
stag,25,staged=19; staging=5; stags=1,1,0,24,0,0,0,0,0
stroke,25,strokes=20; stroke=5,25,0,0,0,0,0,0,0
subtle,25,subtle=25,0,0,0,0,25,0,0,0
sufficiently,25,sufficiently=25,0,0,0,0,0,25,0,0
tetrapod,25,tetrapods=22; tetrapod=3,24,0,0,0,1,0,0,0
thirteenth,25,thirteenth=25,1,0,0,0,24,0,0,0
thoroughly,25,thoroughly=25,0,0,0,0,0,25,0,0
tightly,25,tightly=25,0,0,0,0,0,25,0,0
tin,25,tin=25,25,0,0,0,0,0,0,0
tongue,25,tongue=18; tongues=7,25,0,0,0,0,0,0,0
troupe,25,troupes=14; troupe=11,25,0,0,0,0,0,0,0
universal,25,universal=25,0,2,0,0,23,0,0,0
urbanization,25,urbanization=25,23,1,0,0,1,0,0,0
volleyball,25,volleyball=25,25,0,0,0,0,0,0,0
voluntary,25,voluntary=25,0,0,0,0,25,0,0,0
wake,25,wake=17; waking=5; woke=2; wakes=1,7,0,18,0,0,0,0,0
weaving,25,weaving=25,25,0,0,0,0,0,0,0
weekly,25,weekly=25,0,0,0,0,25,0,0,0
witness,25,witness=11; witnessed=10; witnesses=2; witnessing=2,5,0,20,0,0,0,0,0
workforce,25,workforce=20; workforces=5,25,0,0,0,0,0,0,0
yellowstone,25,yellowstone=25,0,25,0,0,0,0,0,0
acoustic,24,acoustic=12; acoustics=12,12,3,1,0,8,0,0,0
advantageous,24,advantageous=24,0,0,0,0,24,0,0,0
adventure,24,adventure=18; adventures=6,23,1,0,0,0,0,0,0
awesome,24,awesome=24,0,3,0,0,21,0,0,0
azores,24,azores=24,0,24,0,0,0,0,0,0
balloon,24,balloon=17; balloons=5; ballooned=1; ballooning=1,22,0,2,0,0,0,0,0
basket,24,baskets=14; basket=10,24,0,0,0,0,0,0,0
baton,24,batons=13; baton=11,24,0,0,0,0,0,0,0
bio,24,bio=24,0,21,0,0,3,0,0,0
bioluminescence,24,bioluminescence=24,20,3,1,0,0,0,0,0
boiling,24,boiling=24,24,0,0,0,0,0,0,0
boulder,24,boulders=22; boulder=2,24,0,0,0,0,0,0,0
bust,24,bust=24,24,0,0,0,0,0,0,0
candy,24,candy=24,23,1,0,0,0,0,0,0
celestial,24,celestial=24,0,0,0,0,24,0,0,0
changes,24,changes=24,0,24,0,0,0,0,0,0
chicken,24,chicken=12; chickens=12,24,0,0,0,0,0,0,0
chip,24,chips=11; chipped=7; chipping=4; chip=2,13,0,11,0,0,0,0,0
conquest,24,conquest=21; conquests=3,21,2,0,0,0,1,0,0
conservationist,24,conservationists=22; conservationist=2,24,0,0,0,0,0,0,0
correspond,24,correspond=9; corresponded=7; corresponding=5; corresponds=3,1,0,23,0,0,0,0,0
cry,24,cries=14; cry=6; crying=4,18,0,6,0,0,0,0,0
d,24,d=24,8,4,0,0,12,0,0,0
dawn,24,dawn=23; dawned=1,23,0,1,0,0,0,0,0
delivery,24,delivery=24,24,0,0,0,0,0,0,0
diary,24,diary=16; diaries=8,21,2,0,0,1,0,0,0
dominance,24,dominance=24,23,1,0,0,0,0,0,0
dozen,24,dozens=18; dozen=6,24,0,0,0,0,0,0,0
dragon,24,dragon=18; dragons=6,24,0,0,0,0,0,0,0
economically,24,economically=24,0,0,0,0,0,24,0,0
elevated,24,elevated=24,0,0,0,0,24,0,0,0
episodic,24,episodic=24,0,0,0,0,24,0,0,0
epoch,24,epoch=24,21,3,0,0,0,0,0,0
euglena,24,euglena=24,0,24,0,0,0,0,0,0
excessive,24,excessive=24,0,2,0,0,22,0,0,0
explorer,24,explorers=21; explorer=3,24,0,0,0,0,0,0,0
fertilization,24,fertilization=24,24,0,0,0,0,0,0,0
fertilize,24,fertilized=10; fertilizing=7; fertilize=6; fertilizes=1,0,0,24,0,0,0,0,0
flatworm,24,flatworm=17; flatworms=7,24,0,0,0,0,0,0,0
flaw,24,flaws=18; flaw=5; flawed=1,23,0,1,0,0,0,0,0
floodplain,24,floodplains=14; floodplain=10,24,0,0,0,0,0,0,0
florida,24,florida=24,0,24,0,0,0,0,0,0
forester,24,foresters=22; forester=2,24,0,0,0,0,0,0,0
fresco,24,fresco=20; frescoes=4,23,1,0,0,0,0,0,0
frill,24,frill=14; frills=10,24,0,0,0,0,0,0,0
ganymede,24,ganymede=24,0,24,0,0,0,0,0,0
garment,24,garments=17; garment=7,24,0,0,0,0,0,0,0
gluten,24,gluten=24,0,1,13,0,9,1,0,0
harappan,24,harappan=24,1,23,0,0,0,0,0,0
helper,24,helper=22; helpers=2,24,0,0,0,0,0,0,0
hibernate,24,hibernating=10; hibernate=9; hibernates=3; hibernated=2,6,0,17,0,1,0,0,0
horizon,24,horizon=19; horizons=5,24,0,0,0,0,0,0,0
huh,24,huh=24,0,13,0,0,0,0,0,11
hydrothermal,24,hydrothermal=24,0,0,0,0,24,0,0,0
identification,24,identification=24,24,0,0,0,0,0,0,0
intern,24,interns=13; intern=8; interned=3,19,0,3,0,2,0,0,0
ivory,24,ivory=24,16,7,0,0,1,0,0,0
kernel,24,kernels=19; kernel=5,24,0,0,0,0,0,0,0
lateral,24,lateral=24,0,2,0,0,22,0,0,0
leak,24,leak=11; leaking=6; leaks=4; leaked=3,5,0,19,0,0,0,0,0
lichen,24,lichens=16; lichen=8,22,1,0,0,0,1,0,0
linear,24,linear=24,1,0,0,0,23,0,0,0
lt,24,lt=24,6,8,0,0,0,0,0,10
luck,24,luck=24,24,0,0,0,0,0,0,0
marketplace,24,marketplace=20; marketplaces=4,23,1,0,0,0,0,0,0
mathematic,24,mathematics=24,24,0,0,0,0,0,0,0
misunderstood,24,misunderstood=24,14,0,10,0,0,0,0,0
modification,24,modification=16; modifications=8,23,1,0,0,0,0,0,0
nose,24,nose=14; noses=10,24,0,0,0,0,0,0,0
overnight,24,overnight=24,0,2,0,0,6,16,0,0
p,24,pest=20; p=4,4,0,0,0,20,0,0,0
papyrus,24,papyrus=24,20,4,0,0,0,0,0,0
petrel,24,petrels=19; petrel=5,24,0,0,0,0,0,0,0
philosophical,24,philosophical=24,0,3,0,0,21,0,0,0
phytoplankton,24,phytoplankton=24,17,7,0,0,0,0,0,0
placement,24,placement=24,24,0,0,0,0,0,0,0
possession,24,possessions=20; possession=4,23,1,0,0,0,0,0,0
precious,24,precious=24,0,0,0,0,24,0,0,0
probe,24,probe=11; probes=11; probing=2,21,0,3,0,0,0,0,0
profile,24,profile=20; profiles=4,22,1,1,0,0,0,0,0
renewable,24,renewable=24,0,0,0,0,24,0,0,0
resort,24,resort=15; resorts=5; resorted=2; resorting=2,14,0,10,0,0,0,0,0
retailer,24,retailers=22; retailer=2,24,0,0,0,0,0,0,0
scenery,24,scenery=24,24,0,0,0,0,0,0,0
sensor,24,sensors=21; sensor=3,24,0,0,0,0,0,0,0
shellfish,24,shellfish=24,18,0,6,0,0,0,0,0
shock,24,shock=20; shocked=4,18,0,6,0,0,0,0,0
socially,24,socially=24,0,0,0,0,0,24,0,0
southwest,24,southwest=24,4,12,0,0,8,0,0,0
strand,24,stranded=15; strands=4; strand=3; stranding=2,5,1,18,0,0,0,0,0
submerge,24,submerged=17; submerging=4; submerge=3,0,0,23,0,1,0,0,0
sway,24,sway=21; swaying=2; swayed=1,11,0,13,0,0,0,0,0
territorial,24,territorial=24,0,1,0,0,23,0,0,0
unpredictable,24,unpredictable=24,0,0,0,0,24,0,0,0
unsure,24,unsure=24,3,0,0,0,21,0,0,0
vaporize,24,vaporize=16; vaporized=7; vaporizes=1,1,0,23,0,0,0,0,0
verify,24,verify=17; verified=7,0,1,23,0,0,0,0,0
visually,24,visually=24,0,0,0,0,0,24,0,0
vowel,24,vowel=14; vowels=10,17,1,1,0,5,0,0,0
warrior,24,warrior=12; warriors=12,23,1,0,0,0,0,0,0
wavelength,24,wavelengths=19; wavelength=5,24,0,0,0,0,0,0,0
wipe,24,wiped=13; wipe=7; wiping=4,0,1,23,0,0,0,0,0
activate,23,activated=12; activate=6; activating=3; activates=2,3,0,20,0,0,0,0,0
adjacent,23,adjacent=23,0,0,1,0,22,0,0,0
afterward,23,afterward=23,0,0,0,0,0,22,0,1
alloy,23,alloy=10; alloys=8; alloying=3; alloyed=2,16,0,6,0,1,0,0,0
alphabet,23,alphabet=21; alphabets=2,23,0,0,0,0,0,0,0
audition,23,audition=21; auditions=2,18,1,4,0,0,0,0,0
barnes,23,barnes=23,0,23,0,0,0,0,0,0
bend,23,bend=15; bends=4; bending=2; bent=2,2,0,21,0,0,0,0,0
bioluminescent,23,bioluminescent=23,1,1,0,0,21,0,0,0
bounce,23,bounce=11; bounces=8; bouncing=3; bounced=1,4,0,19,0,0,0,0,0
breakthrough,23,breakthrough=15; breakthroughs=8,23,0,0,0,0,0,0,0
broken,23,broken=23,0,0,0,0,23,0,0,0
café,23,café=23,22,1,0,0,0,0,0,0
carte,23,carte=14; cartes=9,15,8,0,0,0,0,0,0
ce,23,ce=23,6,17,0,0,0,0,0,0
celebrate,23,celebrate=13; celebrated=5; celebrating=4; celebrates=1,0,0,23,0,0,0,0,0
chunk,23,chunks=13; chunk=10,23,0,0,0,0,0,0,0
civil,23,civil=23,0,9,0,0,14,0,0,0
commit,23,committed=11; commit=10; commits=1; committing=1,0,0,23,0,0,0,0,0
cord,23,cords=16; cord=7,23,0,0,0,0,0,0,0
daguerreotype,23,daguerreotypes=13; daguerreotype=10,23,0,0,0,0,0,0,0
developer,23,developers=21; developer=2,23,0,0,0,0,0,0,0
dim,23,dim=16; dimming=4; dimmed=1; dimmest=1; dims=1,0,0,7,0,16,0,0,0
displace,23,displace=12; displaced=4; displacing=4; displaces=3,2,0,21,0,0,0,0,0
ecologist,23,ecologists=17; ecologist=6,21,2,0,0,0,0,0,0
emily,23,emily=23,0,16,0,0,0,7,0,0
enormously,23,enormously=23,0,0,0,0,0,23,0,0
enroll,23,enroll=23,0,2,21,0,0,0,0,0
exaggerate,23,exaggerate=6; exaggerated=6; exaggerating=6; exaggerates=5,0,0,23,0,0,0,0,0
exceed,23,exceeded=10; exceed=7; exceeds=5; exceeding=1,0,0,23,0,0,0,0,0
extensively,23,extensively=23,0,0,0,0,0,23,0,0
factors,23,factors=23,0,23,0,0,0,0,0,0
fermentation,23,fermentation=23,23,0,0,0,0,0,0,0
finger,23,finger=14; fingers=9,23,0,0,0,0,0,0,0
flute,23,flutes=16; flute=6; fluting=1,22,0,1,0,0,0,0,0
friendship,23,friendships=12; friendship=11,23,0,0,0,0,0,0,0
harmony,23,harmony=20; harmonies=3,21,2,0,0,0,0,0,0
hello,23,hello=23,0,8,0,0,0,0,0,15
hinder,23,hinder=9; hindered=6; hindering=5; hinders=3,0,0,23,0,0,0,0,0
hopefully,23,hopefully=23,0,0,0,0,0,23,0,0
horizontal,23,horizontal=23,0,1,0,0,22,0,0,0
improvise,23,improvised=12; improvise=8; improvising=3,0,1,22,0,0,0,0,0
inadequate,23,inadequate=23,1,0,0,0,22,0,0,0
intermediate,23,intermediate=23,0,1,0,0,22,0,0,0
isolation,23,isolation=23,23,0,0,0,0,0,0,0
journalist,23,journalists=12; journalist=11,23,0,0,0,0,0,0,0
karen,23,karen=23,0,23,0,0,0,0,0,0
landlord,23,landlords=19; landlord=4,23,0,0,0,0,0,0,0
landowner,23,landowners=13; landowner=10,23,0,0,0,0,0,0,0
likelihood,23,likelihood=23,23,0,0,0,0,0,0,0
louis,23,louis=23,0,23,0,0,0,0,0,0
marsh,23,marsh=14; marshes=9,9,12,0,0,2,0,0,0
mesopotamian,23,mesopotamian=23,0,4,0,0,19,0,0,0
misconception,23,misconception=22; misconceptions=1,23,0,0,0,0,0,0,0
module,23,modules=15; module=8,23,0,0,0,0,0,0,0
napoleon,23,napoleon=23,0,23,0,0,0,0,0,0
navy,23,navy=23,10,13,0,0,0,0,0,0
neutron,23,neutron=20; neutrons=3,22,1,0,0,0,0,0,0
newcomb,23,newcomb=23,0,23,0,0,0,0,0,0
nobody,23,nobody=23,0,1,0,0,0,0,22,0
octopi,23,octopi=23,18,5,0,0,0,0,0,0
opponent,23,opponents=18; opponent=5,23,0,0,0,0,0,0,0
optimistic,23,optimistic=23,0,0,0,0,23,0,0,0
outbreak,23,outbreaks=15; outbreak=8,23,0,0,0,0,0,0,0
outward,23,outward=23,1,0,0,0,8,14,0,0
overly,23,overly=23,0,0,0,0,0,23,0,0
partial,23,partial=23,2,0,0,0,21,0,0,0
paste,23,paste=17; pasted=3; pastes=3,16,0,7,0,0,0,0,0
pastoralism,23,pastoralism=23,20,3,0,0,0,0,0,0
peatland,23,peatlands=15; peatland=8,22,1,0,0,0,0,0,0
playing,23,playing=23,22,1,0,0,0,0,0,0
precede,23,preceded=13; preceding=5; precede=4; precedes=1,0,0,23,0,0,0,0,0
promotion,23,promotion=20; promotions=3,23,0,0,0,0,0,0,0
prone,23,prone=23,0,0,0,0,23,0,0,0
rack,23,racks=13; rack=10,23,0,0,0,0,0,0,0
recognizable,23,recognizable=23,0,0,0,0,23,0,0,0
renew,23,renewed=15; renew=7; renewing=1,0,0,23,0,0,0,0,0
republic,23,republic=22; republics=1,6,17,0,0,0,0,0,0
reservation,23,reservation=15; reservations=8,23,0,0,0,0,0,0,0
risky,23,risky=21; riskier=2,0,0,0,0,23,0,0,0
roadway,23,roadways=19; roadway=4,23,0,0,0,0,0,0,0
runoff,23,runoff=23,22,0,1,0,0,0,0,0
sailing,23,sailing=23,22,1,0,0,0,0,0,0
saltwater,23,saltwater=23,23,0,0,0,0,0,0,0
seemingly,23,seemingly=23,0,0,0,0,0,23,0,0
shoreline,23,shoreline=18; shorelines=5,23,0,0,0,0,0,0,0
specimen,23,specimens=23,23,0,0,0,0,0,0,0
squeeze,23,squeeze=13; squeezed=4; squeezes=4; squeezing=2,2,0,21,0,0,0,0,0
standardized,23,standardized=23,0,0,0,0,23,0,0,0
strawberry,23,strawberry=19; strawberries=4,12,10,1,0,0,0,0,0
streak,23,streaks=23,23,0,0,0,0,0,0,0
supernova,23,supernova=23,2,21,0,0,0,0,0,0
supervise,23,supervise=12; supervised=7; supervising=3; supervises=1,1,0,22,0,0,0,0,0
terrain,23,terrain=21; terrains=2,23,0,0,0,0,0,0,0
tracking,23,tracking=23,23,0,0,0,0,0,0,0
trash,23,trash=23,23,0,0,0,0,0,0,0
trick,23,trick=12; tricked=4; tricking=4; tricks=3,7,0,16,0,0,0,0,0
unavailable,23,unavailable=23,0,0,0,0,23,0,0,0
union,23,union=21; unions=2,13,9,0,0,1,0,0,0
unreliable,23,unreliable=23,0,0,0,0,23,0,0,0
usefulness,23,usefulness=23,23,0,0,0,0,0,0,0
visite,23,visite=23,19,3,1,0,0,0,0,0
zircon,23,zircon=18; zircons=5,17,6,0,0,0,0,0,0
zooxanthellae,23,zooxanthellae=23,12,11,0,0,0,0,0,0
alexander,22,alexander=22,0,22,0,0,0,0,0,0
alumnus,22,alumni=21; alumnus=1,22,0,0,0,0,0,0,0
arch,22,arches=14; arch=5; arched=3,18,0,3,0,1,0,0,0
assemblage,22,assemblage=15; assemblages=7,22,0,0,0,0,0,0,0
ballet,22,ballet=19; ballets=3,22,0,0,0,0,0,0,0
bead,22,beads=20; bead=2,21,0,1,0,0,0,0,0
brushstroke,22,brushstrokes=19; brushstroke=3,20,0,1,0,1,0,0,0
byzantine,22,byzantine=22,0,17,0,0,5,0,0,0
calf,22,calves=18; calf=4,22,0,0,0,0,0,0,0
categorize,22,categorize=10; categorized=7; categorizing=5,0,0,22,0,0,0,0,0
celt,22,celts=22,22,0,0,0,0,0,0,0
chlorine,22,chlorine=22,21,1,0,0,0,0,0,0
choir,22,choir=21; choirs=1,20,2,0,0,0,0,0,0
coach,22,coach=18; coaches=3; coaching=1,14,4,4,0,0,0,0,0
comic,22,comic=22,0,0,0,0,22,0,0,0
commute,22,commute=9; commuting=7; commuted=3; commutes=3,6,0,16,0,0,0,0,0
compelling,22,compelling=22,3,0,0,0,19,0,0,0
compromise,22,compromise=17; compromised=4; compromises=1,13,0,9,0,0,0,0,0
conduit,22,conduit=17; conduits=5,22,0,0,0,0,0,0,0
contrary,22,contrary=22,11,2,0,0,9,0,0,0
corner,22,corner=11; corners=11,22,0,0,0,0,0,0,0
degradation,22,degradation=22,21,1,0,0,0,0,0,0
dentella,22,dentella=22,19,3,0,0,0,0,0,0
deuterium,22,deuterium=22,20,2,0,0,0,0,0,0
digestion,22,digestion=22,22,0,0,0,0,0,0,0
dimension,22,dimensions=15; dimension=5; dimensioned=2,20,0,2,0,0,0,0,0
district,22,district=17; districts=5,22,0,0,0,0,0,0,0
edible,22,edible=21; edibles=1,1,0,0,0,21,0,0,0
edit,22,editing=10; edited=6; edit=5; edits=1,0,0,22,0,0,0,0,0
editing,22,editing=22,21,1,0,0,0,0,0,0
elongate,22,elongate=11; elongated=11,2,0,15,0,5,0,0,0
embrace,22,embrace=10; embraced=10; embraces=1; embracing=1,2,0,20,0,0,0,0,0
enclosure,22,enclosure=16; enclosures=6,22,0,0,0,0,0,0,0
evenly,22,evenly=22,0,0,0,0,0,22,0,0
expend,22,expend=11; expended=6; expends=3; expending=2,0,0,22,0,0,0,0,0
experimentation,22,experimentation=22,22,0,0,0,0,0,0,0
fellow,22,fellow=19; fellows=3,10,0,0,0,12,0,0,0
fmri,22,fmri=22,7,14,0,0,1,0,0,0
freud,22,freud=22,2,20,0,0,0,0,0,0
frost,22,frosts=12; frost=10,22,0,0,0,0,0,0,0
glaciation,22,glaciation=19; glaciations=3,22,0,0,0,0,0,0,0
grasp,22,grasp=14; grasping=5; grasped=3,3,0,19,0,0,0,0,0
hat,22,hat=13; hats=7; hated=1; hating=1,20,0,2,0,0,0,0,0
hearing,22,hearing=22,22,0,0,0,0,0,0,0
henry,22,henry=22,0,22,0,0,0,0,0,0
icy,22,icy=22,0,0,0,0,22,0,0,0
iguana,22,iguanas=17; iguana=5,20,2,0,0,0,0,0,0
ill,22,ill=22,0,6,0,0,14,2,0,0
intact,22,intact=22,0,0,0,0,21,1,0,0
islander,22,islanders=18; islander=4,18,4,0,0,0,0,0,0
l,22,l=22,18,3,0,0,0,0,0,1
landmark,22,landmarks=15; landmark=7,21,0,0,0,1,0,0,0
license,22,license=9; licenses=5; licensed=4; licensing=4,13,0,9,0,0,0,0,0
lidar,22,lidar=22,16,6,0,0,0,0,0,0
lobster,22,lobsters=13; lobster=9,22,0,0,0,0,0,0,0
metalworking,22,metalworking=22,20,2,0,0,0,0,0,0
micro,22,micro=22,4,6,0,0,12,0,0,0
minoans,22,minoans=22,0,22,0,0,0,0,0,0
mistakenly,22,mistakenly=22,0,0,0,0,0,22,0,0
mutualistic,22,mutualistic=22,0,2,0,0,20,0,0,0
netherlands,22,netherlands=22,0,22,0,0,0,0,0,0
novelty,22,novelty=17; novelties=5,22,0,0,0,0,0,0,0
obsolescence,22,obsolescence=22,20,2,0,0,0,0,0,0
orient,22,oriented=22,0,0,22,0,0,0,0,0
overheat,22,overheating=16; overheat=4; overheated=1; overheats=1,1,0,21,0,0,0,0,0
overseas,22,overseas=22,0,0,0,0,7,15,0,0
palau,22,palau=22,0,22,0,0,0,0,0,0
personally,22,personally=22,0,0,0,0,0,22,0,0
phage,22,phages=18; phage=4,22,0,0,0,0,0,0,0
philadelphia,22,philadelphia=22,0,22,0,0,0,0,0,0
plato,22,plato=22,0,22,0,0,0,0,0,0
prepared,22,prepared=22,0,0,0,0,22,0,0,0
pulsar,22,pulsars=13; pulsar=9,13,9,0,0,0,0,0,0
reconstruction,22,reconstruction=15; reconstructions=7,22,0,0,0,0,0,0,0
recreate,22,recreate=11; recreating=6; recreated=4; recreates=1,0,0,22,0,0,0,0,0
reflection,22,reflection=16; reflections=6,22,0,0,0,0,0,0,0
refuse,22,refused=10; refuse=6; refusing=4; refuses=2,1,0,21,0,0,0,0,0
reluctant,22,reluctant=22,1,0,0,0,21,0,0,0
rescue,22,rescue=22,19,1,2,0,0,0,0,0
respected,22,respected=22,0,0,0,0,22,0,0,0
retention,22,retention=22,22,0,0,0,0,0,0,0
royalty,22,royalty=22,21,1,0,0,0,0,0,0
sacred,22,sacred=22,0,0,0,0,22,0,0,0
saxon,22,saxon=19; saxons=3,7,13,0,0,2,0,0,0
scope,22,scope=22,21,0,1,0,0,0,0,0
secrete,22,secrete=9; secretes=6; secreting=4; secreted=3,5,0,17,0,0,0,0,0
seismic,22,seismic=22,0,0,0,0,22,0,0,0
serra,22,serra=22,0,22,0,0,0,0,0,0
sidewalk,22,sidewalks=14; sidewalk=8,22,0,0,0,0,0,0,0
similarities,22,similarities=22,0,22,0,0,0,0,0,0
sparrow,22,sparrows=15; sparrow=7,21,0,0,0,1,0,0,0
sporting,22,sporting=22,22,0,0,0,0,0,0,0
stack,22,stack=7; stacked=7; stacks=6; stacking=2,5,0,17,0,0,0,0,0
steep,22,steep=18; steeped=4,0,0,4,0,18,0,0,0
striking,22,striking=22,0,0,0,0,22,0,0,0
swift,22,swift=22,1,0,0,0,21,0,0,0
talented,22,talented=22,0,1,0,0,21,0,0,0
tear,22,tear=9; torn=7; tearing=3; tears=3,4,0,18,0,0,0,0,0
tight,22,tight=16; tighter=6,0,0,0,0,21,1,0,0
tired,22,tired=22,0,0,0,0,22,0,0,0
tomato,22,tomato=11; tomatoes=11,22,0,0,0,0,0,0,0
urchin,22,urchins=18; urchin=4,20,0,1,0,1,0,0,0
usage,22,usage=22,22,0,0,0,0,0,0,0
utilize,22,utilize=10; utilized=6; utilizes=4; utilizing=2,0,0,21,0,1,0,0,0
washing,22,washing=21; washings=1,22,0,0,0,0,0,0,0
absent,21,absent=21,0,0,0,0,21,0,0,0
accounting,21,accounting=21,21,0,0,0,0,0,0,0
advancement,21,advancements=14; advancement=7,21,0,0,0,0,0,0,0
al,21,al=21,0,21,0,0,0,0,0,0
alert,21,alert=17; alerting=2; alerts=2,1,1,12,0,7,0,0,0
alpaca,21,alpaca=11; alpacas=10,14,1,0,0,5,0,0,1
anchor,21,anchor=11; anchors=5; anchored=3; anchoring=2,9,1,11,0,0,0,0,0
archeologist,21,archeologists=18; archeologist=3,21,0,0,0,0,0,0,0
authenticity,21,authenticity=21,21,0,0,0,0,0,0,0
basaltic,21,basaltic=21,0,4,0,0,17,0,0,0
beverage,21,beverage=11; beverages=10,21,0,0,0,0,0,0,0
bin,21,bins=18; bin=3,21,0,0,0,0,0,0,0
boost,21,boost=17; boosting=3; boosted=1,7,0,14,0,0,0,0,0
broadcast,21,broadcast=14; broadcasts=6; broadcasting=1,7,0,14,0,0,0,0,0
cabinet,21,cabinets=11; cabinet=10,20,1,0,0,0,0,0,0
captive,21,captive=20; captives=1,1,0,0,0,19,1,0,0
coincidence,21,coincidence=21,21,0,0,0,0,0,0,0
comedy,21,comedy=16; comedies=5,20,1,0,0,0,0,0,0
computing,21,computing=21,21,0,0,0,0,0,0,0
concentrated,21,concentrated=21,0,1,0,0,20,0,0,0
coworker,21,coworkers=17; coworker=4,21,0,0,0,0,0,0,0
damaging,21,damaging=21,1,0,0,0,20,0,0,0
denmark,21,denmark=21,0,21,0,0,0,0,0,0
dependence,21,dependence=21,20,1,0,0,0,0,0,0
dormancy,21,dormancy=21,21,0,0,0,0,0,0,0
duration,21,duration=20; durations=1,21,0,0,0,0,0,0,0
dvd,21,dvd=16; dvds=5,21,0,0,0,0,0,0,0
ectothermic,21,ectothermic=21,2,1,0,0,18,0,0,0
equivalent,21,equivalent=18; equivalents=3,9,0,0,0,12,0,0,0
facade,21,facade=19; facades=2,20,1,0,0,0,0,0,0
footprint,21,footprint=11; footprints=10,21,0,0,0,0,0,0,0
freely,21,freely=21,0,0,0,0,0,21,0,0
freshman,21,freshmen=12; freshman=9,21,0,0,0,0,0,0,0
gardening,21,gardening=21,21,0,0,0,0,0,0,0
ghost,21,ghost=21,14,6,1,0,0,0,0,0
gin,21,gin=18; gins=2; ginning=1,19,0,2,0,0,0,0,0
gliese,21,gliese=21,0,10,0,0,11,0,0,0
gluck,21,gluck=21,0,21,0,0,0,0,0,0
hammer,21,hammers=10; hammering=6; hammer=3; hammered=2,12,0,9,0,0,0,0,0
hawaiian,21,hawaiian=21,0,9,0,0,12,0,0,0
herring,21,herring=21,11,4,0,0,6,0,0,0
herself,21,herself=21,0,0,0,0,0,0,21,0
hutton,21,hutton=21,0,21,0,0,0,0,0,0
immature,21,immature=21,2,0,0,0,19,0,0,0
immense,21,immense=21,5,0,0,0,16,0,0,0
induce,21,induced=8; induce=5; induces=5; inducing=3,0,0,21,0,0,0,0,0
inspect,21,inspect=9; inspected=6; inspecting=6,0,0,21,0,0,0,0,0
intriguing,21,intriguing=21,0,0,0,0,21,0,0,0
investor,21,investors=21,21,0,0,0,0,0,0,0
invisible,21,invisible=21,0,0,0,0,21,0,0,0
irish,21,irish=21,0,2,0,0,19,0,0,0
la,21,la=21,0,18,0,0,0,0,0,3
lend,21,lend=10; lent=7; lending=4,0,0,21,0,0,0,0,0
lobe,21,lobe=17; lobes=4,21,0,0,0,0,0,0,0
lucky,21,lucky=21,0,0,0,0,21,0,0,0
magnesium,21,magnesium=21,16,5,0,0,0,0,0,0
matisse,21,matisse=21,0,21,0,0,0,0,0,0
meanwhile,21,meanwhile=21,0,0,0,0,0,21,0,0
michael,21,michael=21,0,21,0,0,0,0,0,0
modest,21,modest=21,0,0,0,0,21,0,0,0
monitoring,21,monitoring=21,17,4,0,0,0,0,0,0
mosaic,21,mosaic=12; mosaics=9,10,6,0,0,5,0,0,0
mythology,21,mythology=21,21,0,0,0,0,0,0,0
obscura,21,obscura=21,21,0,0,0,0,0,0,0
oven,21,ovens=13; oven=8,15,1,0,0,4,1,0,0
oxen,21,oxen=21,14,7,0,0,0,0,0,0
pricing,21,pricing=21,18,3,0,0,0,0,0,0
programming,21,programming=21,20,1,0,0,0,0,0,0
pterosaur,21,pterosaurs=14; pterosaur=7,16,1,0,0,4,0,0,0
quarto,21,quarto=11; quartos=10,19,2,0,0,0,0,0,0
quiz,21,quiz=18; quizzes=3,21,0,0,0,0,0,0,0
rabbit,21,rabbits=15; rabbit=6,21,0,0,0,0,0,0,0
rattlebox,21,rattlebox=21,13,7,0,0,1,0,0,0
rectangular,21,rectangular=21,0,2,0,0,19,0,0,0
refine,21,refined=12; refine=5; refining=3; refines=1,2,0,19,0,0,0,0,0
refund,21,refund=17; refunds=4,19,0,2,0,0,0,0,0
religion,21,religion=17; religions=4,21,0,0,0,0,0,0,0
revenue,21,revenue=20; revenues=1,20,1,0,0,0,0,0,0
rhino,21,rhinos=15; rhino=6,18,1,0,0,2,0,0,0
robert,21,robert=21,0,21,0,0,0,0,0,0
satisfied,21,satisfied=21,0,0,0,0,21,0,0,0
seminar,21,seminar=19; seminars=2,21,0,0,0,0,0,0,0
sex,21,sex=15; sexes=6,21,0,0,0,0,0,0,0
sickle,21,sickles=11; sickle=10,19,0,0,0,2,0,0,0
silent,21,silent=21,0,1,0,0,20,0,0,0
silicate,21,silicate=15; silicates=6,8,2,2,0,9,0,0,0
skeptical,21,skeptical=21,1,1,0,0,19,0,0,0
soot,21,soot=21,21,0,0,0,0,0,0,0
spark,21,sparked=11; spark=5; sparks=5,7,0,14,0,0,0,0,0
studies,21,studies=21,0,21,0,0,0,0,0,0
sturgeon,21,sturgeon=21,21,0,0,0,0,0,0,0
succession,21,succession=21,21,0,0,0,0,0,0,0
sumerians,21,sumerians=21,0,21,0,0,0,0,0,0
tambora,21,tambora=21,0,21,0,0,0,0,0,0
tar,21,tar=21,21,0,0,0,0,0,0,0
theatrical,21,theatrical=21,0,1,0,0,20,0,0,0
thorn,21,thorns=15; thorn=6,20,0,1,0,0,0,0,0
tract,21,tract=14; tracts=7,21,0,0,0,0,0,0,0
transit,21,transit=20; transits=1,20,0,1,0,0,0,0,0
truffle,21,truffles=13; truffle=8,17,3,0,0,1,0,0,0
uniformitarianism,21,uniformitarianism=21,14,7,0,0,0,0,0,0
via,21,via=21,0,2,0,0,0,0,0,19
wegener,21,wegener=21,0,21,0,0,0,0,0,0
whitman,21,whitman=21,0,20,0,0,1,0,0,0
zoysia,21,zoysia=21,0,19,0,0,2,0,0,0
adjustment,20,adjustments=13; adjustment=7,20,0,0,0,0,0,0,0
affair,20,affairs=17; affair=3,20,0,0,0,0,0,0,0
alike,20,alike=20,0,0,0,0,1,19,0,0
aloud,20,aloud=20,0,0,0,0,3,17,0,0
apprentice,20,apprentices=16; apprentice=4,20,0,0,0,0,0,0,0
archean,20,archean=20,0,3,0,0,17,0,0,0
barely,20,barely=20,0,0,0,0,0,20,0,0
blanket,20,blanket=13; blankets=6; blanketed=1,19,0,1,0,0,0,0,0
bow,20,bow=14; bows=4; bowing=2,16,0,4,0,0,0,0,0
brightness,20,brightness=20,20,0,0,0,0,0,0,0
brine,20,brine=20,19,1,0,0,0,0,0,0
callisto,20,callisto=20,0,20,0,0,0,0,0,0
cancri,20,cancri=20,0,20,0,0,0,0,0,0
caravaggio,20,caravaggio=20,0,20,0,0,0,0,0,0
carib,20,carib=13; caribs=7,20,0,0,0,0,0,0,0
catastrophic,20,catastrophic=20,0,0,0,0,20,0,0,0
celle,20,celled=20,0,0,20,0,0,0,0,0
cfls,20,cfls=20,0,20,0,0,0,0,0,0
cinema,20,cinema=15; cinemas=5,17,3,0,0,0,0,0,0
cinematography,20,cinematography=20,18,2,0,0,0,0,0,0
circadian,20,circadian=20,0,0,0,0,20,0,0,0
coexist,20,coexist=13; coexisted=4; coexisting=3,0,0,20,0,0,0,0,0
comfort,20,comfort=15; comforting=4; comforts=1,13,2,5,0,0,0,0,0
compass,20,compass=18; compasses=2,20,0,0,0,0,0,0,0
complaint,20,complaints=13; complaint=7,20,0,0,0,0,0,0,0
confused,20,confused=20,0,1,0,0,19,0,0,0
confusion,20,confusion=20,19,1,0,0,0,0,0,0
corporation,20,corporations=14; corporation=6,20,0,0,0,0,0,0,0
criterion,20,criteria=15; criterion=5,20,0,0,0,0,0,0,0
critique,20,critique=16; critiquing=3; critiques=1,7,1,12,0,0,0,0,0
crown,20,crown=17; crowns=2; crowned=1,17,2,1,0,0,0,0,0
crush,20,crushed=9; crush=8; crushing=3,1,0,19,0,0,0,0,0
cuneiform,20,cuneiform=20,17,3,0,0,0,0,0,0
cutout,20,cutouts=19; cutout=1,20,0,0,0,0,0,0,0
deccan,20,deccan=20,0,11,0,0,9,0,0,0
delicate,20,delicate=20,0,0,0,0,20,0,0,0
devonian,20,devonian=20,0,10,0,0,10,0,0,0
dream,20,dream=12; dreams=7; dreamed=1,17,0,3,0,0,0,0,0
ebl,20,ebl=20,0,20,0,0,0,0,0,0
eighth,20,eighth=20,0,0,0,0,20,0,0,0
ethical,20,ethical=20,0,1,0,0,19,0,0,0
federalism,20,federalism=20,19,1,0,0,0,0,0,0
felix,20,felix=20,0,20,0,0,0,0,0,0
formerly,20,formerly=20,0,0,0,0,0,20,0,0
fowl,20,fowl=20,19,0,1,0,0,0,0,0
gothic,20,gothic=20,0,17,0,0,3,0,0,0
graphic,20,graphic=18; graphics=2,3,1,0,0,16,0,0,0
holocene,20,holocene=20,0,20,0,0,0,0,0,0
hook,20,hook=8; hooked=7; hooks=5,11,0,9,0,0,0,0,0
iceberg,20,iceberg=10; icebergs=10,11,9,0,0,0,0,0,0
immunity,20,immunity=20,20,0,0,0,0,0,0,0
inactive,20,inactive=20,3,0,0,0,17,0,0,0
incandescent,20,incandescent=20,18,0,2,0,0,0,0,0
inch,20,inches=17; inch=3,20,0,0,0,0,0,0,0
inconvenient,20,inconvenient=20,1,0,0,0,19,0,0,0
infected,20,infected=20,0,0,0,0,20,0,0,0
inference,20,inferences=15; inference=5,20,0,0,0,0,0,0,0
insufficient,20,insufficient=20,0,1,0,0,19,0,0,0
jean,20,jeans=14; jean=6,14,6,0,0,0,0,0,0
jennifer,20,jennifer=20,1,19,0,0,0,0,0,0
johnson,20,johnson=20,0,20,0,0,0,0,0,0
jurassic,20,jurassic=20,0,20,0,0,0,0,0,0
knot,20,knots=15; knot=4; knotted=1,19,0,1,0,0,0,0,0
leap,20,leap=13; leaping=5; leaps=2,9,0,11,0,0,0,0,0
legged,20,legged=20,0,0,0,0,20,0,0,0
lounge,20,lounge=14; lounges=4; lounging=2,18,0,2,0,0,0,0,0
loyal,20,loyal=20,0,0,0,0,20,0,0,0
marriage,20,marriage=19; marriages=1,20,0,0,0,0,0,0,0
mere,20,mere=20,0,1,0,0,19,0,0,0
mirror,20,mirror=9; mirrors=8; mirrored=3,16,0,4,0,0,0,0,0
mobility,20,mobility=20,20,0,0,0,0,0,0,0
monarch,20,monarch=17; monarchs=3,19,1,0,0,0,0,0,0
motif,20,motives=10; motifs=8; motif=2,20,0,0,0,0,0,0,0
neume,20,neumes=19; neume=1,20,0,0,0,0,0,0,0
neuron,20,neurons=12; neuron=8,18,2,0,0,0,0,0,0
ninth,20,ninth=20,0,0,0,0,20,0,0,0
nobility,20,nobility=20,20,0,0,0,0,0,0,0
occasional,20,occasional=20,3,0,0,0,17,0,0,0
ophir,20,ophir=20,0,20,0,0,0,0,0,0
orb,20,orb=20,15,0,2,0,3,0,0,0
persuade,20,persuade=14; persuaded=6,0,1,19,0,0,0,0,0
plains,20,plains=20,0,20,0,0,0,0,0,0
plank,20,plank=13; planks=7,20,0,0,0,0,0,0,0
plasma,20,plasma=19; plasmas=1,19,1,0,0,0,0,0,0
polluted,20,polluted=20,0,0,0,0,20,0,0,0
positioning,20,positioning=20,19,1,0,0,0,0,0,0
practically,20,practically=20,0,0,0,0,0,20,0,0
priest,20,priests=19; priest=1,20,0,0,0,0,0,0,0
prohibit,20,prohibited=12; prohibit=4; prohibits=3; prohibiting=1,1,0,19,0,0,0,0,0
prokaryote,20,prokaryotes=17; prokaryote=3,17,1,1,0,1,0,0,0
promising,20,promising=20,0,0,0,0,20,0,0,0
purely,20,purely=20,0,0,0,0,0,20,0,0
reactor,20,reactor=10; reactors=10,19,1,0,0,0,0,0,0
rear,20,rear=13; rearing=4; reared=3,8,0,8,0,4,0,0,0
receptor,20,receptors=12; receptor=8,20,0,0,0,0,0,0,0
recur,20,recurring=19; recur=1,0,0,20,0,0,0,0,0
reindeer,20,reindeer=20,20,0,0,0,0,0,0,0
reintroduce,20,reintroduced=8; reintroducing=8; reintroduce=4,0,0,20,0,0,0,0,0
rental,20,rental=12; rentals=8,11,3,0,0,6,0,0,0
replica,20,replicas=14; replica=6,20,0,0,0,0,0,0,0
retrieve,20,retrieve=11; retrieved=8; retrieving=1,0,0,20,0,0,0,0,0
rideshare,20,rideshare=14; rideshares=5; ridesharing=1,18,0,1,0,1,0,0,0
roost,20,roost=11; roosting=5; roosts=4,5,0,15,0,0,0,0,0
rootworm,20,rootworm=14; rootworms=6,18,1,1,0,0,0,0,0
scheduling,20,scheduling=20,19,1,0,0,0,0,0,0
sharing,20,sharing=20,20,0,0,0,0,0,0,0
shorebird,20,shorebirds=17; shorebird=3,19,0,0,0,1,0,0,0
siberia,20,siberia=20,0,20,0,0,0,0,0,0
sphere,20,spheres=14; sphere=6,20,0,0,0,0,0,0,0
steadily,20,steadily=20,0,0,0,0,0,20,0,0
straightforward,20,straightforward=20,0,0,0,0,20,0,0,0
suppress,20,suppress=8; suppressed=6; suppressing=5; suppresses=1,2,0,17,0,1,0,0,0
surely,20,surely=20,0,0,0,0,0,20,0,0
suspend,20,suspended=16; suspend=3; suspending=1,0,0,20,0,0,0,0,0
technically,20,technically=20,0,0,0,0,0,20,0,0
teenager,20,teenagers=17; teenager=3,20,0,0,0,0,0,0,0
temptation,20,temptation=18; temptations=2,19,0,1,0,0,0,0,0
theoretical,20,theoretical=20,1,0,0,0,19,0,0,0
threshold,20,threshold=15; thresholds=5,18,1,1,0,0,0,0,0
thursday,20,thursday=19; thursdays=1,1,19,0,0,0,0,0,0
tolerance,20,tolerance=18; tolerances=2,20,0,0,0,0,0,0,0
tornado,20,tornadoes=14; tornado=5; tornados=1,20,0,0,0,0,0,0,0
trainer,20,trainer=13; trainers=7,20,0,0,0,0,0,0,0
trout,20,trout=20,19,1,0,0,0,0,0,0
unconventional,20,unconventional=20,0,0,0,0,20,0,0,0
undertake,20,undertaken=11; undertake=4; undertook=3; undertaking=2,0,0,20,0,0,0,0,0
violation,20,violations=15; violation=5,20,0,0,0,0,0,0,0
virtuoso,20,virtuoso=14; virtuosos=6,15,2,0,0,3,0,0,0
vote,20,vote=11; votes=4; voted=3; voting=2,7,0,13,0,0,0,0,0
voyager,20,voyager=20,0,20,0,0,0,0,0,0
whitehead,20,whitehead=20,0,20,0,0,0,0,0,0
width,20,width=19; widths=1,19,0,1,0,0,0,0,0
wisdom,20,wisdom=20,20,0,0,0,0,0,0,0
adequately,19,adequately=19,0,0,0,0,0,19,0,0
alps,19,alps=19,0,19,0,0,0,0,0,0
alteration,19,alteration=15; alterations=4,19,0,0,0,0,0,0,0
aristocracy,19,aristocracy=19,19,0,0,0,0,0,0,0
asymmetrical,19,asymmetrical=19,0,0,0,0,19,0,0,0
barn,19,barn=17; barns=2,6,2,4,0,7,0,0,0
bibliography,19,bibliography=19,19,0,0,0,0,0,0,0
blocking,19,blocking=19,17,2,0,0,0,0,0,0
bore,19,bored=12; bore=5; boring=2,4,0,14,0,1,0,0,0
bulk,19,bulk=19,8,0,0,0,11,0,0,0
calm,19,calm=11; calmer=4; calmed=2; calming=2,1,1,6,0,11,0,0,0
centralized,19,centralized=19,0,1,0,0,18,0,0,0
charity,19,charity=10; charities=9,19,0,0,0,0,0,0,0
chess,19,chess=19,18,1,0,0,0,0,0,0
circulate,19,circulate=12; circulating=5; circulated=2,0,0,19,0,0,0,0,0
closed,19,closed=19,0,1,0,0,18,0,0,0
collectively,19,collectively=19,0,0,0,0,0,19,0,0
combat,19,combat=16; combating=1; combats=1; combatting=1,7,0,12,0,0,0,0,0
confusing,19,confusing=19,1,0,0,0,18,0,0,0
conscious,19,conscious=19,0,0,0,0,19,0,0,0
conveyor,19,conveyor=19,8,7,0,0,4,0,0,0
correlate,19,correlate=8; correlated=7; correlates=4,1,0,18,0,0,0,0,0
counterpart,19,counterparts=19,19,0,0,0,0,0,0,0
covering,19,covering=16; coverings=3,19,0,0,0,0,0,0,0
craftspeople,19,craftspeople=19,17,2,0,0,0,0,0,0
crete,19,crete=19,0,19,0,0,0,0,0,0
curve,19,curve=6; curves=6; curved=5; curving=2,9,0,10,0,0,0,0,0
daguerre,19,daguerre=19,0,19,0,0,0,0,0,0
demonstrator,19,demonstrator=18; demonstrators=1,19,0,0,0,0,0,0,0
deprive,19,deprived=12; depriving=6; deprive=1,0,0,19,0,0,0,0,0
deteriorate,19,deteriorate=9; deteriorated=5; deteriorating=4; deteriorates=1,0,0,19,0,0,0,0,0
developmental,19,developmental=19,0,0,0,0,19,0,0,0
dormant,19,dormant=19,0,0,0,0,19,0,0,0
elementary,19,elementary=19,0,0,0,0,19,0,0,0
essence,19,essence=19,19,0,0,0,0,0,0,0
fantastic,19,fantastic=19,0,4,0,0,15,0,0,0
file,19,file=7; files=7; filed=4; filing=1,14,0,5,0,0,0,0,0
finely,19,finely=19,0,0,0,0,0,19,0,0
fir,19,firs=10; fir=9,18,1,0,0,0,0,0,0
flightless,19,flightless=19,17,0,2,0,0,0,0,0
foster,19,foster=10; fostered=5; fostering=2; fosters=2,1,2,12,0,4,0,0,0
foumban,19,foumban=19,0,14,0,0,5,0,0,0
genyornis,19,genyornis=19,0,19,0,0,0,0,0,0
gesture,19,gestures=14; gesture=4; gesturing=1,18,0,1,0,0,0,0,0
groom,19,grooming=10; groom=7; groomed=1; grooms=1,2,0,17,0,0,0,0,0
gropius,19,gropius=19,0,19,0,0,0,0,0,0
guidance,19,guidance=19,19,0,0,0,0,0,0,0
gymnosperm,19,gymnosperms=17; gymnosperm=2,19,0,0,0,0,0,0,0
heated,19,heated=19,0,1,0,0,18,0,0,0
hero,19,hero=13; heroes=6,19,0,0,0,0,0,0,0
hillside,19,hillsides=14; hillside=5,19,0,0,0,0,0,0,0
hind,19,hind=19,18,1,0,0,0,0,0,0
incredible,19,incredible=19,0,0,0,0,19,0,0,0
indians,19,indians=19,0,19,0,0,0,0,0,0
individually,19,individually=19,0,0,0,0,0,19,0,0
indonesia,19,indonesia=19,0,19,0,0,0,0,0,0
inefficient,19,inefficient=19,0,0,0,0,19,0,0,0
insist,19,insisted=8; insist=7; insisting=2; insists=2,0,0,19,0,0,0,0,0
inspection,19,inspection=19,19,0,0,0,0,0,0,0
intensify,19,intensified=13; intensify=5; intensifying=1,0,0,19,0,0,0,0,0
intricate,19,intricate=19,0,0,0,0,19,0,0,0
kilogram,19,kilograms=14; kilogram=5,19,0,0,0,0,0,0,0
lately,19,lately=19,0,0,0,0,0,19,0,0
leafcutter,19,leafcutter=19,0,4,1,0,14,0,0,0
lid,19,lid=11; lids=8,18,0,0,0,1,0,0,0
magritte,19,magritte=19,0,19,0,0,0,0,0,0
maria,19,maria=19,2,17,0,0,0,0,0,0
menu,19,menu=16; menus=3,18,0,0,0,1,0,0,0
metallic,19,metallic=19,0,0,0,0,19,0,0,0
midterm,19,midterm=16; midterms=3,19,0,0,0,0,0,0,0
millennia,19,millennia=19,9,1,0,0,0,0,8,1
mimosa,19,mimosa=19,19,0,0,0,0,0,0,0
mitochondria,19,mitochondria=19,2,17,0,0,0,0,0,0
modeling,19,modeling=19,18,1,0,0,0,0,0,0
mogao,19,mogao=19,0,16,0,0,3,0,0,0
moss,19,mosses=13; moss=6,19,0,0,0,0,0,0,0
multitaske,19,multitasking=19,0,0,19,0,0,0,0,0
mutually,19,mutually=19,0,0,0,0,0,19,0,0
necessity,19,necessity=14; necessities=5,19,0,0,0,0,0,0,0
needle,19,needles=14; needle=5,19,0,0,0,0,0,0,0
neptune,19,neptune=19,0,19,0,0,0,0,0,0
nowhere,19,nowhere=19,0,0,0,0,0,19,0,0
oceanic,19,oceanic=19,0,3,0,0,16,0,0,0
oldest,19,oldest=19,0,0,0,0,0,19,0,0
organized,19,organized=19,0,0,0,0,19,0,0,0
paperwork,19,paperwork=19,19,0,0,0,0,0,0,0
parasitic,19,parasitic=19,0,0,0,0,19,0,0,0
persist,19,persisted=10; persist=7; persists=2,2,0,17,0,0,0,0,0
poetic,19,poetic=18; poetics=1,1,0,0,0,18,0,0,0
police,19,police=18; policed=1,16,1,2,0,0,0,0,0
practitioner,19,practitioners=17; practitioner=2,19,0,0,0,0,0,0,0
prosperous,19,prosperous=19,0,0,0,0,19,0,0,0
quartz,19,quartz=19,17,2,0,0,0,0,0,0
raft,19,raft=12; rafts=7,19,0,0,0,0,0,0,0
reform,19,reforms=12; reform=4; reformed=3,15,1,3,0,0,0,0,0
renovate,19,renovated=14; renovating=4; renovate=1,0,0,19,0,0,0,0,0
renovation,19,renovation=10; renovations=9,19,0,0,0,0,0,0,0
resemblance,19,resemblance=19,19,0,0,0,0,0,0,0
rotaxane,19,rotaxanes=10; rotaxane=9,19,0,0,0,0,0,0,0
scandinavian,19,scandinavian=19,0,0,0,0,19,0,0,0
schliemann,19,schliemann=19,0,19,0,0,0,0,0,0
score,19,scores=9; score=6; scored=4,15,0,4,0,0,0,0,0
seaweed,19,seaweed=16; seaweeds=3,18,0,1,0,0,0,0,0
secondly,19,secondly=19,0,0,0,0,0,19,0,0
simulate,19,simulate=10; simulated=6; simulates=3,0,0,19,0,0,0,0,0
soccer,19,soccer=19,19,0,0,0,0,0,0,0
socialize,19,socialize=16; socializing=2; socialized=1,0,0,19,0,0,0,0,0
soda,19,soda=15; sodas=4,18,1,0,0,0,0,0,0
somebody,19,somebody=19,0,0,0,0,0,0,19,0
someday,19,someday=19,1,0,0,0,0,18,0,0
spoil,19,spoil=10; spoiled=3; spoiling=3; spoils=3,2,0,17,0,0,0,0,0
stamp,19,stamp=10; stamps=5; stamped=2; stamping=2,11,0,8,0,0,0,0,0
stratification,19,stratification=19,19,0,0,0,0,0,0,0
stressful,19,stressful=19,0,0,0,0,19,0,0,0
subsequently,19,subsequently=19,0,0,0,0,0,19,0,0
sunday,19,sunday=19,0,19,0,0,0,0,0,0
swarm,19,swarm=13; swarms=4; swarming=2,16,0,3,0,0,0,0,0
thomson,19,thomson=19,0,19,0,0,0,0,0,0
undoubtedly,19,undoubtedly=19,0,0,0,0,0,19,0,0
unsuitable,19,unsuitable=19,0,0,0,0,19,0,0,0
upgrade,19,upgrade=17; upgrading=2,12,0,7,0,0,0,0,0
vanish,19,vanished=12; vanishing=4; vanish=3,0,0,19,0,0,0,0,0
velocity,19,velocity=15; velocities=4,19,0,0,0,0,0,0,0
violent,19,violent=19,0,0,0,0,19,0,0,0
watt,19,watt=19,0,19,0,0,0,0,0,0
wilderness,19,wilderness=19,17,2,0,0,0,0,0,0
abdomen,18,abdomen=17; abdomens=1,18,0,0,0,0,0,0,0
abruptly,18,abruptly=18,0,0,0,0,0,18,0,0
acceptable,18,acceptable=18,0,0,0,0,18,0,0,0
admission,18,admission=12; admissions=6,18,0,0,0,0,0,0,0
aggressively,18,aggressively=18,0,0,0,0,0,18,0,0
anguissola,18,anguissola=18,0,18,0,0,0,0,0,0
aposematic,18,aposematic=18,0,2,0,0,16,0,0,0
assessment,18,assessment=16; assessments=2,17,1,0,0,0,0,0,0
aztec,18,aztec=17; aztecs=1,1,5,0,0,12,0,0,0
blog,18,blog=17; blogs=1,18,0,0,0,0,0,0,0
carolina,18,carolina=18,0,18,0,0,0,0,0,0
cassatt,18,cassatt=18,0,18,0,0,0,0,0,0
chytrid,18,chytrid=18,0,13,0,0,5,0,0,0
cleary,18,cleary=18,0,18,0,0,0,0,0,0
clever,18,clever=18,1,5,0,0,12,0,0,0
cocoon,18,cocoon=12; cocoons=6,18,0,0,0,0,0,0,0
contaminant,18,contaminants=17; contaminant=1,18,0,0,0,0,0,0,0
copan,18,copan=18,1,17,0,0,0,0,0,0
corners,18,corners=18,0,18,0,0,0,0,0,0
corvo,18,corvo=18,0,18,0,0,0,0,0,0
daylight,18,daylight=18,18,0,0,0,0,0,0,0
decomposition,18,decomposition=18,17,1,0,0,0,0,0,0
default,18,default=18,18,0,0,0,0,0,0,0
denser,18,denser=18,13,5,0,0,0,0,0,0
dental,18,dental=18,0,0,0,0,18,0,0,0
determinism,18,determinism=18,18,0,0,0,0,0,0,0
ditch,18,ditches=14; ditch=4,14,2,2,0,0,0,0,0
dms,18,dms=18,0,18,0,0,0,0,0,0
downside,18,downside=13; downsides=5,16,0,2,0,0,0,0,0
durand,18,durand=18,1,17,0,0,0,0,0,0
dusk,18,dusk=18,15,2,1,0,0,0,0,0
eager,18,eager=18,0,0,0,0,18,0,0,0
ecotourism,18,ecotourism=18,18,0,0,0,0,0,0,0
educator,18,educators=15; educator=3,18,0,0,0,0,0,0,0
efforts,18,efforts=18,0,18,0,0,0,0,0,0
elevate,18,elevated=10; elevate=5; elevating=2; elevates=1,1,0,17,0,0,0,0,0
eleventh,18,eleventh=18,2,0,0,0,16,0,0,0
emergency,18,emergency=15; emergencies=3,17,0,0,0,1,0,0,0
endangered,18,endangered=18,0,2,1,0,15,0,0,0
endure,18,enduring=10; endure=4; endured=3; endures=1,1,0,17,0,0,0,0,0
etc,18,etc=18,0,0,0,0,0,0,0,18
eyck,18,eyck=18,0,18,0,0,0,0,0,0
fate,18,fate=16; fates=2,9,9,0,0,0,0,0,0
figurine,18,figurines=17; figurine=1,18,0,0,0,0,0,0,0
flawed,18,flawed=18,0,0,0,0,18,0,0,0
flee,18,fled=7; flee=6; fleeing=5,1,0,17,0,0,0,0,0
formulate,18,formulated=13; formulate=3; formulating=2,0,0,17,0,1,0,0,0
gate,18,gate=14; gates=3; gated=1,5,12,1,0,0,0,0,0
geyser,18,geyser=12; geysers=6,15,1,0,0,2,0,0,0
giorgione,18,giorgione=18,0,18,0,0,0,0,0,0
glaze,18,glaze=10; glazed=4; glazes=4,13,0,5,0,0,0,0,0
governor,18,governor=13; governors=5,18,0,0,0,0,0,0,0
grey,18,grey=18,8,4,1,0,5,0,0,0
gut,18,gut=18,18,0,0,0,0,0,0,0
handicraft,18,handicraft=12; handicrafts=6,18,0,0,0,0,0,0,0
heal,18,healed=6; healing=6; heal=5; heals=1,0,0,18,0,0,0,0,0
hull,18,hulls=12; hull=5; hulling=1,17,0,1,0,0,0,0,0
ife,18,ife=18,1,17,0,0,0,0,0,0
illness,18,illness=14; illnesses=4,18,0,0,0,0,0,0,0
imaging,18,imaging=18,17,1,0,0,0,0,0,0
incorrectly,18,incorrectly=18,0,0,0,0,0,18,0,0
ingest,18,ingest=9; ingested=6; ingesting=3,0,0,18,0,0,0,0,0
inherit,18,inherited=16; inherit=2,1,0,17,0,0,0,0,0
instinct,18,instinct=10; instincts=8,14,0,0,0,4,0,0,0
intake,18,intake=17; intakes=1,17,1,0,0,0,0,0,0
interrupt,18,interrupted=7; interrupt=6; interrupting=3; interrupts=2,0,0,17,0,1,0,0,0
jackson,18,jackson=18,0,18,0,0,0,0,0,0
joke,18,jokes=11; joke=4; joking=2; joked=1,14,0,4,0,0,0,0,0
kane,18,kane=18,0,18,0,0,0,0,0,0
kiln,18,kilns=16; kiln=2,18,0,0,0,0,0,0,0
kostenki,18,kostenki=18,0,18,0,0,0,0,0,0
laban,18,laban=18,0,18,0,0,0,0,0,0
listener,18,listeners=15; listener=3,18,0,0,0,0,0,0,0
locke,18,locke=18,0,18,0,0,0,0,0,0
loom,18,looms=14; loom=3; looming=1,14,0,4,0,0,0,0,0
los,18,los=18,0,18,0,0,0,0,0,0
march,18,march=11; marching=7,3,8,7,0,0,0,0,0
membership,18,membership=18,16,2,0,0,0,0,0,0
mexican,18,mexican=18,0,6,0,0,12,0,0,0
mississippi,18,mississippi=18,0,18,0,0,0,0,0,0
modernism,18,modernism=18,11,5,0,0,2,0,0,0
norris,18,norris=18,0,18,0,0,0,0,0,0
northwestern,18,northwestern=18,0,0,0,0,18,0,0,0
norway,18,norway=18,0,18,0,0,0,0,0,0
offering,18,offerings=11; offering=7,18,0,0,0,0,0,0,0
opah,18,opah=18,18,0,0,0,0,0,0,0
oversee,18,oversee=11; oversaw=2; overseeing=2; overseen=2; oversees=1,1,0,17,0,0,0,0,0
paganini,18,paganini=18,0,18,0,0,0,0,0,0
palladio,18,palladio=18,0,18,0,0,0,0,0,0
parallel,18,parallel=14; parallels=4,7,0,3,0,8,0,0,0
parasitism,18,parasitism=18,18,0,0,0,0,0,0,0
pinnacle,18,pinnacle=18,2,16,0,0,0,0,0,0
plague,18,plague=12; plagued=6,11,1,6,0,0,0,0,0
prevalent,18,prevalent=18,0,0,0,0,18,0,0,0
pulse,18,pulses=13; pulse=5,17,0,0,0,1,0,0,0
puppet,18,puppet=10; puppets=8,18,0,0,0,0,0,0,0
quilter,18,quilters=15; quilter=3,18,0,0,0,0,0,0,0
randomly,18,randomly=18,0,0,0,0,1,17,0,0
rebuild,18,rebuilt=11; rebuild=4; rebuilding=3,0,0,18,0,0,0,0,0
reign,18,reign=10; reigns=7; reigned=1,17,0,1,0,0,0,0,0
reliance,18,reliance=18,17,1,0,0,0,0,0,0
renoir,18,renoir=18,0,18,0,0,0,0,0,0
restriction,18,restrictions=13; restriction=5,17,1,0,0,0,0,0,0
rider,18,riders=16; rider=2,18,0,0,0,0,0,0,0
ripe,18,ripe=18,0,0,0,0,18,0,0,0
romantic,18,romantic=18,0,1,0,0,17,0,0,0
rubber,18,rubber=18,18,0,0,0,0,0,0,0
sandy,18,sandy=18,1,1,0,0,16,0,0,0
scarcity,18,scarcity=18,18,0,0,0,0,0,0,0
separately,18,separately=18,0,0,0,0,0,18,0,0
serpent,18,serpent=16; serpents=2,3,14,0,0,1,0,0,0
shake,18,shaking=9; shake=7; shook=2,0,0,18,0,0,0,0,0
silt,18,silt=14; silts=4,18,0,0,0,0,0,0,0
simplicity,18,simplicity=18,18,0,0,0,0,0,0,0
skeletal,18,skeletal=18,0,0,0,0,18,0,0,0
southeastern,18,southeastern=18,1,2,0,0,15,0,0,0
statistic,18,statistics=17; statistic=1,18,0,0,0,0,0,0,0
sum,18,sum=10; sums=6; summed=2,12,0,6,0,0,0,0,0
supporter,18,supporters=15; supporter=3,18,0,0,0,0,0,0,0
supposedly,18,supposedly=18,0,0,0,0,0,18,0,0
sustained,18,sustained=18,0,0,0,0,18,0,0,0
swamp,18,swamps=12; swamp=5; swamped=1,17,0,1,0,0,0,0,0
telegraph,18,telegraph=18,14,4,0,0,0,0,0,0
thinker,18,thinkers=15; thinker=3,18,0,0,0,0,0,0,0
thyme,18,thyme=18,17,1,0,0,0,0,0,0
tigris,18,tigris=18,0,18,0,0,0,0,0,0
tilt,18,tilt=13; tilted=3; tilting=1; tilts=1,12,0,6,0,0,0,0,0
toll,18,toll=13; tolls=5,18,0,0,0,0,0,0,0
translation,18,translation=12; translations=6,18,0,0,0,0,0,0,0
transmission,18,transmission=16; transmissions=2,17,1,0,0,0,0,0,0
twelve,18,twelve=18,0,0,0,0,0,0,0,18
urey,18,urey=18,0,18,0,0,0,0,0,0
vampire,18,vampire=18,0,1,1,0,16,0,0,0
variant,18,variants=13; variant=5,17,0,0,0,1,0,0,0
viking,18,viking=18,0,8,0,0,10,0,0,0
weep,18,weeping=18,0,0,18,0,0,0,0,0
weird,18,weird=18,0,0,0,0,18,0,0,0
ai,17,ai=17,0,17,0,0,0,0,0,0
aircraft,17,aircraft=17,17,0,0,0,0,0,0,0
albert,17,albert=17,0,17,0,0,0,0,0,0
alkaloid,17,alkaloids=15; alkaloid=2,16,0,0,0,1,0,0,0
ambassador,17,ambassadors=9; ambassador=8,17,0,0,0,0,0,0,0
ambitious,17,ambitious=17,0,0,0,0,17,0,0,0
angeles,17,angeles=17,0,17,0,0,0,0,0,0
arouse,17,arouse=9; aroused=4; arouses=3; arousing=1,1,0,16,0,0,0,0,0
assert,17,asserts=6; assert=5; asserted=4; asserting=2,0,0,17,0,0,0,0,0
bait,17,bait=13; baits=3; baited=1,12,3,1,0,1,0,0,0
batesian,17,batesian=17,0,12,0,0,5,0,0,0
bauhaus,17,bauhaus=17,0,17,0,0,0,0,0,0
beforehand,17,beforehand=17,0,0,0,0,0,17,0,0
belgium,17,belgium=17,1,16,0,0,0,0,0,0
ben,17,ben=17,0,17,0,0,0,0,0,0
berkeley,17,berkeley=17,0,17,0,0,0,0,0,0
bleaching,17,bleaching=17,15,1,0,0,1,0,0,0
botany,17,botany=17,17,0,0,0,0,0,0,0
brittle,17,brittle=17,0,0,0,0,17,0,0,0
buoyancy,17,buoyancy=17,17,0,0,0,0,0,0,0
capita,17,capita=17,15,0,0,0,0,0,0,2
carpet,17,carpet=14; carpets=2; carpeted=1,16,0,1,0,0,0,0,0
cephalopod,17,cephalopods=11; cephalopod=6,14,0,0,0,3,0,0,0
cm,17,cm=17,17,0,0,0,0,0,0,0
coevolution,17,coevolution=17,14,3,0,0,0,0,0,0
coil,17,coil=13; coiled=3; coils=1,14,0,3,0,0,0,0,0
compost,17,compost=11; composting=5; composted=1,10,0,7,0,0,0,0,0
compress,17,compressed=10; compressing=3; compress=2; compresses=2,2,0,15,0,0,0,0,0
conditioning,17,conditioning=17,16,1,0,0,0,0,0,0
congo,17,congo=17,0,17,0,0,0,0,0,0
consciousness,17,consciousness=17,17,0,0,0,0,0,0,0
constitution,17,constitution=10; constitutions=7,10,7,0,0,0,0,0,0
consult,17,consult=10; consulted=3; consulting=3; consults=1,0,2,15,0,0,0,0,0
cope,17,cope=16; copes=1,1,0,16,0,0,0,0,0
cyclade,17,cyclades=17,17,0,0,0,0,0,0,0
data,17,data=17,17,0,0,0,0,0,0,0
davis,17,davis=17,0,17,0,0,0,0,0,0
demonstration,17,demonstrations=9; demonstration=8,17,0,0,0,0,0,0,0
detection,17,detection=17,16,1,0,0,0,0,0,0
divert,17,divert=9; diverted=5; diverting=2; diverts=1,2,0,15,0,0,0,0,0
diving,17,diving=17,9,0,0,0,8,0,0,0
documentation,17,documentation=17,17,0,0,0,0,0,0,0
dwell,17,dwelling=15; dwell=1; dwells=1,1,0,16,0,0,0,0,0
el,17,el=17,0,17,0,0,0,0,0,0
elegant,17,elegant=17,0,0,0,0,17,0,0,0
elevator,17,elevator=14; elevators=3,17,0,0,0,0,0,0,0
enlightenment,17,enlightenment=17,10,7,0,0,0,0,0,0
ensemble,17,ensembles=10; ensemble=7,14,0,0,0,3,0,0,0
equation,17,equations=10; equation=7,17,0,0,0,0,0,0,0
eventual,17,eventual=17,0,0,0,0,17,0,0,0
evident,17,evident=17,0,0,0,0,17,0,0,0
evidently,17,evidently=17,0,0,0,0,0,17,0,0
exploitation,17,exploitation=17,17,0,0,0,0,0,0,0
extraterrestrial,17,extraterrestrial=17,0,0,0,0,17,0,0,0
flour,17,flour=17,17,0,0,0,0,0,0,0
football,17,football=17,17,0,0,0,0,0,0,0
fossilize,17,fossilized=15; fossilize=2,0,0,17,0,0,0,0,0
friction,17,friction=17,17,0,0,0,0,0,0,0
geologically,17,geologically=17,0,0,0,0,0,17,0,0
glassmake,17,glassmaking=17,0,0,17,0,0,0,0,0
gobekli,17,gobekli=17,0,17,0,0,0,0,0,0
hadrosaur,17,hadrosaurs=11; hadrosaur=6,11,2,1,0,3,0,0,0
harness,17,harness=9; harnessed=4; harnessing=3; harnesses=1,4,0,11,0,2,0,0,0
hike,17,hiking=8; hike=7; hikes=2,8,0,9,0,0,0,0,0
imaginary,17,imaginary=17,0,0,0,0,17,0,0,0
inability,17,inability=17,17,0,0,0,0,0,0,0
inconsistent,17,inconsistent=17,1,0,0,0,16,0,0,0
inherent,17,inherent=17,0,0,0,0,17,0,0,0
inquire,17,inquire=15; inquired=1; inquiring=1,0,2,15,0,0,0,0,0
intrigue,17,intrigued=15; intrigue=2,2,0,15,0,0,0,0,0
intro,17,intro=17,9,8,0,0,0,0,0,0
invader,17,invaders=15; invader=2,17,0,0,0,0,0,0,0
irrigate,17,irrigate=6; irrigating=6; irrigated=5,1,0,16,0,0,0,0,0
jefferson,17,jefferson=17,0,17,0,0,0,0,0,0
jetty,17,jetty=17,2,15,0,0,0,0,0,0
jh,17,jh=17,0,17,0,0,0,0,0,0
kress,17,kress=17,0,17,0,0,0,0,0,0
lane,17,lanes=14; lane=3,16,1,0,0,0,0,0,0
larval,17,larval=17,16,0,0,0,1,0,0,0
lastly,17,lastly=17,0,0,0,0,0,17,0,0
mechanized,17,mechanized=17,0,0,0,0,17,0,0,0
mesh,17,mesh=17,16,0,1,0,0,0,0,0
mess,17,mess=13; messing=4,9,0,8,0,0,0,0,0
methods,17,methods=17,0,17,0,0,0,0,0,0
microplastic,17,microplastics=15; microplastic=2,16,0,0,0,1,0,0,0
misinterpret,17,misinterpreted=11; misinterpret=5; misinterpreting=1,0,0,17,0,0,0,0,0
mitochondrial,17,mitochondrial=17,1,5,0,0,11,0,0,0
moko,17,moko=17,2,14,1,0,0,0,0,0
monthly,17,monthly=17,0,0,0,0,14,3,0,0
mountainous,17,mountainous=17,0,0,0,0,17,0,0,0
mug,17,mug=10; mugs=7,16,1,0,0,0,0,0,0
mycenaeans,17,mycenaeans=17,0,17,0,0,0,0,0,0
nephew,17,nephews=9; nephew=8,17,0,0,0,0,0,0,0
obscure,17,obscure=9; obscured=6; obscuring=2,0,0,9,0,8,0,0,0
obsidian,17,obsidian=17,0,10,0,0,7,0,0,0
offset,17,offset=16; offsets=1,0,0,17,0,0,0,0,0
onset,17,onset=17,17,0,0,0,0,0,0,0
opposition,17,opposition=17,17,0,0,0,0,0,0,0
optical,17,optical=17,0,0,0,0,17,0,0,0
outdated,17,outdated=17,0,0,0,0,17,0,0,0
owe,17,owed=9; owe=6; owing=2,0,0,17,0,0,0,0,0
pan,17,pan=11; pans=5; panning=1,14,2,1,0,0,0,0,0
parakeet,17,parakeets=14; parakeet=3,17,0,0,0,0,0,0,0
peace,17,peace=17,17,0,0,0,0,0,0,0
pillar,17,pillars=14; pillar=3,17,0,0,0,0,0,0,0
pilot,17,pilot=13; pilots=4,17,0,0,0,0,0,0,0
pingo,17,pingo=9; pingos=8,17,0,0,0,0,0,0,0
pink,17,pink=17,1,0,1,0,15,0,0,0
pony,17,pony=15; ponies=2,2,15,0,0,0,0,0,0
precision,17,precision=17,17,0,0,0,0,0,0,0
prestigious,17,prestigious=17,0,0,0,0,17,0,0,0
privately,17,privately=17,0,0,0,0,0,17,0,0
propel,17,propel=9; propelled=3; propels=3; propelling=2,0,0,17,0,0,0,0,0
publicly,17,publicly=17,0,0,0,0,0,17,0,0
quote,17,quote=8; quoted=5; quotes=2; quoting=2,2,0,10,0,0,0,0,5
radar,17,radar=16; radars=1,16,1,0,0,0,0,0,0
rap,17,rap=9; raps=8,12,5,0,0,0,0,0,0
rebel,17,rebelled=9; rebel=4; rebels=3; rebelling=1,3,0,14,0,0,0,0,0
repetition,17,repetition=17,17,0,0,0,0,0,0,0
repetitive,17,repetitive=17,0,0,0,0,17,0,0,0
respiration,17,respiration=17,17,0,0,0,0,0,0,0
retail,17,retail=16; retails=1,1,0,0,0,16,0,0,0
sac,17,sac=10; sacs=7,17,0,0,0,0,0,0,0
schoolwork,17,schoolwork=17,17,0,0,0,0,0,0,0
seasonally,17,seasonally=17,0,0,0,0,0,17,0,0
severely,17,severely=17,0,0,0,0,0,17,0,0
shipbuilding,17,shipbuilding=17,16,1,0,0,0,0,0,0
sierra,17,sierra=17,0,17,0,0,0,0,0,0
simultaneously,17,simultaneously=17,0,0,0,0,0,17,0,0
skyscraper,17,skyscrapers=9; skyscraper=8,17,0,0,0,0,0,0,0
smartphone,17,smartphone=9; smartphones=8,17,0,0,0,0,0,0,0
sparse,17,sparse=17,3,0,2,0,12,0,0,0
speculation,17,speculation=14; speculations=3,17,0,0,0,0,0,0,0
sperm,17,sperm=17,17,0,0,0,0,0,0,0
spinning,17,spinning=17,12,0,0,0,5,0,0,0
starvation,17,starvation=17,17,0,0,0,0,0,0,0
starve,17,starve=8; starved=7; starving=2,0,0,17,0,0,0,0,0
stuart,17,stuart=17,0,17,0,0,0,0,0,0
sumer,17,sumer=17,1,16,0,0,0,0,0,0
sunnansund,17,sunnansund=17,0,15,0,0,2,0,0,0
tepe,17,tepe=17,0,17,0,0,0,0,0,0
terminal,17,terminal=15; terminals=2,4,3,0,0,10,0,0,0
terrible,17,terrible=17,0,0,0,0,17,0,0,0
totem,17,totem=16; totems=1,14,3,0,0,0,0,0,0
transparent,17,transparent=17,0,0,0,0,17,0,0,0
tribal,17,tribal=17,0,0,0,0,17,0,0,0
triceratop,17,triceratops=17,16,0,1,0,0,0,0,0
uncommon,17,uncommon=17,1,0,0,0,16,0,0,0
unfair,17,unfair=17,0,0,0,0,17,0,0,0
upside,17,upside=17,3,0,0,0,1,13,0,0
vadose,17,vadose=17,17,0,0,0,0,0,0,0
vigorous,17,vigorous=17,0,0,0,0,17,0,0,0
walter,17,walter=17,0,17,0,0,0,0,0,0
warfare,17,warfare=17,17,0,0,0,0,0,0,0
warmer,17,warmer=17,9,4,0,0,4,0,0,0
adam,16,adam=14; adams=2,2,14,0,0,0,0,0,0
adena,16,adena=16,0,16,0,0,0,0,0,0
affected,16,affected=16,0,1,0,0,15,0,0,0
afterwards,16,afterwards=16,0,0,0,0,0,16,0,0
akrotiri,16,akrotiri=16,0,16,0,0,0,0,0,0
altered,16,altered=16,0,0,0,0,16,0,0,0
amalgam,16,amalgam=16,15,1,0,0,0,0,0,0
applicant,16,applicants=9; applicant=7,14,0,0,0,2,0,0,0
archeological,16,archeological=16,0,0,0,0,16,0,0,0
artery,16,arteries=13; artery=3,16,0,0,0,0,0,0,0
bake,16,baked=13; bake=2; baking=1,1,0,15,0,0,0,0,0
baltic,16,baltic=16,0,12,0,0,4,0,0,0
bare,16,bare=16,0,0,0,0,16,0,0,0
bath,16,bath=6; bathed=5; baths=3; bathing=2,9,0,7,0,0,0,0,0
birdsong,16,birdsong=14; birdsongs=2,3,12,0,0,0,1,0,0
bonus,16,bonus=9; bonuses=7,16,0,0,0,0,0,0,0
buildup,16,buildup=16,16,0,0,0,0,0,0,0
cafe,16,cafe=12; cafes=4,13,3,0,0,0,0,0,0
camel,16,camels=13; camel=3,15,1,0,0,0,0,0,0
catalyst,16,catalyst=12; catalysts=4,14,0,2,0,0,0,0,0
childe,16,childe=16,1,15,0,0,0,0,0,0
children,16,children=14; childrens=2,2,14,0,0,0,0,0,0
compile,16,compiled=11; compile=3; compiling=2,1,0,15,0,0,0,0,0
configuration,16,configuration=10; configurations=6,16,0,0,0,0,0,0,0
connector,16,connectors=14; connector=2,16,0,0,0,0,0,0,0
correlation,16,correlation=15; correlations=1,16,0,0,0,0,0,0,0
corridor,16,corridor=11; corridors=5,13,3,0,0,0,0,0,0
cottage,16,cottage=11; cottages=5,16,0,0,0,0,0,0,0
counselor,16,counselor=15; counselors=1,16,0,0,0,0,0,0,0
coverage,16,coverage=16,14,2,0,0,0,0,0,0
cupules,16,cupules=16,12,4,0,0,0,0,0,0
cyclist,16,cyclists=15; cyclist=1,16,0,0,0,0,0,0,0
damp,16,damp=16,0,0,1,0,15,0,0,0
debt,16,debt=10; debts=6,16,0,0,0,0,0,0,0
declare,16,declared=8; declare=6; declaring=2,0,0,16,0,0,0,0,0
dedicate,16,dedicated=16,0,0,16,0,0,0,0,0
deimos,16,deimos=16,0,16,0,0,0,0,0,0
demographic,16,demographic=15; demographics=1,1,0,0,0,15,0,0,0
densely,16,densely=16,0,0,0,0,0,16,0,0
deterioration,16,deterioration=16,16,0,0,0,0,0,0,0
determined,16,determined=16,0,1,0,0,15,0,0,0
devastating,16,devastating=16,0,0,0,0,16,0,0,0
discontinue,16,discontinued=10; discontinue=5; discontinuing=1,0,0,16,0,0,0,0,0
dislike,16,dislike=11; dislikes=3; disliked=2,4,0,12,0,0,0,0,0
donkey,16,donkeys=12; donkey=4,16,0,0,0,0,0,0,0
drastic,16,drastic=16,0,0,0,0,16,0,0,0
eagle,16,eagles=10; eagle=6,13,3,0,0,0,0,0,0
echolocation,16,echolocation=15; echolocations=1,14,2,0,0,0,0,0,0
economical,16,economical=16,0,0,0,0,16,0,0,0
edward,16,edward=16,0,16,0,0,0,0,0,0
eligible,16,eligible=16,0,0,0,0,16,0,0,0
embroidery,16,embroidery=13; embroideries=3,16,0,0,0,0,0,0,0
emu,16,emu=16,6,10,0,0,0,0,0,0
enjoyable,16,enjoyable=16,0,0,0,0,16,0,0,0
enlarge,16,enlarged=13; enlarge=2; enlarging=1,0,0,16,0,0,0,0,0
ethic,16,ethics=15; ethic=1,15,0,0,0,1,0,0,0
etruscans,16,etruscans=16,0,16,0,0,0,0,0,0
expedition,16,expedition=10; expeditions=6,16,0,0,0,0,0,0,0
expel,16,expelled=9; expel=4; expelling=2; expels=1,1,0,15,0,0,0,0,0
eyewitness,16,eyewitness=12; eyewitnesses=4,16,0,0,0,0,0,0,0
fascinate,16,fascinated=15; fascinate=1,0,0,16,0,0,0,0,0
fashioned,16,fashioned=16,1,0,0,0,15,0,0,0
filament,16,filament=8; filaments=8,16,0,0,0,0,0,0,0
firmly,16,firmly=16,0,0,0,0,0,16,0,0
forgery,16,forgery=9; forgeries=7,16,0,0,0,0,0,0,0
gannet,16,gannets=13; gannet=3,16,0,0,0,0,0,0,0
genius,16,genius=12; geniuses=4,16,0,0,0,0,0,0,0
gorilla,16,gorillas=11; gorilla=5,16,0,0,0,0,0,0,0
gouache,16,gouache=16,2,14,0,0,0,0,0,0
grease,16,grease=16,15,0,1,0,0,0,0,0
happiness,16,happiness=16,16,0,0,0,0,0,0,0
haul,16,haul=10; hauled=5; hauling=1,4,0,12,0,0,0,0,0
hiding,16,hiding=16,16,0,0,0,0,0,0,0
hierarchical,16,hierarchical=16,0,0,0,0,16,0,0,0
hover,16,hover=9; hovering=5; hovered=2,1,0,14,0,0,1,0,0
humidity,16,humidity=16,16,0,0,0,0,0,0,0
ineffective,16,ineffective=16,0,0,0,0,16,0,0,0
inequality,16,inequality=9; inequalities=7,15,1,0,0,0,0,0,0
infest,16,infested=14; infest=1; infests=1,0,1,15,0,0,0,0,0
informal,16,informal=16,0,0,0,0,16,0,0,0
insecticide,16,insecticide=8; insecticides=8,12,1,0,0,2,0,0,1
intelligent,16,intelligent=16,0,0,0,0,16,0,0,0
intensification,16,intensification=16,16,0,0,0,0,0,0,0
intentional,16,intentional=16,0,0,0,0,16,0,0,0
interference,16,interference=16,16,0,0,0,0,0,0,0
inward,16,inward=16,0,0,0,0,2,14,0,0
ivr,16,ivr=16,3,13,0,0,0,0,0,0
joey,16,joey=10; joeys=6,8,8,0,0,0,0,0,0
jones,16,jones=16,0,16,0,0,0,0,0,0
jonson,16,jonson=16,0,16,0,0,0,0,0,0
jukebox,16,jukebox=10; jukeboxes=6,9,7,0,0,0,0,0,0
katydid,16,katydid=14; katydids=2,14,2,0,0,0,0,0,0
known,16,known=16,0,0,0,0,16,0,0,0
laborer,16,laborers=16,16,0,0,0,0,0,0,0
leftover,16,leftover=14; leftovers=2,5,6,2,0,2,1,0,0
leidenfrost,16,leidenfrost=16,0,5,0,0,11,0,0,0
linguistic,16,linguistic=15; linguistics=1,1,0,0,0,15,0,0,0
loosely,16,loosely=16,0,0,0,0,0,16,0,0
loyalty,16,loyalty=16,16,0,0,0,0,0,0,0
lure,16,lure=14; lured=1; luring=1,5,0,11,0,0,0,0,0
maturity,16,maturity=16,16,0,0,0,0,0,0,0
medal,16,medal=10; medals=6,12,2,0,0,2,0,0,0
melodrama,16,melodrama=13; melodramas=3,16,0,0,0,0,0,0,0
mesoamerica,16,mesoamerica=16,0,16,0,0,0,0,0,0
mesoamerican,16,mesoamerican=16,0,4,0,0,12,0,0,0
microbial,16,microbial=16,0,0,0,0,16,0,0,0
moderate,16,moderate=14; moderates=2,1,0,1,0,14,0,0,0
mortality,16,mortality=16,16,0,0,0,0,0,0,0
mulberry,16,mulberry=16,16,0,0,0,0,0,0,0
multiply,16,multiply=8; multiplied=6; multiplying=2,1,0,15,0,0,0,0,0
mycorrhizae,16,mycorrhizae=16,11,3,1,0,1,0,0,0
naive,16,naive=16,0,0,0,0,16,0,0,0
narrative,16,narrative=14; narratives=2,14,0,0,0,2,0,0,0
nebra,16,nebra=16,0,16,0,0,0,0,0,0
nursing,16,nursing=16,16,0,0,0,0,0,0,0
oasis,16,oasis=9; oases=7,16,0,0,0,0,0,0,0
objection,16,objections=9; objection=7,16,0,0,0,0,0,0,0
october,16,october=16,0,16,0,0,0,0,0,0
oldenburg,16,oldenburg=16,0,16,0,0,0,0,0,0
overwhelmed,16,overwhelmed=16,0,0,0,0,16,0,0,0
paleo,16,paleo=16,0,16,0,0,0,0,0,0
pathogen,16,pathogens=10; pathogen=6,16,0,0,0,0,0,0,0
pavement,16,pavement=8; pavements=8,16,0,0,0,0,0,0,0
peat,16,peat=16,13,2,1,0,0,0,0,0
penicillin,16,penicillin=16,16,0,0,0,0,0,0,0
permanence,16,permanence=16,15,1,0,0,0,0,0,0
physician,16,physicians=9; physician=7,16,0,0,0,0,0,0,0
pikas,16,pikas=16,9,1,0,0,6,0,0,0
portable,16,portable=16,0,0,0,0,16,0,0,0
pride,16,pride=13; prides=3,16,0,0,0,0,0,0,0
publisher,16,publishers=10; publisher=6,16,0,0,0,0,0,0,0
qualify,16,qualify=13; qualifies=2; qualifying=1,0,0,16,0,0,0,0,0
rebellion,16,rebellion=9; rebellions=7,16,0,0,0,0,0,0,0
reciprocal,16,reciprocal=16,0,0,0,0,16,0,0,0
recyclable,16,recyclable=9; recyclables=7,7,1,0,0,8,0,0,0
rehearse,16,rehearse=11; rehearsing=4; rehearsed=1,0,0,16,0,0,0,0,0
retrograde,16,retrograde=16,12,2,0,0,2,0,0,0
reversal,16,reversal=12; reversals=4,16,0,0,0,0,0,0,0
sahel,16,sahel=16,6,10,0,0,0,0,0,0
savanna,16,savanna=9; savannas=7,16,0,0,0,0,0,0,0
scrap,16,scraps=10; scraping=3; scraped=2; scrap=1,11,0,5,0,0,0,0,0
sector,16,sector=13; sectors=3,16,0,0,0,0,0,0,0
separation,16,separation=16,15,1,0,0,0,0,0,0
shame,16,shame=16,16,0,0,0,0,0,0,0
shopper,16,shoppers=15; shopper=1,16,0,0,0,0,0,0,0
shut,16,shut=15; shutting=1,0,0,16,0,0,0,0,0
silence,16,silence=16,16,0,0,0,0,0,0,0
silica,16,silica=16,10,6,0,0,0,0,0,0
skepticism,16,skepticism=16,12,4,0,0,0,0,0,0
snowball,16,snowball=14; snowballing=1; snowballs=1,5,9,1,0,1,0,0,0
sole,16,sole=16,0,0,0,0,16,0,0,0
sonar,16,sonar=16,9,1,0,0,6,0,0,0
soup,16,soup=14; soups=2,16,0,0,0,0,0,0,0
spontaneous,16,spontaneous=16,0,0,0,0,16,0,0,0
stain,16,stains=10; stained=6,10,0,6,0,0,0,0,0
stair,16,stairs=13; stair=3,16,0,0,0,0,0,0,0
sulfide,16,sulfide=15; sulfides=1,14,2,0,0,0,0,0,0
sunflower,16,sunflower=10; sunflowers=6,16,0,0,0,0,0,0,0
superiority,16,superiority=16,15,1,0,0,0,0,0,0
superstore,16,superstore=9; superstores=7,16,0,0,0,0,0,0,0
sweden,16,sweden=16,0,16,0,0,0,0,0,0
sweet,16,sweet=13; sweets=2; sweeter=1,2,0,0,0,14,0,0,0
sword,16,swords=12; sword=4,16,0,0,0,0,0,0,0
teapot,16,teapots=12; teapot=4,16,0,0,0,0,0,0,0
tenth,16,tenth=16,1,0,0,0,15,0,0,0
theorize,16,theorized=13; theorize=2; theorizes=1,0,0,16,0,0,0,0,0
tire,16,tires=11; tire=4; tiring=1,15,0,1,0,0,0,0,0
tricky,16,tricky=14; trickier=2,0,0,0,0,16,0,0,0
uranium,16,uranium=16,13,3,0,0,0,0,0,0
usable,16,usable=16,0,0,0,0,16,0,0,0
utopian,16,utopian=16,0,0,0,0,16,0,0,0
victorian,16,victorian=16,0,1,0,0,15,0,0,0
visualize,16,visualize=13; visualized=2; visualizing=1,0,0,16,0,0,0,0,0
vivid,16,vivid=16,0,0,0,0,16,0,0,0
von,16,von=16,0,16,0,0,0,0,0,0
wagon,16,wagons=10; wagon=6,16,0,0,0,0,0,0,0
willingness,16,willingness=16,16,0,0,0,0,0,0,0
woolen,16,woolen=15; woolens=1,1,1,0,0,14,0,0,0
zoo,16,zoo=10; zoos=6,16,0,0,0,0,0,0,0
zooplankton,16,zooplankton=16,1,15,0,0,0,0,0,0
absolute,15,absolute=15,0,0,0,0,15,0,0,0
absorption,15,absorption=15,15,0,0,0,0,0,0,0
acreage,15,acreage=15,15,0,0,0,0,0,0,0
aegean,15,aegean=15,0,10,0,0,5,0,0,0
altruism,15,altruism=15,15,0,0,0,0,0,0,0
aluminum,15,aluminum=15,14,1,0,0,0,0,0,0
anatolia,15,anatolia=15,0,15,0,0,0,0,0,0
artusi,15,artusi=15,0,15,0,0,0,0,0,0
ashen,15,ashen=15,1,8,0,0,6,0,0,0
attain,15,attained=8; attain=6; attaining=1,0,0,15,0,0,0,0,0
autumn,15,autumn=15,15,0,0,0,0,0,0,0
banking,15,banking=15,15,0,0,0,0,0,0,0
bats,15,bats=15,0,15,0,0,0,0,0,0
bedrock,15,bedrock=15,13,2,0,0,0,0,0,0
brian,15,brian=15,0,15,0,0,0,0,0,0
carnivore,15,carnivores=12; carnivore=3,14,1,0,0,0,0,0,0
catalog,15,catalog=13; cataloging=1; catalogs=1,12,0,3,0,0,0,0,0
cheaply,15,cheaply=15,0,0,0,0,0,15,0,0
chimney,15,chimney=14; chimneys=1,15,0,0,0,0,0,0,0
circulatory,15,circulatory=15,0,0,0,0,15,0,0,0
citation,15,citations=8; citation=7,15,0,0,0,0,0,0,0
climbing,15,climbing=15,15,0,0,0,0,0,0,0
cod,15,cod=11; coded=3; coding=1,8,3,4,0,0,0,0,0
colonization,15,colonization=15,15,0,0,0,0,0,0,0
comprise,15,comprised=7; comprise=4; comprising=4,0,0,15,0,0,0,0,0
conclusive,15,conclusive=15,0,1,0,0,14,0,0,0
condensation,15,condensation=15,12,3,0,0,0,0,0,0
connecticut,15,connecticut=15,0,15,0,0,0,0,0,0
constitute,15,constitute=7; constituted=4; constitutes=3; constituting=1,0,0,15,0,0,0,0,0
cub,15,cubs=15,15,0,0,0,0,0,0,0
curriculum,15,curriculum=13; curricula=2,15,0,0,0,0,0,0,0
darken,15,darkened=8; darken=3; darkening=2; darkens=2,1,0,14,0,0,0,0,0
daytime,15,daytime=15,11,0,0,0,4,0,0,0
deliberate,15,deliberate=15,0,0,1,0,14,0,0,0
democracy,15,democracy=15,15,0,0,0,0,0,0,0
detritus,15,detritus=15,15,0,0,0,0,0,0,0
dickinson,15,dickinson=15,0,15,0,0,0,0,0,0
differentiate,15,differentiate=7; differentiated=7; differentiates=1,0,0,15,0,0,0,0,0
differentiation,15,differentiation=15,15,0,0,0,0,0,0,0
domain,15,domain=9; domains=6,15,0,0,0,0,0,0,0
downstream,15,downstream=15,0,2,2,0,7,4,0,0
drastically,15,drastically=15,0,0,0,0,0,15,0,0
drilling,15,drilling=15,13,2,0,0,0,0,0,0
dropping,15,droppings=12; dropping=3,15,0,0,0,0,0,0,0
dung,15,dung=15,15,0,0,0,0,0,0,0
ease,15,ease=14; eased=1,10,0,5,0,0,0,0,0
eastward,15,eastward=13; eastwards=2,2,0,0,0,2,11,0,0
editorial,15,editorial=12; editorials=3,9,0,0,0,6,0,0,0
elk,15,elk=14; elks=1,2,13,0,0,0,0,0,0
endotoxin,15,endotoxins=14; endotoxin=1,14,0,1,0,0,0,0,0
enthusiasm,15,enthusiasm=15,14,1,0,0,0,0,0,0
exaggerated,15,exaggerated=15,0,0,0,0,15,0,0,0
excite,15,excited=11; excites=3; excite=1,0,0,15,0,0,0,0,0
exclude,15,excluded=11; exclude=3; excludes=1,0,0,15,0,0,0,0,0
executive,15,executive=11; executives=4,5,0,0,0,10,0,0,0
faint,15,faint=14; fainted=1,0,1,1,0,13,0,0,0
fallacy,15,fallacy=15,12,3,0,0,0,0,0,0
farmers,15,farmers=15,0,15,0,0,0,0,0,0
fierce,15,fierce=15,1,2,0,0,12,0,0,0
flavor,15,flavor=8; flavors=6; flavored=1,14,0,1,0,0,0,0,0
florence,15,florence=15,0,15,0,0,0,0,0,0
fluctuate,15,fluctuates=7; fluctuated=4; fluctuating=3; fluctuate=1,1,0,14,0,0,0,0,0
fracture,15,fractures=10; fracture=2; fracturing=2; fractured=1,11,0,4,0,0,0,0,0
gear,15,gear=10; gears=3; geared=2,13,0,2,0,0,0,0,0
gorrie,15,gorrie=15,0,15,0,0,0,0,0,0
grassfields,15,grassfields=15,0,14,0,0,1,0,0,0
harappans,15,harappans=15,0,15,0,0,0,0,0,0
hatchery,15,hatcheries=8; hatchery=7,15,0,0,0,0,0,0,0
hawaii,15,hawaii=15,0,15,0,0,0,0,0,0
heidelberg,15,heidelberg=15,0,15,0,0,0,0,0,0
helium,15,helium=15,15,0,0,0,0,0,0,0
hint,15,hint=8; hints=4; hinted=2; hinting=1,10,0,5,0,0,0,0,0
homeland,15,homeland=10; homelands=5,15,0,0,0,0,0,0,0
iceland,15,iceland=15,1,14,0,0,0,0,0,0
index,15,index=14; indices=1,15,0,0,0,0,0,0,0
infectious,15,infectious=15,0,0,0,0,15,0,0,0
influencer,15,influencers=14; influencer=1,15,0,0,0,0,0,0,0
infrared,15,infrared=15,0,1,0,0,14,0,0,0
ingot,15,ingots=15,15,0,0,0,0,0,0,0
inheritance,15,inheritance=14; inheritances=1,15,0,0,0,0,0,0,0
inhospitable,15,inhospitable=15,0,0,0,0,15,0,0,0
injure,15,injured=12; injure=3,0,0,15,0,0,0,0,0
inorganic,15,inorganic=15,0,0,0,0,15,0,0,0
instability,15,instability=15,15,0,0,0,0,0,0,0
jade,15,jade=15,8,3,0,0,4,0,0,0
jogging,15,jogging=15,15,0,0,0,0,0,0,0
kick,15,kicking=6; kick=5; kicked=3; kicks=1,1,0,14,0,0,0,0,0
kinkazan,15,kinkazan=15,0,15,0,0,0,0,0,0
leather,15,leather=15,15,0,0,0,0,0,0,0
loop,15,loop=10; loops=5,12,3,0,0,0,0,0,0
lorenzo,15,lorenzo=15,0,15,0,0,0,0,0,0
lost,15,lost=15,0,2,0,0,13,0,0,0
lottery,15,lottery=13; lotteries=2,15,0,0,0,0,0,0,0
madagascar,15,madagascar=15,0,15,0,0,0,0,0,0
marking,15,markings=15,15,0,0,0,0,0,0,0
meaningful,15,meaningful=15,0,0,0,0,15,0,0,0
mechanic,15,mechanics=11; mechanic=4,14,0,0,0,1,0,0,0
meroe,15,meroe=15,0,15,0,0,0,0,0,0
meteorology,15,meteorology=15,15,0,0,0,0,0,0,0
metric,15,metric=14; metrics=1,1,3,0,0,11,0,0,0
mild,15,mild=15,0,0,0,0,15,0,0,0
millet,15,millet=15,11,4,0,0,0,0,0,0
miniature,15,miniature=13; miniatures=2,3,0,0,0,12,0,0,0
misleading,15,misleading=15,1,0,0,0,14,0,0,0
morgan,15,morgan=15,0,15,0,0,0,0,0,0
nanomachine,15,nanomachines=10; nanomachine=5,15,0,0,0,0,0,0,0
neuroscience,15,neuroscience=15,15,0,0,0,0,0,0,0
newts,15,newts=15,8,7,0,0,0,0,0,0
nickel,15,nickel=15,14,1,0,0,0,0,0,0
norm,15,norms=8; norm=7,15,0,0,0,0,0,0,0
orbital,15,orbital=15,0,0,0,0,15,0,0,0
ordinarily,15,ordinarily=15,0,2,0,0,0,13,0,0
ornithopter,15,ornithopter=15,15,0,0,0,0,0,0,0
otter,15,otters=11; otter=4,14,0,0,0,1,0,0,0
ourselves,15,ourselves=15,0,0,0,0,0,0,15,0
outgas,15,outgassing=12; outgassed=3,0,0,15,0,0,0,0,0
overwhelming,15,overwhelming=15,0,0,0,0,15,0,0,0
packaging,15,packaging=15,15,0,0,0,0,0,0,0
parade,15,parade=11; parades=4,15,0,0,0,0,0,0,0
participatory,15,participatory=15,0,0,0,0,15,0,0,0
pause,15,pauses=10; pause=4; paused=1,9,0,6,0,0,0,0,0
pencil,15,pencil=12; pencils=3,14,0,1,0,0,0,0,0
periodic,15,periodic=15,0,0,0,0,15,0,0,0
phonograph,15,phonograph=15,15,0,0,0,0,0,0,0
plaza,15,plaza=15,12,3,0,0,0,0,0,0
plug,15,plug=9; plugging=3; plugs=3,9,1,5,0,0,0,0,0
plumage,15,plumage=15,15,0,0,0,0,0,0,0
politician,15,politicians=11; politician=4,15,0,0,0,0,0,0,0
pollock,15,pollock=15,2,13,0,0,0,0,0,0
portfolio,15,portfolio=10; portfolios=5,15,0,0,0,0,0,0,0
probable,15,probable=15,0,0,0,0,15,0,0,0
propeller,15,propeller=13; propellers=2,11,3,0,0,1,0,0,0
psittacine,15,psittacines=12; psittacine=3,15,0,0,0,0,0,0,0
pyrolysis,15,pyrolysis=15,11,4,0,0,0,0,0,0
qin,15,qin=15,0,15,0,0,0,0,0,0
qualification,15,qualifications=12; qualification=3,15,0,0,0,0,0,0,0
race,15,race=9; races=4; racing=2,12,0,3,0,0,0,0,0
rail,15,rail=13; rails=2,15,0,0,0,0,0,0,0
ranch,15,ranch=11; ranches=3; rancher=1,8,6,0,0,1,0,0,0
recovery,15,recovery=15,14,1,0,0,0,0,0,0
reinspection,15,reinspection=15,15,0,0,0,0,0,0,0
remnant,15,remnants=10; remnant=5,15,0,0,0,0,0,0,0
retire,15,retired=7; retire=4; retiring=3; retires=1,0,0,15,0,0,0,0,0
roam,15,roam=7; roamed=5; roaming=3,0,0,15,0,0,0,0,0
rub,15,rubbing=7; rub=5; rubbed=2; rubs=1,0,0,15,0,0,0,0,0
runner,15,runners=10; runner=5,15,0,0,0,0,0,0,0
sad,15,sad=15,0,0,0,0,15,0,0,0
sake,15,sake=15,15,0,0,0,0,0,0,0
saturate,15,saturated=14; saturates=1,0,0,15,0,0,0,0,0
shiny,15,shiny=15,0,0,0,0,15,0,0,0
shuttle,15,shuttle=12; shuttles=2; shuttled=1,14,0,1,0,0,0,0,0
siderite,15,siderite=15,5,4,2,0,4,0,0,0
slot,15,slots=9; slot=5; slotted=1,14,0,1,0,0,0,0,0
sludge,15,sludge=15,15,0,0,0,0,0,0,0
smelt,15,smelting=11; smelt=2; smelted=2,0,0,15,0,0,0,0,0
soak,15,soak=6; soaked=5; soaks=4,1,0,14,0,0,0,0,0
societal,15,societal=15,0,1,0,0,14,0,0,0
solitary,15,solitary=15,0,0,0,0,15,0,0,0
speaking,15,speaking=15,15,0,0,0,0,0,0,0
specify,15,specify=7; specified=5; specifying=2; specifies=1,0,0,15,0,0,0,0,0
spectacular,15,spectacular=15,0,1,0,0,14,0,0,0
spiritual,15,spiritual=15,0,0,0,0,15,0,0,0
stranding,15,strandings=15,15,0,0,0,0,0,0,0
strategic,15,strategic=15,0,0,0,0,15,0,0,0
sulfuric,15,sulfuric=15,0,0,0,0,15,0,0,0
supreme,15,supreme=15,0,14,0,0,1,0,0,0
swirl,15,swirling=7; swirls=4; swirl=3; swirled=1,5,0,10,0,0,0,0,0
symptom,15,symptoms=14; symptom=1,15,0,0,0,0,0,0,0
synthesis,15,synthesis=15,14,1,0,0,0,0,0,0
synurbic,15,synurbic=15,0,0,0,0,15,0,0,0
tangle,15,tangle=10; tangled=5,8,0,7,0,0,0,0,0
tap,15,tap=8; tapped=3; tapping=3; taps=1,4,0,11,0,0,0,0,0
teamwork,15,teamwork=15,15,0,0,0,0,0,0,0
tension,15,tension=11; tensions=4,15,0,0,0,0,0,0,0
thorax,15,thorax=15,15,0,0,0,0,0,0,0
tlp,15,tlp=11; tlps=4,11,4,0,0,0,0,0,0
tray,15,tray=14; trays=1,15,0,0,0,0,0,0,0
underlying,15,underlying=15,0,0,0,0,15,0,0,0
unhealthy,15,unhealthy=15,0,0,0,0,15,0,0,0
unprecedented,15,unprecedented=15,0,0,0,0,15,0,0,0
upwelling,15,upwelling=13; upwellings=2,13,0,0,0,2,0,0,0
viable,15,viable=15,0,0,0,0,15,0,0,0
violin,15,violin=11; violins=4,15,0,0,0,0,0,0,0
virginia,15,virginia=15,0,15,0,0,0,0,0,0
virtual,15,virtual=15,0,1,0,0,14,0,0,0
visceral,15,visceral=15,0,0,0,0,15,0,0,0
volcanism,15,volcanism=15,15,0,0,0,0,0,0,0
voynich,15,voynich=15,0,15,0,0,0,0,0,0
wicker,15,wicker=15,15,0,0,0,0,0,0,0
winner,15,winner=10; winners=5,15,0,0,0,0,0,0,0
wise,15,wise=15,0,0,0,0,14,1,0,0
yuan,15,yuan=15,1,14,0,0,0,0,0,0
adaptable,14,adaptable=14,0,0,0,0,14,0,0,0
adhere,14,adhere=9; adheres=4; adhered=1,1,0,11,0,0,2,0,0
advent,14,advent=14,14,0,0,0,0,0,0,0
allen,14,allen=14,0,14,0,0,0,0,0,0
amino,14,amino=14,2,0,0,0,12,0,0,0
ample,14,ample=14,0,0,0,0,14,0,0,0
ancestral,14,ancestral=14,0,1,0,0,13,0,0,0
appropriately,14,appropriately=14,0,0,0,0,0,14,0,0
array,14,array=14,12,2,0,0,0,0,0,0
assure,14,assure=13; assured=1,1,0,13,0,0,0,0,0
attacker,14,attackers=13; attacker=1,14,0,0,0,0,0,0,0
attaingnant,14,attaingnant=14,0,10,0,0,4,0,0,0
australians,14,australians=14,0,14,0,0,0,0,0,0
beam,14,beams=9; beam=5,12,0,2,0,0,0,0,0
bodied,14,bodied=14,0,0,0,0,14,0,0,0
breakdown,14,breakdown=13; breakdowns=1,14,0,0,0,0,0,0,0
britannia,14,britannia=14,0,14,0,0,0,0,0,0
burden,14,burden=11; burdened=2; burdens=1,12,0,2,0,0,0,0,0
byproduct,14,byproduct=9; byproducts=5,13,0,0,0,1,0,0,0
cajal,14,cajal=14,0,14,0,0,0,0,0,0
cake,14,cake=9; cakes=5,14,0,0,0,0,0,0,0
cart,14,carts=11; cart=2; carting=1,13,0,1,0,0,0,0,0
cartoon,14,cartoon=11; cartoons=3,14,0,0,0,0,0,0,0
castle,14,castle=11; castles=3,10,1,0,0,3,0,0,0
caves,14,caves=14,0,14,0,0,0,0,0,0
certainty,14,certainty=14,11,3,0,0,0,0,0,0
chaffinch,14,chaffinches=11; chaffinch=3,14,0,0,0,0,0,0,0
chekhov,14,chekhov=14,0,14,0,0,0,0,0,0
choreographer,14,choreographer=8; choreographers=6,13,1,0,0,0,0,0,0
chorus,14,chorus=13; choruses=1,14,0,0,0,0,0,0,0
christian,14,christian=14,0,9,0,0,5,0,0,0
compact,14,compact=9; compacted=4; compacts=1,1,0,5,0,8,0,0,0
compartment,14,compartment=10; compartments=4,14,0,0,0,0,0,0,0
compton,14,compton=14,0,14,0,0,0,0,0,0
congregate,14,congregate=11; congregated=3,3,0,11,0,0,0,0,0
conspicuous,14,conspicuous=14,0,0,0,0,14,0,0,0
courtyard,14,courtyard=12; courtyards=2,14,0,0,0,0,0,0,0
craftsman,14,craftsmen=12; craftsman=2,13,1,0,0,0,0,0,0
crocodile,14,crocodiles=12; crocodile=2,14,0,0,0,0,0,0,0
dancing,14,dancing=14,14,0,0,0,0,0,0,0
dareh,14,dareh=14,0,14,0,0,0,0,0,0
delta,14,delta=8; deltas=6,7,7,0,0,0,0,0,0
dickens,14,dickens=14,0,14,0,0,0,0,0,0
dictate,14,dictated=8; dictate=4; dictating=2,0,0,14,0,0,0,0,0
dissonance,14,dissonance=10; dissonances=4,14,0,0,0,0,0,0,0
distributor,14,distributors=11; distributor=3,14,0,0,0,0,0,0,0
diverge,14,diverge=7; diverged=7,0,0,14,0,0,0,0,0
doll,14,dolls=12; doll=2,14,0,0,0,0,0,0,0
dyer,14,dyers=14,14,0,0,0,0,0,0,0
enrollment,14,enrollment=14,14,0,0,0,0,0,0,0
enthusiastic,14,enthusiastic=14,1,1,0,0,12,0,0,0
envision,14,envision=10; envisioned=4,0,0,14,0,0,0,0,0
epidemic,14,epidemic=7; epidemics=7,13,1,0,0,0,0,0,0
equestrian,14,equestrian=14,0,0,0,0,14,0,0,0
excitement,14,excitement=14,13,1,0,0,0,0,0,0
fancy,14,fancy=14,2,0,0,0,12,0,0,0
fantasy,14,fantasy=13; fantasies=1,14,0,0,0,0,0,0,0
fifty,14,fifty=12; fifties=2,2,0,0,0,0,0,0,12
fission,14,fission=14,12,2,0,0,0,0,0,0
flotsam,14,flotsam=14,1,0,0,0,13,0,0,0
fool,14,fooled=8; fool=6,0,0,14,0,0,0,0,0
foraging,14,foraging=14,13,1,0,0,0,0,0,0
foreground,14,foreground=13; foregrounds=1,14,0,0,0,0,0,0,0
founder,14,founder=10; founders=4,14,0,0,0,0,0,0,0
fragmentation,14,fragmentation=14,13,1,0,0,0,0,0,0
frankly,14,frankly=14,0,0,0,0,0,14,0,0
freezing,14,freezing=14,11,0,0,0,3,0,0,0
fuse,14,fuse=7; fused=5; fuses=2,1,0,13,0,0,0,0,0
ganj,14,ganj=14,0,14,0,0,0,0,0,0
garage,14,garage=13; garages=1,14,0,0,0,0,0,0,0
genome,14,genome=13; genomes=1,11,0,0,0,3,0,0,0
gently,14,gently=14,0,0,0,0,0,14,0,0
genuine,14,genuine=14,0,0,0,0,14,0,0,0
georgia,14,georgia=14,0,14,0,0,0,0,0,0
glaci,14,glacier=14,0,0,0,0,14,0,0,0
gombe,14,gombe=14,0,12,1,0,1,0,0,0
gram,14,gram=13; grams=1,9,5,0,0,0,0,0,0
granite,14,granite=14,13,1,0,0,0,0,0,0
graph,14,graphs=9; graph=5,14,0,0,0,0,0,0,0
hairstyle,14,hairstyles=10; hairstyle=4,14,0,0,0,0,0,0,0
hamlet,14,hamlet=13; hamlets=1,6,8,0,0,0,0,0,0
hazard,14,hazard=11; hazards=3,14,0,0,0,0,0,0,0
helicopter,14,helicopter=11; helicopters=3,13,1,0,0,0,0,0,0
herculaneum,14,herculaneum=14,0,14,0,0,0,0,0,0
hieroglyphic,14,hieroglyphic=9; hieroglyphics=5,5,0,0,0,9,0,0,0
higher,14,higher=14,0,1,0,0,0,13,0,0
hopeful,14,hopeful=14,0,0,0,0,14,0,0,0
horticulture,14,horticulture=14,12,2,0,0,0,0,0,0
hunger,14,hunger=14,14,0,0,0,0,0,0,0
husk,14,husk=8; husks=5; husking=1,13,0,1,0,0,0,0,0
hydrophone,14,hydrophone=8; hydrophones=6,14,0,0,0,0,0,0,0
illegal,14,illegal=14,0,0,0,0,14,0,0,0
imagery,14,imagery=14,14,0,0,0,0,0,0,0
incubation,14,incubation=14,14,0,0,0,0,0,0,0
inevitably,14,inevitably=14,0,0,0,0,0,14,0,0
inexperienced,14,inexperienced=14,0,0,0,0,14,0,0,0
instinctive,14,instinctive=14,2,0,0,0,12,0,0,0
institute,14,institute=9; instituted=2; instituting=2; institutes=1,1,9,4,0,0,0,0,0
insurance,14,insurance=14,14,0,0,0,0,0,0,0
intrinsic,14,intrinsic=14,0,0,0,0,14,0,0,0
jumping,14,jumping=14,13,1,0,0,0,0,0,0
kasparov,14,kasparov=14,0,14,0,0,0,0,0,0
kin,14,kin=14,5,8,0,0,1,0,0,0
kite,14,kite=14,14,0,0,0,0,0,0,0
lakes,14,lakes=14,0,14,0,0,0,0,0,0
landfill,14,landfills=10; landfill=4,14,0,0,0,0,0,0,0
lantern,14,lantern=10; lanterns=4,6,1,0,0,7,0,0,0
lenski,14,lenski=14,0,14,0,0,0,0,0,0
lightweight,14,lightweight=14,0,0,0,0,14,0,0,0
luis,14,luis=14,0,14,0,0,0,0,0,0
madrigal,14,madrigal=8; madrigals=6,14,0,0,0,0,0,0,0
magical,14,magical=14,0,0,0,0,14,0,0,0
mammalian,14,mammalian=14,0,0,0,0,14,0,0,0
mapmaker,14,mapmakers=9; mapmaker=5,14,0,0,0,0,0,0,0
margin,14,margin=7; margins=7,14,0,0,0,0,0,0,0
margulis,14,margulis=14,0,14,0,0,0,0,0,0
maritime,14,maritime=14,1,0,0,0,13,0,0,0
martin,14,martin=14,0,14,0,0,0,0,0,0
maunder,14,maunder=14,3,11,0,0,0,0,0,0
mendelssohn,14,mendelssohn=14,0,14,0,0,0,0,0,0
metalworker,14,metalworkers=13; metalworker=1,13,0,1,0,0,0,0,0
metamorphosis,14,metamorphosis=14,14,0,0,0,0,0,0,0
micronesian,14,micronesian=14,0,0,0,0,14,0,0,0
midwest,14,midwest=14,1,13,0,0,0,0,0,0
miocene,14,miocene=14,0,14,0,0,0,0,0,0
mixing,14,mixing=14,13,1,0,0,0,0,0,0
monet,14,monet=14,0,14,0,0,0,0,0,0
moore,14,moore=14,0,14,0,0,0,0,0,0
nabokov,14,nabokov=14,0,14,0,0,0,0,0,0
natufian,14,natufian=14,0,9,0,0,5,0,0,0
naturalist,14,naturalist=12; naturalists=2,11,0,0,0,3,0,0,0
niger,14,niger=14,1,13,0,0,0,0,0,0
nino,14,nino=14,0,14,0,0,0,0,0,0
nonbrittle,14,nonbrittle=14,0,0,0,0,14,0,0,0
northeast,14,northeast=14,3,6,0,0,4,1,0,0
notably,14,notably=14,0,0,0,0,0,14,0,0
nourish,14,nourished=8; nourish=5; nourishing=1,0,0,14,0,0,0,0,0
obesity,14,obesity=14,14,0,0,0,0,0,0,0
obligation,14,obligation=10; obligations=4,14,0,0,0,0,0,0,0
olympic,14,olympic=14,0,8,0,0,6,0,0,0
outdate,14,outdated=14,0,0,14,0,0,0,0,0
outsider,14,outsiders=10; outsider=4,14,0,0,0,0,0,0,0
overfishing,14,overfishing=14,8,6,0,0,0,0,0,0
paleozoic,14,paleozoic=14,0,14,0,0,0,0,0,0
palette,14,palette=14,14,0,0,0,0,0,0,0
parenting,14,parenting=14,14,0,0,0,0,0,0,0
passion,14,passion=13; passions=1,14,0,0,0,0,0,0,0
pen,14,pen=9; pens=3; penned=1; pent=1,12,0,2,0,0,0,0,0
perceptual,14,perceptual=14,0,1,0,0,13,0,0,0
perennial,14,perennials=9; perennial=5,8,0,1,0,5,0,0,0
persians,14,persians=14,0,14,0,0,0,0,0,0
petrucci,14,petrucci=14,0,14,0,0,0,0,0,0
pharaoh,14,pharaoh=14,12,2,0,0,0,0,0,0
physiology,14,physiology=14,9,5,0,0,0,0,0,0
pod,14,pods=10; pod=4,14,0,0,0,0,0,0,0
polish,14,polish=6; polishing=5; polished=2; polishes=1,1,0,12,0,1,0,0,0
politically,14,politically=14,0,0,0,0,0,14,0,0
portuguese,14,portuguese=14,0,2,0,0,12,0,0,0
positively,14,positively=14,0,0,0,0,0,14,0,0
prescribed,14,prescribed=14,1,0,0,0,13,0,0,0
prioritize,14,prioritize=11; prioritizes=2; prioritizing=1,1,0,13,0,0,0,0,0
prokaryotic,14,prokaryotic=14,0,1,0,0,13,0,0,0
proud,14,proud=14,0,0,0,0,14,0,0,0
publicity,14,publicity=14,14,0,0,0,0,0,0,0
radius,14,radius=14,14,0,0,0,0,0,0,0
raedwald,14,raedwald=14,0,14,0,0,0,0,0,0
ramon,14,ramon=14,0,14,0,0,0,0,0,0
reassure,14,reassure=8; reassuring=5; reassured=1,0,0,14,0,0,0,0,0
rectangle,14,rectangle=9; rectangles=5,13,0,1,0,0,0,0,0
reduced,14,reduced=14,0,2,0,0,12,0,0,0
reiniger,14,reiniger=14,0,14,0,0,0,0,0,0
releaser,14,releaser=10; releasers=4,13,1,0,0,0,0,0,0
reliability,14,reliability=14,13,0,1,0,0,0,0,0
remark,14,remarks=7; remarked=5; remark=1; remarking=1,7,0,7,0,0,0,0,0
reply,14,reply=9; replied=2; replying=2; replies=1,3,0,11,0,0,0,0,0
residue,14,residue=7; residues=7,14,0,0,0,0,0,0,0
revival,14,revival=13; revivals=1,11,3,0,0,0,0,0,0
runaway,14,runaway=14,0,1,0,0,13,0,0,0
sandpiper,14,sandpipers=12; sandpiper=2,14,0,0,0,0,0,0,0
sartre,14,sartre=14,0,14,0,0,0,0,0,0
sculpt,14,sculpted=8; sculpt=5; sculpting=1,0,1,10,0,3,0,0,0
sibling,14,siblings=10; sibling=4,14,0,0,0,0,0,0,0
siderophile,14,siderophile=7; siderophiles=7,9,0,0,0,5,0,0,0
silken,14,silken=14,0,0,0,0,14,0,0,0
smoothly,14,smoothly=14,0,0,0,0,0,14,0,0
standardization,14,standardization=14,14,0,0,0,0,0,0,0
stonehenge,14,stonehenge=14,0,14,0,0,0,0,0,0
strait,14,strait=11; straits=3,3,11,0,0,0,0,0,0
successive,14,successive=14,0,0,0,0,14,0,0,0
superheated,14,superheated=14,0,1,0,0,13,0,0,0
synchronize,14,synchronized=9; synchronizing=3; synchronize=2,0,0,14,0,0,0,0,0
talbot,14,talbot=14,0,14,0,0,0,0,0,0
tamarin,14,tamarins=8; tamarin=6,13,1,0,0,0,0,0,0
tape,14,tape=11; tapes=3,13,0,1,0,0,0,0,0
technologically,14,technologically=14,0,0,0,0,0,14,0,0
tent,14,tent=11; tents=3,14,0,0,0,0,0,0,0
theoretically,14,theoretically=14,0,0,0,0,0,14,0,0
trees,14,trees=14,0,14,0,0,0,0,0,0
triceratops,14,triceratops=8; triceratopses=6,6,8,0,0,0,0,0,0
trinity,14,trinity=14,0,14,0,0,0,0,0,0
ugaritic,14,ugaritic=14,0,11,0,0,3,0,0,0
underestimate,14,underestimate=6; underestimated=6; underestimates=1; underestimating=1,0,0,14,0,0,0,0,0
understandable,14,understandable=14,0,0,0,0,14,0,0,0
v,14,v=14,3,6,0,0,0,0,0,5
venture,14,venture=6; ventures=6; ventured=2,9,0,5,0,0,0,0,0
versus,14,versus=14,0,1,0,0,2,0,0,11
veterinary,14,veterinary=14,0,1,0,0,13,0,0,0
viewpoint,14,viewpoint=9; viewpoints=5,14,0,0,0,0,0,0,0
virtue,14,virtues=8; virtue=6,12,2,0,0,0,0,0,0
volatile,14,volatile=14,0,0,0,0,14,0,0,0
wander,14,wander=6; wandering=5; wandered=2; wanders=1,0,0,14,0,0,0,0,0
wedding,14,wedding=11; weddings=3,14,0,0,0,0,0,0,0
wildfire,14,wildfires=11; wildfire=3,14,0,0,0,0,0,0,0
wittfogel,14,wittfogel=14,0,14,0,0,0,0,0,0
wrapper,14,wrappers=14,14,0,0,0,0,0,0,0
y,14,y=14,0,14,0,0,0,0,0,0
yard,14,yard=8; yards=6,14,0,0,0,0,0,0,0
yep,14,yep=14,0,10,0,0,0,0,0,4
zinc,14,zinc=14,13,1,0,0,0,0,0,0
accidental,13,accidental=13,0,0,0,0,13,0,0,0
accordingly,13,accordingly=13,0,0,0,0,0,13,0,0
aerosol,13,aerosol=13,13,0,0,0,0,0,0,0
amber,13,amber=12; ambers=1,3,10,0,0,0,0,0,0
amygdala,13,amygdala=13,10,1,0,0,2,0,0,0
anti,13,anti=13,0,0,0,0,13,0,0,0
anybody,13,anybody=13,0,0,0,0,0,0,13,0
anyhow,13,anyhow=13,0,0,0,0,0,12,0,1
archaic,13,archaic=13,0,11,0,0,2,0,0,0
aristophanes,13,aristophanes=13,0,13,0,0,0,0,0,0
ascend,13,ascend=9; ascends=2; ascended=1; ascending=1,0,0,13,0,0,0,0,0
atlanta,13,atlanta=13,0,13,0,0,0,0,0,0
autobiography,13,autobiography=10; autobiographies=3,11,0,2,0,0,0,0,0
automatic,13,automatic=13,0,0,0,0,13,0,0,0
bacon,13,bacon=13,3,10,0,0,0,0,0,0
balanced,13,balanced=13,0,1,0,0,12,0,0,0
baseball,13,baseball=13,13,0,0,0,0,0,0,0
believable,13,believable=13,1,0,0,0,12,0,0,0
beltracchi,13,beltracchi=13,1,12,0,0,0,0,0,0
bering,13,bering=13,0,13,0,0,0,0,0,0
bold,13,bold=11; bolder=2,0,1,0,0,11,1,0,0
broaden,13,broaden=7; broadened=4; broadening=2,0,0,13,0,0,0,0,0
browse,13,browsing=6; browse=4; browsed=3,0,0,13,0,0,0,0,0
buck,13,buck=9; bucked=2; bucks=2,2,9,2,0,0,0,0,0
bump,13,bump=4; bumping=4; bumped=3; bumps=2,6,0,7,0,0,0,0,0
canaletto,13,canaletto=13,0,13,0,0,0,0,0,0
carmen,13,carmen=13,0,13,0,0,0,0,0,0
carrel,13,carrel=9; carrels=4,13,0,0,0,0,0,0,0
carthage,13,carthage=13,4,9,0,0,0,0,0,0
catastrophe,13,catastrophes=9; catastrophe=4,13,0,0,0,0,0,0,0
caution,13,caution=13,1,1,11,0,0,0,0,0
celebration,13,celebration=8; celebrations=5,13,0,0,0,0,0,0,0
certificate,13,certificate=11; certificates=2,13,0,0,0,0,0,0,0
chaotic,13,chaotic=13,0,0,0,0,13,0,0,0
charred,13,charred=13,0,0,0,0,13,0,0,0
choreography,13,choreography=12; choreographies=1,12,1,0,0,0,0,0,0
cinematographer,13,cinematographer=11; cinematographers=2,10,2,1,0,0,0,0,0
civic,13,civic=12; civics=1,1,1,0,0,11,0,0,0
clam,13,clam=7; clams=6,13,0,0,0,0,0,0,0
clearing,13,clearing=11; clearings=2,12,0,1,0,0,0,0,0
closing,13,closing=13,12,1,0,0,0,0,0,0
clump,13,clumps=6; clump=4; clumped=3,7,0,6,0,0,0,0,0
columbus,13,columbus=13,0,13,0,0,0,0,0,0
comb,13,comb=8; combs=4; combing=1,11,0,2,0,0,0,0,0
communal,13,communal=13,0,1,0,0,12,0,0,0
complicate,13,complicated=5; complicate=3; complicates=3; complicating=2,1,0,12,0,0,0,0,0
conceal,13,concealed=7; conceal=4; concealing=2,0,0,13,0,0,0,0,0
conch,13,conch=13,6,5,0,0,2,0,0,0
conductor,13,conductor=11; conductors=2,13,0,0,0,0,0,0,0
confront,13,confront=5; confronting=5; confronted=3,0,0,13,0,0,0,0,0
connected,13,connected=13,0,0,0,0,13,0,0,0
contamination,13,contamination=13,13,0,0,0,0,0,0,0
conversely,13,conversely=13,0,0,0,0,0,13,0,0
copepod,13,copepods=9; copepod=4,12,1,0,0,0,0,0,0
corresponding,13,corresponding=13,1,1,0,0,11,0,0,0
cortex,13,cortex=13,13,0,0,0,0,0,0,0
countless,13,countless=13,0,0,0,0,13,0,0,0
coursework,13,coursework=13,13,0,0,0,0,0,0,0
crayon,13,crayons=12; crayon=1,13,0,0,0,0,0,0,0
critically,13,critically=13,0,0,0,0,0,13,0,0
cupule,13,cupules=9; cupule=4,10,0,2,0,1,0,0,0
curator,13,curators=8; curator=5,13,0,0,0,0,0,0,0
cytokinin,13,cytokinins=13,13,0,0,0,0,0,0,0
dada,13,dada=13,0,13,0,0,0,0,0,0
dams,13,dams=13,2,9,0,1,1,0,0,0
degrade,13,degrade=6; degraded=4; degrades=3,1,0,12,0,0,0,0,0
della,13,della=13,0,12,0,0,0,0,0,1
demanding,13,demanding=13,0,0,0,0,13,0,0,0
dendrochronology,13,dendrochronology=13,7,6,0,0,0,0,0,0
designate,13,designated=11; designate=2,0,0,13,0,0,0,0,0
developed,13,developed=13,0,0,0,0,13,0,0,0
dichromatic,13,dichromatic=13,0,0,2,0,11,0,0,0
dietary,13,dietary=13,0,0,0,0,13,0,0,0
diffuse,13,diffused=6; diffuse=3; diffuses=3; diffusing=1,0,0,13,0,0,0,0,0
disastrous,13,disastrous=13,0,0,0,0,13,0,0,0
distraction,13,distractions=9; distraction=4,13,0,0,0,0,0,0,0
dual,13,dual=13,0,0,0,0,13,0,0,0
dull,13,dull=13,0,0,0,0,13,0,0,0
emus,13,emus=13,6,7,0,0,0,0,0,0
ending,13,ending=8; endings=5,13,0,0,0,0,0,0,0
entertain,13,entertain=5; entertained=4; entertaining=4,0,0,13,0,0,0,0,0
erect,13,erected=6; erect=5; erecting=2,0,0,9,0,4,0,0,0
fingerprint,13,fingerprint=7; fingerprints=6,11,0,2,0,0,0,0,0
flick,13,flicking=10; flick=2; flicks=1,0,0,13,0,0,0,0,0
fulfil,13,fulfilled=10; fulfilling=3,0,0,13,0,0,0,0,0
geographically,13,geographically=13,0,0,0,0,0,13,0,0
glucose,13,glucose=13,13,0,0,0,0,0,0,0
got,13,got=13,0,0,13,0,0,0,0,0
graf,13,graves=13,13,0,0,0,0,0,0,0
grandparent,13,grandparents=12; grandparent=1,13,0,0,0,0,0,0,0
gravel,13,gravel=12; gravels=1,12,0,1,0,0,0,0,0
grouping,13,grouping=7; groupings=6,13,0,0,0,0,0,0,0
herb,13,herbs=11; herb=2,12,1,0,0,0,0,0,0
hometown,13,hometown=13,13,0,0,0,0,0,0,0
hospitable,13,hospitable=13,0,0,0,0,13,0,0,0
hypnotize,13,hypnotized=13,0,0,13,0,0,0,0,0
illinois,13,illinois=13,0,13,0,0,0,0,0,0
increased,13,increased=13,1,11,0,0,1,0,0,0
inferior,13,inferior=13,1,0,0,0,12,0,0,0
informed,13,informed=13,0,0,0,0,13,0,0,0
innate,13,innate=13,0,0,1,0,12,0,0,0
interchangeable,13,interchangeable=13,0,0,0,0,13,0,0,0
intervention,13,intervention=13,13,0,0,0,0,0,0,0
ironically,13,ironically=13,0,0,0,0,0,13,0,0
iter,13,iter=13,2,11,0,0,0,0,0,0
jar,13,jars=8; jar=5,12,0,1,0,0,0,0,0
jingdezhen,13,jingdezhen=13,0,13,0,0,0,0,0,0
k,13,k=13,8,5,0,0,0,0,0,0
keyboard,13,keyboard=10; keyboards=3,13,0,0,0,0,0,0,0
kinship,13,kinship=13,13,0,0,0,0,0,0,0
knife,13,knives=10; knife=3,13,0,0,0,0,0,0,0
knowledgeable,13,knowledgeable=13,0,0,0,0,13,0,0,0
lee,13,lee=13,0,13,0,0,0,0,0,0
locker,13,locker=9; lockers=4,13,0,0,0,0,0,0,0
locomotion,13,locomotion=13,12,1,0,0,0,0,0,0
longfellow,13,longfellow=13,0,13,0,0,0,0,0,0
magistrate,13,magistrate=13,13,0,0,0,0,0,0,0
magnetize,13,magnetized=12; magnetize=1,0,0,13,0,0,0,0,0
matrix,13,matrix=13,13,0,0,0,0,0,0,0
metacognitive,13,metacognitive=13,0,0,0,0,13,0,0,0
metallurgy,13,metallurgy=13,9,4,0,0,0,0,0,0
midnight,13,midnight=13,13,0,0,0,0,0,0,0
mike,13,mike=13,0,13,0,0,0,0,0,0
misunderstand,13,misunderstood=11; misunderstand=1; misunderstands=1,0,0,13,0,0,0,0,0
monochrome,13,monochrome=13,11,2,0,0,0,0,0,0
moral,13,moral=13,0,0,0,0,13,0,0,0
myrmica,13,myrmica=13,0,13,0,0,0,0,0,0
nagada,13,nagada=13,0,13,0,0,0,0,0,0
neanderthal,13,neanderthal=11; neanderthals=2,9,0,0,0,4,0,0,0
nerve,13,nerve=8; nerves=5,13,0,0,0,0,0,0,0
njoya,13,njoya=13,0,13,0,0,0,0,0,0
northward,13,northward=12; northwards=1,2,0,0,0,2,9,0,0
notation,13,notation=12; notations=1,13,0,0,0,0,0,0,0
occupant,13,occupants=13,13,0,0,0,0,0,0,0
outlet,13,outlets=9; outlet=4,13,0,0,0,0,0,0,0
packet,13,packet=11; packets=2,13,0,0,0,0,0,0,0
pantheon,13,pantheon=12; pantheons=1,7,6,0,0,0,0,0,0
paradox,13,paradox=13,12,1,0,0,0,0,0,0
pasta,13,pasta=8; pastas=5,13,0,0,0,0,0,0,0
patent,13,patent=8; patented=3; patents=2,10,0,3,0,0,0,0,0
photosynthesize,13,photosynthesize=10; photosynthesizing=2; photosynthesized=1,1,0,12,0,0,0,0,0
pictorial,13,pictorial=10; pictorials=3,3,0,0,0,10,0,0,0
pioneer,13,pioneer=4; pioneered=4; pioneers=3; pioneering=2,5,2,6,0,0,0,0,0
prerequisite,13,prerequisite=9; prerequisites=4,13,0,0,0,0,0,0,0
prestate,13,prestates=12; prestate=1,13,0,0,0,0,0,0,0
privilege,13,privilege=10; privileges=3,13,0,0,0,0,0,0,0
projectile,13,projectile=9; projectiles=4,13,0,0,0,0,0,0,0
proponent,13,proponents=11; proponent=2,13,0,0,0,0,0,0,0
publicize,13,publicize=7; publicized=3; publicizing=3,0,0,13,0,0,0,0,0
pulp,13,pulp=12; pulped=1,12,0,1,0,0,0,0,0
pupil,13,pupils=12; pupil=1,13,0,0,0,0,0,0,0
recreational,13,recreational=13,0,1,0,0,12,0,0,0
refrigerator,13,refrigerators=7; refrigerator=6,11,2,0,0,0,0,0,0
regeneration,13,regeneration=13,13,0,0,0,0,0,0,0
relocation,13,relocation=13,11,2,0,0,0,0,0,0
render,13,rendering=7; rendered=3; renders=2; render=1,0,0,13,0,0,0,0,0
reschedule,13,reschedule=11; rescheduled=2,1,1,11,0,0,0,0,0
reusable,13,reusable=13,0,1,0,0,12,0,0,0
revision,13,revisions=9; revision=4,13,0,0,0,0,0,0,0
rewarding,13,rewarding=13,0,0,0,0,13,0,0,0
rust,13,rust=12; rusting=1,8,0,5,0,0,0,0,0
salinger,13,salinger=13,0,13,0,0,0,0,0,0
samuel,13,samuel=13,0,13,0,0,0,0,0,0
secretion,13,secretion=13,13,0,0,0,0,0,0,0
selfish,13,selfish=13,0,0,0,0,13,0,0,0
selling,13,selling=13,13,0,0,0,0,0,0,0
semantic,13,semantic=13,0,0,0,0,13,0,0,0
september,13,september=13,0,13,0,0,0,0,0,0
seventh,13,seventh=13,0,0,0,0,13,0,0,0
shin,13,shining=7; shines=4; shined=2,0,0,13,0,0,0,0,0
shorten,13,shortened=8; shorten=2; shortening=2; shortens=1,0,0,13,0,0,0,0,0
shoulder,13,shoulder=10; shoulders=3,12,0,1,0,0,0,0,0
sighting,13,sightings=9; sighting=4,13,0,0,0,0,0,0,0
signing,13,signing=13,12,1,0,0,0,0,0,0
sloth,13,sloths=11; sloth=2,13,0,0,0,0,0,0,0
smile,13,smile=8; smiling=3; smiles=2,3,0,10,0,0,0,0,0
sociality,13,sociality=13,12,1,0,0,0,0,0,0
solo,13,solo=10; solos=3,8,3,0,0,2,0,0,0
spice,13,spices=10; spice=3,12,0,1,0,0,0,0,0
starch,13,starch=8; starches=5,13,0,0,0,0,0,0,0
stiff,13,stiff=11; stiffer=2,0,0,0,0,13,0,0,0
stigma,13,stigma=10; stigmas=3,13,0,0,0,0,0,0,0
stuck,13,stuck=13,0,0,0,0,13,0,0,0
subsoil,13,subsoil=13,13,0,0,0,0,0,0,0
subtropical,13,subtropical=13,0,0,0,0,13,0,0,0
sue,13,sue=13,5,2,5,0,1,0,0,0
suspense,13,suspense=13,11,2,0,0,0,0,0,0
sustainability,13,sustainability=13,12,1,0,0,0,0,0,0
swell,13,swell=7; swelling=3; swelled=2; swells=1,3,0,10,0,0,0,0,0
switzerland,13,switzerland=13,0,13,0,0,0,0,0,0
synesthete,13,synesthetes=9; synesthete=4,12,0,0,0,1,0,0,0
tag,13,tag=11; tagged=1; tags=1,10,0,3,0,0,0,0,0
teepee,13,teepee=7; teepees=6,13,0,0,0,0,0,0,0
tempera,13,tempera=13,13,0,0,0,0,0,0,0
theia,13,theia=13,0,13,0,0,0,0,0,0
thorough,13,thorough=13,2,1,0,0,10,0,0,0
tonight,13,tonight=13,13,0,0,0,0,0,0,0
traps,13,traps=13,0,13,0,0,0,0,0,0
treasure,13,treasures=7; treasure=6,13,0,0,0,0,0,0,0
triangle,13,triangle=10; triangles=3,13,0,0,0,0,0,0,0
uneven,13,uneven=13,0,1,0,0,12,0,0,0
unhappy,13,unhappy=13,0,0,0,0,13,0,0,0
unintentionally,13,unintentionally=13,0,0,0,0,0,13,0,0
uninterrupted,13,uninterrupted=13,0,0,0,0,13,0,0,0
unrealistic,13,unrealistic=13,0,0,0,0,13,0,0,0
untouched,13,untouched=13,0,0,0,0,13,0,0,0
unwanted,13,unwanted=13,0,0,0,0,13,0,0,0
upright,13,upright=13,0,1,0,0,9,3,0,0
vaccine,13,vaccines=8; vaccine=5,13,0,0,0,0,0,0,0
variability,13,variability=13,13,0,0,0,0,0,0,0
verse,13,verse=9; verses=3; versed=1,12,0,1,0,0,0,0,0
vice,13,vice=13,6,0,0,0,0,7,0,0
viola,13,viola=13,13,0,0,0,0,0,0,0
wagner,13,wagner=13,0,13,0,0,0,0,0,0
warbler,13,warblers=9; warbler=4,13,0,0,0,0,0,0,0
warehouse,13,warehouses=7; warehouse=6,13,0,0,0,0,0,0,0
watercolor,13,watercolor=9; watercolors=4,12,1,0,0,0,0,0,0
wednesday,13,wednesday=11; wednesdays=2,2,11,0,0,0,0,0,0
westward,13,westward=12; westwards=1,1,0,0,0,4,8,0,0
wildebe,13,wildebeest=13,0,0,0,0,13,0,0,0
withdraw,13,withdraw=8; withdrawing=3; withdrawn=1; withdraws=1,0,0,13,0,0,0,0,0
wolbachia,13,wolbachia=13,0,13,0,0,0,0,0,0
worsen,13,worsened=9; worsening=2; worsen=1; worsens=1,0,0,13,0,0,0,0,0
yoga,13,yoga=13,13,0,0,0,0,0,0,0
accomplishment,12,accomplishments=9; accomplishment=3,12,0,0,0,0,0,0,0
admiration,12,admiration=12,12,0,0,0,0,0,0,0
agrarian,12,agrarian=12,0,1,0,0,11,0,0,0
albers,12,albers=12,0,12,0,0,0,0,0,0
alh,12,alh=12,0,12,0,0,0,0,0,0
appoint,12,appointed=10; appoint=1; appointing=1,0,0,12,0,0,0,0,0
approximate,12,approximate=12,0,0,1,0,11,0,0,0
arthur,12,arthur=12,0,12,0,0,0,0,0,0
asleep,12,asleep=12,0,0,0,0,12,0,0,0
authorship,12,authorship=12,12,0,0,0,0,0,0,0
backbone,12,backbone=9; backbones=3,12,0,0,0,0,0,0,0
backgammon,12,backgammon=12,8,2,0,0,2,0,0,0
barton,12,barton=12,0,12,0,0,0,0,0,0
basilica,12,basilica=12,0,12,0,0,0,0,0,0
beckett,12,beckett=12,0,12,0,0,0,0,0,0
bergmann,12,bergmann=12,0,12,0,0,0,0,0,0
bioprecipitation,12,bioprecipitation=12,10,2,0,0,0,0,0,0
bleach,12,bleaching=5; bleach=3; bleaches=3; bleached=1,5,0,7,0,0,0,0,0
blending,12,blending=12,10,2,0,0,0,0,0,0
blind,12,blind=10; blinded=1; blinding=1,0,0,3,0,9,0,0,0
bluegill,12,bluegill=8; bluegills=4,11,0,1,0,0,0,0,0
boot,12,boots=12,12,0,0,0,0,0,0,0
borneo,12,borneo=12,0,12,0,0,0,0,0,0
botanist,12,botanist=6; botanists=6,10,0,0,0,2,0,0,0
brazil,12,brazil=12,0,12,0,0,0,0,0,0
breakup,12,breakup=12,12,0,0,0,0,0,0,0
brilliant,12,brilliant=12,1,0,0,0,11,0,0,0
bulky,12,bulky=12,0,0,0,0,12,0,0,0
button,12,button=6; buttons=6,11,1,0,0,0,0,0,0
buying,12,buying=12,12,0,0,0,0,0,0,0
calais,12,calais=12,0,12,0,0,0,0,0,0
canister,12,canisters=10; canister=2,12,0,0,0,0,0,0,0
cape,12,cape=12,3,9,0,0,0,0,0,0
carbonation,12,carbonation=12,12,0,0,0,0,0,0,0
casey,12,casey=12,0,12,0,0,0,0,0,0
catalogue,12,catalogue=8; catalogued=2; catalogues=2,8,1,3,0,0,0,0,0
cd,12,cd=6; cds=6,11,1,0,0,0,0,0,0
chaos,12,chaos=12,11,0,1,0,0,0,0,0
chumash,12,chumash=12,0,12,0,0,0,0,0,0
clan,12,clan=6; clans=6,12,0,0,0,0,0,0,0
cleanup,12,cleanup=12,8,4,0,0,0,0,0,0
coelophysis,12,coelophysis=12,1,11,0,0,0,0,0,0
collage,12,collage=9; collages=3,11,1,0,0,0,0,0,0
coloring,12,coloring=11; colorings=1,12,0,0,0,0,0,0,0
conform,12,conform=11; conformed=1,0,0,12,0,0,0,0,0
conservative,12,conservative=8; conservatives=4,4,0,0,0,8,0,0,0
courtship,12,courtship=12,12,0,0,0,0,0,0,0
crawl,12,crawl=6; crawling=3; crawled=2; crawls=1,3,0,9,0,0,0,0,0
crude,12,crude=12,2,0,0,0,10,0,0,0
cryogenian,12,cryogenian=12,1,1,0,0,10,0,0,0
danish,12,danish=12,0,5,0,0,7,0,0,0
daydream,12,daydreaming=6; daydream=5; daydreams=1,1,0,11,0,0,0,0,0
departure,12,departure=10; departures=2,12,0,0,0,0,0,0,0
descent,12,descent=11; descents=1,12,0,0,0,0,0,0,0
detach,12,detached=9; detach=3,0,1,11,0,0,0,0,0
detectable,12,detectable=12,0,0,0,0,12,0,0,0
diana,12,diana=12,0,12,0,0,0,0,0,0
dishonest,12,dishonest=12,0,0,0,0,12,0,0,0
distortion,12,distortions=7; distortion=5,12,0,0,0,0,0,0,0
diver,12,divers=9; diver=3,12,0,0,0,0,0,0,0
doctrine,12,doctrine=12,12,0,0,0,0,0,0,0
drainage,12,drainage=12,12,0,0,0,0,0,0,0
dvm,12,dvm=12,2,10,0,0,0,0,0,0
earring,12,earring=11; earrings=1,7,5,0,0,0,0,0,0
eating,12,eating=12,10,2,0,0,0,0,0,0
echolocate,12,echolocate=11; echolocating=1,0,0,12,0,0,0,0,0
eddy,12,eddies=7; eddy=5,7,5,0,0,0,0,0,0
eighteen,12,eighteen=12,0,0,0,0,0,0,0,12
elizabeth,12,elizabeth=12,0,12,0,0,0,0,0,0
energetic,12,energetic=12,0,1,0,0,11,0,0,0
enjoyment,12,enjoyment=12,12,0,0,0,0,0,0,0
epicurus,12,epicurus=12,0,12,0,0,0,0,0,0
erie,12,erie=12,0,12,0,0,0,0,0,0
established,12,established=12,0,1,0,0,11,0,0,0
eurydice,12,eurydice=12,0,12,0,0,0,0,0,0
extremity,12,extremities=12,12,0,0,0,0,0,0,0
eyesight,12,eyesight=12,12,0,0,0,0,0,0,0
falls,12,falls=12,0,12,0,0,0,0,0,0
fatigue,12,fatigue=12,12,0,0,0,0,0,0,0
fern,12,ferns=8; fern=4,9,1,1,0,1,0,0,0
fighting,12,fighting=12,12,0,0,0,0,0,0,0
filmmake,12,filmmaking=12,0,0,12,0,0,0,0,0
firework,12,fireworks=12,12,0,0,0,0,0,0,0
flame,12,flame=8; flames=4,12,0,0,0,0,0,0,0
fmrls,12,fmrls=12,0,12,0,0,0,0,0,0
follower,12,followers=12,12,0,0,0,0,0,0,0
foodstuff,12,foodstuffs=11; foodstuff=1,12,0,0,0,0,0,0,0
forecasting,12,forecasting=12,12,0,0,0,0,0,0,0
fortunate,12,fortunate=12,1,0,0,0,11,0,0,0
fragrance,12,fragrance=8; fragrances=4,12,0,0,0,0,0,0,0
fugitive,12,fugitive=12,0,1,0,0,11,0,0,0
gamburtsev,12,gamburtsev=12,0,12,0,0,0,0,0,0
games,12,games=12,0,12,0,0,0,0,0,0
geese,12,geese=12,1,4,0,0,7,0,0,0
gender,12,gender=8; genders=4,12,0,0,0,0,0,0,0
gigantic,12,gigantic=12,0,0,0,0,12,0,0,0
glance,12,glance=10; glanced=2,9,0,3,0,0,0,0,0
gondwana,12,gondwana=12,0,12,0,0,0,0,0,0
goose,12,goose=7; geese=5,12,0,0,0,0,0,0,0
grants,12,grants=12,0,12,0,0,0,0,0,0
grinding,12,grinding=12,3,9,0,0,0,0,0,0
grove,12,groves=11; grove=1,11,1,0,0,0,0,0,0
habitation,12,habitation=12,12,0,0,0,0,0,0,0
hadrosaurs,12,hadrosaurs=12,0,10,0,0,0,0,2,0
hairy,12,hairy=12,0,0,0,0,12,0,0,0
handout,12,handout=11; handouts=1,12,0,0,0,0,0,0,0
handwriting,12,handwriting=12,12,0,0,0,0,0,0,0
harvard,12,harvard=12,0,12,0,0,0,0,0,0
hesitant,12,hesitant=12,0,0,0,0,12,0,0,0
highland,12,highlands=9; highland=3,3,3,6,0,0,0,0,0
hinderer,12,hinderer=11; hinderers=1,12,0,0,0,0,0,0,0
hoe,12,hoe=6; hoes=6,11,0,0,0,0,1,0,0
horizontally,12,horizontally=12,0,0,0,0,0,12,0,0
hostile,12,hostile=12,0,0,0,0,12,0,0,0
hurrians,12,hurrians=12,0,12,0,0,0,0,0,0
hurry,12,hurry=11; hurries=1,9,0,3,0,0,0,0,0
hybrid,12,hybrid=9; hybrids=3,6,1,0,0,5,0,0,0
id,12,id=11; ids=1,3,9,0,0,0,0,0,0
impurity,12,impurities=12,12,0,0,0,0,0,0,0
industrialize,12,industrialized=10; industrializing=2,0,0,12,0,0,0,0,0
inevitable,12,inevitable=12,0,0,0,0,12,0,0,0
infrasound,12,infrasound=12,11,0,0,0,1,0,0,0
inhibit,12,inhibit=6; inhibited=3; inhibiting=2; inhibits=1,1,0,11,0,0,0,0,0
interconnect,12,interconnected=11; interconnecting=1,0,0,12,0,0,0,0,0
interglacial,12,interglacial=11; interglacials=1,1,0,0,0,11,0,0,0
interpersonal,12,interpersonal=12,0,1,0,0,11,0,0,0
inupiat,12,inupiat=12,1,11,0,0,0,0,0,0
jill,12,jill=12,0,12,0,0,0,0,0,0
joe,12,joe=12,0,12,0,0,0,0,0,0
june,12,june=12,0,12,0,0,0,0,0,0
justin,12,justin=12,0,12,0,0,0,0,0,0
kepler,12,kepler=12,0,12,0,0,0,0,0,0
lansdowne,12,lansdowne=12,0,12,0,0,0,0,0,0
leatherback,12,leatherbacks=8; leatherback=4,11,0,1,0,0,0,0,0
leisure,12,leisure=12,12,0,0,0,0,0,0,0
likewise,12,likewise=12,0,0,0,0,0,12,0,0
linguist,12,linguists=11; linguist=1,12,0,0,0,0,0,0,0
lmc,12,lmc=12,0,10,0,0,2,0,0,0
logo,12,logo=12,12,0,0,0,0,0,0,0
magic,12,magic=12,5,0,0,0,7,0,0,0
mandatory,12,mandatory=12,0,1,0,0,11,0,0,0
marconi,12,marconi=12,0,12,0,0,0,0,0,0
mauritius,12,mauritius=12,0,12,0,0,0,0,0,0
media,12,media=12,9,3,0,0,0,0,0,0
merit,12,merit=8; merits=4,11,0,1,0,0,0,0,0
meteorologist,12,meteorologist=6; meteorologists=6,12,0,0,0,0,0,0,0
midday,12,midday=12,12,0,0,0,0,0,0,0
misplace,12,misplaced=10; misplace=1; misplacing=1,0,0,12,0,0,0,0,0
mittelbach,12,mittelbach=12,0,12,0,0,0,0,0,0
motionless,12,motionless=12,12,0,0,0,0,0,0,0
mussel,12,mussels=9; mussel=3,12,0,0,0,0,0,0,0
mutual,12,mutual=12,0,0,0,0,12,0,0,0
namely,12,namely=12,0,0,0,0,0,12,0,0
natufians,12,natufians=12,0,12,0,0,0,0,0,0
naval,12,naval=12,0,0,0,0,12,0,0,0
nigeria,12,nigeria=12,0,12,0,0,0,0,0,0
nighttime,12,nighttime=12,0,2,0,0,10,0,0,0
nonavian,12,nonavian=12,0,1,0,0,11,0,0,0
obey,12,obey=10; obeying=2,0,0,12,0,0,0,0,0
obsolete,12,obsolete=12,0,0,0,0,12,0,0,0
operator,12,operators=7; operator=5,12,0,0,0,0,0,0,0
orchestral,12,orchestral=12,0,0,0,0,12,0,0,0
oregon,12,oregon=12,0,12,0,0,0,0,0,0
ornamentation,12,ornamentation=12,12,0,0,0,0,0,0,0
overland,12,overland=12,7,4,0,0,1,0,0,0
parrotlet,12,parrotlets=11; parrotlet=1,11,0,0,0,1,0,0,0
petal,12,petals=11; petal=1,11,0,0,0,1,0,0,0
photoperiod,12,photoperiod=10; photoperiods=2,6,6,0,0,0,0,0,0
pictographic,12,pictographic=12,0,0,0,0,12,0,0,0
pinpoint,12,pinpoint=9; pinpointing=2; pinpointed=1,0,0,12,0,0,0,0,0
planktivore,12,planktivores=12,12,0,0,0,0,0,0,0
plantation,12,plantations=9; plantation=3,12,0,0,0,0,0,0,0
plunge,12,plunging=8; plunge=4,2,0,10,0,0,0,0,0
portugal,12,portugal=12,0,12,0,0,0,0,0,0
potassium,12,potassium=12,11,1,0,0,0,0,0,0
pouch,12,pouch=8; pouches=4,12,0,0,0,0,0,0,0
premise,12,premise=10; premises=2,12,0,0,0,0,0,0,0
prescribe,12,prescribed=10; prescribing=2,0,0,12,0,0,0,0,0
presume,12,presumed=9; presumes=2; presume=1,2,0,10,0,0,0,0,0
probability,12,probability=12,12,0,0,0,0,0,0,0
proceed,12,proceed=4; proceeded=4; proceeds=4,3,0,9,0,0,0,0,0
progression,12,progression=12,12,0,0,0,0,0,0,0
protoplanetary,12,protoplanetary=12,0,0,0,0,12,0,0,0
quit,12,quit=10; quits=1; quitting=1,1,0,11,0,0,0,0,0
radically,12,radically=12,0,0,0,0,0,12,0,0
rainstorm,12,rainstorm=6; rainstorms=6,12,0,0,0,0,0,0,0
realistically,12,realistically=12,0,0,0,0,0,12,0,0
refute,12,refute=5; refuted=4; refuting=2; refutes=1,0,0,12,0,0,0,0,0
relief,12,relief=11; reliefs=1,11,1,0,0,0,0,0,0
respiratory,12,respiratory=12,0,0,0,0,12,0,0,0
resting,12,resting=12,12,0,0,0,0,0,0,0
revive,12,revive=5; revived=4; reviving=3,0,0,12,0,0,0,0,0
rrp,12,rrp=12,0,12,0,0,0,0,0,0
sack,12,sacks=5; sack=4; sacked=2; sacking=1,9,0,3,0,0,0,0,0
salinization,12,salinization=12,12,0,0,0,0,0,0,0
saturation,12,saturation=12,12,0,0,0,0,0,0,0
scheme,12,scheme=9; schemes=3,12,0,0,0,0,0,0,0
scorsese,12,scorsese=12,0,12,0,0,0,0,0,0
sedentism,12,sedentism=12,5,5,0,0,0,0,2,0
servant,12,servants=11; servant=1,12,0,0,0,0,0,0,0
sfumato,12,sfumato=12,9,2,1,0,0,0,0,0
situate,12,situated=11; situate=1,0,0,12,0,0,0,0,0
slash,12,slash=9; slashed=3,4,0,8,0,0,0,0,0
slater,12,slater=12,5,7,0,0,0,0,0,0
snowfall,12,snowfall=12,11,0,1,0,0,0,0,0
southward,12,southward=11; southwards=1,2,0,0,0,1,9,0,0
spatial,12,spatial=12,0,0,0,0,12,0,0,0
splash,12,splash=9; splashing=2; splashes=1,5,3,4,0,0,0,0,0
squash,12,squash=12,1,0,10,0,1,0,0,0
stadium,12,stadium=9; stadiums=3,11,1,0,0,0,0,0,0
static,12,static=12,2,0,0,0,10,0,0,0
steer,12,steer=10; steered=1; steers=1,0,0,12,0,0,0,0,0
stranger,12,strangers=11; stranger=1,12,0,0,0,0,0,0,0
stump,12,stump=7; stumps=4; stumped=1,11,0,1,0,0,0,0,0
suburban,12,suburban=12,0,0,0,0,12,0,0,0
tai,12,tai=12,0,12,0,0,0,0,0,0
tasmania,12,tasmania=12,0,12,0,0,0,0,0,0
tp,12,tp=12,2,10,0,0,0,0,0,0
tractor,12,tractors=8; tractor=4,12,0,0,0,0,0,0,0
transatlantic,12,transatlantic=12,0,0,0,0,12,0,0,0
transpiration,12,transpiration=12,12,0,0,0,0,0,0,0
tundra,12,tundra=12,6,2,1,0,2,0,0,1
unconscious,12,unconscious=12,2,0,0,0,10,0,0,0
unexpectedly,12,unexpectedly=12,0,0,0,0,0,12,0,0
unfortunate,12,unfortunate=12,0,1,0,0,11,0,0,0
unimportant,12,unimportant=12,1,0,0,0,11,0,0,0
unintended,12,unintended=12,0,0,0,0,12,0,0,0
unite,12,united=8; unite=3; uniting=1,0,1,11,0,0,0,0,0
unlimited,12,unlimited=12,0,0,0,0,12,0,0,0
unwilling,12,unwilling=12,0,0,0,0,12,0,0,0
uranus,12,uranus=12,0,12,0,0,0,0,0,0
urgent,12,urgent=12,0,0,0,0,12,0,0,0
useless,12,useless=12,0,0,0,0,12,0,0,0
vein,12,veins=12,12,0,0,0,0,0,0,0
windy,12,windy=12,0,3,0,0,9,0,0,0
wound,12,wounds=6; wound=4; wounded=2,10,0,2,0,0,0,0,0
wynne,12,wynne=12,0,12,0,0,0,0,0,0
zebras,12,zebras=12,0,12,0,0,0,0,0,0
accustomed,11,accustomed=11,0,1,0,0,10,0,0,0
acidity,11,acidity=11,11,0,0,0,0,0,0,0
acquisition,11,acquisition=11,11,0,0,0,0,0,0,0
activities,11,activities=11,0,11,0,0,0,0,0,0
administer,11,administered=8; administer=3,1,0,10,0,0,0,0,0
agriculturalist,11,agriculturalists=11,11,0,0,0,0,0,0,0
airborne,11,airborne=11,0,0,0,0,11,0,0,0
alright,11,alright=11,0,0,0,0,3,2,0,6
anecdote,11,anecdotes=7; anecdote=4,11,0,0,0,0,0,0,0
angu,11,angu=11,0,11,0,0,0,0,0,0
animals,11,animals=11,0,11,0,0,0,0,0,0
antibody,11,antibodies=11,11,0,0,0,0,0,0,0
anxiety,11,anxiety=11,10,1,0,0,0,0,0,0
apollo,11,apollo=11,0,11,0,0,0,0,0,0
aquarium,11,aquarium=9; aquariums=2,6,4,0,0,1,0,0,0
armor,11,armor=11,11,0,0,0,0,0,0,0
arousal,11,arousal=11,9,2,0,0,0,0,0,0
artists,11,artists=11,0,11,0,0,0,0,0,0
assertion,11,assertion=9; assertions=2,11,0,0,0,0,0,0,0
auditory,11,auditory=11,0,0,0,0,11,0,0,0
awake,11,awake=10; awoke=1,1,0,1,0,8,1,0,0
awful,11,awful=11,0,0,0,0,11,0,0,0
bathymetry,11,bathymetry=11,8,3,0,0,0,0,0,0
belly,11,belly=5; bellied=3; bellies=3,8,0,3,0,0,0,0,0
belonging,11,belongings=11,11,0,0,0,0,0,0,0
beowulf,11,beowulf=11,0,11,0,0,0,0,0,0
berg,11,berg=11,0,11,0,0,0,0,0,0
bighorn,11,bighorn=11,0,6,0,0,5,0,0,0
binocular,11,binoculars=7; binocular=4,7,0,0,0,4,0,0,0
biography,11,biographies=6; biography=5,11,0,0,0,0,0,0,0
borrowing,11,borrowing=9; borrowings=2,8,3,0,0,0,0,0,0
brady,11,brady=11,0,11,0,0,0,0,0,0
braidwood,11,braidwood=11,0,11,0,0,0,0,0,0
brooding,11,brooding=11,11,0,0,0,0,0,0,0
bull,11,bulls=7; bull=4,11,0,0,0,0,0,0,0
burying,11,burying=11,11,0,0,0,0,0,0,0
camping,11,camping=11,10,1,0,0,0,0,0,0
carbonaceous,11,carbonaceous=11,0,0,0,0,11,0,0,0
cardboard,11,cardboard=10; cardboards=1,11,0,0,0,0,0,0,0
cedar,11,cedar=11,11,0,0,0,0,0,0,0
cfl,11,cfls=7; cfl=4,10,1,0,0,0,0,0,0
charitable,11,charitable=11,0,0,0,0,11,0,0,0
clarification,11,clarification=11,11,0,0,0,0,0,0,0
coalfield,11,coalfields=11,11,0,0,0,0,0,0,0
coenophiala,11,coenophiala=11,11,0,0,0,0,0,0,0
coinage,11,coinage=11,11,0,0,0,0,0,0,0
comique,11,comique=11,10,1,0,0,0,0,0,0
commencement,11,commencement=11,11,0,0,0,0,0,0,0
commonplace,11,commonplace=11,1,0,0,0,10,0,0,0
companion,11,companions=7; companion=4,11,0,0,0,0,0,0,0
comparative,11,comparative=11,0,0,0,0,11,0,0,0
congratulation,11,congratulations=11,11,0,0,0,0,0,0,0
contexts,11,contexts=11,4,7,0,0,0,0,0,0
convenience,11,convenience=9; conveniences=2,11,0,0,0,0,0,0,0
conversion,11,conversion=11,11,0,0,0,0,0,0,0
creator,11,creators=7; creator=4,11,0,0,0,0,0,0,0
cryptochrome,11,cryptochrome=11,10,1,0,0,0,0,0,0
cwd,11,cwd=11,0,11,0,0,0,0,0,0
dairy,11,dairy=11,11,0,0,0,0,0,0,0
deduce,11,deduced=9; deduce=2,0,0,11,0,0,0,0,0
depletion,11,depletion=11,9,1,0,0,1,0,0,0
dessert,11,desserts=8; dessert=3,11,0,0,0,0,0,0,0
diversification,11,diversification=11,11,0,0,0,0,0,0,0
don,11,don=11,0,11,0,0,0,0,0,0
dravidian,11,dravidian=11,0,2,0,0,9,0,0,0
driving,11,driving=11,11,0,0,0,0,0,0,0
drummer,11,drummers=6; drummer=5,11,0,0,0,0,0,0,0
duveen,11,duveen=11,0,11,0,0,0,0,0,0
ecuador,11,ecuador=11,0,11,0,0,0,0,0,0
election,11,election=6; elections=5,10,1,0,0,0,0,0,0
endosymbiotic,11,endosymbiotic=11,0,1,0,0,10,0,0,0
endotherm,11,endotherms=11,11,0,0,0,0,0,0,0
engrave,11,engraved=11,0,0,11,0,0,0,0,0
enrich,11,enriched=6; enrich=3; enriches=1; enriching=1,0,0,11,0,0,0,0,0
eradicate,11,eradicate=5; eradicated=4; eradicating=2,0,0,11,0,0,0,0,0
estuarine,11,estuarine=11,5,0,0,0,6,0,0,0
exceptionally,11,exceptionally=11,0,0,0,0,0,11,0,0
fame,11,fame=10; famed=1,10,0,1,0,0,0,0,0
filming,11,filming=11,11,0,0,0,0,0,0,0
firewood,11,firewood=11,10,1,0,0,0,0,0,0
flatten,11,flattened=6; flatten=2; flattening=2; flattens=1,0,0,11,0,0,0,0,0
forge,11,forge=4; forging=3; forged=2; forges=2,4,0,7,0,0,0,0,0
forger,11,forgers=8; forger=3,11,0,0,0,0,0,0,0
fountain,11,fountain=6; fountains=5,11,0,0,0,0,0,0,0
francisco,11,francisco=11,0,11,0,0,0,0,0,0
frustrate,11,frustrated=10; frustrate=1,0,0,11,0,0,0,0,0
frustrated,11,frustrated=11,0,0,0,0,11,0,0,0
frustration,11,frustration=11,10,1,0,0,0,0,0,0
fundraiser,11,fundraiser=11,11,0,0,0,0,0,0,0
furnishing,11,furnishings=11,11,0,0,0,0,0,0,0
garcia,11,garcia=11,0,11,0,0,0,0,0,0
gause,11,gause=11,1,10,0,0,0,0,0,0
generalist,11,generalists=7; generalist=4,11,0,0,0,0,0,0,0
generator,11,generator=6; generators=5,11,0,0,0,0,0,0,0
gentle,11,gentle=10; gentler=1,0,0,0,0,11,0,0,0
germination,11,germination=11,11,0,0,0,0,0,0,0
gershwin,11,gershwin=11,0,11,0,0,0,0,0,0
gm,11,gm=11,0,11,0,0,0,0,0,0
griffith,11,griffith=11,0,11,0,0,0,0,0,0
habitual,11,habitual=11,0,3,0,0,8,0,0,0
halfway,11,halfway=11,2,0,0,0,0,9,0,0
handful,11,handful=11,11,0,0,0,0,0,0,0
heritage,11,heritage=10; heritages=1,11,0,0,0,0,0,0,0
hilltop,11,hilltop=6; hilltops=5,9,2,0,0,0,0,0,0
horticultural,11,horticultural=11,0,0,0,0,11,0,0,0
hurrian,11,hurrian=11,0,0,0,0,11,0,0,0
hut,11,hut=7; huts=4,11,0,0,0,0,0,0,0
hébrard,11,hébrard=11,0,11,0,0,0,0,0,0
ideally,11,ideally=11,0,0,0,0,0,11,0,0
identifiable,11,identifiable=11,0,0,0,0,11,0,0,0
immigration,11,immigration=11,9,2,0,0,0,0,0,0
inadvertently,11,inadvertently=11,0,0,0,0,0,11,0,0
incubate,11,incubate=5; incubating=4; incubated=1; incubates=1,0,0,11,0,0,0,0,0
indus,11,indus=11,0,11,0,0,0,0,0,0
industrialized,11,industrialized=11,0,0,0,0,11,0,0,0
influx,11,influx=11,10,0,1,0,0,0,0,0
informational,11,informational=11,0,0,0,0,11,0,0,0
jam,11,jam=5; jams=4; jammed=2,8,0,3,0,0,0,0,0
jog,11,jogging=9; jog=1; jogs=1,0,0,11,0,0,0,0,0
jungle,11,jungle=11,11,0,0,0,0,0,0,0
keeping,11,keeping=11,11,0,0,0,0,0,0,0
kitt,11,kitt=11,0,11,0,0,0,0,0,0
lasting,11,lasting=11,0,0,0,0,11,0,0,0
legitimate,11,legitimate=11,0,0,0,0,11,0,0,0
leopard,11,leopard=9; leopards=2,11,0,0,0,0,0,0,0
lettuce,11,lettuce=11,9,1,1,0,0,0,0,0
linda,11,linda=11,0,11,0,0,0,0,0,0
literate,11,literate=11,0,0,0,0,11,0,0,0
madrid,11,madrid=11,0,11,0,0,0,0,0,0
malcolm,11,malcolm=11,0,11,0,0,0,0,0,0
manual,11,manual=11,5,0,1,0,5,0,0,0
masterpiece,11,masterpieces=7; masterpiece=4,11,0,0,0,0,0,0,0
matching,11,matching=11,8,1,0,0,2,0,0,0
maxwell,11,maxwell=11,0,11,0,0,0,0,0,0
meantime,11,meantime=11,11,0,0,0,0,0,0,0
merge,11,merged=4; merging=4; merge=2; merges=1,0,0,11,0,0,0,0,0
mesopelagic,11,mesopelagic=11,0,0,0,0,11,0,0,0
milder,11,milder=11,10,0,0,0,1,0,0,0
ming,11,ming=11,0,11,0,0,0,0,0,0
mom,11,mom=10; moms=1,11,0,0,0,0,0,0,0
monetary,11,monetary=11,0,0,0,0,11,0,0,0
mozart,11,mozart=11,0,11,0,0,0,0,0,0
muddy,11,muddy=11,0,0,0,0,11,0,0,0
multi,11,multi=11,2,0,0,0,9,0,0,0
nancy,11,nancy=11,1,10,0,0,0,0,0,0
narwhal,11,narwhal=6; narwhals=5,7,0,0,0,4,0,0,0
nasa,11,nasa=11,0,11,0,0,0,0,0,0
neglect,11,neglect=7; neglected=4,4,0,7,0,0,0,0,0
neutralize,11,neutralize=7; neutralized=2; neutralizes=2,0,0,11,0,0,0,0,0
objectively,11,objectively=11,0,0,0,0,0,11,0,0
ohio,11,ohio=11,0,11,0,0,0,0,0,0
oliver,11,oliver=11,0,11,0,0,0,0,0,0
olmec,11,olmec=11,0,11,0,0,0,0,0,0
orchard,11,orchard=9; orchards=2,11,0,0,0,0,0,0,0
orff,11,orff=11,0,11,0,0,0,0,0,0
orpheus,11,orpheus=11,0,11,0,0,0,0,0,0
outlying,11,outlying=11,0,1,0,0,10,0,0,0
overfishe,11,overfishing=7; overfished=4,0,0,11,0,0,0,0,0
overview,11,overview=11,11,0,0,0,0,0,0,0
oxidation,11,oxidation=11,10,1,0,0,0,0,0,0
passive,11,passive=11,0,0,0,0,11,0,0,0
pastel,11,pastel=8; pastels=3,3,0,0,0,8,0,0,0
pastoral,11,pastoral=11,0,0,0,0,11,0,0,0
peaceful,11,peaceful=11,0,0,0,0,11,0,0,0
peg,11,peg=8; pegs=3,3,8,0,0,0,0,0,0
pennsylvania,11,pennsylvania=11,0,11,0,0,0,0,0,0
perforated,11,perforated=11,0,0,0,0,11,0,0,0
persuasive,11,persuasive=11,0,0,0,0,11,0,0,0
pessimistic,11,pessimistic=11,0,0,0,0,11,0,0,0
petroleum,11,petroleum=11,11,0,0,0,0,0,0,0
phenologie,11,phenologies=11,11,0,0,0,0,0,0,0
pierce,11,pierce=7; piercing=3; pierced=1,0,5,6,0,0,0,0,0
pierre,11,pierre=11,0,11,0,0,0,0,0,0
pika,11,pika=8; pikas=3,11,0,0,0,0,0,0,0
plumbing,11,plumbing=11,11,0,0,0,0,0,0,0
pointed,11,pointed=11,0,0,0,0,11,0,0,0
pompeii,11,pompeii=11,3,8,0,0,0,0,0,0
potter,11,potters=8; potter=3,11,0,0,0,0,0,0,0
predate,11,predates=5; predate=3; predated=3,1,0,9,0,1,0,0,0
printmaker,11,printmakers=6; printmaker=5,11,0,0,0,0,0,0,0
prolonged,11,prolonged=11,0,0,0,0,11,0,0,0
provoke,11,provoking=5; provoke=3; provokes=3,0,0,11,0,0,0,0,0
punctuation,11,punctuation=11,10,1,0,0,0,0,0,0
punishment,11,punishment=7; punishments=4,11,0,0,0,0,0,0,0
railway,11,railways=7; railway=4,11,0,0,0,0,0,0,0
rating,11,ratings=7; rating=4,11,0,0,0,0,0,0,0
realm,11,realm=7; realms=4,11,0,0,0,0,0,0,0
reappear,11,reappear=6; reappeared=5,0,0,10,0,1,0,0,0
receptionist,11,receptionist=11,11,0,0,0,0,0,0,0
reel,11,reel=6; reeled=2; reeling=2; reels=1,3,0,6,0,2,0,0,0
reflective,11,reflective=11,0,0,0,0,11,0,0,0
refresh,11,refresh=6; refreshed=3; refreshing=2,0,0,11,0,0,0,0,0
refrigeration,11,refrigeration=11,11,0,0,0,0,0,0,0
reinforcement,11,reinforcement=9; reinforcements=2,11,0,0,0,0,0,0,0
representational,11,representational=11,0,0,0,0,11,0,0,0
resolution,11,resolution=11,11,0,0,0,0,0,0,0
rex,11,rex=11,4,7,0,0,0,0,0,0
rim,11,rim=8; rims=3,8,3,0,0,0,0,0,0
ripen,11,ripen=5; ripening=4; ripens=2,2,0,9,0,0,0,0,0
rite,11,rite=8; rites=3,3,8,0,0,0,0,0,0
rna,11,rna=11,0,11,0,0,0,0,0,0
rounded,11,rounded=11,0,1,0,0,10,0,0,0
rude,11,rude=11,0,0,0,0,11,0,0,0
rye,11,rye=11,9,0,2,0,0,0,0,0
safeguard,11,safeguard=3; safeguarding=3; safeguards=3; safeguarded=2,3,0,8,0,0,0,0,0
sahlins,11,sahlins=11,0,11,0,0,0,0,0,0
sapling,11,saplings=11,11,0,0,0,0,0,0,0
scottish,11,scottish=11,0,1,0,0,10,0,0,0
scout,11,scouts=6; scout=5,10,0,1,0,0,0,0,0
seashell,11,seashells=9; seashell=2,10,1,0,0,0,0,0,0
seldom,11,seldom=11,0,0,0,0,0,11,0,0
sensation,11,sensation=11,11,0,0,0,0,0,0,0
services,11,services=11,0,11,0,0,0,0,0,0
shamans,11,shamans=11,0,11,0,0,0,0,0,0
shout,11,shouting=4; shout=3; shouted=2; shouts=2,1,0,10,0,0,0,0,0
sicily,11,sicily=11,0,11,0,0,0,0,0,0
slice,11,slice=5; slices=3; slicing=2; sliced=1,8,0,3,0,0,0,0,0
soften,11,soften=4; softening=3; softened=2; softens=2,0,0,11,0,0,0,0,0
solidarity,11,solidarity=11,7,4,0,0,0,0,0,0
sonification,11,sonification=11,11,0,0,0,0,0,0,0
specialty,11,specialty=8; specialties=3,11,0,0,0,0,0,0,0
speciation,11,speciation=11,11,0,0,0,0,0,0,0
standing,11,standing=11,11,0,0,0,0,0,0,0
starting,11,starting=11,11,0,0,0,0,0,0,0
stationary,11,stationary=11,1,0,0,0,10,0,0,0
steamship,11,steamships=10; steamship=1,11,0,0,0,0,0,0,0
stratosphere,11,stratosphere=11,11,0,0,0,0,0,0,0
stylistic,11,stylistic=11,0,0,0,0,11,0,0,0
stylize,11,stylized=11,0,0,11,0,0,0,0,0
submission,11,submission=6; submissions=5,11,0,0,0,0,0,0,0
subsidize,11,subsidizing=7; subsidized=3; subsidizes=1,0,0,11,0,0,0,0,0
sugary,11,sugary=11,0,0,0,0,11,0,0,0
sunny,11,sunny=11,0,0,0,0,11,0,0,0
sunrise,11,sunrise=10; sunrises=1,8,3,0,0,0,0,0,0
sunset,11,sunsets=7; sunset=4,11,0,0,0,0,0,0,0
systematic,11,systematic=11,0,1,0,0,10,0,0,0
tactic,11,tactics=6; tactic=5,11,0,0,0,0,0,0,0
tactile,11,tactile=11,6,1,1,0,1,0,0,2
taperinha,11,taperinha=11,0,11,0,0,0,0,0,0
tasmanians,11,tasmanians=11,0,11,0,0,0,0,0,0
techniques,11,techniques=11,0,11,0,0,0,0,0,0
teen,11,teens=8; teen=3,11,0,0,0,0,0,0,0
theorist,11,theorists=7; theorist=4,11,0,0,0,0,0,0,0
therapy,11,therapy=11,11,0,0,0,0,0,0,0
thornton,11,thornton=11,0,11,0,0,0,0,0,0
tim,11,tim=11,0,11,0,0,0,0,0,0
tortoiseshell,11,tortoiseshell=6; tortoiseshells=5,11,0,0,0,0,0,0,0
tow,11,tow=7; towed=4,5,0,6,0,0,0,0,0
tradespeople,11,tradespeople=11,11,0,0,0,0,0,0,0
treatise,11,treatise=7; treatises=4,11,0,0,0,0,0,0,0
tuber,11,tubers=11,11,0,0,0,0,0,0,0
tulip,11,tulips=6; tulip=5,7,0,1,0,3,0,0,0
tune,11,tune=6; tunes=4; tuned=1,9,0,2,0,0,0,0,0
tupilak,11,tupilak=6; tupilaks=5,8,1,0,0,2,0,0,0
twelfth,11,twelfth=11,0,0,0,0,11,0,0,0
ultimate,11,ultimate=11,0,0,0,0,11,0,0,0
uncomfortable,11,uncomfortable=11,0,0,0,0,11,0,0,0
undersea,11,undersea=11,6,0,0,0,5,0,0,0
understory,11,understory=11,5,0,0,0,6,0,0,0
unsafe,11,unsafe=11,0,0,0,0,11,0,0,0
valsuani,11,valsuani=11,0,11,0,0,0,0,0,0
vasa,11,vasa=11,1,10,0,0,0,0,0,0
ventilation,11,ventilation=11,10,1,0,0,0,0,0,0
vibration,11,vibrations=9; vibration=2,11,0,0,0,0,0,0,0
villager,11,villagers=11,11,0,0,0,0,0,0,0
waggle,11,waggle=11,8,2,0,0,1,0,0,0
waiting,11,waiting=11,11,0,0,0,0,0,0,0
walnut,11,walnut=9; walnuts=2,5,4,0,0,2,0,0,0
wasteful,11,wasteful=11,0,0,0,0,11,0,0,0
weathercasters,11,weathercasters=11,0,11,0,0,0,0,0,0
whoever,11,whoever=11,0,0,0,0,0,0,11,0
williamsburg,11,williamsburg=11,0,11,0,0,0,0,0,0
woode,11,wooded=11,0,0,11,0,0,0,0,0
xiongnu,11,xiongnu=11,0,11,0,0,0,0,0,0
accommodation,10,accommodations=7; accommodation=3,10,0,0,0,0,0,0,0
acidification,10,acidification=10,10,0,0,0,0,0,0,0
advertiser,10,advertisers=10,10,0,0,0,0,0,0,0
aerobics,10,aerobics=10,9,1,0,0,0,0,0,0
aeschylus,10,aeschylus=10,0,10,0,0,0,0,0,0
alaskan,10,alaskan=10,0,0,0,0,10,0,0,0
align,10,align=5; aligning=3; aligned=2,1,0,9,0,0,0,0,0
alliance,10,alliance=5; alliances=5,7,3,0,0,0,0,0,0
allowance,10,allowance=5; allowances=5,10,0,0,0,0,0,0,0
alpine,10,alpine=10,7,3,0,0,0,0,0,0
amazed,10,amazed=10,0,0,0,0,10,0,0,0
amazonia,10,amazonia=10,0,10,0,0,0,0,0,0
amy,10,amy=10,0,10,0,0,0,0,0,0
anatomical,10,anatomical=10,0,0,0,0,10,0,0,0
angry,10,angry=9; angrier=1,0,0,0,0,10,0,0,0
ankle,10,ankles=7; ankle=3,10,0,0,0,0,0,0,0
apologize,10,apologize=10,0,0,10,0,0,0,0,0
app,10,app=7; apps=3,9,1,0,0,0,0,0,0
april,10,april=10,0,10,0,0,0,0,0,0
arable,10,arable=10,0,0,0,0,10,0,0,0
arbitrary,10,arbitrary=10,0,0,0,0,10,0,0,0
atlantis,10,atlantis=10,0,10,0,0,0,0,0,0
atwood,10,atwood=10,0,10,0,0,0,0,0,0
autoinducer,10,autoinducers=8; autoinducer=2,10,0,0,0,0,0,0,0
backpack,10,backpack=8; backpacking=1; backpacks=1,9,0,1,0,0,0,0,0
bass,10,bass=10,10,0,0,0,0,0,0,0
baxter,10,baxter=10,0,10,0,0,0,0,0,0
beside,10,beside=10,0,0,0,0,0,2,0,8
biomimicry,10,biomimicry=10,10,0,0,0,0,0,0,0
bitter,10,bitter=10,0,0,0,0,10,0,0,0
blackbird,10,blackbirds=8; blackbird=2,10,0,0,0,0,0,0,0
bladder,10,bladder=6; bladders=4,10,0,0,0,0,0,0,0
bloch,10,bloch=10,0,10,0,0,0,0,0,0
blur,10,blur=5; blurred=5,1,0,9,0,0,0,0,0
blurry,10,blurry=10,0,1,0,0,9,0,0,0
bud,10,buds=7; budding=3,7,0,3,0,0,0,0,0
bundle,10,bundle=4; bundling=4; bundled=1; bundles=1,4,0,6,0,0,0,0,0
buzz,10,buzzing=8; buzz=2,2,0,8,0,0,0,0,0
calculus,10,calculus=10,8,1,0,0,1,0,0,0
caracol,10,caracol=10,0,10,0,0,0,0,0,0
cascade,10,cascade=9; cascades=1,8,2,0,0,0,0,0,0
cellulase,10,cellulase=9; cellulases=1,9,1,0,0,0,0,0,0
characteristics,10,characteristics=10,0,10,0,0,0,0,0,0
chat,10,chat=5; chats=3; chatted=1; chatting=1,4,0,6,0,0,0,0,0
chronology,10,chronology=9; chronologies=1,10,0,0,0,0,0,0,0
cleaning,10,cleaning=10,10,0,0,0,0,0,0,0
clicking,10,clicking=10,10,0,0,0,0,0,0,0
climatologist,10,climatologists=7; climatologist=3,10,0,0,0,0,0,0,0
coarse,10,coarse=10,0,0,0,0,10,0,0,0
cob,10,cob=10,9,0,0,0,1,0,0,0
collaborative,10,collaborative=10,0,0,0,0,10,0,0,0
command,10,commands=4; command=2; commanded=2; commanding=2,3,0,7,0,0,0,0,0
concentric,10,concentric=10,0,1,0,0,9,0,0,0
contagious,10,contagious=10,0,0,0,0,10,0,0,0
contour,10,contour=5; contours=5,6,0,0,0,2,1,1,0
conveniently,10,conveniently=10,0,1,0,0,0,9,0,0
crafts,10,crafts=10,0,10,0,0,0,0,0,0
cryptic,10,cryptic=10,0,0,0,0,10,0,0,0
cucumber,10,cucumber=7; cucumbers=3,9,1,0,0,0,0,0,0
culturally,10,culturally=10,0,0,0,0,0,10,0,0
cypress,10,cypress=10,5,5,0,0,0,0,0,0
damaged,10,damaged=10,0,0,0,0,10,0,0,0
damselfish,10,damselfish=10,9,0,1,0,0,0,0,0
december,10,december=10,0,10,0,0,0,0,0,0
decisive,10,decisive=10,0,0,0,0,10,0,0,0
dependable,10,dependable=10,0,0,0,0,10,0,0,0
dependency,10,dependency=10,8,2,0,0,0,0,0,0
deposition,10,deposition=10,10,0,0,0,0,0,0,0
deter,10,deter=7; deterred=1; deterring=1; deters=1,0,0,10,0,0,0,0,0
determination,10,determination=10,10,0,0,0,0,0,0,0
diplomacy,10,diplomacy=10,10,0,0,0,0,0,0,0
disintegrate,10,disintegrate=4; disintegrates=4; disintegrated=2,0,0,10,0,0,0,0,0
disposable,10,disposable=10,0,0,0,0,10,0,0,0
distress,10,distress=10,10,0,0,0,0,0,0,0
domesday,10,domesday=10,0,10,0,0,0,0,0,0
dorian,10,dorian=10,0,0,0,0,10,0,0,0
downturn,10,downturn=7; downturns=3,10,0,0,0,0,0,0,0
drug,10,drugs=8; drug=2,10,0,0,0,0,0,0,0
duplicate,10,duplicate=3; duplicated=3; duplicates=2; duplicating=2,2,0,8,0,0,0,0,0
easel,10,easel=8; easels=2,9,1,0,0,0,0,0,0
eco,10,eco=10,9,1,0,0,0,0,0,0
effigy,10,effigy=10,1,0,0,0,9,0,0,0
elimination,10,elimination=10,9,1,0,0,0,0,0,0
enamel,10,enamel=9; enameled=1,0,9,1,0,0,0,0,0
encouragement,10,encouragement=9; encouragements=1,9,1,0,0,0,0,0,0
endeavor,10,endeavor=5; endeavors=5,10,0,0,0,0,0,0,0
entail,10,entails=7; entailed=2; entail=1,1,0,9,0,0,0,0,0
epichloe,10,epichloe=10,0,10,0,0,0,0,0,0
equilibrium,10,equilibrium=10,10,0,0,0,0,0,0,0
eradication,10,eradication=10,10,0,0,0,0,0,0,0
esteem,10,esteem=9; esteemed=1,9,0,1,0,0,0,0,0
eukaryote,10,eukaryotes=8; eukaryote=2,10,0,0,0,0,0,0,0
evoke,10,evoke=6; evoked=2; evokes=2,0,0,10,0,0,0,0,0
exclusion,10,exclusion=10,10,0,0,0,0,0,0,0
exposition,10,exposition=9; expositions=1,7,3,0,0,0,0,0,0
extraction,10,extraction=9; extractions=1,10,0,0,0,0,0,0,0
factual,10,factual=10,0,0,0,0,10,0,0,0
falconet,10,falconet=10,0,10,0,0,0,0,0,0
familiarity,10,familiarity=10,10,0,0,0,0,0,0,0
fault,10,fault=5; faults=5,8,0,2,0,0,0,0,0
faulty,10,faulty=10,0,0,0,0,10,0,0,0
fauna,10,fauna=8; faunas=2,10,0,0,0,0,0,0,0
feasible,10,feasible=10,0,0,0,0,10,0,0,0
feast,10,feasts=6; feast=4,10,0,0,0,0,0,0,0
fiadh,10,fiadh=10,1,9,0,0,0,0,0,0
fieldwork,10,fieldwork=10,8,2,0,0,0,0,0,0
finalize,10,finalized=6; finalize=3; finalizing=1,0,0,10,0,0,0,0,0
fireplace,10,fireplaces=9; fireplace=1,10,0,0,0,0,0,0,0
firsthand,10,firsthand=10,0,0,0,0,6,4,0,0
firstly,10,firstly=10,0,0,0,0,0,10,0,0
fitting,10,fitting=8; fittings=2,2,0,0,0,8,0,0,0
fleet,10,fleet=6; fleets=4,10,0,0,0,0,0,0,0
flush,10,flush=3; flushing=3; flushed=2; flushes=2,0,0,8,0,2,0,0,0
folios,10,folios=10,0,10,0,0,0,0,0,0
foraminifera,10,foraminifera=10,5,5,0,0,0,0,0,0
forelimb,10,forelimbs=10,10,0,0,0,0,0,0,0
foremost,10,foremost=10,0,0,0,0,4,6,0,0
fortune,10,fortune=6; fortunes=4,10,0,0,0,0,0,0,0
founding,10,founding=10,9,1,0,0,0,0,0,0
foundry,10,foundry=8; foundries=2,10,0,0,0,0,0,0,0
fringe,10,fringe=8; fringes=2,10,0,0,0,0,0,0,0
frustrating,10,frustrating=10,0,0,0,0,10,0,0,0
fulacht,10,fulacht=10,1,9,0,0,0,0,0,0
functioning,10,functioning=10,10,0,0,0,0,0,0,0
fundamentally,10,fundamentally=10,0,0,0,0,0,10,0,0
gamma,10,gamma=10,10,0,0,0,0,0,0,0
gel,10,gel=10,10,0,0,0,0,0,0,0
gerald,10,gerald=10,0,10,0,0,0,0,0,0
gilbert,10,gilbert=10,0,10,0,0,0,0,0,0
godot,10,godot=10,0,10,0,0,0,0,0,0
goldsmith,10,goldsmiths=8; goldsmith=2,10,0,0,0,0,0,0,0
governmental,10,governmental=10,0,0,0,0,10,0,0,0
grad,10,grad=10,0,1,1,0,8,0,0,0
grandfather,10,grandfather=10,10,0,0,0,0,0,0,0
greenwood,10,greenwood=10,0,10,0,0,0,0,0,0
grizzly,10,grizzly=8; grizzlies=2,9,1,0,0,0,0,0,0
hale,10,hale=10,1,9,0,0,0,0,0,0
handed,10,handed=10,0,0,0,0,10,0,0,0
hardy,10,hardy=10,0,3,0,0,7,0,0,0
hasome,10,hasome=10,0,10,0,0,0,0,0,0
hassam,10,hassam=10,0,10,0,0,0,0,0,0
hawthorne,10,hawthorne=10,6,4,0,0,0,0,0,0
henri,10,henri=10,0,10,0,0,0,0,0,0
herding,10,herding=10,10,0,0,0,0,0,0,0
hierakonpolis,10,hierakonpolis=10,0,10,0,0,0,0,0,0
hiking,10,hiking=10,9,1,0,0,0,0,0,0
hills,10,hills=10,0,10,0,0,0,0,0,0
humid,10,humid=10,0,0,0,0,10,0,0,0
humor,10,humor=9; humors=1,9,0,1,0,0,0,0,0
hutchinson,10,hutchinson=10,0,10,0,0,0,0,0,0
hydrodynamic,10,hydrodynamic=10,0,0,0,0,10,0,0,0
idealize,10,idealized=6; idealize=4,0,0,10,0,0,0,0,0
iii,10,iii=10,0,10,0,0,0,0,0,0
illuminate,10,illuminate=6; illuminated=2; illuminates=2,0,0,10,0,0,0,0,0
imbalance,10,imbalance=5; imbalances=5,10,0,0,0,0,0,0,0
imitative,10,imitative=10,0,0,0,0,10,0,0,0
inaccuracy,10,inaccuracies=8; inaccuracy=2,10,0,0,0,0,0,0,0
inappropriate,10,inappropriate=10,0,0,0,0,10,0,0,0
inflation,10,inflation=10,10,0,0,0,0,0,0,0
inlay,10,inlay=4; inlays=3; inlaid=2; inlaying=1,7,0,3,0,0,0,0,0
instantly,10,instantly=10,0,0,0,0,0,10,0,0
instruct,10,instructed=6; instruct=3; instructing=1,0,0,10,0,0,0,0,0
instructional,10,instructional=10,0,0,0,0,10,0,0,0
interdisciplinary,10,interdisciplinary=10,2,0,0,0,8,0,0,0
intersection,10,intersections=6; intersection=4,10,0,0,0,0,0,0,0
iraq,10,iraq=10,0,10,0,0,0,0,0,0
irregular,10,irregular=10,0,0,0,0,10,0,0,0
jim,10,jim=10,0,10,0,0,0,0,0,0
jonas,10,jonas=10,0,10,0,0,0,0,0,0
josepho,10,josepho=10,0,10,0,0,0,0,0,0
julia,10,julia=10,0,10,0,0,0,0,0,0
kakanaut,10,kakanaut=10,0,10,0,0,0,0,0,0
knock,10,knocked=5; knock=3; knocking=2,0,0,10,0,0,0,0,0
lady,10,lady=10,6,4,0,0,0,0,0,0
laugh,10,laugh=6; laughing=2; laughed=1; laughs=1,5,0,5,0,0,0,0,0
laurentide,10,laurentide=10,0,10,0,0,0,0,0,0
learner,10,learner=6; learners=4,10,0,0,0,0,0,0,0
legislation,10,legislation=10,10,0,0,0,0,0,0,0
lick,10,licks=5; lick=3; licking=2,6,0,4,0,0,0,0,0
litter,10,litter=7; littered=2; litters=1,7,0,3,0,0,0,0,0
logically,10,logically=10,0,1,0,0,0,9,0,0
lucia,10,lucia=10,0,10,0,0,0,0,0,0
lux,10,lux=10,10,0,0,0,0,0,0,0
magnitude,10,magnitude=10,10,0,0,0,0,0,0,0
manetho,10,manetho=10,1,9,0,0,0,0,0,0
manor,10,manor=7; manors=3,8,2,0,0,0,0,0,0
mansion,10,mansion=9; mansions=1,10,0,0,0,0,0,0,0
marry,10,married=5; marry=5,0,0,10,0,0,0,0,0
massachusetts,10,massachusetts=10,0,10,0,0,0,0,0,0
matthew,10,matthew=10,0,10,0,0,0,0,0,0
maturation,10,maturation=10,9,1,0,0,0,0,0,0
maze,10,maze=9; mazes=1,10,0,0,0,0,0,0,0
memorable,10,memorable=10,0,0,0,0,10,0,0,0
mesopotamians,10,mesopotamians=10,0,10,0,0,0,0,0,0
metalwork,10,metalwork=10,10,0,0,0,0,0,0,0
mhm,10,mhm=10,0,8,0,0,0,0,0,2
milankovitch,10,milankovitch=10,0,10,0,0,0,0,0,0
mislead,10,misled=4; mislead=3; misleading=3,0,0,10,0,0,0,0,0
mollusk,10,mollusk=5; mollusks=5,10,0,0,0,0,0,0,0
molt,10,molts=5; molt=4; molted=1,9,0,1,0,0,0,0,0
mongoose,10,mongooses=7; mongoose=3,9,0,1,0,0,0,0,0
mood,10,mood=9; moods=1,10,0,0,0,0,0,0,0
moody,10,moody=10,0,10,0,0,0,0,0,0
morality,10,morality=10,10,0,0,0,0,0,0,0
motor,10,motor=10,10,0,0,0,0,0,0,0
moulin,10,moulin=7; moulins=3,7,3,0,0,0,0,0,0
mri,10,mris=6; mri=4,7,3,0,0,0,0,0,0
mutation,10,mutations=7; mutation=3,10,0,0,0,0,0,0,0
nacre,10,nacre=10,1,9,0,0,0,0,0,0
nail,10,nails=7; nail=3,9,0,1,0,0,0,0,0
neat,10,neat=10,0,0,0,0,10,0,0,0
negotiation,10,negotiation=7; negotiations=3,10,0,0,0,0,0,0,0
newt,10,newt=10,2,0,0,0,7,1,0,0
niépce,10,niépce=10,0,10,0,0,0,0,0,0
organelle,10,organelles=9; organelle=1,9,1,0,0,0,0,0,0
organisms,10,organisms=10,0,10,0,0,0,0,0,0
ornamental,10,ornamental=10,0,0,0,0,10,0,0,0
orographic,10,orographic=10,0,0,0,0,10,0,0,0
outstanding,10,outstanding=10,0,0,0,0,10,0,0,0
panspermia,10,panspermia=10,8,1,0,0,1,0,0,0
persian,10,persian=10,0,7,0,0,3,0,0,0
persistent,10,persistent=10,0,0,0,0,10,0,0,0
pictorialism,10,pictorialism=10,5,5,0,0,0,0,0,0
poisoning,10,poisoning=10,10,0,0,0,0,0,0,0
polynesians,10,polynesians=10,0,10,0,0,0,0,0,0
portland,10,portland=10,0,10,0,0,0,0,0,0
posting,10,posting=5; postings=5,10,0,0,0,0,0,0,0
programmer,10,programmer=6; programmers=4,10,0,0,0,0,0,0,0
progressive,10,progressive=10,0,0,0,0,10,0,0,0
proliferate,10,proliferate=6; proliferated=4,0,0,9,0,1,0,0,0
prolong,10,prolonged=6; prolongs=2; prolong=1; prolonging=1,1,0,9,0,0,0,0,0
regime,10,regime=10,10,0,0,0,0,0,0,0
regrow,10,regrow=8; regrowing=2,0,0,10,0,0,0,0,0
reintroduction,10,reintroduction=9; reintroductions=1,10,0,0,0,0,0,0,0
relaxed,10,relaxed=10,0,0,0,0,10,0,0,0
reminder,10,reminder=6; reminders=4,10,0,0,0,0,0,0,0
richness,10,richness=10,10,0,0,0,0,0,0,0
rodent,10,rodents=8; rodent=2,9,0,1,0,0,0,0,0
running,10,running=10,7,0,0,0,3,0,0,0
schelling,10,schelling=10,1,9,0,0,0,0,0,0
scholarly,10,scholarly=10,0,0,0,0,10,0,0,0
secret,10,secret=10,8,0,0,0,2,0,0,0
seedling,10,seedlings=9; seedling=1,10,0,0,0,0,0,0,0
serial,10,serial=10,0,0,0,0,10,0,0,0
sew,10,sewn=9; sew=1,0,0,10,0,0,0,0,0
shipment,10,shipments=6; shipment=4,10,0,0,0,0,0,0,0
sickness,10,sickness=9; sicknesses=1,9,1,0,0,0,0,0,0
silcrete,10,silcrete=10,8,0,0,0,2,0,0,0
sir,10,sir=10,0,10,0,0,0,0,0,0
spoken,10,spoken=10,0,0,0,0,10,0,0,0
spontaneously,10,spontaneously=10,0,0,0,0,0,10,0,0
staging,10,staging=10,8,2,0,0,0,0,0,0
staircase,10,staircase=8; staircases=2,8,2,0,0,0,0,0,0
statistical,10,statistical=10,0,0,0,0,10,0,0,0
steadman,10,steadman=10,0,10,0,0,0,0,0,0
steamboat,10,steamboat=6; steamboats=4,7,3,0,0,0,0,0,0
stimulation,10,stimulation=10,10,0,0,0,0,0,0,0
storytelling,10,storytelling=10,10,0,0,0,0,0,0,0
symmetrical,10,symmetrical=10,0,0,0,0,10,0,0,0
teenage,10,teenage=10,0,0,0,0,10,0,0,0
telephone,10,telephone=9; telephones=1,10,0,0,0,0,0,0,0
tesauro,10,tesauro=10,1,9,0,0,0,0,0,0
theropod,10,theropods=6; theropod=4,6,0,1,0,3,0,0,0
thoreau,10,thoreau=10,0,10,0,0,0,0,0,0
throat,10,throat=9; throats=1,10,0,0,0,0,0,0,0
throate,10,throated=10,0,0,10,0,0,0,0,0
timeline,10,timeline=9; timelines=1,10,0,0,0,0,0,0,0
tolkien,10,tolkien=10,0,10,0,0,0,0,0,0
topography,10,topography=9; topographies=1,10,0,0,0,0,0,0,0
topsoil,10,topsoil=10,10,0,0,0,0,0,0,0
tuesday,10,tuesday=10,0,10,0,0,0,0,0,0
turbulent,10,turbulent=10,0,0,0,0,10,0,0,0
unaware,10,unaware=10,0,0,0,0,10,0,0,0
undermine,10,undermine=4; undermined=4; undermines=2,1,0,9,0,0,0,0,0
undesirable,10,undesirable=10,0,0,0,0,10,0,0,0
unearth,10,unearthed=9; unearthing=1,0,0,10,0,0,0,0,0
unfavorable,10,unfavorable=10,0,0,0,0,10,0,0,0
unpopular,10,unpopular=10,0,0,0,0,10,0,0,0
urge,10,urge=5; urged=5,2,0,8,0,0,0,0,0
ursa,10,ursa=10,0,10,0,0,0,0,0,0
vacancy,10,vacancy=8; vacancies=2,9,1,0,0,0,0,0,0
vet,10,vet=10,8,0,1,0,1,0,0,0
victory,10,victory=7; victories=3,10,0,0,0,0,0,0,0
vikings,10,vikings=10,0,10,0,0,0,0,0,0
vole,10,voles=7; vole=3,6,0,1,0,3,0,0,0
vulnerability,10,vulnerability=10,10,0,0,0,0,0,0,0
ward,10,ward=10,1,9,0,0,0,0,0,0
waterproof,10,waterproof=9; waterproofed=1,1,0,1,0,8,0,0,0
welles,10,welles=10,0,10,0,0,0,0,0,0
wilt,10,wilt=10,10,0,0,0,0,0,0,0
wine,10,wine=8; wines=2,10,0,0,0,0,0,0,0
woodblock,10,woodblock=10,10,0,0,0,0,0,0,0
workout,10,workout=8; workouts=2,10,0,0,0,0,0,0,0
yale,10,yale=10,0,10,0,0,0,0,0,0
yogurt,10,yogurt=10,6,4,0,0,0,0,0,0
yucatan,10,yucatan=10,0,10,0,0,0,0,0,0
zeidan,10,zeidan=10,0,10,0,0,0,0,0,0
abbey,9,abbey=5; abbeys=4,7,2,0,0,0,0,0,0
abrupt,9,abrupt=9,0,0,0,0,9,0,0,0
abu,9,abu=9,0,9,0,0,0,0,0,0
academically,9,academically=9,0,0,0,0,0,9,0,0
accountable,9,accountable=9,0,1,0,0,8,0,0,0
adaptations,9,adaptations=9,0,9,0,0,0,0,0,0
adhesive,9,adhesive=7; adhesives=2,4,0,1,0,4,0,0,0
adverse,9,adverse=9,0,0,0,0,9,0,0,0
akkadians,9,akkadians=9,0,9,0,0,0,0,0,0
alfred,9,alfred=9,0,9,0,0,0,0,0,0
alice,9,alice=9,0,9,0,0,0,0,0,0
altruistic,9,altruistic=9,0,0,0,0,9,0,0,0
alvarez,9,alvarez=9,0,9,0,0,0,0,0,0
analogy,9,analogy=8; analogies=1,9,0,0,0,0,0,0,0
annually,9,annually=9,0,0,0,0,0,9,0,0
anonymous,9,anonymous=9,0,0,0,0,9,0,0,0
antelope,9,antelope=6; antelopes=3,9,0,0,0,0,0,0,0
antikythera,9,antikythera=9,0,9,0,0,0,0,0,0
archaea,9,archaea=9,4,3,0,0,1,0,0,1
archipelago,9,archipelago=7; archipelagos=2,6,3,0,0,0,0,0,0
argentina,9,argentina=9,0,9,0,0,0,0,0,0
artificially,9,artificially=9,0,0,0,0,0,9,0,0
astonishing,9,astonishing=9,0,0,0,0,9,0,0,0
auction,9,auction=5; auctions=4,9,0,0,0,0,0,0,0
aurignacian,9,aurignacian=9,1,2,0,0,6,0,0,0
authenticate,9,authenticate=7; authenticating=2,0,0,7,0,2,0,0,0
authorize,9,authorized=7; authorize=1; authorizing=1,0,0,9,0,0,0,0,0
avant,9,avant=9,0,0,0,0,7,2,0,0
backward,9,backward=9,0,0,0,0,1,8,0,0
baleen,9,baleen=9,9,0,0,0,0,0,0,0
barren,9,barren=9,0,0,0,0,9,0,0,0
bathtub,9,bathtub=8; bathtubs=1,9,0,0,0,0,0,0,0
belize,9,belize=9,0,9,0,0,0,0,0,0
bella,9,bella=9,1,8,0,0,0,0,0,0
bench,9,benches=6; bench=3,9,0,0,0,0,0,0,0
biologically,9,biologically=9,0,0,0,0,0,9,0,0
biotic,9,biotic=9,0,0,0,0,9,0,0,0
bloodstream,9,bloodstream=9,9,0,0,0,0,0,0,0
brave,9,brave=9,0,4,0,0,5,0,0,0
breeze,9,breeze=6; breezes=3,9,0,0,0,0,0,0,0
buea,9,buea=9,0,9,0,0,0,0,0,0
bulletin,9,bulletin=9,9,0,0,0,0,0,0,0
cameron,9,cameron=9,0,9,0,0,0,0,0,0
carcass,9,carcasses=5; carcass=4,9,0,0,0,0,0,0,0
caribou,9,caribou=9,6,3,0,0,0,0,0,0
carrion,9,carrion=9,9,0,0,0,0,0,0,0
casting,9,casting=8; castings=1,9,0,0,0,0,0,0,0
catfish,9,catfish=9,9,0,0,0,0,0,0,0
cease,9,ceased=4; cease=3; ceases=1; ceasing=1,1,0,8,0,0,0,0,0
certify,9,certified=9,0,0,9,0,0,0,0,0
chemist,9,chemist=7; chemists=2,9,0,0,0,0,0,0,0
christopher,9,christopher=9,0,9,0,0,0,0,0,0
civilian,9,civilian=9,2,0,0,0,7,0,0,0
coke,9,coke=9,7,1,1,0,0,0,0,0
colorless,9,colorless=9,0,0,0,0,9,0,0,0
coma,9,coma=9,9,0,0,0,0,0,0,0
commercialization,9,commercialization=9,8,1,0,0,0,0,0,0
competence,9,competence=9,8,1,0,0,0,0,0,0
completion,9,completion=9,9,0,0,0,0,0,0,0
conditions,9,conditions=9,0,9,0,0,0,0,0,0
consciously,9,consciously=9,0,0,0,0,0,9,0,0
contend,9,contend=6; contended=2; contending=1,0,0,9,0,0,0,0,0
continual,9,continual=9,0,0,0,0,9,0,0,0
contradictory,9,contradictory=9,0,0,0,0,9,0,0,0
convincingly,9,convincingly=9,0,0,0,0,0,9,0,0
coordinated,9,coordinated=9,0,0,0,0,9,0,0,0
costa,9,costa=9,0,9,0,0,0,0,0,0
couch,9,couch=5; couches=4,9,0,0,0,0,0,0,0
counseling,9,counseling=9,9,0,0,0,0,0,0,0
counteract,9,counteract=8; counteracted=1,0,0,9,0,0,0,0,0
creatively,9,creatively=9,0,0,0,0,1,8,0,0
creek,9,creek=8; creeks=1,6,3,0,0,0,0,0,0
crest,9,crests=4; crest=3; crested=2,7,0,2,0,0,0,0,0
crewless,9,crewless=9,4,3,0,0,2,0,0,0
crustacean,9,crustaceans=8; crustacean=1,9,0,0,0,0,0,0,0
cuisine,9,cuisine=7; cuisines=2,9,0,0,0,0,0,0,0
cumulative,9,cumulative=9,0,1,0,0,8,0,0,0
cycling,9,cycling=9,9,0,0,0,0,0,0,0
cyprus,9,cyprus=9,0,9,0,0,0,0,0,0
dc,9,dc=9,0,9,0,0,0,0,0,0
deadly,9,deadly=9,0,2,0,0,7,0,0,0
dear,9,dear=9,1,3,0,0,5,0,0,0
definite,9,definite=9,0,0,0,0,9,0,0,0
demic,9,demic=9,0,0,0,0,9,0,0,0
deny,9,denied=6; deny=2; denies=1,0,0,9,0,0,0,0,0
detrimental,9,detrimental=9,0,0,0,0,9,0,0,0
digitize,9,digitized=4; digitize=3; digitizing=2,0,0,9,0,0,0,0,0
dilute,9,dilute=4; diluted=4; dilutes=1,3,0,5,0,1,0,0,0
dipper,9,dipper=9,0,9,0,0,0,0,0,0
dirty,9,dirty=9,0,0,0,0,9,0,0,0
disappointment,9,disappointment=9,6,3,0,0,0,0,0,0
discern,9,discern=7; discerned=1; discerning=1,1,0,8,0,0,0,0,0
disruptive,9,disruptive=9,0,0,0,0,9,0,0,0
dissipate,9,dissipate=6; dissipated=2; dissipating=1,0,0,9,0,0,0,0,0
distinctly,9,distinctly=9,0,0,0,0,0,9,0,0
diversify,9,diversify=5; diversifying=3; diversified=1,0,0,9,0,0,0,0,0
drip,9,dripped=6; drip=2; drips=1,1,0,8,0,0,0,0,0
drown,9,drowning=4; drown=3; drowned=2,0,0,9,0,0,0,0,0
décima,9,décima=9,5,4,0,0,0,0,0,0
ecologically,9,ecologically=9,0,0,0,0,0,9,0,0
egalitarian,9,egalitarian=9,0,0,0,0,9,0,0,0
eli,9,eli=9,0,9,0,0,0,0,0,0
endosymbiont,9,endosymbionts=5; endosymbiont=4,7,1,0,0,1,0,0,0
enhancement,9,enhancement=6; enhancements=3,9,0,0,0,0,0,0,0
environmentalist,9,environmentalists=9,9,0,0,0,0,0,0,0
equatorial,9,equatorial=9,1,0,0,0,8,0,0,0
eric,9,eric=9,0,9,0,0,0,0,0,0
ethiopia,9,ethiopia=9,0,9,0,0,0,0,0,0
evil,9,evil=9,4,0,0,0,5,0,0,0
exclusive,9,exclusive=9,0,0,0,0,9,0,0,0
exit,9,exits=4; exit=3; exited=1; exiting=1,7,0,2,0,0,0,0,0
expanse,9,expanses=6; expanse=3,9,0,0,0,0,0,0,0
experimenter,9,experimenter=5; experimenters=4,9,0,0,0,0,0,0,0
famine,9,famine=8; famines=1,6,2,1,0,0,0,0,0
farley,9,farley=9,0,9,0,0,0,0,0,0
fashionable,9,fashionable=9,0,0,0,0,9,0,0,0
fecundity,9,fecundity=9,9,0,0,0,0,0,0,0
federate,9,federate=7; federates=2,8,0,0,0,1,0,0,0
feldspar,9,feldspar=9,9,0,0,0,0,0,0,0
ferment,9,ferment=5; fermented=4,0,0,8,0,1,0,0,0
flag,9,flag=6; flags=3,9,0,0,0,0,0,0,0
flip,9,flipping=4; flip=2; flipped=2; flips=1,0,0,8,0,1,0,0,0
forestry,9,forestry=9,9,0,0,0,0,0,0,0
fossilized,9,fossilized=9,0,1,0,0,8,0,0,0
fragmentary,9,fragmentary=9,0,0,0,0,9,0,0,0
frighten,9,frighten=5; frightened=4,0,0,9,0,0,0,0,0
futurist,9,futurist=8; futurists=1,3,3,0,0,3,0,0,0
galactic,9,galactic=9,0,1,0,0,8,0,0,0
galileo,9,galileo=9,0,9,0,0,0,0,0,0
garamantes,9,garamantes=9,0,9,0,0,0,0,0,0
garry,9,garry=9,0,9,0,0,0,0,0,0
garter,9,garter=9,9,0,0,0,0,0,0,0
gecko,9,gecko=6; geckos=3,9,0,0,0,0,0,0,0
generalization,9,generalization=5; generalizations=4,8,1,0,0,0,0,0,0
generalize,9,generalize=3; generalized=3; generalizing=3,0,0,9,0,0,0,0,0
genotype,9,genotypes=9,9,0,0,0,0,0,0,0
gerbil,9,gerbils=9,9,0,0,0,0,0,0,0
glassmaking,9,glassmaking=9,7,2,0,0,0,0,0,0
glide,9,gliding=4; glide=3; glided=1; glides=1,1,0,8,0,0,0,0,0
globally,9,globally=9,0,0,0,0,0,9,0,0
gloomy,9,gloomy=9,0,0,0,0,9,0,0,0
gps,9,gps=9,6,3,0,0,0,0,0,0
grandmother,9,grandmother=8; grandmothers=1,9,0,0,0,0,0,0,0
grasshopper,9,grasshopper=6; grasshoppers=3,9,0,0,0,0,0,0,0
gun,9,guns=5; gun=4,9,0,0,0,0,0,0,0
ha,9,ha=9,0,0,0,0,0,0,0,9
halt,9,halt=5; halted=3; halting=1,4,0,5,0,0,0,0,0
harpoon,9,harpoon=5; harpoons=4,9,0,0,0,0,0,0,0
heaven,9,heavens=7; heaven=2,7,2,0,0,0,0,0,0
hip,9,hip=7; hips=2,9,0,0,0,0,0,0,0
hiroshige,9,hiroshige=9,0,9,0,0,0,0,0,0
holding,9,holdings=5; holding=4,9,0,0,0,0,0,0,0
humanity,9,humanity=5; humanities=4,9,0,0,0,0,0,0,0
hureyra,9,hureyra=9,0,9,0,0,0,0,0,0
hydrophobic,9,hydrophobic=9,2,1,1,0,5,0,0,0
hypnotist,9,hypnotist=9,9,0,0,0,0,0,0,0
immerse,9,immersed=6; immerse=2; immerses=1,0,0,9,0,0,0,0,0
importation,9,importation=9,9,0,0,0,0,0,0,0
impractical,9,impractical=9,0,0,0,0,8,1,0,0
inanimate,9,inanimate=9,1,0,2,0,6,0,0,0
inclusion,9,inclusion=9,9,0,0,0,0,0,0,0
indefinitely,9,indefinitely=9,0,0,0,0,0,9,0,0
induction,9,induction=9,7,2,0,0,0,0,0,0
informative,9,informative=9,0,0,0,0,9,0,0,0
insects,9,insects=9,0,9,0,0,0,0,0,0
instinctual,9,instinctual=9,0,0,0,0,9,0,0,0
integration,9,integration=9,9,0,0,0,0,0,0,0
internally,9,internally=9,0,0,0,0,0,9,0,0
interruption,9,interruption=7; interruptions=2,9,0,0,0,0,0,0,0
intrude,9,intruded=4; intrude=3; intruding=2,1,0,8,0,0,0,0,0
inundation,9,inundation=8; inundations=1,9,0,0,0,0,0,0,0
invaluable,9,invaluable=9,0,0,0,0,9,0,0,0
inventory,9,inventories=6; inventory=3,9,0,0,0,0,0,0,0
ipplepen,9,ipplepen=9,2,7,0,0,0,0,0,0
jonathan,9,jonathan=9,0,9,0,0,0,0,0,0
justice,9,justice=9,9,0,0,0,0,0,0,0
ken,9,ken=9,0,9,0,0,0,0,0,0
kerouac,9,kerouac=9,0,9,0,0,0,0,0,0
keystone,9,keystone=9,7,1,0,0,1,0,0,0
khipus,9,khipus=9,0,6,0,0,0,3,0,0
kritios,9,kritios=9,0,9,0,0,0,0,0,0
landholder,9,landholders=7; landholder=2,9,0,0,0,0,0,0,0
league,9,league=7; leagues=2,4,5,0,0,0,0,0,0
lear,9,lear=9,0,9,0,0,0,0,0,0
lecturer,9,lecturer=8; lecturers=1,9,0,0,0,0,0,0,0
legion,9,legions=7; legion=2,7,2,0,0,0,0,0,0
lessen,9,lessen=4; lessened=2; lessens=2; lessening=1,1,0,8,0,0,0,0,0
lineage,9,lineages=8; lineage=1,9,0,0,0,0,0,0,0
lipid,9,lipids=6; lipid=3,9,0,0,0,0,0,0,0
livelihood,9,livelihood=8; livelihoods=1,9,0,0,0,0,0,0,0
lively,9,lively=8; livelier=1,0,0,0,0,9,0,0,0
logging,9,logging=9,8,1,0,0,0,0,0,0
lover,9,lovers=6; lover=3,8,1,0,0,0,0,0,0
lumber,9,lumber=6; lumbering=3,5,1,3,0,0,0,0,0
macaque,9,macaques=8; macaque=1,8,0,0,0,1,0,0,0
mada,9,mada=9,0,9,0,0,0,0,0,0
magnificent,9,magnificent=9,0,1,0,0,8,0,0,0
malfunction,9,malfunction=6; malfunctioned=2; malfunctioning=1,6,0,3,0,0,0,0,0
maltese,9,maltese=9,0,0,0,0,9,0,0,0
masters,9,masters=9,0,9,0,0,0,0,0,0
materials,9,materials=9,0,9,0,0,0,0,0,0
mayor,9,mayor=8; mayors=1,9,0,0,0,0,0,0,0
medication,9,medication=7; medications=2,9,0,0,0,0,0,0,0
medicinal,9,medicinal=9,0,0,0,0,9,0,0,0
melanin,9,melanin=9,5,2,2,0,0,0,0,0
milky,9,milky=9,0,8,0,0,1,0,0,0
mire,9,mire=5; mires=4,8,1,0,0,0,0,0,0
moderately,9,moderately=9,0,0,0,0,0,9,0,0
mona,9,mona=9,0,9,0,0,0,0,0,0
monopoly,9,monopoly=9,9,0,0,0,0,0,0,0
multitasker,9,multitaskers=9,9,0,0,0,0,0,0,0
muscular,9,muscular=9,0,0,0,0,9,0,0,0
mustang,9,mustangs=9,9,0,0,0,0,0,0,0
nacreous,9,nacreous=9,0,0,0,0,9,0,0,0
naturalism,9,naturalism=9,6,3,0,0,0,0,0,0
navigable,9,navigable=9,0,0,0,0,9,0,0,0
negotiate,9,negotiate=5; negotiated=3; negotiating=1,0,0,9,0,0,0,0,0
nettles,9,nettles=9,0,9,0,0,0,0,0,0
noon,9,noon=9,9,0,0,0,0,0,0,0
noticeably,9,noticeably=9,0,0,0,0,0,9,0,0
nourishment,9,nourishment=9,9,0,0,0,0,0,0,0
officially,9,officially=9,0,0,0,0,0,9,0,0
orbiter,9,orbiter=9,5,4,0,0,0,0,0,0
organizer,9,organizers=7; organizer=2,9,0,0,0,0,0,0,0
orson,9,orson=9,0,9,0,0,0,0,0,0
ought,9,ought=9,0,0,0,9,0,0,0,0
outnumber,9,outnumber=6; outnumbered=3,0,0,9,0,0,0,0,0
overkill,9,overkill=9,8,1,0,0,0,0,0,0
overload,9,overload=8; overloaded=1,7,0,2,0,0,0,0,0
overlying,9,overlying=9,0,0,0,0,9,0,0,0
painters,9,painters=9,0,9,0,0,0,0,0,0
parthians,9,parthians=9,0,9,0,0,0,0,0,0
passageway,9,passageway=5; passageways=4,9,0,0,0,0,0,0,0
password,9,password=9,9,0,0,0,0,0,0,0
pathway,9,pathways=7; pathway=2,9,0,0,0,0,0,0,0
patience,9,patience=9,9,0,0,0,0,0,0,0
patrick,9,patrick=9,0,9,0,0,0,0,0,0
pea,9,peas=8; pea=1,9,0,0,0,0,0,0,0
pei,9,pei=9,0,9,0,0,0,0,0,0
permian,9,permian=9,0,1,0,0,8,0,0,0
petition,9,petition=5; petitions=4,8,0,1,0,0,0,0,0
philippines,9,philippines=9,0,9,0,0,0,0,0,0
phlogiston,9,phlogiston=9,0,9,0,0,0,0,0,0
photocopy,9,photocopies=8; photocopy=1,8,1,0,0,0,0,0,0
photosynthate,9,photosynthate=5; photosynthates=4,9,0,0,0,0,0,0,0
planter,9,planters=9,9,0,0,0,0,0,0,0
poke,9,poked=4; poke=3; poking=2,0,0,9,0,0,0,0,0
polyamide,9,polyamide=9,7,0,0,0,2,0,0,0
portraiture,9,portraiture=9,8,0,1,0,0,0,0,0
portrayal,9,portrayal=6; portrayals=3,9,0,0,0,0,0,0,0
posit,9,posits=5; posit=2; posited=1; positing=1,4,0,5,0,0,0,0,0
postpone,9,postpone=6; postponing=2; postponed=1,0,0,9,0,0,0,0,0
predators,9,predators=9,0,9,0,0,0,0,0,0
premium,9,premiums=5; premium=4,8,0,0,0,1,0,0,0
printmaking,9,printmaking=9,9,0,0,0,0,0,0,0
privacy,9,privacy=9,9,0,0,0,0,0,0,0
problems,9,problems=9,0,9,0,0,0,0,0,0
processualist,9,processualists=8; processualist=1,8,0,0,0,1,0,0,0
protagonist,9,protagonist=9,9,0,0,0,0,0,0,0
provenance,9,provenance=9,7,2,0,0,0,0,0,0
purchasing,9,purchasing=9,8,1,0,0,0,0,0,0
qing,9,qing=9,0,9,0,0,0,0,0,0
quaggas,9,quaggas=9,0,9,0,0,0,0,0,0
quantify,9,quantify=5; quantified=3; quantifying=1,0,0,9,0,0,0,0,0
radial,9,radial=9,0,0,0,0,9,0,0,0
ramp,9,ramps=5; ramp=4,9,0,0,0,0,0,0,0
rano,9,rano=9,0,9,0,0,0,0,0,0
raraku,9,raraku=9,0,9,0,0,0,0,0,0
rebecca,9,rebecca=9,5,4,0,0,0,0,0,0
reddish,9,reddish=9,0,1,0,0,8,0,0,0
registrar,9,registrar=7; registrars=2,9,0,0,0,0,0,0,0
reimburse,9,reimburse=4; reimbursed=4; reimbursing=1,0,0,9,0,0,0,0,0
relativity,9,relativity=9,9,0,0,0,0,0,0,0
remotely,9,remotely=9,0,0,0,0,0,9,0,0
repel,9,repels=5; repel=4,1,0,8,0,0,0,0,0
revolutionize,9,revolutionized=6; revolutionizing=2; revolutionize=1,0,0,9,0,0,0,0,0
rhinos,9,rhinos=9,9,0,0,0,0,0,0,0
rhythmic,9,rhythmic=9,0,0,0,0,9,0,0,0
ribbon,9,ribbon=6; ribbons=3,9,0,0,0,0,0,0,0
rica,9,rica=9,0,9,0,0,0,0,0,0
rifle,9,rifles=5; rifle=4,9,0,0,0,0,0,0,0
riley,9,riley=9,0,9,0,0,0,0,0,0
ringelmann,9,ringelmann=9,0,9,0,0,0,0,0,0
riverbank,9,riverbanks=8; riverbank=1,7,0,1,0,1,0,0,0
riverbed,9,riverbeds=5; riverbed=4,9,0,0,0,0,0,0,0
rivers,9,rivers=9,0,9,0,0,0,0,0,0
romance,9,romance=8; romances=1,6,3,0,0,0,0,0,0
rooftop,9,rooftop=8; rooftops=1,9,0,0,0,0,0,0,0
rudimentary,9,rudimentary=9,0,0,0,0,9,0,0,0
saline,9,saline=9,7,0,0,0,2,0,0,0
salon,9,salon=6; salons=3,6,3,0,0,0,0,0,0
sam,9,sam=9,0,9,0,0,0,0,0,0
scanner,9,scanner=6; scanners=3,9,0,0,0,0,0,0,0
scar,9,scars=3; scares=2; scar=1; scared=1; scaring=1; scarred=1,4,0,5,0,0,0,0,0
schmidt,9,schmidt=9,0,8,0,0,1,0,0,0
schooling,9,schooling=9,7,2,0,0,0,0,0,0
scn,9,scn=9,0,9,0,0,0,0,0,0
seam,9,seams=9,9,0,0,0,0,0,0,0
secretary,9,secretary=8; secretaries=1,7,2,0,0,0,0,0,0
secular,9,secular=9,0,0,0,0,9,0,0,0
seep,9,seeps=4; seep=3; seeped=1; seeping=1,2,0,7,0,0,0,0,0
shatter,9,shatter=4; shattered=4; shattering=1,1,0,8,0,0,0,0,0
showcase,9,showcase=3; showcases=3; showcasing=2; showcased=1,1,0,8,0,0,0,0,0
shower,9,shower=3; showers=3; showering=2; showered=1,6,0,3,0,0,0,0,0
sika,9,sika=9,5,2,0,0,2,0,0,0
skip,9,skip=6; skipping=2; skipped=1,0,0,9,0,0,0,0,0
slowdown,9,slowdown=8; slowdowns=1,8,1,0,0,0,0,0,0
snowstorm,9,snowstorm=5; snowstorms=4,9,0,0,0,0,0,0,0
soar,9,soaring=4; soared=3; soar=2,0,0,9,0,0,0,0,0
sociodramatic,9,sociodramatic=9,0,0,0,0,9,0,0,0
spectator,9,spectators=8; spectator=1,9,0,0,0,0,0,0,0
sterilize,9,sterilized=5; sterilizing=3; sterilize=1,0,0,9,0,0,0,0,0
sting,9,sting=3; stings=3; stinging=2; stung=1,4,0,5,0,0,0,0,0
stratified,9,stratified=9,0,0,0,0,9,0,0,0
straw,9,straw=9,9,0,0,0,0,0,0,0
strive,9,striving=5; strive=2; strives=2,0,0,9,0,0,0,0,0
studiolo,9,studiolo=7; studiolos=2,6,3,0,0,0,0,0,0
subway,9,subway=8; subways=1,9,0,0,0,0,0,0,0
suck,9,sucking=4; suck=2; sucked=2; sucks=1,0,0,9,0,0,0,0,0
supermarket,9,supermarket=6; supermarkets=3,9,0,0,0,0,0,0,0
supermoon,9,supermoon=6; supermoons=3,9,0,0,0,0,0,0,0
supervision,9,supervision=9,9,0,0,0,0,0,0,0
symbolism,9,symbolism=9,9,0,0,0,0,0,0,0
syndrome,9,syndrome=9,9,0,0,0,0,0,0,0
syria,9,syria=9,0,9,0,0,0,0,0,0
tannin,9,tannins=8; tannin=1,8,1,0,0,0,0,0,0
tariff,9,tariffs=9,9,0,0,0,0,0,0,0
td,9,td=9,0,9,0,0,0,0,0,0
thrust,9,thrust=9,1,0,8,0,0,0,0,0
toddler,9,toddlers=9,9,0,0,0,0,0,0,0
tolerant,9,tolerant=9,0,1,0,0,8,0,0,0
toothbrush,9,toothbrush=7; toothbrushes=2,9,0,0,0,0,0,0,0
toucan,9,toucan=9,0,8,0,0,1,0,0,0
transient,9,transient=9,0,0,0,0,9,0,0,0
transplanted,9,transplanted=9,0,0,0,0,9,0,0,0
tremendously,9,tremendously=9,0,0,0,0,0,9,0,0
tribrachidium,9,tribrachidium=9,2,7,0,0,0,0,0,0
tribute,9,tribute=6; tributes=3,9,0,0,0,0,0,0,0
trichromatic,9,trichromatic=9,0,1,0,0,8,0,0,0
trilogy,9,trilogy=9,9,0,0,0,0,0,0,0
triple,9,tripled=6; triple=3,0,0,6,0,3,0,0,0
trolley,9,trolley=5; trolleys=4,9,0,0,0,0,0,0,0
trustworthy,9,trustworthy=9,0,0,0,0,9,0,0,0
ttx,9,ttx=9,3,6,0,0,0,0,0,0
tyler,9,tyler=9,0,9,0,0,0,0,0,0
umbrella,9,umbrella=7; umbrellas=2,6,3,0,0,0,0,0,0
unchanged,9,unchanged=9,0,0,0,0,9,0,0,0
underside,9,underside=6; undersides=3,8,0,0,0,1,0,0,0
underway,9,underway=9,0,0,0,0,8,1,0,0
unfinished,9,unfinished=9,0,0,0,0,9,0,0,0
unified,9,unified=9,0,0,0,0,9,0,0,0
unity,9,unity=9,9,0,0,0,0,0,0,0
unnoticed,9,unnoticed=9,0,0,0,0,9,0,0,0
upstream,9,upstream=9,2,0,0,0,6,1,0,0
verbal,9,verbal=9,0,1,0,0,8,0,0,0
vere,9,vere=9,1,8,0,0,0,0,0,0
veterinarian,9,veterinarian=6; veterinarians=3,9,0,0,0,0,0,0,0
vibrant,9,vibrant=9,0,0,0,0,9,0,0,0
victim,9,victims=6; victim=3,9,0,0,0,0,0,0,0
violate,9,violate=4; violates=2; violating=2; violated=1,0,0,9,0,0,0,0,0
walking,9,walking=9,9,0,0,0,0,0,0,0
wetter,9,wetter=9,8,1,0,0,0,0,0,0
whaling,9,whaling=9,9,0,0,0,0,0,0,0
wholly,9,wholly=9,0,0,0,0,0,9,0,0
widow,9,widow=9,9,0,0,0,0,0,0,0
wilson,9,wilson=9,0,9,0,0,0,0,0,0
worlds,9,worlds=9,0,9,0,0,0,0,0,0
yearly,9,yearly=9,0,0,0,0,8,1,0,0
yeast,9,yeast=5; yeasts=4,9,0,0,0,0,0,0,0
yolk,9,yolk=9,8,0,1,0,0,0,0,0
accountability,8,accountability=8,8,0,0,0,0,0,0,0
accountant,8,accountant=7; accountants=1,8,0,0,0,0,0,0,0
alchemy,8,alchemy=8,3,2,0,0,0,3,0,0
ally,8,allies=5; allied=1; ally=1; allying=1,6,0,2,0,0,0,0,0
alma,8,alma=8,0,8,0,0,0,0,0,0
amarna,8,amarna=8,0,8,0,0,0,0,0,0
anderson,8,anderson=8,0,8,0,0,0,0,0,0
anna,8,anna=8,0,8,0,0,0,0,0,0
antibacterial,8,antibacterial=8,0,0,0,0,8,0,0,0
appiah,8,appiah=8,0,8,0,0,0,0,0,0
appliance,8,appliance=4; appliances=4,8,0,0,0,0,0,0,0
aquifer,8,aquifers=7; aquifer=1,8,0,0,0,0,0,0,0
aristocratic,8,aristocratic=8,0,0,0,0,8,0,0,0
arsenic,8,arsenic=8,0,1,0,0,7,0,0,0
assyrian,8,assyrian=8,0,0,0,0,8,0,0,0
attendee,8,attendees=8,8,0,0,0,0,0,0,0
august,8,august=8,0,8,0,0,0,0,0,0
auklet,8,auklets=8,8,0,0,0,0,0,0,0
automate,8,automated=7; automate=1,0,0,8,0,0,0,0,0
avenue,8,avenue=7; avenues=1,6,2,0,0,0,0,0,0
avoidance,8,avoidance=8,8,0,0,0,0,0,0,0
axe,8,axe=8,8,0,0,0,0,0,0,0
barometric,8,barometric=8,0,2,0,0,6,0,0,0
bdellovibrio,8,bdellovibrio=8,0,8,0,0,0,0,0,0
bedded,8,bedded=8,0,0,0,0,8,0,0,0
behaviour,8,behaviour=8,8,0,0,0,0,0,0,0
berbers,8,berbers=8,0,8,0,0,0,0,0,0
berlin,8,berlin=8,0,8,0,0,0,0,0,0
berlioz,8,berlioz=8,0,6,0,0,2,0,0,0
besserat,8,besserat=8,0,8,0,0,0,0,0,0
bilateral,8,bilateral=8,0,0,0,0,8,0,0,0
bizarre,8,bizarre=8,0,0,0,0,8,0,0,0
blank,8,blank=6; blanks=2,2,0,0,0,6,0,0,0
bodily,8,bodily=8,0,0,0,0,8,0,0,0
bolt,8,bolts=7; bolt=1,8,0,0,0,0,0,0,0
brahui,8,brahui=8,0,8,0,0,0,0,0,0
breadfruit,8,breadfruit=8,6,2,0,0,0,0,0,0
breast,8,breast=8,8,0,0,0,0,0,0,0
brent,8,brent=8,1,7,0,0,0,0,0,0
bt,8,bt=8,1,7,0,0,0,0,0,0
bumblebees,8,bumblebees=8,0,8,0,0,0,0,0,0
bureaucrat,8,bureaucrats=8,8,0,0,0,0,0,0,0
burghers,8,burghers=8,0,8,0,0,0,0,0,0
businessman,8,businessmen=6; businessman=2,8,0,0,0,0,0,0,0
buzzing,8,buzzing=8,8,0,0,0,0,0,0,0
canary,8,canary=8,0,8,0,0,0,0,0,0
capillary,8,capillary=8,0,0,0,0,8,0,0,0
capsule,8,capsule=6; capsules=2,5,0,1,0,2,0,0,0
carlos,8,carlos=8,0,8,0,0,0,0,0,0
carpenter,8,carpenters=5; carpenter=3,6,2,0,0,0,0,0,0
casual,8,casual=8,0,0,0,0,8,0,0,0
catering,8,catering=8,8,0,0,0,0,0,0,0
cavity,8,cavities=6; cavity=2,8,0,0,0,0,0,0,0
centre,8,centre=7; centres=1,4,4,0,0,0,0,0,0
cheese,8,cheese=8,8,0,0,0,0,0,0,0
chico,8,chico=8,1,7,0,0,0,0,0,0
chiefdom,8,chiefdoms=8,8,0,0,0,0,0,0,0
childcare,8,childcare=8,8,0,0,0,0,0,0,0
chile,8,chile=8,0,8,0,0,0,0,0,0
circumference,8,circumference=8,8,0,0,0,0,0,0,0
clams,8,clams=8,7,1,0,0,0,0,0,0
clare,8,clare=8,0,8,0,0,0,0,0,0
clockwise,8,clockwise=8,8,0,0,0,0,0,0,0
clownfish,8,clownfish=8,4,0,0,0,4,0,0,0
collagraph,8,collagraph=6; collagraphs=2,8,0,0,0,0,0,0,0
columbian,8,columbian=8,0,5,0,0,3,0,0,0
commander,8,commander=5; commanders=3,7,1,0,0,0,0,0,0
computational,8,computational=8,0,0,0,0,8,0,0,0
conflicting,8,conflicting=8,1,5,0,0,2,0,0,0
contradiction,8,contradiction=5; contradictions=3,8,0,0,0,0,0,0,0
contributor,8,contributor=7; contributors=1,8,0,0,0,0,0,0,0
copán,8,copán=8,0,8,0,0,0,0,0,0
cordilleran,8,cordilleran=8,0,8,0,0,0,0,0,0
corrosive,8,corrosive=8,0,0,0,0,8,0,0,0
counterproof,8,counterproofs=5; counterproof=3,8,0,0,0,0,0,0,0
crank,8,crank=5; cranked=1; cranking=1; cranks=1,6,0,2,0,0,0,0,0
cultivator,8,cultivators=8,8,0,0,0,0,0,0,0
curb,8,curb=7; curbs=1,8,0,0,0,0,0,0,0
cure,8,cure=6; curing=2,2,0,6,0,0,0,0,0
curl,8,curl=3; curls=3; curled=2,2,0,6,0,0,0,0,0
curved,8,curved=8,0,1,0,0,7,0,0,0
cyclone,8,cyclones=6; cyclone=2,8,0,0,0,0,0,0,0
daydreaming,8,daydreaming=8,6,2,0,0,0,0,0,0
decent,8,decent=8,0,0,0,0,8,0,0,0
deck,8,deck=3; decks=3; decked=2,6,0,2,0,0,0,0,0
defect,8,defect=4; defects=4,8,0,0,0,0,0,0,0
denis,8,denis=8,0,8,0,0,0,0,0,0
dent,8,dent=8,5,3,0,0,0,0,0,0
depart,8,depart=4; departed=3; departs=1,2,0,6,0,0,0,0,0
desking,8,desking=8,7,1,0,0,0,0,0,0
destabilize,8,destabilized=5; destabilize=2; destabilizing=1,0,0,8,0,0,0,0,0
dilemma,8,dilemma=8,8,0,0,0,0,0,0,0
dilution,8,dilution=8,8,0,0,0,0,0,0,0
diploma,8,diploma=5; diplomas=3,8,0,0,0,0,0,0,0
diseased,8,diseased=8,0,0,0,0,8,0,0,0
disguise,8,disguise=4; disguised=2; disguises=1; disguising=1,1,0,7,0,0,0,0,0
dissimilar,8,dissimilar=8,0,0,0,0,8,0,0,0
domination,8,domination=8,8,0,0,0,0,0,0,0
dump,8,dumped=4; dump=3; dumps=1,3,0,5,0,0,0,0,0
durability,8,durability=8,8,0,0,0,0,0,0,0
dwindle,8,dwindled=3; dwindling=3; dwindle=2,2,0,6,0,0,0,0,0
dynamo,8,dynamo=8,7,1,0,0,0,0,0,0
electrostatic,8,electrostatic=8,0,0,0,0,8,0,0,0
emery,8,emery=8,3,5,0,0,0,0,0,0
ephemeral,8,ephemeral=6; ephemerals=2,4,0,1,0,3,0,0,0
ethnic,8,ethnic=8,0,0,0,0,8,0,0,0
etruscan,8,etruscan=8,0,0,0,0,8,0,0,0
eubacteria,8,eubacteria=8,5,2,0,0,1,0,0,0
examples,8,examples=8,0,8,0,0,0,0,0,0
excluder,8,excluders=6; excluder=2,8,0,0,0,0,0,0,0
excrete,8,excrete=6; excreted=2,0,0,7,0,1,0,0,0
exoskeleton,8,exoskeleton=6; exoskeletons=2,3,5,0,0,0,0,0,0
expenditure,8,expenditure=7; expenditures=1,8,0,0,0,0,0,0,0
experimentally,8,experimentally=8,0,0,0,0,0,8,0,0
faithfully,8,faithfully=8,0,0,0,0,0,8,0,0
fallow,8,fallow=8,1,0,0,0,7,0,0,0
fascination,8,fascination=8,8,0,0,0,0,0,0,0
fearful,8,fearful=8,0,0,0,0,8,0,0,0
ferghana,8,ferghana=8,0,8,0,0,0,0,0,0
fibrous,8,fibrous=8,0,0,0,0,8,0,0,0
filing,8,filing=8,8,0,0,0,0,0,0,0
flask,8,flask=6; flasks=2,8,0,0,0,0,0,0,0
floral,8,floral=8,0,1,0,0,7,0,0,0
francis,8,francis=8,0,8,0,0,0,0,0,0
freshly,8,freshly=8,0,0,0,0,0,8,0,0
frontal,8,frontal=8,0,0,0,0,8,0,0,0
fujita,8,fujita=8,0,8,0,0,0,0,0,0
galápagos,8,galápagos=8,0,8,0,0,0,0,0,0
gammon,8,gammon=8,0,8,0,0,0,0,0,0
gangi,8,gangi=8,0,8,0,0,0,0,0,0
garde,8,garde=8,0,0,0,0,8,0,0,0
gasoline,8,gasoline=8,8,0,0,0,0,0,0,0
gaudens,8,gaudens=8,0,8,0,0,0,0,0,0
gauge,8,gauge=6; gauging=2,2,0,6,0,0,0,0,0
genus,8,genus=8,8,0,0,0,0,0,0,0
goddard,8,goddard=8,0,8,0,0,0,0,0,0
gogo,8,gogo=8,0,8,0,0,0,0,0,0
gordon,8,gordon=8,0,8,0,0,0,0,0,0
gorgeous,8,gorgeous=8,0,1,0,0,7,0,0,0
grateful,8,grateful=8,0,0,0,0,8,0,0,0
greater,8,greater=8,0,7,0,0,0,1,0,0
groups,8,groups=8,0,8,0,0,0,0,0,0
hallway,8,hallway=6; hallways=2,8,0,0,0,0,0,0,0
hardship,8,hardship=6; hardships=2,8,0,0,0,0,0,0,0
hazardous,8,hazardous=8,0,0,0,0,8,0,0,0
haze,8,haze=8,7,0,0,0,1,0,0,0
hectare,8,hectare=5; hectares=3,8,0,0,0,0,0,0,0
heighten,8,heightened=7; heighten=1,0,0,8,0,0,0,0,0
helmet,8,helmet=6; helmets=2,8,0,0,0,0,0,0,0
hemispherical,8,hemispherical=8,0,0,0,0,8,0,0,0
hibernator,8,hibernators=7; hibernator=1,8,0,0,0,0,0,0,0
hidden,8,hidden=8,0,0,0,0,8,0,0,0
hieratic,8,hieratic=8,0,0,0,0,8,0,0,0
homeowner,8,homeowner=5; homeowners=3,8,0,0,0,0,0,0,0
horseback,8,horseback=8,8,0,0,0,0,0,0,0
hugh,8,hugh=8,1,7,0,0,0,0,0,0
hughes,8,hughes=8,0,8,0,0,0,0,0,0
hydraulic,8,hydraulic=8,1,0,0,0,7,0,0,0
hydroelectric,8,hydroelectric=8,0,0,0,0,8,0,0,0
hypnotized,8,hypnotized=8,0,2,0,0,6,0,0,0
igloos,8,igloos=8,5,2,1,0,0,0,0,0
ignite,8,ignited=5; ignite=2; ignites=1,0,0,8,0,0,0,0,0
images,8,images=8,0,8,0,0,0,0,0,0
immigrate,8,immigrated=6; immigrating=2,0,0,8,0,0,0,0,0
impulse,8,impulse=6; impulses=2,8,0,0,0,0,0,0,0
inaccessible,8,inaccessible=8,0,0,0,0,8,0,0,0
incapable,8,incapable=8,0,0,0,0,8,0,0,0
inconclusive,8,inconclusive=8,0,0,0,0,8,0,0,0
inconsistency,8,inconsistency=6; inconsistencies=2,8,0,0,0,0,0,0,0
inconvenience,8,inconvenience=3; inconvenienced=3; inconveniences=1; inconveniencing=1,4,0,4,0,0,0,0,0
individualized,8,individualized=8,0,0,0,0,8,0,0,0
infusion,8,infusion=8,8,0,0,0,0,0,0,0
ingenious,8,ingenious=8,0,0,0,0,8,0,0,0
inn,8,inn=5; inns=3,6,2,0,0,0,0,0,0
innkeeper,8,innkeepers=8,7,0,1,0,0,0,0,0
innovator,8,innovator=6; innovators=2,8,0,0,0,0,0,0,0
insignificant,8,insignificant=8,0,0,0,0,8,0,0,0
intended,8,intended=8,0,0,0,0,8,0,0,0
intensely,8,intensely=8,0,0,0,0,0,8,0,0
intent,8,intent=8,6,0,0,0,2,0,0,0
interglaciation,8,interglaciations=8,8,0,0,0,0,0,0,0
intervene,8,intervene=4; intervening=3; intervenes=1,0,0,8,0,0,0,0,0
intimate,8,intimate=8,0,0,0,0,8,0,0,0
intraplate,8,intraplate=8,0,4,0,0,4,0,0,0
iran,8,iran=8,0,8,0,0,0,0,0,0
islamic,8,islamic=8,0,0,0,0,8,0,0,0
javelin,8,javelin=6; javelins=2,6,2,0,0,0,0,0,0
jeffrey,8,jeffrey=8,0,8,0,0,0,0,0,0
jenny,8,jenny=8,0,8,0,0,0,0,0,0
jet,8,jets=6; jet=2,8,0,0,0,0,0,0,0
juan,8,juan=8,0,8,0,0,0,0,0,0
julie,8,julie=8,0,8,0,0,0,0,0,0
julius,8,julius=8,0,8,0,0,0,0,0,0
karl,8,karl=8,0,8,0,0,0,0,0,0
kettlewell,8,kettlewell=8,0,8,0,0,0,0,0,0
kngwarreye,8,kngwarreye=8,0,8,0,0,0,0,0,0
knitting,8,knitting=8,8,0,0,0,0,0,0,0
krait,8,kraits=8,8,0,0,0,0,0,0,0
krill,8,krill=8,6,2,0,0,0,0,0,0
lactic,8,lactic=8,0,0,0,0,8,0,0,0
ladder,8,ladder=7; ladders=1,8,0,0,0,0,0,0,0
lag,8,lag=4; lagged=3; lagging=1,3,0,5,0,0,0,0,0
landing,8,landing=8,8,0,0,0,0,0,0,0
laser,8,laser=5; lasers=3,7,1,0,0,0,0,0,0
layout,8,layout=6; layouts=2,7,1,0,0,0,0,0,0
legitimacy,8,legitimacy=8,8,0,0,0,0,0,0,0
libby,8,libby=8,0,8,0,0,0,0,0,0
lifelike,8,lifelike=8,0,0,0,0,6,2,0,0
lignin,8,lignin=8,1,6,1,0,0,0,0,0
lily,8,lilies=6; lily=2,7,1,0,0,0,0,0,0
literacy,8,literacy=8,6,2,0,0,0,0,0,0
lobby,8,lobby=7; lobbies=1,7,0,1,0,0,0,0,0
logic,8,logic=8,8,0,0,0,0,0,0,0
louise,8,louise=8,1,7,0,0,0,0,0,0
macronutrient,8,macronutrient=4; macronutrients=4,8,0,0,0,0,0,0,0
mammals,8,mammals=8,0,8,0,0,0,0,0,0
manageable,8,manageable=8,0,0,0,0,8,0,0,0
manchester,8,manchester=8,0,8,0,0,0,0,0,0
manufactured,8,manufactured=8,0,1,0,0,7,0,0,0
masking,8,masking=8,5,3,0,0,0,0,0,0
max,8,max=8,0,8,0,0,0,0,0,0
measurable,8,measurable=8,0,0,0,0,8,0,0,0
meltzoff,8,meltzoff=8,0,8,0,0,0,0,0,0
meshing,8,meshing=8,8,0,0,0,0,0,0,0
microphone,8,microphone=6; microphones=2,8,0,0,0,0,0,0,0
milan,8,milan=8,0,8,0,0,0,0,0,0
millimeter,8,millimeters=7; millimeter=1,8,0,0,0,0,0,0,0
minded,8,minded=8,0,0,0,0,8,0,0,0
missouri,8,missouri=8,0,8,0,0,0,0,0,0
mla,8,mla=8,0,8,0,0,0,0,0,0
modernize,8,modernize=5; modernizing=3,0,0,8,0,0,0,0,0
monochromatic,8,monochromatic=8,0,0,0,0,8,0,0,0
monoculture,8,monoculture=6; monocultures=2,7,1,0,0,0,0,0,0
monteverde,8,monteverde=8,0,8,0,0,0,0,0,0
moonlight,8,moonlight=8,8,0,0,0,0,0,0,0
moravian,8,moravian=8,0,7,0,0,1,0,0,0
moving,8,moving=8,6,1,0,0,1,0,0,0
mythological,8,mythological=8,0,0,0,0,8,0,0,0
nahl,8,nahl=8,0,8,0,0,0,0,0,0
nasal,8,nasal=8,3,0,0,0,5,0,0,0
nazca,8,nazca=8,0,8,0,0,0,0,0,0
newborn,8,newborn=4; newborns=4,5,0,0,0,3,0,0,0
nobleman,8,noblemen=5; nobleman=3,8,0,0,0,0,0,0,0
nomadism,8,nomadism=8,8,0,0,0,0,0,0,0
nostalgia,8,nostalgia=8,8,0,0,0,0,0,0,0
nostril,8,nostrils=8,8,0,0,0,0,0,0,0
observational,8,observational=8,0,0,0,0,8,0,0,0
observations,8,observations=8,0,8,0,0,0,0,0,0
oily,8,oily=8,0,1,0,0,7,0,0,0
operational,8,operational=8,1,0,0,0,7,0,0,0
optimum,8,optimum=8,1,0,0,0,7,0,0,0
oresteia,8,oresteia=8,0,8,0,0,0,0,0,0
organizational,8,organizational=8,0,0,0,0,8,0,0,0
originality,8,originality=8,8,0,0,0,0,0,0,0
osmoconformer,8,osmoconformers=7; osmoconformer=1,8,0,0,0,0,0,0,0
overestimate,8,overestimate=4; overestimated=4,0,0,8,0,0,0,0,0
ovule,8,ovules=6; ovule=2,8,0,0,0,0,0,0,0
ox,8,ox=8,4,4,0,0,0,0,0,0
oxidize,8,oxidize=3; oxidized=2; oxidizing=2; oxidizes=1,0,0,8,0,0,0,0,0
paleontology,8,paleontology=8,7,1,0,0,0,0,0,0
parisian,8,parisian=8,0,4,0,0,4,0,0,0
parliament,8,parliament=8,0,8,0,0,0,0,0,0
partition,8,partition=5; partitioning=2; partitions=1,6,0,2,0,0,0,0,0
passionate,8,passionate=8,0,0,0,0,8,0,0,0
patination,8,patination=7; patinations=1,8,0,0,0,0,0,0,0
pave,8,pave=3; paving=3; paved=2,0,0,8,0,0,0,0,0
pcb,8,pcbs=8,8,0,0,0,0,0,0,0
pedestrian,8,pedestrians=6; pedestrian=2,8,0,0,0,0,0,0,0
peel,8,peel=4; peels=4,6,0,2,0,0,0,0,0
percussion,8,percussion=8,7,1,0,0,0,0,0,0
persia,8,persia=8,0,8,0,0,0,0,0,0
personalized,8,personalized=8,0,0,0,0,8,0,0,0
petraglia,8,petraglia=8,0,8,0,0,0,0,0,0
photosynthetic,8,photosynthetic=8,0,0,0,0,8,0,0,0
physic,8,physics=8,8,0,0,0,0,0,0,0
pianist,8,pianist=8,8,0,0,0,0,0,0,0
pie,8,pie=8,7,1,0,0,0,0,0,0
pilfer,8,pilfered=5; pilfering=2; pilfer=1,0,0,8,0,0,0,0,0
pirate,8,pirates=8,8,0,0,0,0,0,0,0
planner,8,planners=8,8,0,0,0,0,0,0,0
plateau,8,plateau=8,4,4,0,0,0,0,0,0
pledge,8,pledges=7; pledged=1,7,0,1,0,0,0,0,0
pluto,8,pluto=8,0,8,0,0,0,0,0,0
plutonium,8,plutonium=8,8,0,0,0,0,0,0,0
poach,8,poaching=6; poached=2,0,0,8,0,0,0,0,0
poacher,8,poachers=8,8,0,0,0,0,0,0,0
polluter,8,polluters=7; polluter=1,8,0,0,0,0,0,0,0
polynesia,8,polynesia=8,0,8,0,0,0,0,0,0
ponderosa,8,ponderosa=8,0,3,0,0,5,0,0,0
postmodernism,8,postmodernism=8,4,4,0,0,0,0,0,0
prawn,8,prawns=8,8,0,0,0,0,0,0,0
predecessor,8,predecessors=6; predecessor=2,8,0,0,0,0,0,0,0
predominantly,8,predominantly=8,0,0,0,0,0,8,0,0
preferable,8,preferable=8,0,0,0,0,8,0,0,0
prefrontal,8,prefrontal=8,0,0,0,0,8,0,0,0
preliminary,8,preliminary=8,0,0,0,0,8,0,0,0
preschooler,8,preschoolers=7; preschooler=1,8,0,0,0,0,0,0,0
primavera,8,primavera=8,1,7,0,0,0,0,0,0
prime,8,prime=8,1,0,0,0,7,0,0,0
prince,8,prince=8,4,4,0,0,0,0,0,0
printmake,8,printmaking=8,0,0,8,0,0,0,0,0
probiotic,8,probiotics=5; probiotic=3,5,0,0,0,3,0,0,0
proboscidean,8,proboscidean=4; proboscideans=4,4,0,0,0,4,0,0,0
professionally,8,professionally=8,0,0,0,0,0,8,0,0
pronounce,8,pronounced=6; pronounce=2,0,0,8,0,0,0,0,0
prosper,8,prospered=5; prosper=2; prospers=1,1,0,7,0,0,0,0,0
publishing,8,publishing=8,7,1,0,0,0,0,0,0
quantitative,8,quantitative=8,0,0,0,0,8,0,0,0
quietly,8,quietly=8,0,0,0,0,0,8,0,0
quilting,8,quilting=8,7,1,0,0,0,0,0,0
quotation,8,quotation=7; quotations=1,8,0,0,0,0,0,0,0
raid,8,raiding=4; raided=2; raid=1; raids=1,1,0,7,0,0,0,0,0
raising,8,raising=8,6,2,0,0,0,0,0,0
realization,8,realization=7; realizations=1,8,0,0,0,0,0,0,0
recede,8,recede=4; receded=3; recedes=1,1,0,6,0,1,0,0,0
rejection,8,rejection=8,8,0,0,0,0,0,0,0
reorganize,8,reorganize=3; reorganized=3; reorganizing=2,0,0,8,0,0,0,0,0
residency,8,residency=8,8,0,0,0,0,0,0,0
revolve,8,revolves=4; revolving=2; revolve=1; revolved=1,1,0,7,0,0,0,0,0
rhone,8,rhone=8,0,8,0,0,0,0,0,0
rhyme,8,rhyme=5; rhyming=3,4,1,3,0,0,0,0,0
richardson,8,richardson=8,0,8,0,0,0,0,0,0
ridership,8,ridership=8,8,0,0,0,0,0,0,0
rig,8,rigs=7; rigged=1,7,0,1,0,0,0,0,0
rose,8,rose=6; roses=2,3,5,0,0,0,0,0,0
rumor,8,rumor=4; rumors=4,8,0,0,0,0,0,0,0
sandra,8,sandra=8,2,6,0,0,0,0,0,0
santorini,8,santorini=8,0,8,0,0,0,0,0,0
sawyer,8,sawyer=8,1,7,0,0,0,0,0,0
scientifically,8,scientifically=8,0,0,0,0,0,8,0,0
scorpion,8,scorpions=5; scorpion=3,8,0,0,0,0,0,0,0
screening,8,screenings=7; screening=1,8,0,0,0,0,0,0,0
sculptural,8,sculptural=8,0,0,0,0,8,0,0,0
semi,8,semi=8,0,1,0,0,7,0,0,0
seravezza,8,seravezza=8,0,8,0,0,0,0,0,0
setup,8,setup=8,8,0,0,0,0,0,0,0
shading,8,shading=8,8,0,0,0,0,0,0,0
shale,8,shale=8,4,2,0,0,2,0,0,0
shaw,8,shaw=8,0,8,0,0,0,0,0,0
sheltered,8,sheltered=8,0,0,0,0,8,0,0,0
shortcoming,8,shortcomings=7; shortcoming=1,8,0,0,0,0,0,0,0
shubun,8,shubun=8,1,7,0,0,0,0,0,0
silverware,8,silverware=8,8,0,0,0,0,0,0,0
simplified,8,simplified=8,0,0,0,0,8,0,0,0
simplistic,8,simplistic=8,0,0,0,0,8,0,0,0
sizable,8,sizable=8,0,1,0,0,7,0,0,0
skiing,8,skiing=8,8,0,0,0,0,0,0,0
slippery,8,slippery=8,0,0,0,0,8,0,0,0
smalt,8,smalt=8,5,0,0,0,3,0,0,0
snap,8,snap=4; snapped=3; snaps=1,1,0,6,0,1,0,0,0
snapper,8,snapper=5; snappers=3,7,0,0,0,1,0,0,0
southerly,8,southerly=8,0,2,0,0,4,2,0,0
standardize,8,standardized=6; standardize=1; standardizing=1,0,0,8,0,0,0,0,0
statuary,8,statuary=8,6,0,0,0,2,0,0,0
stephen,8,stephen=8,0,8,0,0,0,0,0,0
stitch,8,stitch=3; stitches=3; stitched=2,4,0,4,0,0,0,0,0
stravinsky,8,stravinsky=8,0,8,0,0,0,0,0,0
structurally,8,structurally=8,0,0,0,0,0,8,0,0
subcontinent,8,subcontinent=8,8,0,0,0,0,0,0,0
subjective,8,subjective=8,0,0,0,0,8,0,0,0
sufficiency,8,sufficiency=8,8,0,0,0,0,0,0,0
supercontinent,8,supercontinent=8,8,0,0,0,0,0,0,0
surge,8,surge=6; surges=1; surging=1,6,0,2,0,0,0,0,0
survivorship,8,survivorship=8,8,0,0,0,0,0,0,0
susanna,8,susanna=8,0,8,0,0,0,0,0,0
swiss,8,swiss=8,0,2,0,0,6,0,0,0
symphony,8,symphony=8,5,2,0,0,1,0,0,0
syonomone,8,syonomone=8,8,0,0,0,0,0,0,0
taiwan,8,taiwan=8,0,8,0,0,0,0,0,0
tanguy,8,tanguy=8,0,8,0,0,0,0,0,0
tasting,8,tasting=8,8,0,0,0,0,0,0,0
tasty,8,tasty=8,0,0,0,0,8,0,0,0
thief,8,thieves=7; thief=1,8,0,0,0,0,0,0,0
tile,8,tiles=4; tile=3; tiled=1,7,0,1,0,0,0,0,0
tit,8,tits=8,8,0,0,0,0,0,0,0
toss,8,tossed=3; tossing=3; toss=2,0,0,8,0,0,0,0,0
tournament,8,tournament=7; tournaments=1,8,0,0,0,0,0,0,0
transmitter,8,transmitters=6; transmitter=2,8,0,0,0,0,0,0,0
treadmill,8,treadmills=6; treadmill=2,8,0,0,0,0,0,0,0
trophic,8,trophic=8,1,1,0,0,6,0,0,0
tucson,8,tucson=8,0,8,0,0,0,0,0,0
tumbling,8,tumbling=8,7,0,0,0,1,0,0,0
turf,8,turf=8,7,0,0,0,1,0,0,0
types,8,types=8,0,8,0,0,0,0,0,0
undeveloped,8,undeveloped=8,0,1,0,0,7,0,0,0
undisturbed,8,undisturbed=8,0,0,0,0,8,0,0,0
unfold,8,unfold=5; unfolded=2; unfolding=1,1,0,7,0,0,0,0,0
uniformity,8,uniformity=8,8,0,0,0,0,0,0,0
uniqueness,8,uniqueness=8,8,0,0,0,0,0,0,0
unpaid,8,unpaid=8,0,0,0,0,8,0,0,0
unsaturated,8,unsaturated=8,0,0,0,0,8,0,0,0
upcycle,8,upcycling=8,0,0,8,0,0,0,0,0
uplift,8,uplift=7; uplifting=1,5,0,3,0,0,0,0,0
upsweep,8,upsweep=8,7,1,0,0,0,0,0,0
uptake,8,uptake=8,8,0,0,0,0,0,0,0
urine,8,urine=8,8,0,0,0,0,0,0,0
usher,8,usher=5; ushers=2; ushered=1,1,1,2,0,4,0,0,0
utensil,8,utensils=8,7,0,1,0,0,0,0,0
validity,8,validity=8,8,0,0,0,0,0,0,0
varie,8,varies=8,8,0,0,0,0,0,0,0
vegetative,8,vegetative=8,0,1,0,0,7,0,0,0
viceroy,8,viceroy=8,1,7,0,0,0,0,0,0
vicinity,8,vicinity=8,8,0,0,0,0,0,0,0
viewing,8,viewing=8,8,0,0,0,0,0,0,0
violence,8,violence=8,8,0,0,0,0,0,0,0
visualization,8,visualization=8,8,0,0,0,0,0,0,0
vivant,8,vivants=5; vivant=3,8,0,0,0,0,0,0,0
vocalization,8,vocalizations=6; vocalization=2,8,0,0,0,0,0,0,0
volcanically,8,volcanically=8,0,0,0,0,0,8,0,0
vygotsky,8,vygotsky=8,0,8,0,0,0,0,0,0
wallaby,8,wallaby=6; wallabies=2,7,1,0,0,0,0,0,0
walt,8,walt=8,0,8,0,0,0,0,0,0
warship,8,warship=4; warships=4,8,0,0,0,0,0,0,0
waterlogge,8,waterlogged=8,0,0,8,0,0,0,0,0
watery,8,watery=8,0,0,0,0,8,0,0,0
waxy,8,waxy=8,6,0,0,0,2,0,0,0
weber,8,weber=8,0,8,0,0,0,0,0,0
whereby,8,whereby=8,0,0,0,0,0,0,0,8
wil,8,wil=8,1,4,3,0,0,0,0,0
works,8,works=8,0,8,0,0,0,0,0,0
worthy,8,worthy=8,0,0,0,0,8,0,0,0
xenophon,8,xenophon=8,0,8,0,0,0,0,0,0
youth,8,youth=8,8,0,0,0,0,0,0,0
zigzag,8,zigzag=7; zigzags=1,4,4,0,0,0,0,0,0
zwart,8,zwart=7; zwarts=1,1,7,0,0,0,0,0,0
abandonment,7,abandonment=7,7,0,0,0,0,0,0,0
aboard,7,aboard=7,0,0,0,0,0,2,0,5
accomplished,7,accomplished=7,0,0,0,0,7,0,0,0
accrete,7,accreted=4; accreting=2; accrete=1,0,0,7,0,0,0,0,0
additive,7,additives=4; additive=3,6,0,0,0,1,0,0,0
adept,7,adept=7,0,0,0,0,7,0,0,0
adjoining,7,adjoining=7,1,0,0,0,6,0,0,0
aeroponic,7,aeroponic=7,0,0,0,0,7,0,0,0
aggression,7,aggression=7,7,0,0,0,0,0,0,0
aha,7,aha=7,0,6,0,0,0,0,0,1
akin,7,akin=7,0,0,0,0,7,0,0,0
albedo,7,albedo=7,0,7,0,0,0,0,0,0
alignment,7,alignment=4; alignments=3,7,0,0,0,0,0,0,0
allata,7,allata=7,2,3,0,0,2,0,0,0
alternation,7,alternation=6; alternations=1,7,0,0,0,0,0,0,0
alternatively,7,alternatively=7,0,0,0,0,0,7,0,0
amazingly,7,amazingly=7,0,1,0,0,0,6,0,0
amuse,7,amused=5; amuse=2,0,0,7,0,0,0,0,0
ancestry,7,ancestry=7,7,0,0,0,0,0,0,0
angler,7,angler=7,0,2,0,0,5,0,0,0
anoura,7,anoura=7,0,7,0,0,0,0,0,0
antiquity,7,antiquity=6; antiquities=1,7,0,0,0,0,0,0,0
appalachian,7,appalachian=7,0,6,0,0,1,0,0,0
apparatus,7,apparatus=6; apparatuses=1,7,0,0,0,0,0,0,0
apprenticeship,7,apprenticeship=6; apprenticeships=1,7,0,0,0,0,0,0,0
artistically,7,artistically=7,0,0,0,0,0,7,0,0
aspire,7,aspires=3; aspiring=3; aspire=1,0,0,7,0,0,0,0,0
assyrians,7,assyrians=7,0,7,0,0,0,0,0,0
athenian,7,athenian=7,0,2,0,0,5,0,0,0
atomic,7,atomic=7,0,0,0,0,7,0,0,0
attachment,7,attachment=5; attachments=2,7,0,0,0,0,0,0,0
attribution,7,attribution=7,7,0,0,0,0,0,0,0
autobiographical,7,autobiographical=7,0,0,0,0,7,0,0,0
backyard,7,backyard=4; backyards=3,6,1,0,0,0,0,0,0
badly,7,badly=7,0,0,0,0,0,7,0,0
baked,7,baked=7,0,1,0,0,6,0,0,0
balcony,7,balcony=4; balconies=3,5,0,0,0,2,0,0,0
barrel,7,barrel=4; barrels=3,7,0,0,0,0,0,0,0
beringia,7,beringia=7,0,7,0,0,0,0,0,0
bihai,7,bihai=7,5,2,0,0,0,0,0,0
biofuel,7,biofuel=4; biofuels=3,6,0,0,0,1,0,0,0
biomimetic,7,biomimetics=7,7,0,0,0,0,0,0,0
biting,7,biting=7,2,0,0,0,5,0,0,0
boast,7,boasted=6; boasts=1,1,0,6,0,0,0,0,0
bob,7,bob=7,0,7,0,0,0,0,0,0
bombus,7,bombus=7,0,7,0,0,0,0,0,0
bored,7,bored=7,0,1,0,0,6,0,0,0
boredom,7,boredom=7,6,1,0,0,0,0,0,0
botticelli,7,botticelli=7,0,7,0,0,0,0,0,0
bottled,7,bottled=7,0,0,0,0,7,0,0,0
bradford,7,bradford=7,0,7,0,0,0,0,0,0
bradley,7,bradley=7,1,6,0,0,0,0,0,0
branding,7,branding=7,6,0,0,0,1,0,0,0
bruegel,7,bruegel=7,0,7,0,0,0,0,0,0
buffalo,7,buffalo=7,3,3,0,0,1,0,0,0
buoyant,7,buoyant=7,1,0,0,0,6,0,0,0
bureaucracy,7,bureaucracy=4; bureaucracies=3,7,0,0,0,0,0,0,0
calcite,7,calcite=7,5,1,0,0,1,0,0,0
cambrian,7,cambrian=7,0,3,0,0,4,0,0,0
cameroon,7,cameroon=7,0,7,0,0,0,0,0,0
campion,7,campion=7,7,0,0,0,0,0,0,0
cane,7,cane=7,7,0,0,0,0,0,0,0
capitalism,7,capitalism=7,7,0,0,0,0,0,0,0
carolinas,7,carolinas=7,0,7,0,0,0,0,0,0
carpoid,7,carpoids=7,7,0,0,0,0,0,0,0
carrier,7,carriers=4; carrier=3,7,0,0,0,0,0,0,0
carved,7,carved=7,0,1,0,0,6,0,0,0
cassius,7,cassius=7,0,7,0,0,0,0,0,0
cellphone,7,cellphone=6; cellphones=1,7,0,0,0,0,0,0,0
cellular,7,cellular=7,0,0,0,0,7,0,0,0
chanson,7,chanson=7,2,5,0,0,0,0,0,0
cheat,7,cheat=4; cheating=3,0,0,7,0,0,0,0,0
cheetah,7,cheetahs=4; cheetah=3,7,0,0,0,0,0,0,0
chef,7,chef=6; chefs=1,6,1,0,0,0,0,0,0
chemosynthesis,7,chemosynthesis=7,7,0,0,0,0,0,0,0
chicxulub,7,chicxulub=7,0,7,0,0,0,0,0,0
chilie,7,chilies=7,7,0,0,0,0,0,0,0
chordate,7,chordates=6; chordate=1,6,0,0,0,1,0,0,0
clark,7,clark=7,0,7,0,0,0,0,0,0
clinic,7,clinic=6; clinics=1,6,1,0,0,0,0,0,0
clot,7,clot=3; clots=2; clotting=2,5,0,2,0,0,0,0,0
clouds,7,clouds=7,0,7,0,0,0,0,0,0
collecting,7,collecting=7,6,1,0,0,0,0,0,0
colorado,7,colorado=7,0,7,0,0,0,0,0,0
combined,7,combined=7,0,0,0,0,7,0,0,0
compatible,7,compatible=7,0,0,0,0,7,0,0,0
competent,7,competent=7,0,0,0,0,7,0,0,0
complication,7,complications=4; complication=3,6,1,0,0,0,0,0,0
conception,7,conceptions=4; conception=3,7,0,0,0,0,0,0,0
concord,7,concord=7,5,1,1,0,0,0,0,0
conductivity,7,conductivity=7,7,0,0,0,0,0,0,0
confirmation,7,confirmation=7,5,2,0,0,0,0,0,0
conjunction,7,conjunction=7,7,0,0,0,0,0,0,0
conquered,7,conquered=7,0,0,0,0,7,0,0,0
consistency,7,consistency=7,7,0,0,0,0,0,0,0
continuation,7,continuation=7,7,0,0,0,0,0,0,0
cooperatively,7,cooperatively=7,0,0,0,0,0,7,0,0
corpora,7,corpora=7,0,6,1,0,0,0,0,0
correspondingly,7,correspondingly=7,0,0,0,0,0,7,0,0
counterclockwise,7,counterclockwise=7,7,0,0,0,0,0,0,0
county,7,county=7,7,0,0,0,0,0,0,0
credibility,7,credibility=7,7,0,0,0,0,0,0,0
cricket,7,cricket=4; crickets=3,7,0,0,0,0,0,0,0
crumble,7,crumble=2; crumbled=2; crumbling=2; crumbles=1,0,0,7,0,0,0,0,0
crusoe,7,crusoe=7,0,7,0,0,0,0,0,0
crustal,7,crustal=7,1,0,0,0,6,0,0,0
cumbi,7,cumbi=7,3,1,1,0,2,0,0,0
curiosity,7,curiosity=7,4,3,0,0,0,0,0,0
cylinder,7,cylinder=4; cylinders=3,7,0,0,0,0,0,0,0
debatable,7,debatable=7,0,1,0,0,6,0,0,0
deceive,7,deceived=3; deceiving=3; deceive=1,0,0,7,0,0,0,0,0
decode,7,decoding=5; decode=2,0,0,7,0,0,0,0,0
defective,7,defective=7,0,0,0,0,7,0,0,0
definitive,7,definitive=7,0,0,0,0,7,0,0,0
dendrochronologist,7,dendrochronologists=6; dendrochronologist=1,7,0,0,0,0,0,0,0
desalination,7,desalination=7,7,0,0,0,0,0,0,0
desirability,7,desirability=7,7,0,0,0,0,0,0,0
determinist,7,determinists=7,7,0,0,0,0,0,0,0
dinosaurs,7,dinosaurs=7,0,7,0,0,0,0,0,0
disintegration,7,disintegration=7,7,0,0,0,0,0,0,0
disorder,7,disorder=7,7,0,0,0,0,0,0,0
disposal,7,disposal=7,6,1,0,0,0,0,0,0
dispose,7,disposed=5; dispose=2,1,0,6,0,0,0,0,0
dissatisfied,7,dissatisfied=7,0,0,0,0,7,0,0,0
divergence,7,divergence=7,7,0,0,0,0,0,0,0
dos,7,doses=7,7,0,0,0,0,0,0,0
downhill,7,downhill=7,0,0,0,0,0,7,0,0
download,7,download=4; downloaded=2; downloading=1,0,0,7,0,0,0,0,0
draper,7,drapers=7,7,0,0,0,0,0,0,0
dryness,7,dryness=7,7,0,0,0,0,0,0,0
duel,7,duels=3; duel=2; dueling=2,5,0,2,0,0,0,0,0
dune,7,dunes=5; dune=2,6,0,0,0,1,0,0,0
dweller,7,dwellers=7,7,0,0,0,0,0,0,0
ea,7,eas=7,7,0,0,0,0,0,0,0
earthworm,7,earthworms=5; earthworm=2,6,0,1,0,0,0,0,0
eas,7,eas=7,0,7,0,0,0,0,0,0
eavesdropping,7,eavesdropping=7,7,0,0,0,0,0,0,0
ecotourist,7,ecotourists=6; ecotourist=1,6,0,0,0,1,0,0,0
eelgrass,7,eelgrass=7,5,1,1,0,0,0,0,0
ejecta,7,ejecta=7,5,1,0,0,1,0,0,0
eld,7,eldest=4; elder=3,0,0,0,0,7,0,0,0
elder,7,elders=5; elder=2,7,0,0,0,0,0,0,0
electrically,7,electrically=7,0,0,0,0,0,7,0,0
elicit,7,elicited=2; eliciting=2; elicits=2; elicit=1,0,0,7,0,0,0,0,0
embankment,7,embankments=6; embankment=1,6,0,0,0,1,0,0,0
embed,7,embedded=7,0,0,7,0,0,0,0,0
emerson,7,emerson=7,0,7,0,0,0,0,0,0
eminent,7,eminent=7,0,4,0,0,3,0,0,0
empirical,7,empirical=7,0,0,0,0,7,0,0,0
enceladus,7,enceladus=7,0,7,0,0,0,0,0,0
endless,7,endless=7,0,0,0,0,7,0,0,0
endosymbiosis,7,endosymbiosis=7,7,0,0,0,0,0,0,0
enforcement,7,enforcement=7,7,0,0,0,0,0,0,0
entertaining,7,entertaining=7,0,1,0,0,6,0,0,0
enthusiast,7,enthusiasts=6; enthusiast=1,7,0,0,0,0,0,0,0
entitle,7,entitled=7,0,0,7,0,0,0,0,0
epicurean,7,epicurean=7,1,1,0,0,5,0,0,0
epicureanism,7,epicureanism=7,3,4,0,0,0,0,0,0
epistolary,7,epistolary=7,1,0,0,0,6,0,0,0
equality,7,equality=7,7,0,0,0,0,0,0,0
erase,7,erased=6; erase=1,0,0,7,0,0,0,0,0
erroneous,7,erroneous=7,0,0,0,0,7,0,0,0
et,7,et=7,7,0,0,0,0,0,0,0
eukaryotic,7,eukaryotic=7,0,0,0,0,7,0,0,0
euro,7,euro=6; euros=1,1,6,0,0,0,0,0,0
exaggeration,7,exaggeration=4; exaggerations=3,6,1,0,0,0,0,0,0
expectancy,7,expectancy=7,7,0,0,0,0,0,0,0
expire,7,expire=3; expired=3; expires=1,0,0,7,0,0,0,0,0
fable,7,fable=6; fables=1,4,0,0,0,3,0,0,0
faraway,7,faraway=7,0,1,0,0,6,0,0,0
feat,7,feat=5; feats=2,7,0,0,0,0,0,0,0
february,7,february=7,0,7,0,0,0,0,0,0
fissure,7,fissures=4; fissure=3,7,0,0,0,0,0,0,0
fistulata,7,fistulata=7,4,3,0,0,0,0,0,0
flare,7,flare=5; flares=2,7,0,0,0,0,0,0,0
floodwater,7,floodwaters=7,7,0,0,0,0,0,0,0
flora,7,flora=7,6,1,0,0,0,0,0,0
fluorescent,7,fluorescent=7,6,0,0,0,1,0,0,0
fmris,7,fmris=7,3,0,0,0,4,0,0,0
follicle,7,follicle=4; follicles=3,7,0,0,0,0,0,0,0
forecaster,7,forecaster=6; forecasters=1,7,0,0,0,0,0,0,0
frank,7,frank=7,0,6,0,0,1,0,0,0
frightening,7,frightening=7,0,0,0,0,7,0,0,0
frontier,7,frontier=4; frontiers=3,7,0,0,0,0,0,0,0
furnish,7,furnished=4; furnish=2; furnishing=1,0,0,7,0,0,0,0,0
furry,7,furry=7,0,0,0,0,7,0,0,0
fuzzy,7,fuzzy=6; fuzzier=1,0,0,0,0,7,0,0,0
gabbroic,7,gabbroic=7,1,2,0,0,4,0,0,0
ganger,7,ganger=7,0,7,0,0,0,0,0,0
garbage,7,garbage=7,7,0,0,0,0,0,0,0
gawasis,7,gawasis=7,0,7,0,0,0,0,0,0
gem,7,gems=5; gem=2,7,0,0,0,0,0,0,0
gemstone,7,gemstones=7,7,0,0,0,0,0,0,0
ginning,7,ginning=7,6,1,0,0,0,0,0,0
giorgio,7,giorgio=7,0,7,0,0,0,0,0,0
giraffe,7,giraffes=7,7,0,0,0,0,0,0,0
gliding,7,gliding=7,7,0,0,0,0,0,0,0
glorify,7,glorified=4; glorifies=1; glorify=1; glorifying=1,0,0,7,0,0,0,0,0
gloss,7,gloss=5; glosses=2,7,0,0,0,0,0,0,0
glossy,7,glossy=7,0,0,0,0,7,0,0,0
goods,7,goods=7,0,7,0,0,0,0,0,0
gorman,7,gorman=7,0,7,0,0,0,0,0,0
gradation,7,gradations=4; gradation=3,7,0,0,0,0,0,0,0
gradient,7,gradient=5; gradients=2,6,0,0,0,1,0,0,0
grammar,7,grammar=7,7,0,0,0,0,0,0,0
grijzenhout,7,grijzenhout=7,0,7,0,0,0,0,0,0
grooming,7,grooming=7,4,0,0,0,3,0,0,0
guitar,7,guitar=6; guitars=1,7,0,0,0,0,0,0,0
guzman,7,guzman=7,0,7,0,0,0,0,0,0
handheld,7,handheld=7,0,0,0,0,7,0,0,0
handicap,7,handicap=3; handicaps=3; handicapped=1,5,0,1,0,1,0,0,0
hate,7,hate=7,0,0,7,0,0,0,0,0
hazy,7,hazy=7,0,0,0,0,7,0,0,0
hd,7,hd=7,3,3,1,0,0,0,0,0
heroic,7,heroic=7,0,0,0,0,7,0,0,0
heyerdahl,7,heyerdahl=7,1,6,0,0,0,0,0,0
hilly,7,hilly=7,0,0,0,0,5,2,0,0
hippocampus,7,hippocampus=7,2,5,0,0,0,0,0,0
hobby,7,hobby=5; hobbies=2,7,0,0,0,0,0,0,0
holland,7,holland=7,0,7,0,0,0,0,0,0
hollywood,7,hollywood=7,0,7,0,0,0,0,0,0
hoof,7,hooves=4; hoof=2; hoofed=1,4,1,1,0,1,0,0,0
howler,7,howler=7,3,4,0,0,0,0,0,0
hugely,7,hugely=7,0,0,0,0,0,7,0,0
humorous,7,humorous=7,0,0,0,0,7,0,0,0
huns,7,huns=7,0,7,0,0,0,0,0,0
hypha,7,hyphae=7,7,0,0,0,0,0,0,0
hypnotic,7,hypnotic=7,0,2,0,0,5,0,0,0
iambulus,7,iambulus=7,0,7,0,0,0,0,0,0
iau,7,iau=7,0,7,0,0,0,0,0,0
ideas,7,ideas=7,0,7,0,0,0,0,0,0
illumination,7,illumination=7,7,0,0,0,0,0,0,0
inborn,7,inborn=7,0,0,0,0,7,0,0,0
industrialist,7,industrialists=6; industrialist=1,7,0,0,0,0,0,0,0
inedible,7,inedible=7,0,0,0,0,7,0,0,0
inscribe,7,inscribed=7,0,0,7,0,0,0,0,0
inspector,7,inspectors=5; inspector=2,7,0,0,0,0,0,0,0
instinctively,7,instinctively=7,0,0,0,0,0,7,0,0
instrumental,7,instrumental=7,0,0,0,0,7,0,0,0
integral,7,integral=7,0,0,0,0,7,0,0,0
interactive,7,interactive=7,0,0,0,0,7,0,0,0
interdependence,7,interdependence=7,7,0,0,0,0,0,0,0
intermingle,7,intermingle=4; intermingling=3,0,0,7,0,0,0,0,0
intermission,7,intermission=7,7,0,0,0,0,0,0,0
interplanetary,7,interplanetary=7,0,1,0,0,6,0,0,0
intimidate,7,intimidated=3; intimidate=2; intimidating=2,0,0,7,0,0,0,0,0
iranian,7,iranian=7,0,0,0,0,7,0,0,0
irregularity,7,irregularities=6; irregularity=1,7,0,0,0,0,0,0,0
isthmus,7,isthmus=7,1,6,0,0,0,0,0,0
jason,7,jason=7,1,6,0,0,0,0,0,0
jawbone,7,jawbone=6; jawbones=1,7,0,0,0,0,0,0,0
johnny,7,johnny=7,0,7,0,0,0,0,0,0
jovian,7,jovian=7,0,0,0,0,7,0,0,0
junior,7,juniors=5; junior=2,5,0,0,0,2,0,0,0
juniper,7,juniper=7,7,0,0,0,0,0,0,0
junk,7,junk=7,7,0,0,0,0,0,0,0
karkoschka,7,karkoschka=7,0,7,0,0,0,0,0,0
kcal,7,kcal=7,1,6,0,0,0,0,0,0
kevin,7,kevin=7,0,7,0,0,0,0,0,0
latitudinal,7,latitudinal=7,0,0,0,0,7,0,0,0
layered,7,layered=7,0,0,0,0,7,0,0,0
legacy,7,legacy=7,5,1,0,0,1,0,0,0
lewis,7,lewis=7,0,7,0,0,0,0,0,0
liberal,7,liberal=5; liberals=2,2,0,0,0,5,0,0,0
lifespan,7,lifespan=6; lifespans=1,7,0,0,0,0,0,0,0
lip,7,lips=7,7,0,0,0,0,0,0,0
locality,7,localities=6; locality=1,7,0,0,0,0,0,0,0
lodgepole,7,lodgepole=7,2,1,0,0,4,0,0,0
longevity,7,longevity=7,7,0,0,0,0,0,0,0
lubricant,7,lubricant=4; lubricants=3,6,0,0,0,1,0,0,0
lucrative,7,lucrative=7,0,0,0,0,7,0,0,0
lump,7,lumps=4; lump=1; lumped=1; lumping=1,4,0,3,0,0,0,0,0
lush,7,lush=7,0,0,0,0,7,0,0,0
lyell,7,lyell=7,0,7,0,0,0,0,0,0
lyric,7,lyrics=7,7,0,0,0,0,0,0,0
magellanic,7,magellanic=7,0,6,0,0,1,0,0,0
malory,7,malory=7,0,7,0,0,0,0,0,0
maneuver,7,maneuver=6; maneuvers=1,3,0,4,0,0,0,0,0
manhattan,7,manhattan=7,0,7,0,0,0,0,0,0
manipulation,7,manipulation=6; manipulations=1,7,0,0,0,0,0,0,0
marked,7,marked=7,0,0,0,0,7,0,0,0
mast,7,masts=5; mast=2,7,0,0,0,0,0,0,0
mathematician,7,mathematician=6; mathematicians=1,2,0,0,0,5,0,0,0
mccloskey,7,mccloskey=7,0,7,0,0,0,0,0,0
mechanization,7,mechanization=7,6,1,0,0,0,0,0,0
melanism,7,melanism=7,7,0,0,0,0,0,0,0
melissa,7,melissa=7,0,6,0,0,0,0,0,1
mentally,7,mentally=7,0,0,0,0,0,7,0,0
mentoring,7,mentoring=7,7,0,0,0,0,0,0,0
meticulously,7,meticulously=7,0,0,0,0,0,7,0,0
microcapsule,7,microcapsules=6; microcapsule=1,7,0,0,0,0,0,0,0
microhabitat,7,microhabitats=4; microhabitat=3,7,0,0,0,0,0,0,0
midden,7,midden=5; middens=2,7,0,0,0,0,0,0,0
migrant,7,migrants=7,7,0,0,0,0,0,0,0
mister,7,mister=7,0,7,0,0,0,0,0,0
mockingbird,7,mockingbirds=5; mockingbird=2,5,1,0,0,0,1,0,0
moco,7,moco=7,4,3,0,0,0,0,0,0
monk,7,monks=5; monk=2,6,1,0,0,0,0,0,0
monks,7,monks=7,0,7,0,0,0,0,0,0
mountaineering,7,mountaineering=7,3,4,0,0,0,0,0,0
mouthpart,7,mouthparts=7,7,0,0,0,0,0,0,0
mover,7,movers=5; mover=2,6,0,0,0,1,0,0,0
murder,7,murder=5; murdered=1; murders=1,4,0,3,0,0,0,0,0
musicians,7,musicians=7,0,7,0,0,0,0,0,0
mustache,7,mustache=7,7,0,0,0,0,0,0,0
mutate,7,mutate=2; mutated=2; mutating=2; mutates=1,0,0,7,0,0,0,0,0
myrtos,7,myrtos=7,0,7,0,0,0,0,0,0
nabi,7,nabi=7,0,7,0,0,0,0,0,0
natalie,7,natalie=7,0,7,0,0,0,0,0,0
naturalistic,7,naturalistic=7,0,0,0,0,7,0,0,0
navigator,7,navigators=6; navigator=1,7,0,0,0,0,0,0,0
neutral,7,neutral=7,0,0,0,0,7,0,0,0
newsletter,7,newsletter=7,6,1,0,0,0,0,0,0
norte,7,norte=7,2,5,0,0,0,0,0,0
notebook,7,notebooks=4; notebook=3,7,0,0,0,0,0,0,0
noteworthy,7,noteworthy=7,0,0,0,0,7,0,0,0
olmsted,7,olmsted=7,0,7,0,0,0,0,0,0
omnibus,7,omnibus=4; omnibuses=3,5,1,0,0,1,0,0,0
omnivore,7,omnivores=6; omnivore=1,7,0,0,0,0,0,0,0
optic,7,optics=4; optic=3,6,0,0,0,1,0,0,0
orangutan,7,orangutans=7,7,0,0,0,0,0,0,0
orcas,7,orcas=7,0,5,0,0,2,0,0,0
orchid,7,orchids=4; orchid=3,7,0,0,0,0,0,0,0
osmoregulator,7,osmoregulators=6; osmoregulator=1,7,0,0,0,0,0,0,0
outing,7,outings=5; outing=2,7,0,0,0,0,0,0,0
overgraze,7,overgrazed=3; overgrazing=3; overgraze=1,0,0,7,0,0,0,0,0
overhead,7,overhead=7,2,0,0,0,3,2,0,0
overwhelm,7,overwhelm=3; overwhelmed=3; overwhelming=1,0,0,7,0,0,0,0,0
pal,7,pal=6; pales=1,6,0,1,0,0,0,0,0
pale,7,pale=7,0,0,0,0,7,0,0,0
pangaea,7,pangaea=7,0,7,0,0,0,0,0,0
pantomime,7,pantomime=6; pantomimes=1,6,0,0,0,1,0,0,0
paradise,7,paradise=7,2,5,0,0,0,0,0,0
paternal,7,paternal=7,0,1,0,0,6,0,0,0
paula,7,paula=7,0,7,0,0,0,0,0,0
peanut,7,peanuts=7,7,0,0,0,0,0,0,0
peculiar,7,peculiar=7,0,0,0,0,7,0,0,0
peoples,7,peoples=7,0,7,0,0,0,0,0,0
perch,7,perches=4; perched=3,2,0,5,0,0,0,0,0
periglacial,7,periglacial=7,1,1,0,0,5,0,0,0
perkins,7,perkins=7,0,7,0,0,0,0,0,0
peterson,7,peterson=7,0,7,0,0,0,0,0,0
petrels,7,petrels=7,0,7,0,0,0,0,0,0
phosphor,7,phosphor=5; phosphors=2,7,0,0,0,0,0,0,0
pinger,7,pingers=6; pinger=1,7,0,0,0,0,0,0,0
pitcher,7,pitcher=7,7,0,0,0,0,0,0,0
plants,7,plants=7,0,7,0,0,0,0,0,0
pleasing,7,pleasing=7,0,0,0,0,7,0,0,0
pm,7,pm=7,6,1,0,0,0,0,0,0
pneumonia,7,pneumonia=7,7,0,0,0,0,0,0,0
polite,7,polite=7,0,0,0,0,7,0,0,0
positional,7,positional=7,0,0,0,0,7,0,0,0
poverty,7,poverty=7,7,0,0,0,0,0,0,0
preapproval,7,preapproval=7,6,0,0,0,1,0,0,0
precipitate,7,precipitate=4; precipitated=3,1,0,6,0,0,0,0,0
pregnant,7,pregnant=7,0,0,0,0,7,0,0,0
preschool,7,preschool=7,3,0,0,0,4,0,0,0
presenter,7,presenters=4; presenter=3,7,0,0,0,0,0,0,0
prized,7,prized=7,0,0,0,0,7,0,0,0
processualism,7,processualism=7,5,0,0,0,2,0,0,0
proclaim,7,proclaimed=4; proclaims=2; proclaiming=1,0,0,7,0,0,0,0,0
progressively,7,progressively=7,0,0,0,0,0,7,0,0
prolific,7,prolific=7,2,0,0,0,5,0,0,0
promptly,7,promptly=7,0,0,0,0,0,7,0,0
prospect,7,prospect=5; prospecting=2,4,0,3,0,0,0,0,0
protest,7,protest=3; protested=3; protesting=1,3,0,4,0,0,0,0,0
pseudo,7,pseudo=7,7,0,0,0,0,0,0,0
pseudomonas,7,pseudomonas=7,0,7,0,0,0,0,0,0
puerto,7,puerto=7,0,5,0,0,2,0,0,0
punish,7,punished=3; punishing=3; punish=1,0,0,7,0,0,0,0,0
radiometric,7,radiometric=7,0,1,0,0,6,0,0,0
rainbow,7,rainbows=4; rainbow=3,6,0,1,0,0,0,0,0
ramirez,7,ramirez=7,0,7,0,0,0,0,0,0
ramona,7,ramona=7,0,7,0,0,0,0,0,0
rangeland,7,rangeland=7,7,0,0,0,0,0,0,0
rationally,7,rationally=7,0,0,0,0,0,7,0,0
rayon,7,rayon=7,5,2,0,0,0,0,0,0
reactance,7,reactance=7,3,4,0,0,0,0,0,0
reasonably,7,reasonably=7,0,0,0,0,0,7,0,0
rebirth,7,rebirth=7,7,0,0,0,0,0,0,0
recap,7,recap=7,6,0,1,0,0,0,0,0
recapture,7,recapture=6; recapturing=1,6,0,1,0,0,0,0,0
receiver,7,receiver=6; receivers=1,7,0,0,0,0,0,0,0
receptive,7,receptive=7,0,0,0,0,7,0,0,0
reciprocity,7,reciprocity=7,7,0,0,0,0,0,0,0
recite,7,reciting=5; recite=2,0,0,7,0,0,0,0,0
recycled,7,recycled=7,0,0,0,0,7,0,0,0
reed,7,reed=6; reeds=1,3,4,0,0,0,0,0,0
refined,7,refined=7,0,0,0,0,7,0,0,0
relevance,7,relevance=7,7,0,0,0,0,0,0,0
reliably,7,reliably=7,0,0,0,0,0,7,0,0
remainder,7,remainder=7,7,0,0,0,0,0,0,0
rembrandts,7,rembrandts=7,0,7,0,0,0,0,0,0
reporting,7,reporting=7,7,0,0,0,0,0,0,0
reset,7,reset=6; resetting=1,2,1,4,0,0,0,0,0
reside,7,reside=3; resided=2; resides=1; residing=1,0,0,7,0,0,0,0,0
residual,7,residual=7,0,0,0,0,7,0,0,0
resurface,7,resurfaced=4; resurfacing=2; resurface=1,1,0,6,0,0,0,0,0
revolt,7,revolt=4; revolted=2; revolting=1,3,0,4,0,0,0,0,0
rewrite,7,rewrite=4; rewriting=2; rewritten=1,0,0,7,0,0,0,0,0
rip,7,ripped=4; rip=2; rips=1,1,0,6,0,0,0,0,0
riparian,7,riparian=7,0,0,0,0,7,0,0,0
rocks,7,rocks=7,0,7,0,0,0,0,0,0
roller,7,rollers=6; roller=1,7,0,0,0,0,0,0,0
rooting,7,rooting=7,7,0,0,0,0,0,0,0
rowan,7,rowan=7,0,7,0,0,0,0,0,0
saga,7,saga=4; sagas=3,7,0,0,0,0,0,0,0
sap,7,sap=7,4,2,1,0,0,0,0,0
satisfactory,7,satisfactory=7,0,0,0,0,7,0,0,0
saying,7,saying=7,7,0,0,0,0,0,0,0
scaffold,7,scaffolding=6; scaffold=1,1,0,6,0,0,0,0,0
scaffolding,7,scaffolding=7,7,0,0,0,0,0,0,0
scattering,7,scattering=7,7,0,0,0,0,0,0,0
schmandt,7,schmandt=7,0,7,0,0,0,0,0,0
schoolteacher,7,schoolteachers=5; schoolteacher=2,7,0,0,0,0,0,0,0
scoop,7,scoop=4; scooped=2; scooping=1,1,0,6,0,0,0,0,0
scrutiny,7,scrutiny=7,5,2,0,0,0,0,0,0
seafood,7,seafood=7,7,0,0,0,0,0,0,0
seagull,7,seagulls=7,7,0,0,0,0,0,0,0
sehgal,7,sehgal=7,0,7,0,0,0,0,0,0
selectively,7,selectively=7,0,0,0,0,0,7,0,0
separator,7,separator=4; separators=3,7,0,0,0,0,0,0,0
shadowgraph,7,shadowgraphs=4; shadowgraph=3,7,0,0,0,0,0,0,0
shareholder,7,shareholders=7,7,0,0,0,0,0,0,0
shocked,7,shocked=7,0,0,0,0,7,0,0,0
siberian,7,siberian=7,0,5,0,0,2,0,0,0
signify,7,signify=7,1,0,6,0,0,0,0,0
sinking,7,sinking=7,7,0,0,0,0,0,0,0
sinus,7,sinus=4; sinuses=3,7,0,0,0,0,0,0,0
skillfully,7,skillfully=7,0,0,0,0,0,7,0,0
slave,7,slaves=5; slave=2,7,0,0,0,0,0,0,0
slop,7,sloping=5; sloped=1; slopes=1,0,0,7,0,0,0,0,0
smart,7,smart=7,0,0,0,0,7,0,0,0
soapstone,7,soapstone=7,3,0,0,0,0,0,0,4
sodium,7,sodium=7,5,0,0,0,2,0,0,0
sofa,7,sofa=4; sofas=3,6,1,0,0,0,0,0,0
solidifie,7,solidifies=7,7,0,0,0,0,0,0,0
solutrean,7,solutrean=7,0,1,0,0,6,0,0,0
sophistication,7,sophistication=7,7,0,0,0,0,0,0,0
soprano,7,soprano=4; sopranos=3,7,0,0,0,0,0,0,0
sosa,7,sosa=7,0,7,0,0,0,0,0,0
souvenir,7,souvenirs=4; souvenir=3,7,0,0,0,0,0,0,0
spare,7,spare=7,0,0,5,0,2,0,0,0
spectrogram,7,spectrogram=4; spectrograms=3,6,1,0,0,0,0,0,0
spectroscopy,7,spectroscopy=7,2,3,0,0,2,0,0,0
spherical,7,spherical=7,0,0,0,0,7,0,0,0
spine,7,spines=6; spine=1,7,0,0,0,0,0,0,0
spoon,7,spoons=6; spoon=1,7,0,0,0,0,0,0,0
spruce,7,spruce=5; spruces=2,7,0,0,0,0,0,0,0
spur,7,spurred=5; spur=2,1,0,6,0,0,0,0,0
squirm,7,squirming=4; squirm=3,0,0,7,0,0,0,0,0
stellar,7,stellar=7,0,0,0,0,7,0,0,0
stereo,7,stereos=6; stereo=1,7,0,0,0,0,0,0,0
stockholm,7,stockholm=7,0,7,0,0,0,0,0,0
straighten,7,straighten=6; straightening=1,0,0,7,0,0,0,0,0
striation,7,striations=7,7,0,0,0,0,0,0,0
studen,7,studen=7,0,7,0,0,0,0,0,0
stunning,7,stunning=7,0,0,0,0,7,0,0,0
stunt,7,stunted=6; stunts=1,0,0,7,0,0,0,0,0
subordinate,7,subordinate=3; subordinates=3; subordinated=1,4,0,1,0,2,0,0,0
subpolar,7,subpolar=7,0,0,0,0,7,0,0,0
subscribe,7,subscribe=3; subscribes=3; subscribed=1,2,0,5,0,0,0,0,0
subsist,7,subsist=5; subsisted=1; subsisting=1,3,0,4,0,0,0,0,0
substrate,7,substrates=4; substrate=3,7,0,0,0,0,0,0,0
suffix,7,suffix=7,3,3,0,0,1,0,0,0
suggestive,7,suggestive=7,5,0,0,0,2,0,0,0
summit,7,summits=5; summit=2,7,0,0,0,0,0,0,0
sunglass,7,sunglasses=7,7,0,0,0,0,0,0,0
surpass,7,surpassed=4; surpass=2; surpasses=1,0,0,7,0,0,0,0,0
surrealist,7,surrealist=5; surrealists=2,4,3,0,0,0,0,0,0
swiftlet,7,swiftlet=6; swiftlets=1,7,0,0,0,0,0,0,0
swimmer,7,swimmers=5; swimmer=2,7,0,0,0,0,0,0,0
synapsis,7,synapses=7,7,0,0,0,0,0,0,0
synurbization,7,synurbization=7,7,0,0,0,0,0,0,0
syringae,7,syringae=7,7,0,0,0,0,0,0,0
tamarind,7,tamarind=4; tamarinds=3,7,0,0,0,0,0,0,0
tarsi,7,tarsi=7,5,2,0,0,0,0,0,0
tempest,7,tempest=7,1,6,0,0,0,0,0,0
thermoregulation,7,thermoregulation=7,7,0,0,0,0,0,0,0
threadlike,7,threadlike=7,0,5,0,0,0,0,0,2
thrill,7,thrill=4; thrilled=3,4,0,3,0,0,0,0,0
thrower,7,throwers=6; thrower=1,6,0,0,0,0,1,0,0
thünen,7,thünen=7,0,7,0,0,0,0,0,0
toland,7,toland=7,0,6,0,0,1,0,0,0
tomography,7,tomography=7,6,1,0,0,0,0,0,0
tony,7,tony=7,0,7,0,0,0,0,0,0
tools,7,tools=7,0,7,0,0,0,0,0,0
toothpaste,7,toothpaste=7,7,0,0,0,0,0,0,0
torch,7,torches=6; torched=1,6,0,1,0,0,0,0,0
tortoise,7,tortoise=4; tortoises=3,7,0,0,0,0,0,0,0
toxicity,7,toxicity=7,7,0,0,0,0,0,0,0
traction,7,traction=7,7,0,0,0,0,0,0,0
transgenic,7,transgenic=7,1,1,0,0,5,0,0,0
transhumance,7,transhumance=7,3,4,0,0,0,0,0,0
transitive,7,transitive=7,0,0,0,0,7,0,0,0
translucent,7,translucent=7,0,0,0,0,7,0,0,0
transplant,7,transplants=4; transplant=2; transplanting=1,4,0,3,0,0,0,0,0
trawl,7,trawl=3; trawling=3; trawls=1,4,0,3,0,0,0,0,0
trough,7,trough=4; troughs=3,7,0,0,0,0,0,0,0
tunisia,7,tunisia=7,0,7,0,0,0,0,0,0
turbulence,7,turbulence=7,7,0,0,0,0,0,0,0
turning,7,turning=7,7,0,0,0,0,0,0,0
tutorial,7,tutorial=4; tutorials=3,4,0,0,0,3,0,0,0
twin,7,twin=6; twins=1,2,0,0,0,5,0,0,0
unanswered,7,unanswered=7,0,0,0,0,7,0,0,0
unattractive,7,unattractive=7,0,0,0,0,7,0,0,0
uncle,7,uncle=7,7,0,0,0,0,0,0,0
undergrad,7,undergrad=4; undergrads=3,7,0,0,0,0,0,0,0
unemployment,7,unemployment=7,7,0,0,0,0,0,0,0
uniformly,7,uniformly=7,0,0,0,0,0,7,0,0
unoccupied,7,unoccupied=7,0,0,0,0,7,0,0,0
utah,7,utah=7,0,7,0,0,0,0,0,0
vastly,7,vastly=7,0,0,0,0,0,7,0,0
vault,7,vaults=3; vault=2; vaulted=2,5,0,2,0,0,0,0,0
vector,7,vector=6; vectors=1,6,1,0,0,0,0,0,0
versa,7,versa=7,0,1,0,0,0,6,0,0
visibility,7,visibility=7,7,0,0,0,0,0,0,0
vs,7,vs=7,0,0,0,0,0,1,0,6
wallet,7,wallets=6; wallet=1,7,0,0,0,0,0,0,0
warren,7,warren=7,0,7,0,0,0,0,0,0
wastewater,7,wastewater=7,6,1,0,0,0,0,0,0
weaponry,7,weaponry=7,7,0,0,0,0,0,0,0
wendy,7,wendy=7,0,7,0,0,0,0,0,0
wingless,7,wingless=7,7,0,0,0,0,0,0,0
winslow,7,winslow=7,0,7,0,0,0,0,0,0
woad,7,woad=7,2,1,0,0,4,0,0,0
workload,7,workload=6; workloads=1,7,0,0,0,0,0,0,0
workspace,7,workspace=6; workspaces=1,7,0,0,0,0,0,0,0
wyoming,7,wyoming=7,0,7,0,0,0,0,0,0
ydb,7,ydb=7,0,7,0,0,0,0,0,0
absurd,6,absurd=6,1,0,0,0,5,0,0,0
abyad,6,abyad=6,0,6,0,0,0,0,0,0
acacias,6,acacias=6,5,0,0,0,1,0,0,0
actors,6,actors=6,0,6,0,0,0,0,0,0
actress,6,actress=6,6,0,0,0,0,0,0,0
acute,6,acute=6,1,0,0,0,5,0,0,0
aedes,6,aedes=6,0,6,0,0,0,0,0,0
aegypti,6,aegypti=6,1,2,3,0,0,0,0,0
affiliate,6,affiliated=6,0,0,6,0,0,0,0,0
affluent,6,affluent=6,1,0,0,0,5,0,0,0
aging,6,aging=6,6,0,0,0,0,0,0,0
aikens,6,aikens=6,0,6,0,0,0,0,0,0
airline,6,airlines=4; airline=2,6,0,0,0,0,0,0,0
akkad,6,akkad=6,1,5,0,0,0,0,0,0
allison,6,allison=6,0,6,0,0,0,0,0,0
altimetric,6,altimetric=6,0,3,0,0,3,0,0,0
ambiguous,6,ambiguous=6,0,0,0,0,6,0,0,0
amenity,6,amenities=6,6,0,0,0,0,0,0,0
amid,6,amid=6,0,0,0,0,0,0,0,6
amongst,6,amongst=6,0,1,0,0,0,0,0,5
amusement,6,amusement=6,5,1,0,0,0,0,0,0
angiosperms,6,angiosperms=6,0,6,0,0,0,0,0,0
antique,6,antique=5; antiques=1,2,0,0,0,4,0,0,0
anytime,6,anytime=6,0,0,0,0,0,6,0,0
appendage,6,appendages=6,6,0,0,0,0,0,0,0
arab,6,arab=6,0,1,0,0,5,0,0,0
archeology,6,archeology=6,3,3,0,0,0,0,0,0
arnold,6,arnold=6,0,6,0,0,0,0,0,0
ascent,6,ascent=6,6,0,0,0,0,0,0,0
ashore,6,ashore=6,0,0,0,0,0,6,0,0
aspects,6,aspects=6,0,6,0,0,0,0,0,0
assimilate,6,assimilated=5; assimilating=1,0,0,6,0,0,0,0,0
asterism,6,asterism=6,6,0,0,0,0,0,0,0
ats,6,ats=6,0,6,0,0,0,0,0,0
attest,6,attest=4; attested=2,1,0,5,0,0,0,0,0
austen,6,austen=6,0,6,0,0,0,0,0,0
autoradiography,6,autoradiography=6,6,0,0,0,0,0,0,0
awkward,6,awkward=6,0,0,0,0,6,0,0,0
backpacking,6,backpacking=6,0,5,0,0,1,0,0,0
badger,6,badger=6,6,0,0,0,0,0,0,0
baltimore,6,baltimore=6,0,6,0,0,0,0,0,0
barbara,6,barbara=6,0,6,0,0,0,0,0,0
barge,6,barge=4; barges=2,5,0,1,0,0,0,0,0
bates,6,bates=6,0,6,0,0,0,0,0,0
bc,6,bc=6,0,6,0,0,0,0,0,0
beaker,6,beaker=5; beakers=1,1,5,0,0,0,0,0,0
beast,6,beasts=6,6,0,0,0,0,0,0,0
beeswax,6,beeswax=6,6,0,0,0,0,0,0,0
beg,6,begging=4; beg=1; begged=1,0,0,6,0,0,0,0,0
behalf,6,behalf=6,6,0,0,0,0,0,0,0
belting,6,belting=6,6,0,0,0,0,0,0,0
bicycling,6,bicycling=6,5,1,0,0,0,0,0,0
biofluorescence,6,biofluorescence=6,6,0,0,0,0,0,0,0
blacken,6,blackened=6,0,0,6,0,0,0,0,0
blah,6,blah=6,0,1,0,0,0,0,0,5
blake,6,blake=6,0,6,0,0,0,0,0,0
bobtail,6,bobtail=6,6,0,0,0,0,0,0,0
bombard,6,bombarded=5; bombard=1,0,0,6,0,0,0,0,0
bonheur,6,bonheur=6,0,6,0,0,0,0,0,0
bony,6,bony=6,6,0,0,0,0,0,0,0
borelli,6,borelli=6,0,6,0,0,0,0,0,0
botanical,6,botanical=6,0,0,0,0,6,0,0,0
botswana,6,botswana=6,0,6,0,0,0,0,0,0
boulton,6,boulton=6,0,6,0,0,0,0,0,0
breadth,6,breadth=6,6,0,0,0,0,0,0,0
breakage,6,breakage=6,6,0,0,0,0,0,0,0
brew,6,brew=4; brewing=2,3,0,3,0,0,0,0,0
brochure,6,brochure=5; brochures=1,6,0,0,0,0,0,0,0
brownfield,6,brownfield=6,1,1,0,0,4,0,0,0
bubonic,6,bubonic=6,2,0,0,0,4,0,0,0
buddhist,6,buddhist=6,0,1,0,0,5,0,0,0
buffering,6,buffering=6,5,1,0,0,0,0,0,0
buonarotti,6,buonarotti=6,0,6,0,0,0,0,0,0
businesspeople,6,businesspeople=6,6,0,0,0,0,0,0,0
butler,6,butler=6,0,6,0,0,0,0,0,0
bypass,6,bypass=3; bypassed=2; bypassing=1,1,0,5,0,0,0,0,0
camus,6,camus=6,0,6,0,0,0,0,0,0
capsaicin,6,capsaicin=6,0,6,0,0,0,0,0,0
caregiver,6,caregivers=5; caregiver=1,6,0,0,0,0,0,0,0
caribaea,6,caribaea=6,5,1,0,0,0,0,0,0
caribs,6,caribs=6,6,0,0,0,0,0,0,0
carla,6,carla=6,0,6,0,0,0,0,0,0
carriage,6,carriage=4; carriages=2,6,0,0,0,0,0,0,0
carrying,6,carrying=6,6,0,0,0,0,0,0,0
cautious,6,cautious=6,0,0,0,0,6,0,0,0
cavalry,6,cavalry=6,6,0,0,0,0,0,0,0
census,6,census=5; censuses=1,6,0,0,0,0,0,0,0
cetera,6,cetera=6,6,0,0,0,0,0,0,0
chacoans,6,chacoans=6,0,6,0,0,0,0,0,0
chalk,6,chalk=5; chalks=1,5,0,1,0,0,0,0,0
challenger,6,challenger=4; challengers=2,2,4,0,0,0,0,0,0
champion,6,champions=3; champion=1; championed=1; championing=1,4,0,2,0,0,0,0,0
char,6,charred=4; char=1; charring=1,0,1,5,0,0,0,0,0
chlorofluorocarbon,6,chlorofluorocarbons=6,6,0,0,0,0,0,0,0
choreographic,6,choreographic=6,0,0,0,0,6,0,0,0
chronologically,6,chronologically=6,0,0,0,0,0,6,0,0
churn,6,churned=3; churn=2; churns=1,0,0,6,0,0,0,0,0
cities,6,cities=6,0,6,0,0,0,0,0,0
clash,6,clashes=3; clash=1; clashed=1; clashing=1,3,0,3,0,0,0,0,0
cleaner,6,cleaner=3; cleaners=3,4,2,0,0,0,0,0,0
cloudy,6,cloudy=6,0,0,0,0,6,0,0,0
coagulation,6,coagulation=6,6,0,0,0,0,0,0,0
cognition,6,cognition=6,6,0,0,0,0,0,0,0
comeback,6,comeback=6,6,0,0,0,0,0,0,0
commercialize,6,commercialized=5; commercializing=1,0,0,6,0,0,0,0,0
conceive,6,conceived=4; conceive=2,0,0,6,0,0,0,0,0
conclusively,6,conclusively=6,0,0,0,0,0,6,0,0
constituent,6,constituent=3; constituents=3,3,0,0,0,3,0,0,0
converge,6,converge=4; converged=2,0,0,6,0,0,0,0,0
cookware,6,cookware=6,5,0,0,0,1,0,0,0
cooper,6,cooper=6,0,6,0,0,0,0,0,0
coordination,6,coordination=6,6,0,0,0,0,0,0,0
corinth,6,corinth=6,0,6,0,0,0,0,0,0
corporate,6,corporate=6,0,0,0,0,6,0,0,0
counterintuitive,6,counterintuitive=6,1,0,0,0,5,0,0,0
crabs,6,crabs=6,0,6,0,0,0,0,0,0
criminal,6,criminal=5; criminals=1,2,0,0,0,4,0,0,0
crucible,6,crucibles=6,6,0,0,0,0,0,0,0
cubic,6,cubic=6,0,0,0,0,6,0,0,0
cultured,6,cultured=6,0,0,0,0,6,0,0,0
cupiennius,6,cupiennius=6,0,6,0,0,0,0,0,0
curtain,6,curtain=5; curtains=1,6,0,0,0,0,0,0,0
customary,6,customary=6,1,0,0,0,5,0,0,0
cylindrical,6,cylindrical=6,0,0,0,0,6,0,0,0
daguerreotypes,6,daguerreotypes=6,0,6,0,0,0,0,0,0
darker,6,darker=6,0,5,0,0,0,1,0,0
darwinian,6,darwinian=6,0,0,0,0,6,0,0,0
decima,6,decima=6,1,4,0,0,1,0,0,0
defenseless,6,defenseless=6,0,0,0,0,6,0,0,0
defer,6,defer=3; deferred=3,0,0,6,0,0,0,0,0
deferred,6,deferred=6,0,0,0,0,6,0,0,0
deficiency,6,deficiencies=3; deficiency=3,6,0,0,0,0,0,0,0
deflect,6,deflect=2; deflected=2; deflecting=1; deflects=1,0,0,6,0,0,0,0,0
deform,6,deformed=4; deform=1; deforms=1,2,0,4,0,0,0,0,0
delighted,6,delighted=6,0,0,0,0,6,0,0,0
demise,6,demise=6,6,0,0,0,0,0,0,0
democratic,6,democratic=6,0,0,0,0,6,0,0,0
denim,6,denim=6,2,2,0,0,2,0,0,0
deploy,6,deployed=4; deploy=1; deploying=1,0,0,6,0,0,0,0,0
desalinate,6,desalinated=3; desalinate=2; desalinating=1,0,0,6,0,0,0,0,0
devastate,6,devastated=5; devastate=1,0,0,5,0,1,0,0,0
dialect,6,dialect=4; dialects=2,6,0,0,0,0,0,0,0
dip,6,dipping=4; dip=1; dipped=1,0,0,6,0,0,0,0,0
disappointing,6,disappointing=6,0,0,0,0,6,0,0,0
discharge,6,discharge=4; discharged=2,1,1,4,0,0,0,0,0
disorganize,6,disorganized=6,0,0,6,0,0,0,0,0
disorient,6,disoriented=5; disorienting=1,0,0,6,0,0,0,0,0
disperser,6,disperser=3; dispersers=3,6,0,0,0,0,0,0,0
distinctively,6,distinctively=6,0,0,0,0,0,6,0,0
distinguished,6,distinguished=6,0,0,0,0,6,0,0,0
diurnal,6,diurnal=6,0,2,0,0,4,0,0,0
divan,6,divan=6,0,6,0,0,0,0,0,0
dixieland,6,dixieland=6,0,6,0,0,0,0,0,0
doge,6,doge=6,0,6,0,0,0,0,0,0
dogs,6,dogs=6,0,6,0,0,0,0,0,0
dolomite,6,dolomite=6,2,0,4,0,0,0,0,0
dolphins,6,dolphins=6,0,6,0,0,0,0,0,0
doorway,6,doorway=3; doorways=3,6,0,0,0,0,0,0,0
dorians,6,dorians=6,0,6,0,0,0,0,0,0
dowitcher,6,dowitchers=5; dowitcher=1,6,0,0,0,0,0,0,0
dunlin,6,dunlins=5; dunlin=1,5,1,0,0,0,0,0,0
dysentery,6,dysentery=6,6,0,0,0,0,0,0,0
dystopian,6,dystopian=6,0,0,0,0,6,0,0,0
edgar,6,edgar=6,0,6,0,0,0,0,0,0
eeg,6,eeg=6,1,5,0,0,0,0,0,0
elation,6,elation=6,5,1,0,0,0,0,0,0
electronically,6,electronically=6,0,0,0,0,0,6,0,0
elements,6,elements=6,0,6,0,0,0,0,0,0
elkins,6,elkins=6,0,6,0,0,0,0,0,0
elusive,6,elusive=6,0,0,0,0,6,0,0,0
en,6,en=6,0,0,0,0,0,0,0,6
encompass,6,encompasses=3; encompassed=2; encompass=1,0,0,6,0,0,0,0,0
engagement,6,engagement=6,6,0,0,0,0,0,0,0
enigmatic,6,enigmatic=6,0,0,0,0,6,0,0,0
eucalyptus,6,eucalyptus=6,6,0,0,0,0,0,0,0
exceedingly,6,exceedingly=6,0,0,0,0,0,6,0,0
excel,6,excel=4; excelled=2,0,1,5,0,0,0,0,0
excursion,6,excursions=5; excursion=1,6,0,0,0,0,0,0,0
exothermic,6,exothermic=6,4,1,0,0,1,0,0,0
experts,6,experts=6,0,6,0,0,0,0,0,0
exquisite,6,exquisite=6,0,0,0,0,6,0,0,0
facilitation,6,facilitation=6,5,1,0,0,0,0,0,0
famously,6,famously=6,0,0,0,0,0,6,0,0
fare,6,fares=3; fare=2; fared=1,5,0,1,0,0,0,0,0
farth,6,farther=3; farthest=3,0,0,0,0,6,0,0,0
fatal,6,fatal=6,0,0,0,0,6,0,0,0
fatty,6,fatty=6,0,0,0,0,5,1,0,0
fig,6,fig=3; figs=3,6,0,0,0,0,0,0,0
filmmaking,6,filmmaking=6,3,0,0,0,3,0,0,0
filtering,6,filtering=6,5,1,0,0,0,0,0,0
fired,6,fired=6,0,5,0,0,1,0,0,0
firing,6,firing=5; firings=1,6,0,0,0,0,0,0,0
flagellum,6,flagellum=6,6,0,0,0,0,0,0,0
flake,6,flake=3; flaked=2; flaking=1,0,0,6,0,0,0,0,0
flex,6,flex=3; flexing=3,0,0,3,0,3,0,0,0
flotation,6,flotation=6,6,0,0,0,0,0,0,0
flowering,6,flowering=6,6,0,0,0,0,0,0,0
flying,6,flying=6,5,1,0,0,0,0,0,0
foam,6,foam=6,6,0,0,0,0,0,0,0
foliage,6,foliage=6,6,0,0,0,0,0,0,0
foolish,6,foolish=6,0,0,0,0,6,0,0,0
forearm,6,forearms=5; forearm=1,5,0,0,0,1,0,0,0
forty,6,forty=6,0,1,0,0,0,0,0,5
fouling,6,fouling=6,6,0,0,0,0,0,0,0
fournou,6,fournou=6,0,6,0,0,0,0,0,0
fragmented,6,fragmented=6,0,0,0,0,6,0,0,0
freighter,6,freighters=4; freighter=2,6,0,0,0,0,0,0,0
frenchman,6,frenchman=6,3,3,0,0,0,0,0,0
frigate,6,frigate=6,2,2,0,0,2,0,0,0
gall,6,gall=5; galls=1,5,1,0,0,0,0,0,0
ganja,6,ganja=6,0,6,0,0,0,0,0,0
gardners,6,gardners=6,0,6,0,0,0,0,0,0
gazelles,6,gazelles=6,0,6,0,0,0,0,0,0
geometry,6,geometry=6,6,0,0,0,0,0,0,0
gesso,6,gesso=6,6,0,0,0,0,0,0,0
gibbon,6,gibbons=6,6,0,0,0,0,0,0,0
gifted,6,gifted=6,0,1,0,0,5,0,0,0
gis,6,gis=6,4,2,0,0,0,0,0,0
giza,6,giza=6,0,6,0,0,0,0,0,0
globular,6,globular=6,6,0,0,0,0,0,0,0
godefroit,6,godefroit=6,0,6,0,0,0,0,0,0
gopher,6,gopher=4; gophers=2,6,0,0,0,0,0,0,0
graham,6,graham=6,0,6,0,0,0,0,0,0
graphite,6,graphite=6,5,1,0,0,0,0,0,0
guatemala,6,guatemala=6,0,6,0,0,0,0,0,0
guidebook,6,guidebook=5; guidebooks=1,6,0,0,0,0,0,0,0
guilde,6,guilders=6,6,0,0,0,0,0,0,0
hamilton,6,hamilton=6,0,6,0,0,0,0,0,0
handwritten,6,handwritten=6,0,0,0,0,6,0,0,0
hans,6,hans=6,0,6,0,0,0,0,0,0
harlem,6,harlem=6,0,6,0,0,0,0,0,0
harmonious,6,harmonious=6,0,0,0,0,6,0,0,0
harris,6,harris=6,0,6,0,0,0,0,0,0
heap,6,heaps=5; heap=1,6,0,0,0,0,0,0,0
hebrew,6,hebrew=6,0,3,0,0,3,0,0,0
hedge,6,hedges=3; hedge=2; hedging=1,4,0,2,0,0,0,0,0
herre,6,herring=6,0,0,6,0,0,0,0,0
hinge,6,hinges=5; hinge=1,5,0,1,0,0,0,0,0
historians,6,historians=6,0,6,0,0,0,0,0,0
holder,6,holders=5; holder=1,6,0,0,0,0,0,0,0
holism,6,holism=6,6,0,0,0,0,0,0,0
huaynaputina,6,huaynaputina=6,0,6,0,0,0,0,0,0
humpback,6,humpback=6,6,0,0,0,0,0,0,0
humus,6,humus=6,6,0,0,0,0,0,0,0
hydrolysis,6,hydrolysis=6,6,0,0,0,0,0,0,0
hyena,6,hyenas=6,6,0,0,0,0,0,0,0
hyphae,6,hyphae=6,0,5,0,0,1,0,0,0
icefish,6,icefish=6,1,3,0,0,2,0,0,0
icelandic,6,icelandic=6,0,0,0,0,6,0,0,0
impatience,6,impatience=6,5,1,0,0,0,0,0,0
imperfection,6,imperfections=5; imperfection=1,6,0,0,0,0,0,0,0
improvisational,6,improvisational=6,0,0,0,0,6,0,0,0
incan,6,incan=6,0,2,0,0,4,0,0,0
indentation,6,indentations=4; indentation=2,6,0,0,0,0,0,0,0
induced,6,induced=6,0,0,0,0,6,0,0,0
infants,6,infants=6,0,6,0,0,0,0,0,0
inflection,6,inflection=6,6,0,0,0,0,0,0,0
info,6,info=6,3,3,0,0,0,0,0,0
informally,6,informally=6,0,0,0,0,0,6,0,0
innovate,6,innovate=5; innovated=1,0,0,6,0,0,0,0,0
instant,6,instant=6,0,0,0,0,6,0,0,0
intermittency,6,intermittency=6,6,0,0,0,0,0,0,0
interrelated,6,interrelated=6,0,0,0,0,6,0,0,0
interstate,6,interstate=6,0,0,0,0,6,0,0,0
intramural,6,intramural=6,0,0,0,0,6,0,0,0
invariably,6,invariably=6,0,0,0,0,0,6,0,0
ironic,6,ironic=6,0,0,0,0,6,0,0,0
irrational,6,irrational=6,0,0,0,0,6,0,0,0
irrelevant,6,irrelevant=6,0,0,0,0,6,0,0,0
irving,6,irving=6,0,6,0,0,0,0,0,0
isles,6,isles=6,0,6,0,0,0,0,0,0
jagged,6,jagged=6,0,0,0,0,6,0,0,0
japonais,6,japonais=6,0,6,0,0,0,0,0,0
jeff,6,jeff=6,0,6,0,0,0,0,0,0
jenkins,6,jenkins=6,0,6,0,0,0,0,0,0
jensen,6,jensen=6,0,6,0,0,0,0,0,0
jersey,6,jersey=6,0,6,0,0,0,0,0,0
jewel,6,jewel=3; jewels=3,5,1,0,0,0,0,0,0
johannes,6,johannes=6,0,6,0,0,0,0,0,0
jupiters,6,jupiters=6,0,6,0,0,0,0,0,0
kate,6,kate=6,0,6,0,0,0,0,0,0
keen,6,keen=6,0,0,0,0,6,0,0,0
keith,6,keith=6,0,6,0,0,0,0,0,0
kennett,6,kennett=6,0,6,0,0,0,0,0,0
keynes,6,keynes=6,0,6,0,0,0,0,0,0
kidney,6,kidneys=5; kidney=1,6,0,0,0,0,0,0,0
kirby,6,kirby=6,0,6,0,0,0,0,0,0
kleptoparasite,6,kleptoparasites=6,6,0,0,0,0,0,0,0
koriphi,6,koriphi=6,0,6,0,0,0,0,0,0
labanotation,6,labanotation=6,0,6,0,0,0,0,0,0
labrouste,6,labrouste=6,0,6,0,0,0,0,0,0
lafayette,6,lafayette=6,0,6,0,0,0,0,0,0
landform,6,landforms=4; landform=2,6,0,0,0,0,0,0,0
landholding,6,landholding=4; landholdings=2,6,0,0,0,0,0,0,0
landscaping,6,landscaping=6,5,1,0,0,0,0,0,0
landslide,6,landslide=3; landslides=3,6,0,0,0,0,0,0,0
latewood,6,latewood=6,2,4,0,0,0,0,0,0
laura,6,laura=6,0,6,0,0,0,0,0,0
layering,6,layering=6,6,0,0,0,0,0,0,0
lazy,6,lazy=5; lazier=1,0,0,0,0,6,0,0,0
le,6,le=6,0,6,0,0,0,0,0,0
lease,6,lease=3; leasing=2; leased=1,2,0,3,0,1,0,0,0
lending,6,lending=6,6,0,0,0,0,0,0,0
levee,6,levees=6,6,0,0,0,0,0,0,0
liberty,6,liberty=4; liberties=2,6,0,0,0,0,0,0,0
lifelong,6,lifelong=6,0,0,0,0,6,0,0,0
lime,6,lime=6,6,0,0,0,0,0,0,0
liter,6,liters=6,6,0,0,0,0,0,0,0
lithograph,6,lithographs=6,6,0,0,0,0,0,0,0
liverpool,6,liverpool=6,0,6,0,0,0,0,0,0
liverwort,6,liverworts=4; liverwort=2,6,0,0,0,0,0,0,0
loline,6,loline=6,2,0,0,0,4,0,0,0
longitude,6,longitude=6,6,0,0,0,0,0,0,0
looking,6,looking=6,5,0,0,0,1,0,0,0
lotus,6,lotus=6,3,3,0,0,0,0,0,0
lunchtime,6,lunchtime=6,3,1,0,0,2,0,0,0
magpie,6,magpie=4; magpies=2,4,0,0,0,2,0,0,0
makris,6,makris=6,0,6,0,0,0,0,0,0
malaria,6,malaria=6,4,2,0,0,0,0,0,0
malta,6,malta=6,0,6,0,0,0,0,0,0
mandible,6,mandibles=5; mandible=1,5,0,0,0,1,0,0,0
manorial,6,manorial=6,0,0,0,0,6,0,0,0
marcus,6,marcus=6,0,6,0,0,0,0,0,0
margay,6,margay=5; margays=1,2,3,1,0,0,0,0,0
markedly,6,markedly=6,0,0,0,0,0,6,0,0
marketer,6,marketers=6,6,0,0,0,0,0,0,0
masquerade,6,masquerade=6,5,1,0,0,0,0,0,0
mastery,6,mastery=6,6,0,0,0,0,0,0,0
mckinsey,6,mckinsey=6,0,6,0,0,0,0,0,0
measurements,6,measurements=6,0,6,0,0,0,0,0,0
mechanically,6,mechanically=6,0,0,0,0,0,6,0,0
mediation,6,mediation=6,6,0,0,0,0,0,0,0
mediocre,6,mediocre=6,1,0,0,0,5,0,0,0
meditation,6,meditation=6,6,0,0,0,0,0,0,0
melanistic,6,melanistic=6,0,0,0,0,6,0,0,0
members,6,members=6,0,6,0,0,0,0,0,0
mesolithic,6,mesolithic=6,0,6,0,0,0,0,0,0
messy,6,messy=6,0,1,0,0,5,0,0,0
metacognition,6,metacognition=6,6,0,0,0,0,0,0,0
metaphor,6,metaphors=4; metaphor=2,6,0,0,0,0,0,0,0
metering,6,metering=6,6,0,0,0,0,0,0,0
methodology,6,methodology=4; methodologies=2,6,0,0,0,0,0,0,0
microclimate,6,microclimate=5; microclimates=1,6,0,0,0,0,0,0,0
microenvironment,6,microenvironment=3; microenvironments=3,6,0,0,0,0,0,0,0
microorganisms,6,microorganisms=6,0,6,0,0,0,0,0,0
microplankton,6,microplankton=6,0,6,0,0,0,0,0,0
milestone,6,milestone=3; milestones=3,6,0,0,0,0,0,0,0
missionary,6,missionaries=5; missionary=1,5,0,0,0,1,0,0,0
moccasin,6,moccasins=4; moccasin=2,5,1,0,0,0,0,0,0
monologue,6,monologue=3; monologues=3,6,0,0,0,0,0,0,0
monster,6,monster=3; monsters=3,6,0,0,0,0,0,0,0
mortar,6,mortar=6,6,0,0,0,0,0,0,0
motivated,6,motivated=6,0,0,0,0,6,0,0,0
mudie,6,mudie=6,0,6,0,0,0,0,0,0
multitasking,6,multitasking=6,5,0,0,0,1,0,0,0
multitude,6,multitude=6,6,0,0,0,0,0,0,0
murray,6,murray=6,0,6,0,0,0,0,0,0
nanomaterial,6,nanomaterial=3; nanomaterials=3,6,0,0,0,0,0,0,0
nascar,6,nascar=6,2,4,0,0,0,0,0,0
nass,6,nass=6,0,6,0,0,0,0,0,0
ndm,6,ndm=6,0,6,0,0,0,0,0,0
necessitate,6,necessitated=4; necessitate=1; necessitating=1,0,0,6,0,0,0,0,0
nestling,6,nestlings=6,6,0,0,0,0,0,0,0
newcomen,6,newcomen=6,0,6,0,0,0,0,0,0
newtonian,6,newtonian=6,0,0,0,0,6,0,0,0
nitrate,6,nitrate=5; nitrates=1,1,0,0,0,5,0,0,0
nomad,6,nomads=6,6,0,0,0,0,0,0,0
norman,6,norman=6,0,6,0,0,0,0,0,0
notate,6,notated=3; notating=2; notate=1,0,0,6,0,0,0,0,0
notify,6,notified=3; notify=2; notifying=1,0,0,6,0,0,0,0,0
notoriously,6,notoriously=6,0,0,0,0,0,6,0,0
novelist,6,novelist=4; novelists=2,6,0,0,0,0,0,0,0
numerical,6,numerical=6,0,3,0,0,3,0,0,0
oats,6,oats=6,4,2,0,0,0,0,0,0
obligate,6,obligate=4; obligated=1; obligates=1,3,1,2,0,0,0,0,0
oblige,6,obliged=6,0,0,6,0,0,0,0,0
observable,6,observable=6,0,0,0,0,6,0,0,0
offend,6,offend=3; offended=3,0,0,6,0,0,0,0,0
olbers,6,olbers=6,0,6,0,0,0,0,0,0
olmste,6,olmsted=6,0,0,6,0,0,0,0,0
oneself,6,oneself=6,0,0,0,0,0,0,6,0
onward,6,onward=6,0,0,0,0,0,6,0,0
orii,6,orii=6,0,6,0,0,0,0,0,0
ornate,6,ornate=6,2,0,0,0,3,1,0,0
ostia,6,ostia=6,0,6,0,0,0,0,0,0
outgassing,6,outgassing=6,2,3,0,0,1,0,0,0
outlook,6,outlook=5; outlooks=1,5,1,0,0,0,0,0,0
overflow,6,overflow=3; overflowing=3,2,0,4,0,0,0,0,0
overstate,6,overstated=3; overstates=2; overstate=1,1,0,5,0,0,0,0,0
overtone,6,overtone=6,6,0,0,0,0,0,0,0
overuse,6,overuse=4; overused=1; overusing=1,3,1,2,0,0,0,0,0
pad,6,pads=5; pad=1,6,0,0,0,0,0,0,0
painstaking,6,painstaking=6,0,0,0,0,6,0,0,0
palmer,6,palmer=6,0,6,0,0,0,0,0,0
pane,6,pane=3; panes=3,6,0,0,0,0,0,0,0
paramecium,6,paramecium=6,0,6,0,0,0,0,0,0
parchment,6,parchment=6,6,0,0,0,0,0,0,0
patchwork,6,patchwork=6,6,0,0,0,0,0,0,0
patriarchy,6,patriarchy=4; patriarchies=2,6,0,0,0,0,0,0,0
patricia,6,patricia=6,0,6,0,0,0,0,0,0
paved,6,paved=6,0,0,0,0,6,0,0,0
peach,6,peach=6,2,3,0,0,1,0,0,0
pebble,6,pebble=3; pebbles=3,3,0,0,0,3,0,0,0
penetration,6,penetration=6,6,0,0,0,0,0,0,0
pepys,6,pepys=6,0,6,0,0,0,0,0,0
pertain,6,pertain=2; pertaining=2; pertains=2,2,0,4,0,0,0,0,0
peruvian,6,peruvian=5; peruvians=1,1,0,0,0,5,0,0,0
phenology,6,phenology=6,5,1,0,0,0,0,0,0
phenotype,6,phenotype=4; phenotypes=2,5,1,0,0,0,0,0,0
phosphoru,6,phosphorus=6,6,0,0,0,0,0,0,0
pipeline,6,pipelines=4; pipeline=2,6,0,0,0,0,0,0,0
piracy,6,piracy=6,6,0,0,0,0,0,0,0
playa,6,playa=6,3,3,0,0,0,0,0,0
playground,6,playground=5; playgrounds=1,6,0,0,0,0,0,0,0
plume,6,plumes=4; plume=2,6,0,0,0,0,0,0,0
polo,6,polo=6,5,1,0,0,0,0,0,0
populated,6,populated=6,0,0,0,0,6,0,0,0
porous,6,porous=6,0,0,0,0,6,0,0,0
postclassic,6,postclassic=6,0,6,0,0,0,0,0,0
postman,6,postman=6,3,3,0,0,0,0,0,0
postmodern,6,postmodern=6,1,1,0,0,4,0,0,0
postulate,6,postulate=2; postulated=2; postulates=1; postulating=1,2,0,4,0,0,0,0,0
pozzolana,6,pozzolana=6,0,6,0,0,0,0,0,0
practicality,6,practicality=6,6,0,0,0,0,0,0,0
prayer,6,prayers=5; prayer=1,6,0,0,0,0,0,0,0
precursor,6,precursor=5; precursors=1,6,0,0,0,0,0,0,0
predmosti,6,predmosti=6,0,6,0,0,0,0,0,0
predominate,6,predominate=3; predominated=3,0,0,6,0,0,0,0,0
pregnancy,6,pregnancy=5; pregnancies=1,6,0,0,0,0,0,0,0
prevention,6,prevention=6,6,0,0,0,0,0,0,0
priceless,6,priceless=6,0,0,0,0,6,0,0,0
pro,6,pros=4; pro=2,4,0,0,0,2,0,0,0
professors,6,professors=6,0,6,0,0,0,0,0,0
prog,6,progs=4; prog=2,4,0,2,0,0,0,0,0
prominently,6,prominently=6,0,0,0,0,0,6,0,0
promotional,6,promotional=6,0,1,0,0,5,0,0,0
protrusion,6,protrusion=6,6,0,0,0,0,0,0,0
proven,6,proven=6,0,0,0,0,6,0,0,0
provencal,6,provencal=6,0,6,0,0,0,0,0,0
provincial,6,provincial=6,0,0,0,0,6,0,0,0
ps,6,ps=6,3,3,0,0,0,0,0,0
pueblo,6,pueblo=5; pueblos=1,3,3,0,0,0,0,0,0
pulter,6,pulter=6,6,0,0,0,0,0,0,0
pumice,6,pumice=6,6,0,0,0,0,0,0,0
purse,6,purses=6,6,0,0,0,0,0,0,0
pursuit,6,pursuit=5; pursuits=1,6,0,0,0,0,0,0,0
pythian,6,pythian=6,0,6,0,0,0,0,0,0
python,6,python=4; pythons=2,5,0,0,0,1,0,0,0
quadrat,6,quadrat=4; quadrats=2,6,0,0,0,0,0,0,0
questionable,6,questionable=6,0,0,0,0,6,0,0,0
quinn,6,quinn=6,0,6,0,0,0,0,0,0
rachel,6,rachel=6,0,6,0,0,0,0,0,0
rancher,6,ranchers=5; rancher=1,6,0,0,0,0,0,0,0
raphaelites,6,raphaelites=6,0,6,0,0,0,0,0,0
ratchet,6,ratchet=6,5,1,0,0,0,0,0,0
ravage,6,ravaged=3; ravages=3,3,0,3,0,0,0,0,0
reactive,6,reactive=6,1,0,0,0,5,0,0,0
reassemble,6,reassembled=4; reassemble=1; reassembles=1,0,0,6,0,0,0,0,0
recache,6,recache=4; recaching=2,0,0,6,0,0,0,0,0
receipt,6,receipt=4; receipts=2,6,0,0,0,0,0,0,0
recount,6,recounts=3; recount=2; recounting=1,0,0,6,0,0,0,0,0
reductionism,6,reductionism=6,5,1,0,0,0,0,0,0
reductionist,6,reductionist=4; reductionists=2,4,0,0,0,2,0,0,0
refuge,6,refuge=5; refuges=1,6,0,0,0,0,0,0,0
refugia,6,refugia=6,4,1,0,0,1,0,0,0
refurbish,6,refurbished=5; refurbish=1,1,0,5,0,0,0,0,0
regain,6,regain=5; regained=1,0,0,6,0,0,0,0,0
regularity,6,regularity=6,6,0,0,0,0,0,0,0
resettle,6,resettled=4; resettle=2,0,0,5,0,1,0,0,0
resistivity,6,resistivity=6,6,0,0,0,0,0,0,0
respectively,6,respectively=6,0,0,0,0,0,6,0,0
restructure,6,restructured=5; restructure=1,1,0,5,0,0,0,0,0
rib,6,ribs=6,6,0,0,0,0,0,0,0
richards,6,richards=6,0,6,0,0,0,0,0,0
rigorous,6,rigorous=6,0,0,0,0,6,0,0,0
rivera,6,rivera=6,0,6,0,0,0,0,0,0
rosa,6,rosa=6,0,6,0,0,0,0,0,0
rot,6,rot=3; rotting=2; rotted=1,0,0,6,0,0,0,0,0
rotational,6,rotational=6,0,0,0,0,6,0,0,0
routinely,6,routinely=6,0,0,0,0,0,6,0,0
ruling,6,ruling=5; rulings=1,6,0,0,0,0,0,0,0
ruminant,6,ruminants=4; ruminant=2,6,0,0,0,0,0,0,0
rupture,6,rupture=2; ruptured=2; ruptures=2,2,0,4,0,0,0,0,0
sabi,6,sabi=6,0,6,0,0,0,0,0,0
sabuleti,6,sabuleti=6,3,3,0,0,0,0,0,0
sadness,6,sadness=6,6,0,0,0,0,0,0,0
sainte,6,sainte=6,0,6,0,0,0,0,0,0
salad,6,salads=4; salad=2,2,1,2,0,1,0,0,0
salei,6,salei=6,6,0,0,0,0,0,0,0
sampling,6,sampling=6,5,1,0,0,0,0,0,0
sardine,6,sardine=3; sardines=3,6,0,0,0,0,0,0,0
sardinia,6,sardinia=6,0,6,0,0,0,0,0,0
scenic,6,scenic=6,0,0,0,0,6,0,0,0
schools,6,schools=6,0,6,0,0,0,0,0,0
seaport,6,seaport=6,6,0,0,0,0,0,0,0
seating,6,seating=6,6,0,0,0,0,0,0,0
semiarid,6,semiarid=6,1,0,0,0,5,0,0,0
seville,6,seville=6,0,6,0,0,0,0,0,0
shall,6,shall=6,0,0,0,6,0,0,0,0
shaman,6,shamans=6,6,0,0,0,0,0,0,0
sheer,6,sheer=6,0,0,0,0,6,0,0,0
shine,6,shine=5; shone=1,1,0,5,0,0,0,0,0
shoaling,6,shoaling=6,6,0,0,0,0,0,0,0
shoemaker,6,shoemakers=4; shoemaker=2,6,0,0,0,0,0,0,0
shorter,6,shorter=6,0,2,0,0,1,3,0,0
shovel,6,shovel=5; shoveled=1,5,0,1,0,0,0,0,0
sideways,6,sideways=6,0,0,0,0,4,2,0,0
silly,6,silly=6,0,0,0,0,6,0,0,0
silversmith,6,silversmith=3; silversmiths=3,5,1,0,0,0,0,0,0
simmons,6,simmons=6,0,6,0,0,0,0,0,0
simplify,6,simplify=3; simplified=2; simplifying=1,0,0,6,0,0,0,0,0
simulated,6,simulated=6,0,0,0,0,6,0,0,0
simultaneous,6,simultaneous=6,0,0,0,0,6,0,0,0
sisyphus,6,sisyphus=6,0,6,0,0,0,0,0,0
sixteen,6,sixteen=6,0,0,0,0,0,0,0,6
skeptic,6,skeptics=4; skeptic=2,5,0,0,0,1,0,0,0
ski,6,ski=4; skied=1; skiing=1,2,0,3,0,1,0,0,0
skinned,6,skinned=6,0,0,0,0,6,0,0,0
slag,6,slag=5; slagging=1,5,0,1,0,0,0,0,0
snapshot,6,snapshot=3; snapshots=3,6,0,0,0,0,0,0,0
snare,6,snare=4; snares=2,6,0,0,0,0,0,0,0
solvent,6,solvent=4; solvents=2,6,0,0,0,0,0,0,0
songbird,6,songbirds=5; songbird=1,6,0,0,0,0,0,0,0
soundboard,6,soundboard=6,6,0,0,0,0,0,0,0
spacious,6,spacious=6,0,0,0,0,6,0,0,0
specification,6,specifications=5; specification=1,6,0,0,0,0,0,0,0
speciman,6,specimen=6,6,0,0,0,0,0,0,0
spectacle,6,spectacle=4; spectacles=2,6,0,0,0,0,0,0,0
spectral,6,spectral=6,0,0,0,0,6,0,0,0
speculative,6,speculative=6,0,0,0,0,6,0,0,0
spew,6,spewed=4; spewing=2,0,0,6,0,0,0,0,0
spicy,6,spicy=5; spicier=1,2,0,0,0,4,0,0,0
spotted,6,spotted=6,0,0,0,0,6,0,0,0
startle,6,startle=5; startled=1,0,1,3,0,2,0,0,0
statistically,6,statistically=6,0,0,0,0,0,6,0,0
statute,6,statute=3; statutes=3,6,0,0,0,0,0,0,0
steelmaking,6,steelmaking=6,6,0,0,0,0,0,0,0
stencil,6,stencils=6,6,0,0,0,0,0,0,0
stormy,6,stormy=6,0,1,0,0,5,0,0,0
storytelle,6,storytelling=6,0,0,6,0,0,0,0,0
stumble,6,stumble=3; stumbled=2; stumbles=1,1,0,4,0,1,0,0,0
sturdy,6,sturdy=5; sturdier=1,0,0,0,0,6,0,0,0
subdivide,6,subdivided=4; subdividing=2,0,0,6,0,0,0,0,0
sucker,6,suckers=5; sucker=1,6,0,0,0,0,0,0,0
sugarland,6,sugarland=6,0,6,0,0,0,0,0,0
suger,6,suger=6,0,6,0,0,0,0,0,0
sunfish,6,sunfish=6,5,1,0,0,0,0,0,0
supernovas,6,supernovas=6,2,3,0,0,1,0,0,0
supplier,6,suppliers=4; supplier=2,6,0,0,0,0,0,0,0
supportive,6,supportive=6,0,0,0,0,6,0,0,0
surviving,6,surviving=6,6,0,0,0,0,0,0,0
swampy,6,swampy=6,0,0,1,0,5,0,0,0
sweat,6,sweat=5; sweating=1,3,0,3,0,0,0,0,0
syahbandar,6,syahbandar=4; syahbandars=2,6,0,0,0,0,0,0,0
synchronized,6,synchronized=6,0,1,0,0,5,0,0,0
syndicate,6,syndicate=6,6,0,0,0,0,0,0,0
takeoff,6,takeoff=6,6,0,0,0,0,0,0,0
taking,6,taking=6,6,0,0,0,0,0,0,0
tanner,6,tanners=6,6,0,0,0,0,0,0,0
tanning,6,tanning=6,5,1,0,0,0,0,0,0
taylor,6,taylor=6,0,6,0,0,0,0,0,0
tearl,6,tearl=6,0,6,0,0,0,0,0,0
ted,6,teds=4; ted=2,4,1,0,0,1,0,0,0
tempt,6,tempted=6,0,0,6,0,0,0,0,0
tempting,6,tempting=6,0,0,0,0,6,0,0,0
tender,6,tender=4; tenders=2,4,0,0,0,2,0,0,0
tepenecz,6,tepenecz=6,0,6,0,0,0,0,0,0
terebinth,6,terebinth=6,3,2,0,0,1,0,0,0
theft,6,theft=6,5,0,0,0,1,0,0,0
theirs,6,theirs=6,0,1,0,0,0,0,5,0
thirsty,6,thirsty=6,0,0,0,0,6,0,0,0
thompson,6,thompson=6,0,6,0,0,0,0,0,0
thoughtful,6,thoughtful=6,1,0,0,0,5,0,0,0
thriving,6,thriving=6,0,0,0,0,6,0,0,0
throne,6,throne=6,6,0,0,0,0,0,0,0
thruster,6,thrusters=4; thruster=2,6,0,0,0,0,0,0,0
titian,6,titian=6,0,6,0,0,0,0,0,0
torosaurus,6,torosaurus=6,0,6,0,0,0,0,0,0
tourneur,6,tourneur=6,0,6,0,0,0,0,0,0
transitional,6,transitional=6,0,0,0,0,6,0,0,0
translocation,6,translocation=6,6,0,0,0,0,0,0,0
triassic,6,triassic=6,0,6,0,0,0,0,0,0
trilobite,6,trilobites=6,6,0,0,0,0,0,0,0
turmoil,6,turmoil=6,6,0,0,0,0,0,0,0
turner,6,turner=5; turners=1,1,5,0,0,0,0,0,0
ugly,6,ugly=6,0,0,0,0,6,0,0,0
umm,6,umm=6,0,4,0,0,2,0,0,0
unaffected,6,unaffected=6,0,0,0,0,6,0,0,0
unavoidable,6,unavoidable=6,0,0,0,0,6,0,0,0
undang,6,undang=6,0,6,0,0,0,0,0,0
undecorated,6,undecorated=6,0,1,0,0,5,0,0,0
underglaze,6,underglaze=6,0,0,0,0,6,0,0,0
undertaking,6,undertaking=6,6,0,0,0,0,0,0,0
unequal,6,unequal=6,0,0,0,0,6,0,0,0
unfairly,6,unfairly=6,0,0,0,0,0,6,0,0
unforeseen,6,unforeseen=6,0,1,3,0,2,0,0,0
unharmed,6,unharmed=6,0,0,0,0,6,0,0,0
unlock,6,unlocked=4; unlock=1; unlocking=1,0,0,6,0,0,0,0,0
unnecessarily,6,unnecessarily=6,0,0,0,0,0,6,0,0
unravel,6,unravel=4; unraveled=2,0,0,6,0,0,0,0,0
unthinkable,6,unthinkable=6,0,0,0,0,6,0,0,0
unusable,6,unusable=6,0,0,0,0,6,0,0,0
urgency,6,urgency=6,4,1,0,0,1,0,0,0
urkesh,6,urkesh=6,0,5,0,0,1,0,0,0
urn,6,urn=4; urns=2,5,1,0,0,0,0,0,0
variations,6,variations=6,0,6,0,0,0,0,0,0
vassal,6,vassal=5; vassals=1,6,0,0,0,0,0,0,0
venomous,6,venomous=6,0,0,0,0,6,0,0,0
versatile,6,versatile=6,1,0,0,0,5,0,0,0
vertically,6,vertically=6,0,0,0,0,0,6,0,0
vietnam,6,vietnam=6,0,6,0,0,0,0,0,0
viscous,6,viscous=6,0,0,0,0,6,0,0,0
visigoths,6,visigoths=6,0,6,0,0,0,0,0,0
wales,6,wales=6,0,6,0,0,0,0,0,0
walled,6,walled=6,0,0,0,0,6,0,0,0
washoe,6,washoe=6,1,5,0,0,0,0,0,0
whatsoever,6,whatsoever=6,0,0,0,0,0,6,0,0
whichever,6,whichever=6,0,0,0,0,0,0,0,6
whitelaw,6,whitelaw=6,0,6,0,0,0,0,0,0
widen,6,widening=3; widened=2; widen=1,0,0,6,0,0,0,0,0
wider,6,wider=6,0,0,0,0,0,6,0,0
wildly,6,wildly=6,0,0,0,0,0,6,0,0
willpower,6,willpower=6,6,0,0,0,0,0,0,0
wright,6,wright=6,0,6,0,0,0,0,0,0
zagros,6,zagros=6,0,6,0,0,0,0,0,0
zhou,6,zhou=6,0,6,0,0,0,0,0,0
aa,5,aa=5,0,5,0,0,0,0,0,0
aboveground,5,aboveground=5,0,0,0,0,3,2,0,0
abstraction,5,abstraction=4; abstractions=1,5,0,0,0,0,0,0,0
abuse,5,abuse=4; abuses=1,5,0,0,0,0,0,0,0
acrobatic,5,acrobatics=4; acrobatic=1,4,0,0,0,1,0,0,0
adjustable,5,adjustable=5,0,1,0,0,4,0,0,0
admittedly,5,admittedly=5,0,0,0,0,0,5,0,0
adolescent,5,adolescents=3; adolescent=2,3,0,0,0,2,0,0,0
adorn,5,adorn=2; adorned=1; adorning=1; adorns=1,0,0,5,0,0,0,0,0
advantages,5,advantages=5,0,5,0,0,0,0,0,0
aerate,5,aerate=4; aerated=1,0,0,5,0,0,0,0,0
aerodynamic,5,aerodynamic=3; aerodynamics=2,2,0,0,0,3,0,0,0
aged,5,aged=5,0,1,0,0,4,0,0,0
allocate,5,allocate=2; allocated=2; allocating=1,0,0,5,0,0,0,0,0
alternately,5,alternately=5,0,0,0,0,0,5,0,0
am,5,am=5,2,3,0,0,0,0,0,0
ambient,5,ambient=5,0,1,0,0,4,0,0,0
amsterdam,5,amsterdam=5,0,5,0,0,0,0,0,0
anger,5,anger=4; angered=1,4,0,1,0,0,0,0,0
annoy,5,annoyed=5,0,0,5,0,0,0,0,0
annoying,5,annoying=5,0,0,0,0,5,0,0,0
antagonistic,5,antagonistic=5,0,1,0,0,4,0,0,0
anthesis,5,anthesis=5,5,0,0,0,0,0,0,0
anticipated,5,anticipated=5,0,1,0,0,4,0,0,0
antioxidant,5,antioxidants=4; antioxidant=1,5,0,0,0,0,0,0,0
anvil,5,anvil=5,5,0,0,0,0,0,0,0
anxious,5,anxious=5,0,0,0,0,5,0,0,0
appeasement,5,appeasement=5,0,1,0,0,4,0,0,0
appetite,5,appetite=4; appetites=1,5,0,0,0,0,0,0,0
arabic,5,arabic=5,0,1,0,0,4,0,0,0
aridity,5,aridity=5,5,0,0,0,0,0,0,0
ascertain,5,ascertain=4; ascertaining=1,0,0,5,0,0,0,0,0
asr,5,asr=5,0,5,0,0,0,0,0,0
asset,5,assets=3; asset=2,5,0,0,0,0,0,0,0
associative,5,associative=5,0,1,0,0,4,0,0,0
assurance,5,assurance=5,5,0,0,0,0,0,0,0
astrobiologist,5,astrobiologists=5,5,0,0,0,0,0,0,0
augment,5,augmented=3; augmenting=2,0,0,5,0,0,0,0,0
authorization,5,authorization=5,5,0,0,0,0,0,0,0
automated,5,automated=5,0,0,0,0,5,0,0,0
autonomous,5,autonomous=5,0,0,0,0,5,0,0,0
avocado,5,avocado=4; avocados=1,2,0,0,0,3,0,0,0
awaken,5,awakened=3; awaken=2,0,0,5,0,0,0,0,0
babylon,5,babylon=5,0,5,0,0,0,0,0,0
babylonian,5,babylonian=5,0,1,0,0,4,0,0,0
backdrop,5,backdrops=3; backdrop=2,5,0,0,0,0,0,0,0
backfire,5,backfire=3; backfired=2,0,0,5,0,0,0,0,0
backing,5,backing=5,5,0,0,0,0,0,0,0
backstage,5,backstage=5,4,0,0,0,1,0,0,0
backup,5,backup=5,4,0,0,0,1,0,0,0
baffin,5,baffin=5,0,5,0,0,0,0,0,0
bakker,5,bakker=5,0,5,0,0,0,0,0,0
bandwagon,5,bandwagon=5,3,2,0,0,0,0,0,0
barter,5,barter=5,5,0,0,0,0,0,0,0
beard,5,beard=4; beards=1,5,0,0,0,0,0,0,0
beautify,5,beautify=5,0,0,5,0,0,0,0,0
bedroom,5,bedroom=4; bedrooms=1,5,0,0,0,0,0,0,0
beech,5,beech=5,5,0,0,0,0,0,0,0
beet,5,beet=4; beets=1,4,1,0,0,0,0,0,0
begging,5,begging=5,4,1,0,0,0,0,0,0
bent,5,bent=5,1,0,1,0,3,0,0,0
berber,5,berbers=4; berber=1,4,1,0,0,0,0,0,0
bernard,5,bernard=5,0,5,0,0,0,0,0,0
biochemical,5,biochemical=5,0,0,0,0,5,0,0,0
biofluorescent,5,biofluorescent=5,5,0,0,0,0,0,0,0
biographical,5,biographical=5,0,0,0,0,5,0,0,0
birch,5,birch=3; birches=2,3,2,0,0,0,0,0,0
birdlike,5,birdlike=5,1,0,0,0,4,0,0,0
blazer,5,blazers=5,5,0,0,0,0,0,0,0
blessing,5,blessing=3; blessings=2,5,0,0,0,0,0,0,0
blindness,5,blindness=5,3,2,0,0,0,0,0,0
blonde,5,blonde=5,1,0,0,0,4,0,0,0
blossom,5,blossom=3; blossoms=2,4,1,0,0,0,0,0,0
blubber,5,blubber=5,1,4,0,0,0,0,0,0
blunt,5,blunt=5,1,0,0,0,4,0,0,0
bollworm,5,bollworm=5,5,0,0,0,0,0,0,0
booklet,5,booklet=4; booklets=1,5,0,0,0,0,0,0,0
bordeaux,5,bordeaux=5,0,5,0,0,0,0,0,0
borehole,5,boreholes=3; borehole=2,4,1,0,0,0,0,0,0
boss,5,boss=4; bosses=1,5,0,0,0,0,0,0,0
bounty,5,bounty=5,5,0,0,0,0,0,0,0
brainstorm,5,brainstorm=3; brainstorming=2,0,0,5,0,0,0,0,0
britons,5,britons=5,0,5,0,0,0,0,0,0
brunswick,5,brunswick=5,0,5,0,0,0,0,0,0
buckle,5,buckles=4; buckling=1,4,0,1,0,0,0,0,0
burgundy,5,burgundy=5,0,5,0,0,0,0,0,0
burke,5,burke=5,0,5,0,0,0,0,0,0
cabbage,5,cabbage=5,5,0,0,0,0,0,0,0
candlestick,5,candlesticks=5,5,0,0,0,0,0,0,0
capercaillie,5,capercaillie=5,4,1,0,0,0,0,0,0
captain,5,captain=3; captains=2,5,0,0,0,0,0,0,0
carbonaria,5,carbonaria=5,0,5,0,0,0,0,0,0
carnivorous,5,carnivorous=5,0,0,0,0,5,0,0,0
carol,5,carol=5,0,5,0,0,0,0,0,0
caryatid,5,caryatid=3; caryatids=2,4,0,0,0,1,0,0,0
cassette,5,cassette=4; cassettes=1,5,0,0,0,0,0,0,0
cassowary,5,cassowaries=4; cassowary=1,5,0,0,0,0,0,0,0
catalhöyük,5,catalhöyük=5,0,5,0,0,0,0,0,0
catastrophism,5,catastrophism=5,5,0,0,0,0,0,0,0
cathedrals,5,cathedrals=5,0,5,0,0,0,0,0,0
catlin,5,catlin=5,0,5,0,0,0,0,0,0
caudatum,5,caudatum=5,5,0,0,0,0,0,0,0
cello,5,cello=5,5,0,0,0,0,0,0,0
cenozoic,5,cenozoic=5,0,5,0,0,0,0,0,0
chalcolithic,5,chalcolithic=5,0,3,0,0,2,0,0,0
chapel,5,chapel=5,2,3,0,0,0,0,0,0
charismatic,5,charismatic=5,0,0,0,0,5,0,0,0
charlemagne,5,charlemagne=5,0,5,0,0,0,0,0,0
charm,5,charm=5,5,0,0,0,0,0,0,0
chartres,5,chartres=5,0,5,0,0,0,0,0,0
cherry,5,cherry=5,3,2,0,0,0,0,0,0
childbirth,5,childbirth=5,5,0,0,0,0,0,0,0
chilly,5,chilly=5,0,0,0,0,4,1,0,0
chlorophyll,5,chlorophyll=5,4,1,0,0,0,0,0,0
chop,5,chop=3; chopped=1; chopping=1,0,0,5,0,0,0,0,0
choreograph,5,choreographed=3; choreograph=1; choreographing=1,0,0,5,0,0,0,0,0
circularize,5,circularized=3; circularize=1; circularizing=1,0,0,5,0,0,0,0,0
clayton,5,clayton=5,0,5,0,0,0,0,0,0
clerk,5,clerk=5,4,1,0,0,0,0,0,0
cling,5,cling=2; clinging=1; clings=1; clung=1,2,0,3,0,0,0,0,0
clotting,5,clotting=5,5,0,0,0,0,0,0,0
cobalt,5,cobalt=5,5,0,0,0,0,0,0,0
cockeyed,5,cockeyed=5,0,0,0,0,5,0,0,0
coincidentally,5,coincidentally=5,0,0,0,0,0,5,0,0
collaborator,5,collaborators=3; collaborator=2,5,0,0,0,0,0,0,0
comfortably,5,comfortably=5,0,0,0,0,0,5,0,0
communicating,5,communicating=5,3,2,0,0,0,0,0,0
compaction,5,compaction=5,5,0,0,0,0,0,0,0
compel,5,compelled=3; compel=2,0,0,5,0,0,0,0,0
composite,5,composite=5,1,0,0,0,4,0,0,0
compressed,5,compressed=5,0,0,0,0,5,0,0,0
computation,5,computation=3; computations=2,5,0,0,0,0,0,0,0
condemn,5,condemned=5,0,0,5,0,0,0,0,0
confer,5,confer=3; conferred=1; conferring=1,0,0,5,0,0,0,0,0
confluence,5,confluence=5,5,0,0,0,0,0,0,0
confrontation,5,confrontations=3; confrontation=2,5,0,0,0,0,0,0,0
conjecture,5,conjecture=5,5,0,0,0,0,0,0,0
connolly,5,connolly=5,0,4,0,0,1,0,0,0
conqueror,5,conqueror=3; conquerors=2,5,0,0,0,0,0,0,0
consolidate,5,consolidate=4; consolidating=1,0,0,5,0,0,0,0,0
consolidation,5,consolidation=5,4,0,1,0,0,0,0,0
constantinople,5,constantinople=5,0,5,0,0,0,0,0,0
contemplate,5,contemplate=5,1,0,4,0,0,0,0,0
contextual,5,contextual=5,0,0,0,0,5,0,0,0
continued,5,continued=5,0,0,0,0,5,0,0,0
contracting,5,contracting=5,5,0,0,0,0,0,0,0
cop,5,coping=4; coped=1,0,0,5,0,0,0,0,0
copying,5,copying=5,5,0,0,0,0,0,0,0
coquis,5,coquis=5,5,0,0,0,0,0,0,0
counterfeit,5,counterfeit=4; counterfeiting=1,0,0,1,0,4,0,0,0
countershade,5,countershading=4; countershaded=1,0,0,5,0,0,0,0,0
counting,5,counting=5,5,0,0,0,0,0,0,0
courses,5,courses=5,0,5,0,0,0,0,0,0
craftsmanship,5,craftsmanship=5,5,0,0,0,0,0,0,0
crawler,5,crawlers=3; crawler=2,5,0,0,0,0,0,0,0
craze,5,craze=4; crazed=1,4,0,1,0,0,0,0,0
credence,5,credence=5,4,1,0,0,0,0,0,0
crevice,5,crevices=5,5,0,0,0,0,0,0,0
crunch,5,crunching=3; crunched=1; crunches=1,0,0,5,0,0,0,0,0
cruz,5,cruz=5,0,5,0,0,0,0,0,0
culbert,5,culbert=5,0,5,0,0,0,0,0,0
cushion,5,cushion=5,3,0,2,0,0,0,0,0
customize,5,customized=4; customize=1,0,0,5,0,0,0,0,0
cyanobacteria,5,cyanobacteria=5,0,5,0,0,0,0,0,0
dad,5,dad=5,5,0,0,0,0,0,0,0
damsel,5,damsel=5,4,1,0,0,0,0,0,0
darling,5,darling=5,0,5,0,0,0,0,0,0
ddt,5,ddt=5,1,4,0,0,0,0,0,0
debbie,5,debbie=5,0,5,0,0,0,0,0,0
decree,5,decree=2; decreed=1; decreeing=1; decrees=1,2,0,3,0,0,0,0,0
deed,5,deeds=3; deed=2,4,0,1,0,0,0,0,0
deepen,5,deepen=3; deepened=2,0,0,5,0,0,0,0,0
dega,5,dega=5,0,5,0,0,0,0,0,0
delicious,5,delicious=5,0,0,0,0,5,0,0,0
dengue,5,dengue=5,3,2,0,0,0,0,0,0
denial,5,denial=5,5,0,0,0,0,0,0,0
dentist,5,dentists=4; dentist=1,5,0,0,0,0,0,0,0
depot,5,depots=4; depot=1,5,0,0,0,0,0,0,0
determinant,5,determinant=3; determinants=2,5,0,0,0,0,0,0,0
detractor,5,detractors=5,5,0,0,0,0,0,0,0
diabetes,5,diabetes=5,5,0,0,0,0,0,0,0
didi,5,didi=5,0,5,0,0,0,0,0,0
dionysian,5,dionysian=5,0,0,0,0,5,0,0,0
disassemble,5,disassembled=4; disassemble=1,0,0,5,0,0,0,0,0
discolor,5,discolor=2; discolored=2; discolors=1,2,1,2,0,0,0,0,0
discriminate,5,discriminate=4; discriminating=1,0,0,5,0,0,0,0,0
dispersion,5,dispersion=4; dispersions=1,5,0,0,0,0,0,0,0
dissatisfaction,5,dissatisfaction=5,5,0,0,0,0,0,0,0
dissipation,5,dissipation=5,4,1,0,0,0,0,0,0
doable,5,doable=5,0,0,0,0,5,0,0,0
dock,5,docked=3; dock=1; docks=1,2,0,3,0,0,0,0,0
donald,5,donald=5,0,5,0,0,0,0,0,0
dose,5,dose=5,5,0,0,0,0,0,0,0
downfall,5,downfall=5,4,1,0,0,0,0,0,0
downtime,5,downtime=5,5,0,0,0,0,0,0,0
downwind,5,downwind=5,1,0,0,0,2,2,0,0
dramatize,5,dramatized=2; dramatizes=2; dramatize=1,0,0,5,0,0,0,0,0
dynastic,5,dynastic=5,0,0,0,0,5,0,0,0
eccentricity,5,eccentricity=5,5,0,0,0,0,0,0,0
ectomycorrhizal,5,ectomycorrhizal=5,5,0,0,0,0,0,0,0
ed,5,ed=5,1,4,0,0,0,0,0,0
effects,5,effects=5,0,5,0,0,0,0,0,0
eighty,5,eighty=4; eighties=1,1,0,0,0,0,0,0,4
eisenhower,5,eisenhower=5,0,5,0,0,0,0,0,0
emanate,5,emanating=3; emanate=1; emanates=1,1,0,4,0,0,0,0,0
embarrassed,5,embarrassed=5,0,0,0,0,5,0,0,0
emigrate,5,emigrating=4; emigrate=1,0,0,5,0,0,0,0,0
emotionally,5,emotionally=5,0,0,0,0,0,5,0,0
encase,5,encased=3; encase=1; encasing=1,0,0,5,0,0,0,0,0
endothermy,5,endothermy=5,1,4,0,0,0,0,0,0
engaging,5,engaging=5,0,0,0,0,5,0,0,0
entangle,5,entangled=4; entangle=1,0,0,5,0,0,0,0,0
entity,5,entities=3; entity=2,5,0,0,0,0,0,0,0
entrepreneurship,5,entrepreneurship=5,5,0,0,0,0,0,0,0
ernst,5,ernst=5,0,5,0,0,0,0,0,0
es,5,es=5,0,3,0,0,0,0,0,2
ether,5,ether=5,3,0,0,0,2,0,0,0
ethnographic,5,ethnographic=5,0,0,0,0,5,0,0,0
ethospecie,5,ethospecies=5,5,0,0,0,0,0,0,0
excellence,5,excellence=5,5,0,0,0,0,0,0,0
excessively,5,excessively=5,0,0,0,0,0,5,0,0
exemplify,5,exemplified=3; exemplifies=1; exemplify=1,0,0,5,0,0,0,0,0
exhale,5,exhaled=4; exhale=1,1,0,4,0,0,0,0,0
exhausted,5,exhausted=5,0,0,0,0,5,0,0,0
existentialism,5,existentialism=5,5,0,0,0,0,0,0,0
exporter,5,exporter=4; exporters=1,5,0,0,0,0,0,0,0
exposed,5,exposed=5,0,0,0,0,5,0,0,0
expressive,5,expressive=5,0,0,0,0,5,0,0,0
externality,5,externalities=3; externality=2,5,0,0,0,0,0,0,0
extracellular,5,extracellular=5,0,0,0,0,5,0,0,0
extraordinarily,5,extraordinarily=5,0,0,0,0,0,5,0,0
eyed,5,eyed=5,1,0,0,0,4,0,0,0
ezra,5,ezra=5,0,5,0,0,0,0,0,0
facilitator,5,facilitators=4; facilitator=1,5,0,0,0,0,0,0,0
fainter,5,fainter=5,5,0,0,0,0,0,0,0
falcon,5,falcon=3; falcons=2,5,0,0,0,0,0,0,0
fallen,5,fallen=5,0,4,0,0,1,0,0,0
faulkner,5,faulkner=5,0,5,0,0,0,0,0,0
faunal,5,faunal=5,0,1,0,0,4,0,0,0
featherworker,5,featherworkers=5,5,0,0,0,0,0,0,0
festive,5,festive=5,0,1,0,0,4,0,0,0
feudal,5,feudal=5,0,0,0,0,5,0,0,0
fiat,5,fiat=5,0,5,0,0,0,0,0,0
fictional,5,fictional=5,0,0,0,0,5,0,0,0
fixing,5,fixing=5,5,0,0,0,0,0,0,0
flammable,5,flammable=5,0,0,0,0,5,0,0,0
flemish,5,flemish=5,0,3,0,0,2,0,0,0
fleshy,5,fleshy=4; fleshier=1,0,0,0,0,5,0,0,0
flier,5,fliers=3; flier=2,5,0,0,0,0,0,0,0
flux,5,flux=5,5,0,0,0,0,0,0,0
folding,5,folding=5,5,0,0,0,0,0,0,0
fond,5,fond=4; fonds=1,1,0,0,0,4,0,0,0
forbid,5,forbade=3; forbidden=1; forbids=1,0,0,5,0,0,0,0,0
forcefully,5,forcefully=5,0,0,0,0,0,5,0,0
formality,5,formality=4; formalities=1,5,0,0,0,0,0,0,0
formulaic,5,formulaic=5,0,0,0,0,5,0,0,0
fortify,5,fortified=5,0,0,5,0,0,0,0,0
forum,5,forum=4; forums=1,5,0,0,0,0,0,0,0
fossils,5,fossils=5,0,5,0,0,0,0,0,0
framework,5,framework=5,5,0,0,0,0,0,0,0
frederick,5,frederick=5,0,5,0,0,0,0,0,0
freight,5,freight=5,5,0,0,0,0,0,0,0
frown,5,frowning=3; frown=2,0,0,5,0,0,0,0,0
fruiting,5,fruiting=5,3,0,0,0,2,0,0,0
funeral,5,funeral=3; funerals=2,5,0,0,0,0,0,0,0
funnel,5,funnel=5,3,0,2,0,0,0,0,0
gauging,5,gauging=5,5,0,0,0,0,0,0,0
gaze,5,gazes=2; gazing=2; gaze=1,2,0,3,0,0,0,0,0
geneticist,5,geneticists=3; geneticist=2,4,1,0,0,0,0,0,0
genevieve,5,genevieve=5,0,5,0,0,0,0,0,0
geographer,5,geographers=4; geographer=1,5,0,0,0,0,0,0,0
germ,5,germs=4; germ=1,4,0,1,0,0,0,0,0
gestation,5,gestation=5,5,0,0,0,0,0,0,0
gibbons,5,gibbons=5,0,5,0,0,0,0,0,0
giotto,5,giotto=5,0,5,0,0,0,0,0,0
giving,5,giving=5,4,1,0,0,0,0,0,0
glycerol,5,glycerol=5,5,0,0,0,0,0,0,0
goddess,5,goddess=5,5,0,0,0,0,0,0,0
goer,5,goers=4; goer=1,5,0,0,0,0,0,0,0
gotcha,5,gotcha=5,3,1,1,0,0,0,0,0
grains,5,grains=5,0,5,0,0,0,0,0,0
grape,5,grapes=4; grape=1,5,0,0,0,0,0,0,0
greet,5,greeted=4; greet=1,0,0,5,0,0,0,0,0
greg,5,greg=5,0,5,0,0,0,0,0,0
greyhound,5,greyhound=4; greyhounds=1,1,4,0,0,0,0,0,0
grip,5,grip=4; gripping=1,3,0,2,0,0,0,0,0
guggenheim,5,guggenheim=5,0,5,0,0,0,0,0,0
h,5,h=5,1,4,0,0,0,0,0,0
habitability,5,habitability=5,5,0,0,0,0,0,0,0
hadrianic,5,hadrianic=5,0,5,0,0,0,0,0,0
hail,5,hail=4; hailed=1,4,0,1,0,0,0,0,0
hailstone,5,hailstones=5,5,0,0,0,0,0,0,0
hallmark,5,hallmarks=3; hallmark=2,5,0,0,0,0,0,0,0
handedness,5,handedness=5,4,1,0,0,0,0,0,0
handmade,5,handmade=5,0,0,2,0,3,0,0,0
hannibal,5,hannibal=5,0,5,0,0,0,0,0,0
hardwood,5,hardwood=3; hardwoods=2,4,0,0,0,1,0,0,0
hassle,5,hassle=4; hassled=1,4,0,1,0,0,0,0,0
hatching,5,hatching=4; hatchings=1,2,1,0,0,2,0,0,0
heartland,5,heartland=5,5,0,0,0,0,0,0,0
heraclidae,5,heraclidae=5,0,5,0,0,0,0,0,0
heroine,5,heroine=4; heroines=1,5,0,0,0,0,0,0,0
historicist,5,historicist=5,0,0,0,0,5,0,0,0
hm,5,hm=5,0,5,0,0,0,0,0,0
hoax,5,hoax=5,5,0,0,0,0,0,0,0
holy,5,holy=5,1,4,0,0,0,0,0,0
hooked,5,hooked=5,0,0,0,0,5,0,0,0
hornbill,5,hornbill=4; hornbills=1,5,0,0,0,0,0,0,0
horticulturalist,5,horticulturalists=4; horticulturalist=1,5,0,0,0,0,0,0,0
hotspot,5,hotspot=4; hotspots=1,5,0,0,0,0,0,0,0
huang,5,huang=5,0,5,0,0,0,0,0,0
humour,5,humours=5,5,0,0,0,0,0,0,0
hurdle,5,hurdle=3; hurdles=2,4,1,0,0,0,0,0,0
hydrated,5,hydrated=5,0,1,0,0,4,0,0,0
hypothetical,5,hypothetical=5,0,0,0,0,5,0,0,0
iberian,5,iberian=5,0,5,0,0,0,0,0,0
idealized,5,idealized=5,0,1,0,0,4,0,0,0
ideology,5,ideology=3; ideologies=2,5,0,0,0,0,0,0,0
ifd,5,ifd=5,0,5,0,0,0,0,0,0
imaginative,5,imaginative=5,0,1,0,0,4,0,0,0
immensely,5,immensely=5,0,0,0,0,0,5,0,0
importer,5,importer=3; importers=2,5,0,0,0,0,0,0,0
impressively,5,impressively=5,0,1,0,0,0,4,0,0
inactivity,5,inactivity=5,5,0,0,0,0,0,0,0
inclination,5,inclination=5,5,0,0,0,0,0,0,0
incline,5,incline=3; inclined=2,3,0,2,0,0,0,0,0
incumbent,5,incumbents=3; incumbent=2,3,0,0,0,2,0,0,0
indicative,5,indicative=5,0,0,0,0,5,0,0,0
individuals,5,individuals=5,0,5,0,0,0,0,0,0
industries,5,industries=5,0,5,0,0,0,0,0,0
inflammation,5,inflammation=5,5,0,0,0,0,0,0,0
ingenuity,5,ingenuity=5,5,0,0,0,0,0,0,0
innermost,5,innermost=5,5,0,0,0,0,0,0,0
inquiry,5,inquiry=4; inquiries=1,5,0,0,0,0,0,0,0
insecure,5,insecure=5,1,0,1,0,3,0,0,0
intarsia,5,intarsia=5,3,2,0,0,0,0,0,0
interbreed,5,interbreed=2; interbreeding=2; interbred=1,0,0,5,0,0,0,0,0
interdependent,5,interdependent=5,0,0,0,0,5,0,0,0
intermolecular,5,intermolecular=5,0,0,0,0,5,0,0,0
internationally,5,internationally=5,0,0,0,0,0,5,0,0
interplay,5,interplay=5,5,0,0,0,0,0,0,0
interrelate,5,interrelated=5,0,0,5,0,0,0,0,0
interspecie,5,interspecies=5,5,0,0,0,0,0,0,0
intimately,5,intimately=5,0,0,0,0,0,5,0,0
intimidating,5,intimidating=5,0,0,0,0,5,0,0,0
intuition,5,intuition=5,5,0,0,0,0,0,0,0
intuitive,5,intuitive=5,0,0,0,0,5,0,0,0
ionize,5,ionized=4; ionize=1,0,0,5,0,0,0,0,0
irregularly,5,irregularly=5,0,0,0,0,0,5,0,0
irreversible,5,irreversible=5,0,1,0,0,4,0,0,0
irritation,5,irritation=5,4,1,0,0,0,0,0,0
isaac,5,isaac=5,0,5,0,0,0,0,0,0
jacket,5,jacket=3; jackets=2,5,0,0,0,0,0,0,0
jan,5,jan=5,0,5,0,0,0,0,0,0
janet,5,janet=5,0,5,0,0,0,0,0,0
january,5,january=5,0,5,0,0,0,0,0,0
jargon,5,jargon=5,0,5,0,0,0,0,0,0
jarmo,5,jarmo=5,0,5,0,0,0,0,0,0
jesse,5,jesse=5,0,5,0,0,0,0,0,0
jewellery,5,jewellery=5,5,0,0,0,0,0,0,0
jewitt,5,jewitt=5,0,5,0,0,0,0,0,0
joy,5,joy=5,5,0,0,0,0,0,0,0
judgement,5,judgements=5,5,0,0,0,0,0,0,0
july,5,july=5,0,5,0,0,0,0,0,0
justification,5,justification=5,4,1,0,0,0,0,0,0
kant,5,kant=5,0,5,0,0,0,0,0,0
kenya,5,kenya=5,0,5,0,0,0,0,0,0
kestrel,5,kestrel=5,3,0,0,0,2,0,0,0
kg,5,kg=5,5,0,0,0,0,0,0,0
kingfisher,5,kingfisher=4; kingfishers=1,4,1,0,0,0,0,0,0
kit,5,kits=4; kit=1,5,0,0,0,0,0,0,0
korea,5,korea=5,0,5,0,0,0,0,0,0
kush,5,kush=5,0,5,0,0,0,0,0,0
laborious,5,laborious=5,0,0,0,0,5,0,0,0
laden,5,laden=5,2,0,0,0,3,0,0,0
lap,5,lap=4; laps=1,5,0,0,0,0,0,0,0
laplace,5,laplace=5,0,5,0,0,0,0,0,0
latent,5,latent=5,1,1,0,0,3,0,0,0
lavas,5,lavas=5,3,2,0,0,0,0,0,0
lawyer,5,lawyer=3; lawyers=2,5,0,0,0,0,0,0,0
legally,5,legally=5,0,0,0,0,0,5,0,0
legume,5,legumes=5,5,0,0,0,0,0,0,0
lehner,5,lehner=5,0,5,0,0,0,0,0,0
lengthy,5,lengthy=5,1,0,0,0,4,0,0,0
liable,5,liable=5,0,0,0,0,5,0,0,0
lightstone,5,lightstone=5,0,5,0,0,0,0,0,0
lineup,5,lineup=5,5,0,0,0,0,0,0,0
linger,5,linger=2; lingering=2; lingers=1,0,0,4,0,1,0,0,0
lithosphere,5,lithosphere=5,4,0,0,0,1,0,0,0
loa,5,loa=5,0,5,0,0,0,0,0,0
locust,5,locust=3; locusts=2,5,0,0,0,0,0,0,0
loew,5,loew=5,0,5,0,0,0,0,0,0
logger,5,loggers=5,5,0,0,0,0,0,0,0
loosen,5,loosening=2; loosen=1; loosened=1; loosens=1,0,0,5,0,0,0,0,0
loudly,5,loudly=5,0,0,0,0,0,5,0,0
lpplepen,5,lpplepen=5,5,0,0,0,0,0,0,0
lsland,5,lsland=5,3,2,0,0,0,0,0,0
lubart,5,lubart=5,0,5,0,0,0,0,0,0
luckily,5,luckily=5,0,0,0,0,0,5,0,0
luminosity,5,luminosity=4; luminosities=1,5,0,0,0,0,0,0,0
machete,5,machetes=4; machete=1,5,0,0,0,0,0,0,0
madeline,5,madeline=5,0,5,0,0,0,0,0,0
magnetoreception,5,magnetoreception=5,4,1,0,0,0,0,0,0
magnify,5,magnified=3; magnifies=1; magnify=1,0,0,5,0,0,0,0,0
mailing,5,mailing=5,4,1,0,0,0,0,0,0
malay,5,malay=5,0,4,0,0,1,0,0,0
manifest,5,manifest=2; manifests=2; manifested=1,0,0,3,0,2,0,0,0
mantua,5,mantua=5,0,5,0,0,0,0,0,0
manure,5,manure=5,5,0,0,0,0,0,0,0
marketable,5,marketable=5,0,0,0,0,5,0,0,0
marler,5,marler=5,0,5,0,0,0,0,0,0
marshall,5,marshall=5,0,5,0,0,0,0,0,0
marshmallow,5,marshmallows=3; marshmallow=2,5,0,0,0,0,0,0,0
maryland,5,maryland=5,0,5,0,0,0,0,0,0
massey,5,massey=5,0,5,0,0,0,0,0,0
maternity,5,maternity=5,5,0,0,0,0,0,0,0
mauna,5,mauna=5,0,5,0,0,0,0,0,0
mausoleum,5,mausoleums=5,5,0,0,0,0,0,0,0
megafaunal,5,megafaunal=5,0,1,0,0,4,0,0,0
melodic,5,melodic=5,0,0,0,0,5,0,0,0
men,5,men=5,0,5,0,0,0,0,0,0
mercantile,5,mercantile=5,5,0,0,0,0,0,0,0
mesocosm,5,mesocosm=3; mesocosms=2,5,0,0,0,0,0,0,0
meteorological,5,meteorological=5,0,0,0,0,5,0,0,0
mezhirich,5,mezhirich=5,0,5,0,0,0,0,0,0
microalgae,5,microalgae=5,4,1,0,0,0,0,0,0
microchip,5,microchips=5,5,0,0,0,0,0,0,0
microwave,5,microwave=4; microwaves=1,4,0,1,0,0,0,0,0
mindset,5,mindset=5,5,0,0,0,0,0,0,0
minority,5,minority=4; minorities=1,5,0,0,0,0,0,0,0
minstrel,5,minstrels=3; minstrel=2,5,0,0,0,0,0,0,0
misinformation,5,misinformation=5,4,1,0,0,0,0,0,0
mitigate,5,mitigate=2; mitigating=2; mitigated=1,0,0,5,0,0,0,0,0
mobilize,5,mobilize=3; mobilized=1; mobilizing=1,0,0,5,0,0,0,0,0
moisten,5,moisten=2; moistened=1; moistening=1; moistens=1,0,0,5,0,0,0,0,0
mole,5,mole=5,1,0,0,0,4,0,0,0
montana,5,montana=5,0,5,0,0,0,0,0,0
movable,5,movable=5,0,1,0,0,4,0,0,0
multicellular,5,multicellular=5,0,0,0,0,5,0,0,0
multidisciplinary,5,multidisciplinary=5,0,0,0,0,5,0,0,0
multiplane,5,multiplane=5,1,1,0,0,3,0,0,0
mundane,5,mundane=5,0,0,0,0,5,0,0,0
murakami,5,murakami=5,1,4,0,0,0,0,0,0
murky,5,murky=5,0,0,0,0,5,0,0,0
musculature,5,musculature=5,5,0,0,0,0,0,0,0
musicianship,5,musicianship=5,0,4,0,0,1,0,0,0
musk,5,musk=5,0,5,0,0,0,0,0,0
mycenae,5,mycenae=5,0,5,0,0,0,0,0,0
mycorrhiza,5,mycorrhiza=4; mycorrhizas=1,3,2,0,0,0,0,0,0
n,5,n=5,1,0,0,0,0,0,0,4
naginski,5,naginski=5,0,5,0,0,0,0,0,0
nano,5,nano=5,4,1,0,0,0,0,0,0
naples,5,naples=5,0,5,0,0,0,0,0,0
narration,5,narration=5,5,0,0,0,0,0,0,0
natron,5,natron=5,3,2,0,0,0,0,0,0
navigational,5,navigational=5,0,0,0,0,5,0,0,0
neanderthals,5,neanderthals=5,0,5,0,0,0,0,0,0
nebraska,5,nebraska=5,0,5,0,0,0,0,0,0
nebular,5,nebular=5,0,0,0,0,5,0,0,0
necho,5,necho=5,0,5,0,0,0,0,0,0
negativity,5,negativity=5,3,1,0,0,1,0,0,0
negligible,5,negligible=5,0,0,0,0,5,0,0,0
neural,5,neural=5,0,0,0,0,5,0,0,0
newbery,5,newbery=5,0,5,0,0,0,0,0,0
newtoni,5,newtoni=5,5,0,0,0,0,0,0,0
nicely,5,nicely=5,0,0,0,0,0,5,0,0
nimrud,5,nimrud=5,0,5,0,0,0,0,0,0
nitrogenous,5,nitrogenous=5,0,0,0,0,5,0,0,0
nonindustrial,5,nonindustrial=5,5,0,0,0,0,0,0,0
nonprofit,5,nonprofit=5,0,0,0,0,5,0,0,0
nontraditional,5,nontraditional=5,0,0,0,0,5,0,0,0
normative,5,normative=5,0,0,0,0,5,0,0,0
northernmost,5,northernmost=5,0,0,0,0,3,2,0,0
nosed,5,nosed=5,0,0,0,0,5,0,0,0
nursery,5,nursery=4; nurseries=1,5,0,0,0,0,0,0,0
nurture,5,nurturing=2; nurture=1; nurtured=1; nurtures=1,0,0,5,0,0,0,0,0
nylon,5,nylon=5,5,0,0,0,0,0,0,0
observed,5,observed=5,0,0,0,0,5,0,0,0
occupational,5,occupational=5,0,0,0,0,5,0,0,0
oceans,5,oceans=5,0,5,0,0,0,0,0,0
odyssey,5,odyssey=5,0,5,0,0,0,0,0,0
opaque,5,opaque=5,0,0,0,0,5,0,0,0
openly,5,openly=5,0,0,0,0,0,5,0,0
openness,5,openness=5,5,0,0,0,0,0,0,0
opportunities,5,opportunities=5,0,5,0,0,0,0,0,0
optional,5,optional=5,0,1,0,0,4,0,0,0
opéra,5,opéra=5,5,0,0,0,0,0,0,0
ornithologist,5,ornithologist=3; ornithologists=2,4,0,0,0,1,0,0,0
ostrich,5,ostriches=5,5,0,0,0,0,0,0,0
outermost,5,outermost=5,0,0,0,0,5,0,0,0
outright,5,outright=5,0,0,0,0,1,4,0,0
outskirt,5,outskirts=5,5,0,0,0,0,0,0,0
overboard,5,overboard=5,0,0,0,0,0,5,0,0
overgrazing,5,overgrazing=5,4,0,0,0,1,0,0,0
oxford,5,oxford=5,0,5,0,0,0,0,0,0
painful,5,painful=5,0,0,0,0,5,0,0,0
paintbrush,5,paintbrush=4; paintbrushes=1,5,0,0,0,0,0,0,0
paleoendemic,5,paleoendemic=5,0,1,0,0,4,0,0,0
palladium,5,palladium=5,5,0,0,0,0,0,0,0
pant,5,panting=2; pants=2; pant=1,3,0,2,0,0,0,0,0
parts,5,parts=5,0,5,0,0,0,0,0,0
passively,5,passively=5,0,0,0,0,0,5,0,0
passport,5,passport=5,5,0,0,0,0,0,0,0
patrol,5,patrolling=3; patrol=2,1,0,4,0,0,0,0,0
payoff,5,payoff=5,4,0,1,0,0,0,0,0
pellagra,5,pellagra=5,1,4,0,0,0,0,0,0
perforate,5,perforated=5,0,0,5,0,0,0,0,0
periodical,5,periodicals=4; periodical=1,4,0,0,0,1,0,0,0
peripheral,5,peripheral=5,0,0,0,0,5,0,0,0
permafrost,5,permafrost=5,3,0,0,0,1,1,0,0
personalize,5,personalized=4; personalizing=1,0,0,5,0,0,0,0,0
petrichor,5,petrichor=5,1,4,0,0,0,0,0,0
pharmaceutical,5,pharmaceutical=4; pharmaceuticals=1,2,0,0,0,3,0,0,0
phd,5,phd=5,5,0,0,0,0,0,0,0
phenomena,5,phenomena=5,4,1,0,0,0,0,0,0
phoenicia,5,phoenicia=5,0,5,0,0,0,0,0,0
phonetic,5,phonetic=5,0,0,0,0,5,0,0,0
phosphate,5,phosphates=3; phosphate=2,3,0,0,0,2,0,0,0
photographers,5,photographers=5,0,5,0,0,0,0,0,0
photoperiodic,5,photoperiodic=5,0,1,0,0,4,0,0,0
pieces,5,pieces=5,0,5,0,0,0,0,0,0
pilgrim,5,pilgrims=5,5,0,0,0,0,0,0,0
pin,5,pins=3; pin=1; pinned=1,4,0,1,0,0,0,0,0
pivotal,5,pivotal=5,0,0,0,0,5,0,0,0
planned,5,planned=5,0,0,0,0,5,0,0,0
plaque,5,plaque=5,4,1,0,0,0,0,0,0
pleiades,5,pleiades=5,0,5,0,0,0,0,0,0
plover,5,plovers=5,4,0,1,0,0,0,0,0
pluton,5,pluton=3; plutons=2,3,2,0,0,0,0,0,0
polaris,5,polaris=5,5,0,0,0,0,0,0,0
policymaker,5,policymakers=5,5,0,0,0,0,0,0,0
polished,5,polished=5,0,0,0,0,5,0,0,0
poll,5,polls=4; polling=1,4,0,1,0,0,0,0,0
poly,5,poly=5,0,0,0,0,5,0,0,0
polycleitos,5,polycleitos=5,0,5,0,0,0,0,0,0
polymer,5,polymer=3; polymers=2,5,0,0,0,0,0,0,0
polypropylene,5,polypropylene=5,4,1,0,0,0,0,0,0
posture,5,posture=4; postures=1,5,0,0,0,0,0,0,0
poultry,5,poultry=5,5,0,0,0,0,0,0,0
powdered,5,powdered=5,0,0,0,0,5,0,0,0
preadaptation,5,preadaptation=5,4,1,0,0,0,0,0,0
predictably,5,predictably=5,0,0,0,0,0,5,0,0
preferentially,5,preferentially=5,0,0,0,0,0,5,0,0
prehistory,5,prehistory=5,2,3,0,0,0,0,0,0
preindustrial,5,preindustrial=5,0,0,0,0,5,0,0,0
presidential,5,presidential=5,0,0,0,0,5,0,0,0
preview,5,preview=4; previews=1,3,0,2,0,0,0,0,0
pricey,5,pricey=5,0,0,0,0,5,0,0,0
prickle,5,prickle=4; prickles=1,5,0,0,0,0,0,0,0
princess,5,princess=5,5,0,0,0,0,0,0,0
pristine,5,pristine=5,0,0,0,0,5,0,0,0
proboscideans,5,proboscideans=5,0,5,0,0,0,0,0,0
procrastination,5,procrastination=5,5,0,0,0,0,0,0,0
profoundly,5,profoundly=5,0,0,0,0,0,5,0,0
projector,5,projector=3; projectors=2,5,0,0,0,0,0,0,0
prominence,5,prominence=5,5,0,0,0,0,0,0,0
proportional,5,proportional=5,0,0,0,0,5,0,0,0
proportionately,5,proportionately=5,0,0,0,0,0,5,0,0
prospector,5,prospectors=4; prospector=1,5,0,0,0,0,0,0,0
protoplanet,5,protoplanets=4; protoplanet=1,5,0,0,0,0,0,0,0
prototype,5,prototypes=3; prototype=2,5,0,0,0,0,0,0,0
psych,5,psych=5,5,0,0,0,0,0,0,0
quieter,5,quieter=5,5,0,0,0,0,0,0,0
radiant,5,radiant=5,0,0,0,0,5,0,0,0
rage,5,rage=5,5,0,0,0,0,0,0,0
ralph,5,ralph=5,0,5,0,0,0,0,0,0
ram,5,ram=2; rammed=1; ramming=1; rams=1,3,0,2,0,0,0,0,0
rearrange,5,rearrange=2; rearranged=1; rearranges=1; rearranging=1,0,0,5,0,0,0,0,0
recession,5,recession=3; recessions=2,5,0,0,0,0,0,0,0
records,5,records=5,0,5,0,0,0,0,0,0
recruitment,5,recruitment=5,5,0,0,0,0,0,0,0
redhead,5,redheads=3; redhead=2,4,0,0,0,1,0,0,0
redistribute,5,redistributed=4; redistributing=1,0,0,5,0,0,0,0,0
redistribution,5,redistribution=5,5,0,0,0,0,0,0,0
redistributor,5,redistributors=5,5,0,0,0,0,0,0,0
reflex,5,reflexes=3; reflex=2,5,0,0,0,0,0,0,0
reflexive,5,reflexive=5,0,0,0,0,5,0,0,0
refreeze,5,refreeze=2; refreezing=2; refreezes=1,0,0,5,0,0,0,0,0
regrowth,5,regrowth=5,5,0,0,0,0,0,0,0
reiterate,5,reiterate=3; reiterated=1; reiterates=1,0,0,4,0,1,0,0,0
relay,5,relay=5,4,0,1,0,0,0,0,0
rem,5,rem=5,5,0,0,0,0,0,0,0
remora,5,remora=4; remoras=1,4,1,0,0,0,0,0,0
renewal,5,renewal=5,5,0,0,0,0,0,0,0
replant,5,replanted=3; replant=2,0,0,4,0,1,0,0,0
required,5,required=5,0,1,0,0,4,0,0,0
resilient,5,resilient=5,1,0,0,0,4,0,0,0
respectful,5,respectful=5,0,0,0,0,5,0,0,0
restock,5,restocked=3; restocking=2,0,0,5,0,0,0,0,0
resurgence,5,resurgence=5,5,0,0,0,0,0,0,0
retell,5,retell=2; retold=2; retells=1,0,0,5,0,0,0,0,0
rethink,5,rethink=4; rethinking=1,0,0,5,0,0,0,0,0
reversible,5,reversible=5,0,0,0,0,5,0,0,0
revert,5,revert=5,0,0,4,0,1,0,0,0
rhinoceros,5,rhinoceros=3; rhinoceroses=2,4,1,0,0,0,0,0,0
rickenbacker,5,rickenbacker=5,0,5,0,0,0,0,0,0
rico,5,rico=5,0,5,0,0,0,0,0,0
ridiculous,5,ridiculous=5,0,0,0,0,5,0,0,0
rigor,5,rigors=4; rigor=1,5,0,0,0,0,0,0,0
rings,5,rings=5,0,5,0,0,0,0,0,0
ripple,5,rippled=3; rippling=2,0,0,5,0,0,0,0,0
roar,5,roaring=2; roars=2; roar=1,2,0,3,0,0,0,0,0
robe,5,robe=4; robes=1,5,0,0,0,0,0,0,0
robust,5,robust=5,0,0,0,0,5,0,0,0
romanticize,5,romanticized=3; romanticize=1; romanticizing=1,0,0,5,0,0,0,0,0
roosting,5,roosting=5,5,0,0,0,0,0,0,0
rover,5,rover=5,5,0,0,0,0,0,0,0
rugged,5,rugged=5,0,0,0,0,5,0,0,0
rut,5,rut=2; ruts=2; rutted=1,4,0,1,0,0,0,0,0
sacs,5,sacs=5,0,5,0,0,0,0,0,0
sailboat,5,sailboats=4; sailboat=1,5,0,0,0,0,0,0,0
salespeople,5,salespeople=5,4,1,0,0,0,0,0,0
samantha,5,samantha=5,1,4,0,0,0,0,0,0
samaritan,5,samaritan=5,0,5,0,0,0,0,0,0
sanctuary,5,sanctuary=3; sanctuaries=2,5,0,0,0,0,0,0,0
sandbox,5,sandbox=5,5,0,0,0,0,0,0,0
satirical,5,satirical=5,0,0,0,0,5,0,0,0
satisfying,5,satisfying=5,0,0,0,0,5,0,0,0
sauce,5,sauce=4; sauces=1,5,0,0,0,0,0,0,0
scavenge,5,scavenging=4; scavenged=1,0,0,5,0,0,0,0,0
scholars,5,scholars=5,0,5,0,0,0,0,0,0
scott,5,scott=5,0,5,0,0,0,0,0,0
scream,5,scream=2; screamed=2; screaming=1,0,0,5,0,0,0,0,0
screenwriter,5,screenwriters=3; screenwriter=2,5,0,0,0,0,0,0,0
seafaring,5,seafaring=5,5,0,0,0,0,0,0,0
seagoe,5,seagoing=5,0,0,5,0,0,0,0,0
securely,5,securely=5,0,0,0,0,0,5,0,0
semiconductor,5,semiconductor=3; semiconductors=2,5,0,0,0,0,0,0,0
sentimental,5,sentimental=5,0,0,0,0,5,0,0,0
sewage,5,sewage=5,5,0,0,0,0,0,0,0
sga,5,sga=5,0,5,0,0,0,0,0,0
shaped,5,shaped=5,0,0,0,0,5,0,0,0
sherd,5,sherds=5,5,0,0,0,0,0,0,0
sherman,5,sherman=5,0,5,0,0,0,0,0,0
shiner,5,shiners=3; shiner=2,5,0,0,0,0,0,0,0
shipworm,5,shipworms=4; shipworm=1,5,0,0,0,0,0,0,0
showing,5,showing=5,5,0,0,0,0,0,0,0
signaler,5,signaler=4; signalers=1,5,0,0,0,0,0,0,0
silhouette,5,silhouette=3; silhouetted=1; silhouettes=1,4,0,1,0,0,0,0,0
siqueiros,5,siqueiros=5,0,5,0,0,0,0,0,0
skillful,5,skillful=5,0,0,0,0,5,0,0,0
slab,5,slabs=4; slab=1,5,0,0,0,0,0,0,0
slaughter,5,slaughter=2; slaughtered=2; slaughtering=1,1,0,4,0,0,0,0,0
sleeping,5,sleeping=5,5,0,0,0,0,0,0,0
slender,5,slender=5,2,0,0,0,3,0,0,0
slim,5,slim=5,0,0,0,0,5,0,0,0
slime,5,slime=5,5,0,0,0,0,0,0,0
smc,5,smc=5,0,5,0,0,0,0,0,0
sneak,5,sneak=3; sneaking=1; sneaks=1,0,0,5,0,0,0,0,0
sneaker,5,sneaker=5,4,1,0,0,0,0,0,0
snout,5,snout=5,5,0,0,0,0,0,0,0
socioeconomic,5,socioeconomic=5,0,0,0,0,5,0,0,0
sociological,5,sociological=5,0,0,0,0,5,0,0,0
sola,5,sola=5,1,4,0,0,0,0,0,0
soluble,5,soluble=5,0,0,0,0,5,0,0,0
sparsely,5,sparsely=5,0,0,0,0,0,5,0,0
spiderwebs,5,spiderwebs=5,3,0,0,0,2,0,0,0
spikelet,5,spikelet=3; spikelets=2,5,0,0,0,0,0,0,0
spinifex,5,spinifex=5,0,5,0,0,0,0,0,0
springwood,5,springwood=5,5,0,0,0,0,0,0,0
stanton,5,stanton=5,0,5,0,0,0,0,0,0
starter,5,starters=4; starter=1,4,0,0,0,1,0,0,0
stature,5,stature=5,5,0,0,0,0,0,0,0
sterile,5,sterile=5,0,0,0,0,5,0,0,0
sterilization,5,sterilization=5,4,1,0,0,0,0,0,0
steve,5,steve=5,0,5,0,0,0,0,0,0
stieglitz,5,stieglitz=5,0,5,0,0,0,0,0,0
stinger,5,stingers=4; stinger=1,5,0,0,0,0,0,0,0
stir,5,stir=4; stirred=1,1,0,4,0,0,0,0,0
storyline,5,storyline=5,5,0,0,0,0,0,0,0
storyteller,5,storyteller=4; storytellers=1,5,0,0,0,0,0,0,0
stouter,5,stouter=5,2,1,0,0,2,0,0,0
strangely,5,strangely=5,0,0,0,0,0,5,0,0
streets,5,streets=5,0,5,0,0,0,0,0,0
stride,5,stride=4; strides=1,5,0,0,0,0,0,0,0
stromatolites,5,stromatolites=5,0,5,0,0,0,0,0,0
structured,5,structured=5,0,0,0,0,5,0,0,0
subdivision,5,subdivision=4; subdivisions=1,5,0,0,0,0,0,0,0
subdue,5,subdued=5,0,0,5,0,0,0,0,0
subnivean,5,subnivean=5,5,0,0,0,0,0,0,0
subspecie,5,subspecies=5,5,0,0,0,0,0,0,0
subsurface,5,subsurface=5,5,0,0,0,0,0,0,0
subtract,5,subtracted=3; subtract=1; subtracting=1,0,0,5,0,0,0,0,0
successor,5,successors=3; successor=2,5,0,0,0,0,0,0,0
supplemental,5,supplemental=5,0,0,0,0,5,0,0,0
surveillance,5,surveillance=5,4,1,0,0,0,0,0,0
susceptibility,5,susceptibility=5,5,0,0,0,0,0,0,0
suspicion,5,suspicion=3; suspicions=2,5,0,0,0,0,0,0,0
sustenance,5,sustenance=5,5,0,0,0,0,0,0,0
syllable,5,syllables=5,5,0,0,0,0,0,0,0
sylvia,5,sylvia=5,0,5,0,0,0,0,0,0
synchronous,5,synchronous=5,0,0,0,0,5,0,0,0
synthesizer,5,synthesizers=5,5,0,0,0,0,0,0,0
syracuse,5,syracuse=5,0,5,0,0,0,0,0,0
systematically,5,systematically=5,0,0,0,0,0,5,0,0
tableaux,5,tableaux=5,0,1,0,0,4,0,0,0
tailor,5,tailor=2; tailored=2; tailoring=1,0,0,5,0,0,0,0,0
takeout,5,takeout=5,3,0,0,0,2,0,0,0
tally,5,tally=3; tallying=2,0,1,4,0,0,0,0,0
tan,5,tanning=3; tans=2,2,0,3,0,0,0,0,0
tanton,5,tanton=5,0,5,0,0,0,0,0,0
taxation,5,taxation=5,5,0,0,0,0,0,0,0
teachers,5,teachers=5,0,5,0,0,0,0,0,0
temper,5,tempered=2; tempering=2; tempers=1,1,0,4,0,0,0,0,0
temperatures,5,temperatures=5,0,5,0,0,0,0,0,0
temporal,5,temporal=5,0,0,0,0,5,0,0,0
tenochtitlan,5,tenochtitlan=5,0,5,0,0,0,0,0,0
terns,5,terns=5,0,5,0,0,0,0,0,0
terracotta,5,terracotta=5,1,4,0,0,0,0,0,0
terrific,5,terrific=5,0,0,0,0,5,0,0,0
terry,5,terry=5,0,5,0,0,0,0,0,0
texas,5,texas=5,0,5,0,0,0,0,0,0
theories,5,theories=5,0,5,0,0,0,0,0,0
therapist,5,therapist=3; therapists=2,5,0,0,0,0,0,0,0
thermo,5,thermos=5,5,0,0,0,0,0,0,0
thicket,5,thickets=5,5,0,0,0,0,0,0,0
thinly,5,thinly=5,0,0,0,0,0,5,0,0
tiber,5,tiber=5,0,5,0,0,0,0,0,0
ticketing,5,ticketing=5,5,0,0,0,0,0,0,0
timely,5,timely=5,0,0,0,0,5,0,0,0
tino,5,tino=5,0,5,0,0,0,0,0,0
tours,5,tours=5,0,5,0,0,0,0,0,0
tragic,5,tragic=5,0,0,0,0,5,0,0,0
trample,5,trample=2; trampled=2; trampling=1,2,0,3,0,0,0,0,0
trance,5,trance=3; trances=2,5,0,0,0,0,0,0,0
trawling,5,trawling=5,5,0,0,0,0,0,0,0
trench,5,trenches=5,5,0,0,0,0,0,0,0
trinidad,5,trinidad=5,0,5,0,0,0,0,0,0
truthful,5,truthful=5,0,0,0,0,5,0,0,0
turnout,5,turnout=5,5,0,0,0,0,0,0,0
turnover,5,turnover=5,5,0,0,0,0,0,0,0
twisting,5,twisting=5,3,2,0,0,0,0,0,0
uluburun,5,uluburun=5,0,5,0,0,0,0,0,0
umbrellas,5,umbrellas=5,0,5,0,0,0,0,0,0
unbaked,5,unbaked=5,0,0,0,0,5,0,0,0
unchanging,5,unchanging=5,0,0,0,0,5,0,0,0
undetected,5,undetected=5,0,0,0,0,5,0,0,0
undo,5,undoing=2; undone=2; undo=1,0,0,5,0,0,0,0,0
unheard,5,unheard=5,0,0,0,0,5,0,0,0
uniquely,5,uniquely=5,0,0,0,0,0,5,0,0
unload,5,unload=2; unloaded=2; unloading=1,0,0,5,0,0,0,0,0
unpredictability,5,unpredictability=5,5,0,0,0,0,0,0,0
unprotected,5,unprotected=5,0,1,0,0,4,0,0,0
unreasonable,5,unreasonable=5,0,0,0,0,5,0,0,0
unrest,5,unrest=5,5,0,0,0,0,0,0,0
unskilled,5,unskilled=5,0,0,0,0,5,0,0,0
unsustainable,5,unsustainable=5,0,0,0,0,5,0,0,0
uphill,5,uphill=5,0,0,0,0,5,0,0,0
upland,5,upland=4; uplands=1,2,3,0,0,0,0,0,0
uplifted,5,uplifted=5,0,0,0,0,5,0,0,0
upperclassman,5,upperclassmen=5,5,0,0,0,0,0,0,0
uprising,5,uprising=3; uprisings=2,5,0,0,0,0,0,0,0
upstairs,5,upstairs=5,0,0,0,0,0,5,0,0
upwind,5,upwind=5,3,0,0,0,1,1,0,0
urbanized,5,urbanized=5,0,0,0,0,5,0,0,0
uv,5,uv=5,5,0,0,0,0,0,0,0
vacant,5,vacant=5,0,0,0,0,5,0,0,0
vegetarian,5,vegetarian=4; vegetarians=1,1,0,0,0,4,0,0,0
venue,5,venues=3; venue=2,5,0,0,0,0,0,0,0
veronese,5,veronese=5,0,5,0,0,0,0,0,0
vertebral,5,vertebral=5,0,0,0,0,5,0,0,0
videotape,5,videotape=3; videotaping=2,3,0,2,0,0,0,0,0
vigorously,5,vigorously=5,0,0,0,0,0,5,0,0
vike,5,viking=5,0,0,5,0,0,0,0,0
vincent,5,vincent=5,0,5,0,0,0,0,0,0
vinyl,5,vinyl=5,4,1,0,0,0,0,0,0
violently,5,violently=5,0,0,0,0,0,5,0,0
volcanoes,5,volcanoes=5,0,5,0,0,0,0,0,0
vorticists,5,vorticists=5,0,5,0,0,0,0,0,0
vulture,5,vultures=5,5,0,0,0,0,0,0,0
walrus,5,walrus=3; walruses=2,4,1,0,0,0,0,0,0
warlike,5,warlike=5,0,1,1,0,3,0,0,0
washer,5,washers=3; washer=2,5,0,0,0,0,0,0,0
watermill,5,watermills=5,5,0,0,0,0,0,0,0
westerners,5,westerners=5,0,5,0,0,0,0,0,0
wheelbarrow,5,wheelbarrow=5,4,1,0,0,0,0,0,0
wheelmen,5,wheelmen=5,0,5,0,0,0,0,0,0
whimsy,5,whimsies=5,5,0,0,0,0,0,0,0
whisper,5,whisper=2; whispers=2; whispering=1,4,0,1,0,0,0,0,0
wingspan,5,wingspan=4; wingspans=1,5,0,0,0,0,0,0,0
woolens,5,woolens=5,3,2,0,0,0,0,0,0
workable,5,workable=5,0,0,0,0,5,0,0,0
workday,5,workday=5,5,0,0,0,0,0,0,0
workers,5,workers=5,0,5,0,0,0,0,0,0
worn,5,worn=5,0,0,0,0,5,0,0,0
wreck,5,wreck=5,5,0,0,0,0,0,0,0
xenopus,5,xenopus=5,0,5,0,0,0,0,0,0
yucatán,5,yucatán=5,0,5,0,0,0,0,0,0
zoology,5,zoology=5,5,0,0,0,0,0,0,0
abbot,4,abbot=4,0,4,0,0,0,0,0,0
abedus,4,abedus=4,0,4,0,0,0,0,0,0
abramovic,4,abramovic=4,0,4,0,0,0,0,0,0
absorbent,4,absorbent=4,0,0,0,0,4,0,0,0
absurdist,4,absurdist=4,2,1,0,0,1,0,0,0
accessibility,4,accessibility=4,4,0,0,0,0,0,0,0
accreditation,4,accreditation=4,4,0,0,0,0,0,0,0
accuse,4,accused=3; accuse=1,0,0,4,0,0,0,0,0
accustom,4,accustomed=4,0,0,4,0,0,0,0,0
acorn,4,acorns=4,4,0,0,0,0,0,0,0
acquaintance,4,acquaintance=3; acquaintances=1,4,0,0,0,0,0,0,0
acrylic,4,acrylic=4,3,0,1,0,0,0,0,0
adder,4,adder=4,4,0,0,0,0,0,0,0
adding,4,adding=4,0,4,0,0,0,0,0,0
admirer,4,admirer=2; admirers=2,3,1,0,0,0,0,0,0
advances,4,advances=4,0,4,0,0,0,0,0,0
aesthetically,4,aesthetically=4,0,0,0,0,0,4,0,0
afterlife,4,afterlife=4,4,0,0,0,0,0,0,0
aftermath,4,aftermath=4,4,0,0,0,0,0,0,0
agatha,4,agatha=4,0,4,0,0,0,0,0,0
aggregate,4,aggregate=4,1,0,3,0,0,0,0,0
aggregation,4,aggregation=2; aggregations=2,4,0,0,0,0,0,0,0
airfoil,4,airfoil=3; airfoils=1,4,0,0,0,0,0,0,0
airtight,4,airtight=4,4,0,0,0,0,0,0,0
alan,4,alan=4,0,4,0,0,0,0,0,0
albany,4,albany=4,0,4,0,0,0,0,0,0
alber,4,albers=4,4,0,0,0,0,0,0,0
album,4,album=4,4,0,0,0,0,0,0,0
alga,4,alga=4,4,0,0,0,0,0,0,0
alien,4,alien=3; aliens=1,1,0,0,0,3,0,0,0
alkali,4,alkali=4,1,3,0,0,0,0,0,0
allege,4,alleged=4,0,0,4,0,0,0,0,0
alleviate,4,alleviate=3; alleviated=1,0,0,4,0,0,0,0,0
alligator,4,alligator=2; alligators=2,4,0,0,0,0,0,0,0
alphabetic,4,alphabetic=4,1,0,0,0,3,0,0,0
altamira,4,altamira=4,0,4,0,0,0,0,0,0
altruistically,4,altruistically=4,0,0,0,0,0,4,0,0
amphiphilic,4,amphiphilic=4,1,0,0,0,2,1,0,0
amusing,4,amusing=4,0,1,0,0,3,0,0,0
anaerobic,4,anaerobic=4,1,0,1,0,2,0,0,0
analyse,4,analyse=1; analysed=1; analyses=1; analysing=1,0,0,4,0,0,0,0,0
analyst,4,analysts=4,4,0,0,0,0,0,0,0
anecdotal,4,anecdotal=4,0,1,0,0,3,0,0,0
anechoic,4,anechoic=4,1,0,0,0,3,0,0,0
anglian,4,anglian=4,0,3,0,0,1,0,0,0
ann,4,ann=4,1,3,0,0,0,0,0,0
annie,4,annie=4,0,4,0,0,0,0,0,0
annihilation,4,annihilation=4,4,0,0,0,0,0,0,0
anomaly,4,anomalies=2; anomaly=2,3,1,0,0,0,0,0,0
anorexia,4,anorexia=4,2,1,0,0,1,0,0,0
anther,4,anthers=3; anther=1,4,0,0,0,0,0,0,0
anthony,4,anthony=4,0,4,0,0,0,0,0,0
anthropological,4,anthropological=4,0,0,0,0,4,0,0,0
ants,4,ants=4,0,4,0,0,0,0,0,0
apalachicola,4,apalachicola=4,0,4,0,0,0,0,0,0
apis,4,apis=4,0,4,0,0,0,0,0,0
apm,4,apms=4,4,0,0,0,0,0,0,0
apocalypse,4,apocalypse=4,0,4,0,0,0,0,0,0
applicable,4,applicable=4,0,0,0,0,4,0,0,0
aqueduct,4,aqueduct=3; aqueducts=1,4,0,0,0,0,0,0,0
arabian,4,arabian=4,0,4,0,0,0,0,0,0
aragonite,4,aragonite=4,0,0,0,0,0,4,0,0
aran,4,aran=4,0,4,0,0,0,0,0,0
arbitration,4,arbitration=4,4,0,0,0,0,0,0,0
arboreal,4,arboreal=4,1,0,0,0,3,0,0,0
arc,4,arc=3; arcs=1,4,0,0,0,0,0,0,0
archaean,4,archaean=4,0,3,0,0,1,0,0,0
archaeologists,4,archaeologists=4,0,4,0,0,0,0,0,0
architects,4,architects=4,0,4,0,0,0,0,0,0
argon,4,argon=4,3,1,0,0,0,0,0,0
arizona,4,arizona=4,0,4,0,0,0,0,0,0
armstrong,4,armstrong=4,0,4,0,0,0,0,0,0
arnhem,4,arnhem=4,0,4,0,0,0,0,0,0
arrowhead,4,arrowhead=2; arrowheads=2,4,0,0,0,0,0,0,0
artisans,4,artisans=4,0,4,0,0,0,0,0,0
artistry,4,artistry=4,4,0,0,0,0,0,0,0
assembly,4,assembly=4,4,0,0,0,0,0,0,0
associational,4,associational=4,0,1,0,0,3,0,0,0
astounding,4,astounding=4,0,0,0,0,4,0,0,0
astrophotography,4,astrophotography=4,4,0,0,0,0,0,0,0
asymmetry,4,asymmetry=4,4,0,0,0,0,0,0,0
atlas,4,atlas=4,1,3,0,0,0,0,0,0
atop,4,atop=4,0,0,0,0,0,0,0,4
atp,4,atp=4,0,4,0,0,0,0,0,0
attending,4,attending=4,2,2,0,0,0,0,0,0
auguste,4,auguste=4,0,4,0,0,0,0,0,0
aurelia,4,aurelia=4,0,4,0,0,0,0,0,0
aurelius,4,aurelius=4,0,4,0,0,0,0,0,0
autobiographies,4,autobiographies=4,0,4,0,0,0,0,0,0
avid,4,avid=4,0,0,0,0,4,0,0,0
await,4,await=2; awaited=1; awaiting=1,0,0,4,0,0,0,0,0
aztecs,4,aztecs=4,0,4,0,0,0,0,0,0
backwards,4,backwards=4,0,0,0,0,0,4,0,0
bailey,4,bailey=4,0,4,0,0,0,0,0,0
bamum,4,bamum=4,0,4,0,0,0,0,0,0
banana,4,banana=4,3,1,0,0,0,0,0,0
bargain,4,bargain=4,3,0,1,0,0,0,0,0
barometer,4,barometer=4,4,0,0,0,0,0,0,0
basalt,4,basalt=2; basalts=2,3,1,0,0,0,0,0,0
batting,4,batting=4,4,0,0,0,0,0,0,0
bearing,4,bearing=3; bearings=1,4,0,0,0,0,0,0,0
beautification,4,beautification=4,3,1,0,0,0,0,0,0
bees,4,bees=4,0,4,0,0,0,0,0,0
belgian,4,belgian=4,0,0,0,0,4,0,0,0
bergman,4,bergman=4,1,3,0,0,0,0,0,0
betray,4,betrayed=2; betray=1; betraying=1,0,0,4,0,0,0,0,0
betsy,4,betsy=4,0,4,0,0,0,0,0,0
beverly,4,beverly=4,0,4,0,0,0,0,0,0
bijou,4,bijou=4,0,4,0,0,0,0,0,0
billboard,4,billboards=3; billboard=1,4,0,0,0,0,0,0,0
birkenhead,4,birkenhead=4,0,4,0,0,0,0,0,0
bitler,4,bitler=4,1,3,0,0,0,0,0,0
bleak,4,bleak=4,0,0,0,0,4,0,0,0
blight,4,blight=4,4,0,0,0,0,0,0,0
blockade,4,blockade=4,4,0,0,0,0,0,0,0
bloody,4,bloody=4,0,0,0,0,4,0,0,0
blurred,4,blurred=4,0,0,0,0,4,0,0,0
boiler,4,boiler=2; boilers=2,4,0,0,0,0,0,0,0
bonito,4,bonito=4,0,4,0,0,0,0,0,0
books,4,books=4,0,4,0,0,0,0,0,0
bookshelf,4,bookshelf=2; bookshelves=2,4,0,0,0,0,0,0,0
boomerang,4,boomerang=4,0,2,0,0,2,0,0,0
braid,4,braided=2; braiding=1; braids=1,1,0,3,0,0,0,0,0
bravery,4,bravery=4,4,0,0,0,0,0,0,0
bree,4,breed=4,0,0,4,0,0,0,0,0
brett,4,brett=4,0,4,0,0,0,0,0,0
briggs,4,briggs=4,0,4,0,0,0,0,0,0
brink,4,brink=4,4,0,0,0,0,0,0,0
broom,4,broom=3; brooms=1,4,0,0,0,0,0,0,0
browsing,4,browsing=4,3,1,0,0,0,0,0,0
bryozoan,4,bryozoan=3; bryozoans=1,4,0,0,0,0,0,0,0
buckey,4,buckey=4,0,4,0,0,0,0,0,0
buckyball,4,buckyball=2; buckyballs=2,4,0,0,0,0,0,0,0
buffer,4,buffer=1; buffered=1; buffering=1; buffers=1,2,0,2,0,0,0,0,0
burgher,4,burghers=4,4,0,0,0,0,0,0,0
burrowing,4,burrowing=4,0,1,0,0,3,0,0,0
butcher,4,butcher=2; butchered=2,1,0,3,0,0,0,0,0
byzantium,4,byzantium=4,0,3,0,0,1,0,0,0
caesars,4,caesars=4,0,4,0,0,0,0,0,0
caffeine,4,caffeine=4,4,0,0,0,0,0,0,0
callahan,4,callahan=4,0,4,0,0,0,0,0,0
calligraphy,4,calligraphy=4,4,0,0,0,0,0,0,0
calving,4,calving=4,4,0,0,0,0,0,0,0
cancellation,4,cancellation=4,4,0,0,0,0,0,0,0
cannibalization,4,cannibalization=4,4,0,0,0,0,0,0,0
cantiere,4,cantiere=4,0,4,0,0,0,0,0,0
capitalist,4,capitalist=3; capitalists=1,1,0,0,0,3,0,0,0
capuchin,4,capuchin=2; capuchins=2,2,2,0,0,0,0,0,0
caravan,4,caravan=4,4,0,0,0,0,0,0,0
carbohydrates,4,carbohydrates=4,0,4,0,0,0,0,0,0
carl,4,carl=4,0,4,0,0,0,0,0,0
carnival,4,carnival=3; carnivals=1,3,1,0,0,0,0,0,0
carnosine,4,carnosine=4,2,2,0,0,0,0,0,0
carrara,4,carrara=4,0,4,0,0,0,0,0,0
cataclysmic,4,cataclysmic=4,0,0,0,0,4,0,0,0
catalhoyuk,4,catalhoyuk=4,0,4,0,0,0,0,0,0
caudillo,4,caudillo=2; caudillos=2,4,0,0,0,0,0,0,0
causal,4,causal=4,1,0,0,0,3,0,0,0
cautiously,4,cautiously=4,0,0,0,0,0,4,0,0
ceci,4,ceci=4,0,4,0,0,0,0,0,0
centralize,4,centralized=3; centralize=1,0,0,4,0,0,0,0,0
certification,4,certification=4,4,0,0,0,0,0,0,0
ceylon,4,ceylon=4,0,4,0,0,0,0,0,0
cfcs,4,cfcs=4,0,4,0,0,0,0,0,0
championship,4,championship=4,4,0,0,0,0,0,0,0
changsha,4,changsha=4,0,4,0,0,0,0,0,0
chant,4,chanting=2; chants=2,2,0,2,0,0,0,0,0
characteristically,4,characteristically=4,0,0,0,0,0,4,0,0
chartre,4,chartres=4,4,0,0,0,0,0,0,0
chaude,4,chaude=4,0,4,0,0,0,0,0,0
chauvet,4,chauvet=4,0,4,0,0,0,0,0,0
chest,4,chest=3; chests=1,4,0,0,0,0,0,0,0
chiefly,4,chiefly=4,0,0,0,0,0,4,0,0
childish,4,childish=4,0,1,0,0,3,0,0,0
christianity,4,christianity=4,0,4,0,0,0,0,0,0
chronological,4,chronological=4,0,0,0,0,4,0,0,0
chungungo,4,chungungo=4,0,4,0,0,0,0,0,0
ciguatera,4,ciguatera=4,3,1,0,0,0,0,0,0
citrus,4,citrus=4,4,0,0,0,0,0,0,0
claudius,4,claudius=4,0,4,0,0,0,0,0,0
clientele,4,clientele=4,4,0,0,0,0,0,0,0
clip,4,clips=3; clip=1,3,0,1,0,0,0,0,0
clog,4,clog=2; clogging=1; clogs=1,0,0,4,0,0,0,0,0
clupeid,4,clupeid=4,2,0,0,0,2,0,0,0
coalesce,4,coalesce=2; coalesced=2,1,0,3,0,0,0,0,0
coarsely,4,coarsely=4,0,0,0,0,0,4,0,0
cobble,4,cobbles=3; cobble=1,3,0,0,0,0,1,0,0
cockatoo,4,cockatoo=2; cockatoos=2,2,0,0,0,0,2,0,0
codify,4,codified=3; codify=1,0,0,4,0,0,0,0,0
coffeehouse,4,coffeehouses=3; coffeehouse=1,3,0,1,0,0,0,0,0
collins,4,collins=4,0,4,0,0,0,0,0,0
colobopsis,4,colobopsis=4,0,4,0,0,0,0,0,0
colonel,4,colonel=4,0,4,0,0,0,0,0,0
columbia,4,columbia=4,0,4,0,0,0,0,0,0
com,4,com=4,3,1,0,0,0,0,0,0
commemorate,4,commemorate=2; commemorates=1; commemorating=1,0,0,4,0,0,0,0,0
commensalism,4,commensalism=4,4,0,0,0,0,0,0,0
commensurate,4,commensurate=4,0,0,0,0,4,0,0,0
commentary,4,commentary=4,4,0,0,0,0,0,0,0
communicative,4,communicative=4,0,0,0,0,4,0,0,0
commuter,4,commuters=3; commuter=1,4,0,0,0,0,0,0,0
compensation,4,compensation=4,4,0,0,0,0,0,0,0
complimentary,4,complimentary=4,0,0,0,0,4,0,0,0
compute,4,computing=2; compute=1; computed=1,0,0,4,0,0,0,0,0
conceptual,4,conceptual=4,0,0,0,0,4,0,0,0
conceptualism,4,conceptualism=4,2,2,0,0,0,0,0,0
conditioner,4,conditioner=3; conditioners=1,4,0,0,0,0,0,0,0
conducting,4,conducting=4,4,0,0,0,0,0,0,0
confucian,4,confucian=4,0,0,0,0,4,0,0,0
consonant,4,consonants=3; consonant=1,3,0,0,0,1,0,0,0
conspire,4,conspired=4,0,0,4,0,0,0,0,0
continuity,4,continuity=4,4,0,0,0,0,0,0,0
convinced,4,convinced=4,0,0,0,0,4,0,0,0
coqui,4,coqui=4,4,0,0,0,0,0,0,0
coriolis,4,coriolis=4,0,1,0,0,3,0,0,0
corona,4,corona=4,3,1,0,0,0,0,0,0
corrode,4,corrode=2; corroded=1; corrodes=1,1,0,3,0,0,0,0,0
cortazar,4,cortazar=4,0,4,0,0,0,0,0,0
cougar,4,cougars=4,4,0,0,0,0,0,0,0
coupon,4,coupon=3; coupons=1,4,0,0,0,0,0,0,0
courbet,4,courbet=4,0,4,0,0,0,0,0,0
courtly,4,courtly=4,0,0,0,0,1,3,0,0
couscous,4,couscous=4,0,0,0,0,4,0,0,0
covered,4,covered=4,0,0,0,0,4,0,0,0
coyote,4,coyote=3; coyotes=1,4,0,0,0,0,0,0,0
cramp,4,cramped=3; cramps=1,1,0,3,0,0,0,0,0
cramped,4,cramped=4,0,0,0,0,4,0,0,0
creoles,4,creoles=4,0,4,0,0,0,0,0,0
critics,4,critics=4,0,4,0,0,0,0,0,0
cruder,4,cruder=4,3,0,0,0,1,0,0,0
crystallize,4,crystallize=2; crystallized=2,0,0,4,0,0,0,0,0
cumbersome,4,cumbersome=4,0,0,0,0,4,0,0,0
customers,4,customers=4,0,4,0,0,0,0,0,0
daddi,4,daddi=4,0,4,0,0,0,0,0,0
daisy,4,daisy=3; daisies=1,4,0,0,0,0,0,0,0
dalen,4,dalen=4,0,4,0,0,0,0,0,0
daniel,4,daniel=4,0,4,0,0,0,0,0,0
dash,4,dash=2; dashed=1; dashing=1,1,0,3,0,0,0,0,0
dave,4,dave=4,0,4,0,0,0,0,0,0
deactivate,4,deactivated=2; deactivates=2,0,0,4,0,0,0,0,0
decor,4,decor=4,4,0,0,0,0,0,0,0
dedicated,4,dedicated=4,0,0,0,0,4,0,0,0
deduct,4,deducted=3; deduct=1,0,0,4,0,0,0,0,0
deity,4,deity=3; deities=1,4,0,0,0,0,0,0,0
delaroche,4,delaroche=4,0,4,0,0,0,0,0,0
delight,4,delighted=3; delight=1,1,0,3,0,0,0,0,0
delve,4,delve=2; delving=2,0,0,4,0,0,0,0,0
den,4,den=3; dens=1,4,0,0,0,0,0,0,0
denise,4,denise=4,0,4,0,0,0,0,0,0
denominator,4,denominator=4,3,1,0,0,0,0,0,0
deprivation,4,deprivation=4,4,0,0,0,0,0,0,0
descriptive,4,descriptive=4,0,0,0,0,4,0,0,0
details,4,details=4,0,4,0,0,0,0,0,0
deterrence,4,deterrence=4,3,1,0,0,0,0,0,0
deterrent,4,deterrent=4,4,0,0,0,0,0,0,0
detour,4,detour=2; detoured=1; detours=1,3,0,1,0,0,0,0,0
detoxify,4,detoxify=4,0,0,4,0,0,0,0,0
detroit,4,detroit=4,0,4,0,0,0,0,0,0
devon,4,devon=4,0,4,0,0,0,0,0,0
devoted,4,devoted=4,0,0,0,0,4,0,0,0
dewolf,4,dewolf=4,0,4,0,0,0,0,0,0
digestible,4,digestible=4,0,0,0,0,4,0,0,0
digitally,4,digitally=4,0,0,0,0,0,4,0,0
digitization,4,digitization=4,4,0,0,0,0,0,0,0
dike,4,dikes=4,4,0,0,0,0,0,0,0
dilemmasa,4,dilemmasa=4,4,0,0,0,0,0,0,0
diocletian,4,diocletian=4,0,4,0,0,0,0,0,0
diplomatic,4,diplomatic=4,0,0,0,0,4,0,0,0
directional,4,directional=4,0,0,0,0,4,0,0,0
disapproval,4,disapproval=4,4,0,0,0,0,0,0,0
disapprove,4,disapproved=2; disapproves=2,1,0,3,0,0,0,0,0
dislodge,4,dislodge=3; dislodged=1,0,0,4,0,0,0,0,0
divided,4,divided=4,0,0,0,0,4,0,0,0
divine,4,divine=4,0,0,0,0,4,0,0,0
divorce,4,divorce=3; divorced=1,1,1,2,0,0,0,0,0
djulirri,4,djulirri=4,0,4,0,0,0,0,0,0
doing,4,doing=4,4,0,0,0,0,0,0,0
dorsal,4,dorsal=4,4,0,0,0,0,0,0,0
dottore,4,dottore=4,0,3,0,0,0,1,0,0
dowitchers,4,dowitchers=4,0,4,0,0,0,0,0,0
downburst,4,downburst=3; downbursts=1,1,0,0,0,3,0,0,0
downplay,4,downplay=3; downplayed=1,0,0,4,0,0,0,0,0
downstairs,4,downstairs=4,0,0,0,0,0,4,0,0
dowson,4,dowson=4,0,4,0,0,0,0,0,0
drawdown,4,drawdowns=3; drawdown=1,3,0,0,0,0,1,0,0
drying,4,drying=4,4,0,0,0,0,0,0,0
earl,4,earl=4,0,4,0,0,0,0,0,0
eastgate,4,eastgate=4,0,4,0,0,0,0,0,0
echinoderms,4,echinoderms=4,0,4,0,0,0,0,0,0
ecotour,4,ecotour=3; ecotours=1,4,0,0,0,0,0,0,0
eddie,4,eddie=4,0,4,0,0,0,0,0,0
eel,4,eels=4,4,0,0,0,0,0,0,0
ego,4,ego=4,0,1,0,0,3,0,0,0
ejection,4,ejection=4,4,0,0,0,0,0,0,0
ekphrastic,4,ekphrastic=4,0,0,0,0,4,0,0,0
elaborately,4,elaborately=4,0,0,0,0,0,4,0,0
elect,4,elected=3; electing=1,0,0,4,0,0,0,0,0
electra,4,electra=4,0,4,0,0,0,0,0,0
electrify,4,electrified=3; electrify=1,0,0,4,0,0,0,0,0
electronics,4,electronics=4,3,1,0,0,0,0,0,0
eleven,4,eleven=4,0,0,0,0,0,0,0,4
eloquent,4,eloquent=4,0,2,0,0,2,0,0,0
embarrassing,4,embarrassing=4,0,0,0,0,4,0,0,0
embryonic,4,embryonic=4,1,0,0,0,3,0,0,0
enact,4,enact=2; enacted=2,0,0,4,0,0,0,0,0
endorse,4,endorse=1; endorsed=1; endorses=1; endorsing=1,0,0,4,0,0,0,0,0
endorsement,4,endorsement=3; endorsements=1,4,0,0,0,0,0,0,0
energize,4,energized=2; energizes=1; energizing=1,0,0,4,0,0,0,0,0
ensue,4,ensued=3; ensuing=1,0,0,4,0,0,0,0,0
entertainer,4,entertainers=3; entertainer=1,4,0,0,0,0,0,0,0
entomologist,4,entomologists=4,4,0,0,0,0,0,0,0
epiphytes,4,epiphytes=4,0,4,0,0,0,0,0,0
ethologist,4,ethologists=4,4,0,0,0,0,0,0,0
etiquette,4,etiquette=4,3,1,0,0,0,0,0,0
eutrophication,4,eutrophication=4,3,1,0,0,0,0,0,0
eve,4,eve=4,4,0,0,0,0,0,0,0
excerpt,4,excerpts=4,4,0,0,0,0,0,0,0
exchanger,4,exchanger=4,4,0,0,0,0,0,0,0
execute,4,execute=2; executed=2,1,0,3,0,0,0,0,0
execution,4,execution=4,4,0,0,0,0,0,0,0
exhaustion,4,exhaustion=4,4,0,0,0,0,0,0,0
explanations,4,explanations=4,0,4,0,0,0,0,0,0
explicitly,4,explicitly=4,0,0,0,0,0,4,0,0
explosive,4,explosive=4,0,0,0,0,4,0,0,0
expressionists,4,expressionists=4,0,4,0,0,0,0,0,0
extracurricular,4,extracurricular=4,0,0,0,0,4,0,0,0
extravagant,4,extravagant=4,0,0,0,0,4,0,0,0
fabricate,4,fabricated=3; fabricating=1,0,0,4,0,0,0,0,0
facet,4,facets=3; facet=1,4,0,0,0,0,0,0,0
faded,4,faded=4,0,0,0,0,4,0,0,0
fap,4,fap=4,1,3,0,0,0,0,0,0
fascinated,4,fascinated=4,0,0,0,0,4,0,0,0
favorably,4,favorably=4,0,0,0,0,0,4,0,0
fece,4,feces=4,4,0,0,0,0,0,0,0
federico,4,federico=4,0,4,0,0,0,0,0,0
females,4,females=4,0,3,0,0,1,0,0,0
femur,4,femurs=3; femur=1,4,0,0,0,0,0,0,0
ferocious,4,ferocious=4,0,0,0,0,4,0,0,0
fidelity,4,fidelity=4,2,2,0,0,0,0,0,0
fingernail,4,fingernail=2; fingernails=2,4,0,0,0,0,0,0,0
finn,4,finn=4,0,4,0,0,0,0,0,0
fireball,4,fireballs=3; fireball=1,4,0,0,0,0,0,0,0
fires,4,fires=4,0,4,0,0,0,0,0,0
fiscal,4,fiscal=4,0,0,0,0,4,0,0,0
fixture,4,fixtures=3; fixture=1,4,0,0,0,0,0,0,0
fizzle,4,fizzle=3; fizzles=1,4,0,0,0,0,0,0,0
flatness,4,flatness=4,4,0,0,0,0,0,0,0
flea,4,flea=2; fleas=2,4,0,0,0,0,0,0,0
fledgling,4,fledgling=2; fledglings=2,4,0,0,0,0,0,0,0
fleece,4,fleece=4,4,0,0,0,0,0,0,0
flesh,4,flesh=4,4,0,0,0,0,0,0,0
flint,4,flint=4,2,0,0,0,2,0,0,0
flipper,4,flippers=4,4,0,0,0,0,0,0,0
flooded,4,flooded=4,0,0,0,0,4,0,0,0
florea,4,florea=4,4,0,0,0,0,0,0,0
fob,4,fob=4,4,0,0,0,0,0,0,0
fodder,4,fodder=4,4,0,0,0,0,0,0,0
foggy,4,foggy=4,0,0,0,0,4,0,0,0
fondness,4,fondness=4,4,0,0,0,0,0,0,0
fore,4,fore=4,4,0,0,0,0,0,0,0
forefront,4,forefront=4,3,0,0,0,1,0,0,0
foresee,4,foresee=2; foreseen=2,0,0,4,0,0,0,0,0
forgot,4,forgot=4,0,0,4,0,0,0,0,0
formaldehyde,4,formaldehyde=4,3,1,0,0,0,0,0,0
formally,4,formally=4,0,0,0,0,0,4,0,0
forming,4,forming=4,3,1,0,0,0,0,0,0
formulation,4,formulation=3; formulations=1,4,0,0,0,0,0,0,0
fossilization,4,fossilization=4,4,0,0,0,0,0,0,0
foul,4,foul=4,0,0,0,0,4,0,0,0
fragrant,4,fragrant=4,0,0,0,0,4,0,0,0
framing,4,framing=4,4,0,0,0,0,0,0,0
freeloader,4,freeloader=4,3,1,0,0,0,0,0,0
frigid,4,frigid=4,0,0,0,0,4,0,0,0
frugal,4,frugal=4,0,2,0,0,2,0,0,0
fulfillment,4,fulfillment=4,4,0,0,0,0,0,0,0
fume,4,fumes=4,4,0,0,0,0,0,0,0
functionality,4,functionality=4,4,0,0,0,0,0,0,0
fundamentals,4,fundamentals=4,0,4,0,0,0,0,0,0
fundraising,4,fundraising=4,4,0,0,0,0,0,0,0
furious,4,furious=4,0,0,0,0,4,0,0,0
furlong,4,furlongs=4,4,0,0,0,0,0,0,0
furrow,4,furrows=3; furrow=1,4,0,0,0,0,0,0,0
gangadhara,4,gangadhara=4,1,3,0,0,0,0,0,0
gardner,4,gardner=4,0,4,0,0,0,0,0,0
gaseous,4,gaseous=4,0,0,0,0,4,0,0,0
gastropod,4,gastropod=2; gastropods=2,2,0,0,0,2,0,0,0
gaul,4,gaul=4,0,4,0,0,0,0,0,0
gentleman,4,gentleman=4,4,0,0,0,0,0,0,0
geochemist,4,geochemists=4,4,0,0,0,0,0,0,0
gerhard,4,gerhard=4,0,4,0,0,0,0,0,0
giovanni,4,giovanni=4,0,4,0,0,0,0,0,0
gist,4,gist=4,4,0,0,0,0,0,0,0
glossopteris,4,glossopteris=4,0,4,0,0,0,0,0,0
gorge,4,gorge=3; gorging=1,3,0,1,0,0,0,0,0
grading,4,grading=4,4,0,0,0,0,0,0,0
grandeur,4,grandeur=4,4,0,0,0,0,0,0,0
grassy,4,grassy=4,0,0,0,0,4,0,0,0
greasy,4,greasy=4,2,0,0,0,2,0,0,0
greatness,4,greatness=4,4,0,0,0,0,0,0,0
grower,4,growers=4,4,0,0,0,0,0,0,0
grown,4,grown=4,1,0,0,0,3,0,0,0
guanlong,4,guanlong=4,0,4,0,0,0,0,0,0
guano,4,guano=4,2,2,0,0,0,0,0,0
guardian,4,guardian=3; guardians=1,4,0,0,0,0,0,0,0
guiding,4,guiding=4,1,3,0,0,0,0,0,0
gust,4,gust=2; gusts=2,4,0,0,0,0,0,0,0
gymnastic,4,gymnastics=4,4,0,0,0,0,0,0,0
habitually,4,habitually=4,0,0,0,0,0,4,0,0
handbook,4,handbook=4,3,0,1,0,0,0,0,0
handling,4,handling=4,4,0,0,0,0,0,0,0
hank,4,hank=4,0,4,0,0,0,0,0,0
hannah,4,hannah=4,0,4,0,0,0,0,0,0
hardness,4,hardness=4,4,0,0,0,0,0,0,0
hardware,4,hardware=4,3,1,0,0,0,0,0,0
harvey,4,harvey=4,0,4,0,0,0,0,0,0
hatchling,4,hatchling=2; hatchlings=2,4,0,0,0,0,0,0,0
headphone,4,headphones=4,4,0,0,0,0,0,0,0
healing,4,healing=4,3,0,0,0,1,0,0,0
healthcare,4,healthcare=4,4,0,0,0,0,0,0,0
heartbeat,4,heartbeat=3; heartbeats=1,4,0,0,0,0,0,0,0
hearth,4,hearth=2; hearths=2,4,0,0,0,0,0,0,0
heath,4,heath=4,1,3,0,0,0,0,0,0
hectic,4,hectic=4,0,0,0,0,4,0,0,0
heir,4,heir=2; heirs=2,4,0,0,0,0,0,0,0
hemispheres,4,hemispheres=4,0,4,0,0,0,0,0,0
hemoglobin,4,hemoglobin=4,4,0,0,0,0,0,0,0
hen,4,hens=3; hen=1,4,0,0,0,0,0,0,0
herbivorous,4,herbivorous=4,0,0,0,0,4,0,0,0
heritable,4,heritable=4,0,0,0,0,4,0,0,0
herodotus,4,herodotus=4,0,4,0,0,0,0,0,0
hester,4,hester=4,3,1,0,0,0,0,0,0
hibernating,4,hibernating=4,2,1,0,0,1,0,0,0
hillman,4,hillman=4,0,4,0,0,0,0,0,0
hinterland,4,hinterland=3; hinterlands=1,4,0,0,0,0,0,0,0
hitherto,4,hitherto=4,3,1,0,0,0,0,0,0
hms,4,hms=4,0,4,0,0,0,0,0,0
holiday,4,holiday=2; holidays=2,4,0,0,0,0,0,0,0
homage,4,homage=4,4,0,0,0,0,0,0,0
homogeneous,4,homogeneous=4,0,0,0,0,4,0,0,0
honeybees,4,honeybees=4,0,4,0,0,0,0,0,0
honshu,4,honshu=4,0,4,0,0,0,0,0,0
hoop,4,hoops=3; hoop=1,4,0,0,0,0,0,0,0
horner,4,horner=4,0,4,0,0,0,0,0,0
hornwort,4,hornworts=4,4,0,0,0,0,0,0,0
hospitality,4,hospitality=4,4,0,0,0,0,0,0,0
hotly,4,hotly=4,0,0,0,0,0,4,0,0
hub,4,hubs=3; hub=1,4,0,0,0,0,0,0,0
huckleberry,4,huckleberry=4,0,4,0,0,0,0,0,0
hum,4,hum=3; humming=1,1,1,1,0,1,0,0,0
humble,4,humble=4,0,0,0,0,4,0,0,0
hungary,4,hungary=4,0,4,0,0,0,0,0,0
husband,4,husband=3; husbands=1,4,0,0,0,0,0,0,0
hutchings,4,hutchings=4,0,4,0,0,0,0,0,0
hyperpredation,4,hyperpredation=4,4,0,0,0,0,0,0,0
illogical,4,illogical=4,0,0,0,0,4,0,0,0
illustrator,4,illustrator=3; illustrators=1,4,0,0,0,0,0,0,0
impatient,4,impatient=4,0,0,0,0,4,0,0,0
impersonal,4,impersonal=4,0,0,0,0,4,0,0,0
implausible,4,implausible=4,0,0,0,0,4,0,0,0
improper,4,improper=4,0,0,0,0,4,0,0,0
improvements,4,improvements=4,0,4,0,0,0,0,0,0
inaccurately,4,inaccurately=4,0,0,0,0,0,4,0,0
inattentional,4,inattentional=4,0,2,0,0,2,0,0,0
inaudible,4,inaudible=4,1,1,0,0,2,0,0,0
incense,4,incense=4,4,0,0,0,0,0,0,0
incidentally,4,incidentally=4,0,0,0,0,0,4,0,0
inconspicuous,4,inconspicuous=4,0,0,0,0,4,0,0,0
incorporation,4,incorporation=4,4,0,0,0,0,0,0,0
incur,4,incurred=3; incurs=1,0,0,4,0,0,0,0,0
indeterminacy,4,indeterminacy=4,4,0,0,0,0,0,0,0
individuality,4,individuality=4,4,0,0,0,0,0,0,0
infertile,4,infertile=4,0,0,0,0,4,0,0,0
infinite,4,infinite=4,0,1,0,0,3,0,0,0
influenza,4,influenza=4,4,0,0,0,0,0,0,0
installment,4,installment=4,4,0,0,0,0,0,0,0
instantaneously,4,instantaneously=4,0,0,0,0,0,4,0,0
intellectually,4,intellectually=4,0,0,0,0,0,4,0,0
intensively,4,intensively=4,0,0,0,0,0,4,0,0
interconnected,4,interconnected=4,0,0,0,0,4,0,0,0
interconnection,4,interconnection=4,4,0,0,0,0,0,0,0
intermingling,4,intermingling=4,4,0,0,0,0,0,0,0
interpreter,4,interpreters=4,3,0,1,0,0,0,0,0
interregional,4,interregional=4,0,0,0,0,4,0,0,0
intersperse,4,interspersed=4,0,0,4,0,0,0,0,0
intertidal,4,intertidal=4,0,0,0,0,4,0,0,0
interviewer,4,interviewers=4,4,0,0,0,0,0,0,0
intestinal,4,intestinal=4,0,0,0,0,4,0,0,0
intestine,4,intestine=2; intestines=2,4,0,0,0,0,0,0,0
intonation,4,intonation=4,4,0,0,0,0,0,0,0
intrusion,4,intrusion=3; intrusions=1,4,0,0,0,0,0,0,0
inventive,4,inventive=4,0,0,0,0,4,0,0,0
investigator,4,investigators=4,4,0,0,0,0,0,0,0
invoke,4,invoke=1; invoked=1; invokes=1; invoking=1,0,0,4,0,0,0,0,0
inwardly,4,inwardly=4,0,0,0,0,0,4,0,0
ironworker,4,ironworkers=3; ironworker=1,3,0,1,0,0,0,0,0
irony,4,ironies=2; irony=2,4,0,0,0,0,0,0,0
islanders,4,islanders=4,0,4,0,0,0,0,0,0
iv,4,iv=4,0,4,0,0,0,0,0,0
jacques,4,jacques=4,0,4,0,0,0,0,0,0
jaguar,4,jaguars=4,4,0,0,0,0,0,0,0
janitor,4,janitor=4,4,0,0,0,0,0,0,0
jared,4,jared=4,0,4,0,0,0,0,0,0
jays,4,jays=4,0,4,0,0,0,0,0,0
jessica,4,jessica=4,0,4,0,0,0,0,0,0
jogger,4,joggers=3; jogger=1,4,0,0,0,0,0,0,0
jointly,4,jointly=4,0,0,0,0,0,4,0,0
juggle,4,juggling=4,0,0,4,0,0,0,0,0
juglone,4,juglone=4,4,0,0,0,0,0,0,0
juliet,4,juliet=4,0,4,0,0,0,0,0,0
jumbled,4,jumbled=4,0,0,0,0,4,0,0,0
junglefowl,4,junglefowl=4,3,1,0,0,0,0,0,0
kasei,4,kasei=4,0,4,0,0,0,0,0,0
kathy,4,kathy=4,0,4,0,0,0,0,0,0
katie,4,katie=4,0,4,0,0,0,0,0,0
katy,4,katy=4,0,4,0,0,0,0,0,0
kayak,4,kayaks=2; kayak=1; kayaking=1,3,0,1,0,0,0,0,0
keeper,4,keeper=2; keepers=2,4,0,0,0,0,0,0,0
kelvin,4,kelvin=4,0,4,0,0,0,0,0,0
knight,4,knight=4,2,2,0,0,0,0,0,0
labrador,4,labrador=4,0,4,0,0,0,0,0,0
lagoon,4,lagoons=3; lagoon=1,4,0,0,0,0,0,0,0
landmarke,4,landmarking=4,0,0,4,0,0,0,0,0
larson,4,larson=4,0,4,0,0,0,0,0,0
laws,4,laws=4,0,4,0,0,0,0,0,0
leathery,4,leathery=4,0,0,0,0,4,0,0,0
legitimize,4,legitimize=2; legitimized=1; legitimizing=1,0,0,4,0,0,0,0,0
lengthen,4,lengthened=3; lengthen=1,0,0,4,0,0,0,0,0
lentil,4,lentils=4,4,0,0,0,0,0,0,0
lethocerus,4,lethocerus=4,0,4,0,0,0,0,0,0
lfe,4,lfe=4,4,0,0,0,0,0,0,0
liberalism,4,liberalism=4,3,1,0,0,0,0,0,0
liberalization,4,liberalization=4,4,0,0,0,0,0,0,0
liberate,4,liberated=2; liberate=1; liberating=1,0,0,4,0,0,0,0,0
lightfoot,4,lightfoot=4,0,4,0,0,0,0,0,0
lightness,4,lightness=4,4,0,0,0,0,0,0,0
liken,4,likened=4,0,0,4,0,0,0,0,0
lincoln,4,lincoln=4,0,4,0,0,0,0,0,0
linnaeus,4,linnaeus=4,0,4,0,0,0,0,0,0
lipids,4,lipids=4,0,4,0,0,0,0,0,0
literal,4,literal=4,0,0,0,0,4,0,0,0
locale,4,locale=2; locales=2,4,0,0,0,0,0,0,0
locomotive,4,locomotive=2; locomotives=2,2,0,0,0,2,0,0,0
lone,4,lone=4,1,0,0,0,3,0,0,0
longline,4,longline=4,2,0,0,0,2,0,0,0
lotion,4,lotion=4,4,0,0,0,0,0,0,0
louse,4,louse=4,4,0,0,0,0,0,0,0
lovely,4,lovely=4,0,0,0,0,4,0,0,0
mailbox,4,mailbox=3; mailboxes=1,4,0,0,0,0,0,0,0
maimonides,4,maimonides=4,0,4,0,0,0,0,0,0
mainstream,4,mainstream=4,2,0,0,0,2,0,0,0
managerial,4,managerial=4,0,0,0,0,4,0,0,0
manet,4,manet=4,0,4,0,0,0,0,0,0
maneuverability,4,maneuverability=4,3,1,0,0,0,0,0,0
marie,4,marie=4,0,4,0,0,0,0,0,0
mariner,4,mariner=2; mariners=2,2,2,0,0,0,0,0,0
marshack,4,marshack=4,0,4,0,0,0,0,0,0
marshy,4,marshy=4,0,0,0,0,4,0,0,0
masonry,4,masonry=4,4,0,0,0,0,0,0,0
maurice,4,maurice=4,0,4,0,0,0,0,0,0
maximizer,4,maximizer=4,4,0,0,0,0,0,0,0
measle,4,measles=4,4,0,0,0,0,0,0,0
memorization,4,memorization=4,4,0,0,0,0,0,0,0
mercenary,4,mercenaries=4,4,0,0,0,0,0,0,0
merchandise,4,merchandise=4,4,0,0,0,0,0,0,0
metabolically,4,metabolically=4,0,0,0,0,0,4,0,0
meticulous,4,meticulous=4,0,0,0,0,4,0,0,0
mia,4,mia=4,0,4,0,0,0,0,0,0
microbead,4,microbead=2; microbeads=2,3,1,0,0,0,0,0,0
microbursts,4,microbursts=4,0,4,0,0,0,0,0,0
micrometer,4,micrometers=4,4,0,0,0,0,0,0,0
midwestern,4,midwestern=4,0,0,0,0,4,0,0,0
mighty,4,mighty=4,0,0,0,0,4,0,0,0
mildew,4,mildew=4,4,0,0,0,0,0,0,0
mildly,4,mildly=4,0,0,0,0,0,4,0,0
mimosae,4,mimosae=4,2,0,2,0,0,0,0,0
minimalism,4,minimalism=4,4,0,0,0,0,0,0,0
missing,4,missing=4,0,0,0,0,4,0,0,0
mist,4,mist=3; mists=1,4,0,0,0,0,0,0,0
mistletoe,4,mistletoe=4,3,1,0,0,0,0,0,0
mobilization,4,mobilization=4,4,0,0,0,0,0,0,0
modernization,4,modernization=4,4,0,0,0,0,0,0,0
molly,4,molly=4,0,2,0,0,0,2,0,0
momentum,4,momentum=4,4,0,0,0,0,0,0,0
mongolia,4,mongolia=4,0,4,0,0,0,0,0,0
montias,4,montias=4,0,4,0,0,0,0,0,0
montpelier,4,montpelier=4,0,4,0,0,0,0,0,0
moravia,4,moravia=4,0,4,0,0,0,0,0,0
moths,4,moths=4,0,4,0,0,0,0,0,0
motto,4,motto=4,3,1,0,0,0,0,0,0
mounds,4,mounds=4,0,4,0,0,0,0,0,0
mountaintop,4,mountaintop=3; mountaintops=1,4,0,0,0,0,0,0,0
mullerian,4,mullerian=4,0,2,0,0,2,0,0,0
murphy,4,murphy=4,0,4,0,0,0,0,0,0
museums,4,museums=4,0,4,0,0,0,0,0,0
mycelium,4,mycelium=4,4,0,0,0,0,0,0,0
myers,4,myers=4,0,4,0,0,0,0,0,0
myriad,4,myriad=3; myriads=1,1,0,0,0,2,1,0,0
mythical,4,mythical=4,0,0,0,0,4,0,0,0
nabakov,4,nabakov=4,0,4,0,0,0,0,0,0
naked,4,naked=4,0,0,0,0,4,0,0,0
nanook,4,nanook=4,0,4,0,0,0,0,0,0
narrate,4,narrated=2; narrates=2,0,0,4,0,0,0,0,0
nathan,4,nathan=4,0,4,0,0,0,0,0,0
nationwide,4,nationwide=4,0,0,0,0,2,2,0,0
nativity,4,nativity=4,0,4,0,0,0,0,0,0
neatly,4,neatly=4,0,0,0,0,0,4,0,0
neo,4,neo=4,0,3,0,0,1,0,0,0
neoclassical,4,neoclassical=4,0,0,0,0,4,0,0,0
neville,4,neville=4,0,4,0,0,0,0,0,0
nickelodeon,4,nickelodeon=4,2,2,0,0,0,0,0,0
niepce,4,niepce=4,0,4,0,0,0,0,0,0
nodal,4,nodal=4,3,0,0,0,1,0,0,0
noncircular,4,noncircular=4,0,0,0,0,4,0,0,0
noncode,4,noncoding=4,0,0,4,0,0,0,0,0
nonexistent,4,nonexistent=4,0,0,0,0,4,0,0,0
nonfiction,4,nonfiction=4,3,1,0,0,0,0,0,0
nonprofessional,4,nonprofessional=2; nonprofessionals=2,2,0,0,0,2,0,0,0
nontechnical,4,nontechnical=4,0,0,0,0,4,0,0,0
northside,4,northside=4,0,4,0,0,0,0,0,0
northw,4,northwest=4,0,0,0,0,4,0,0,0
norwegian,4,norwegian=4,0,0,0,0,4,0,0,0
nostalgic,4,nostalgic=4,0,0,0,0,4,0,0,0
notification,4,notification=3; notifications=1,3,1,0,0,0,0,0,0
november,4,november=4,0,4,0,0,0,0,0,0
nude,4,nude=2; nuded=2,1,0,2,0,1,0,0,0
oblique,4,oblique=4,1,0,0,0,3,0,0,0
obstruct,4,obstructed=3; obstructing=1,0,0,4,0,0,0,0,0
oc,4,oc=4,0,4,0,0,0,0,0,0
offensive,4,offensive=4,0,0,0,0,4,0,0,0
olfactory,4,olfactory=4,0,0,0,0,4,0,0,0
oman,4,oman=4,0,4,0,0,0,0,0,0
omit,4,omitted=2; omitting=2,0,0,4,0,0,0,0,0
onboard,4,onboard=4,0,1,0,0,2,0,0,1
onychonycteris,4,onychonycteris=4,0,4,0,0,0,0,0,0
operant,4,operant=4,0,1,0,0,3,0,0,0
opt,4,opted=4,0,0,4,0,0,0,0,0
orion,4,orion=4,0,4,0,0,0,0,0,0
oscillation,4,oscillation=3; oscillations=1,1,3,0,0,0,0,0,0
ottaviano,4,ottaviano=4,0,4,0,0,0,0,0,0
ours,4,ours=4,0,0,0,0,0,0,4,0
outfit,4,outfit=3; outfits=1,4,0,0,0,0,0,0,0
outgoing,4,outgoing=4,0,0,0,0,4,0,0,0
outperform,4,outperform=3; outperformed=1,0,0,4,0,0,0,0,0
oval,4,oval=4,4,0,0,0,0,0,0,0
overconfidence,4,overconfidence=4,3,1,0,0,0,0,0,0
overcrowded,4,overcrowded=4,0,0,0,0,4,0,0,0
overdiscarde,4,overdiscarding=4,0,0,4,0,0,0,0,0
overpopulation,4,overpopulation=4,4,0,0,0,0,0,0,0
overtax,4,overtax=3; overtaxing=1,0,0,4,0,0,0,0,0
oxcart,4,oxcarts=4,4,0,0,0,0,0,0,0
oxidizer,4,oxidizer=4,4,0,0,0,0,0,0,0
oxygenate,4,oxygenated=3; oxygenating=1,0,0,4,0,0,0,0,0
pachacuti,4,pachacuti=4,0,4,0,0,0,0,0,0
paddle,4,paddling=3; paddle=1,1,0,3,0,0,0,0,0
palomar,4,palomar=4,0,4,0,0,0,0,0,0
panic,4,panicking=2; panic=1; panicked=1,1,0,3,0,0,0,0,0
pasturage,4,pasturage=4,4,0,0,0,0,0,0,0
pastureland,4,pastureland=4,1,1,2,0,0,0,0,0
patrician,4,patricians=4,4,0,0,0,0,0,0,0
pelican,4,pelicans=4,4,0,0,0,0,0,0,0
penalty,4,penalties=2; penalty=2,4,0,0,0,0,0,0,0
pennsylvanian,4,pennsylvanian=4,0,0,0,0,4,0,0,0
pepperberg,4,pepperberg=4,0,4,0,0,0,0,0,0
peppered,4,peppered=4,0,3,0,0,1,0,0,0
peregrine,4,peregrine=4,4,0,0,0,0,0,0,0
performances,4,performances=4,0,4,0,0,0,0,0,0
perish,4,perish=2; perished=1; perishes=1,0,0,4,0,0,0,0,0
perplexing,4,perplexing=4,1,0,0,0,3,0,0,0
persistence,4,persistence=4,4,0,0,0,0,0,0,0
personnel,4,personnel=4,4,0,0,0,0,0,0,0
pertussis,4,pertussis=4,4,0,0,0,0,0,0,0
ph,4,ph=4,0,1,0,0,3,0,0,0
phages,4,phages=4,0,4,0,0,0,0,0,0
philae,4,philae=4,0,4,0,0,0,0,0,0
philip,4,philip=4,0,4,0,0,0,0,0,0
philopatry,4,philopatry=4,2,2,0,0,0,0,0,0
photinus,4,photinus=4,0,4,0,0,0,0,0,0
photophore,4,photophores=4,4,0,0,0,0,0,0,0
physiologically,4,physiologically=4,0,0,0,0,0,4,0,0
pictogram,4,pictograms=3; pictogram=1,4,0,0,0,0,0,0,0
pictorialist,4,pictorialist=2; pictorialists=2,3,1,0,0,0,0,0,0
pillow,4,pillows=3; pillow=1,4,0,0,0,0,0,0,0
plasticity,4,plasticity=4,3,1,0,0,0,0,0,0
plein,4,plein=4,4,0,0,0,0,0,0,0
plowing,4,plowing=4,3,1,0,0,0,0,0,0
poaching,4,poaching=4,3,0,0,0,1,0,0,0
politely,4,politely=4,0,0,0,0,0,4,0,0
pollack,4,pollack=4,0,4,0,0,0,0,0,0
polluting,4,polluting=4,0,0,0,0,4,0,0,0
polyester,4,polyester=4,4,0,0,0,0,0,0,0
polyethism,4,polyethism=4,4,0,0,0,0,0,0,0
polysaccharide,4,polysaccharide=4,3,1,0,0,0,0,0,0
pope,4,pope=4,0,4,0,0,0,0,0,0
postmodernist,4,postmodernist=4,1,0,0,0,3,0,0,0
postwar,4,postwar=4,0,1,0,0,3,0,0,0
potted,4,potted=4,0,0,0,0,4,0,0,0
powerfully,4,powerfully=4,0,0,0,0,0,4,0,0
pray,4,pray=4,0,0,4,0,0,0,0,0
precaution,4,precautions=3; precaution=1,4,0,0,0,0,0,0,0
precedent,4,precedent=2; precedents=2,4,0,0,0,0,0,0,0
predictability,4,predictability=4,4,0,0,0,0,0,0,0
premier,4,premier=3; premiered=1,2,0,1,0,1,0,0,0
premortem,4,premortem=4,3,1,0,0,0,0,0,0
preoccupation,4,preoccupation=4,4,0,0,0,0,0,0,0
preoperational,4,preoperational=4,0,1,0,0,3,0,0,0
prescott,4,prescott=4,0,4,0,0,0,0,0,0
presently,4,presently=4,0,0,0,0,0,4,0,0
preservative,4,preservative=3; preservatives=1,4,0,0,0,0,0,0,0
presidency,4,presidency=4,4,0,0,0,0,0,0,0
pressurize,4,pressurized=3; pressurize=1,0,0,4,0,0,0,0,0
prevalence,4,prevalence=4,4,0,0,0,0,0,0,0
prevenom,4,prevenom=4,3,0,0,0,1,0,0,0
principessa,4,principessa=4,0,4,0,0,0,0,0,0
prism,4,prism=3; prisms=1,4,0,0,0,0,0,0,0
pritchard,4,pritchard=4,0,4,0,0,0,0,0,0
privileged,4,privileged=4,0,0,0,0,4,0,0,0
programme,4,programme=4,4,0,0,0,0,0,0,0
programs,4,programs=4,0,4,0,0,0,0,0,0
promoter,4,promoters=4,4,0,0,0,0,0,0,0
pronounced,4,pronounced=4,0,0,0,0,4,0,0,0
propagate,4,propagate=2; propagates=1; propagating=1,1,0,3,0,0,0,0,0
propagation,4,propagation=4,3,1,0,0,0,0,0,0
proportionally,4,proportionally=4,0,0,0,0,0,4,0,0
protocol,4,protocols=3; protocol=1,4,0,0,0,0,0,0,0
provider,4,providers=3; provider=1,4,0,0,0,0,0,0,0
provision,4,provision=3; provisions=1,4,0,0,0,0,0,0,0
pterygota,4,pterygota=4,0,4,0,0,0,0,0,0
puddle,4,puddle=2; puddles=2,4,0,0,0,0,0,0,0
purify,4,purify=3; purifying=1,0,0,4,0,0,0,0,0
puzzling,4,puzzling=4,0,1,0,0,3,0,0,0
quebec,4,quebec=4,0,4,0,0,0,0,0,0
quest,4,quest=4,1,3,0,0,0,0,0,0
quill,4,quill=3; quills=1,1,3,0,0,0,0,0,0
quirky,4,quirky=4,0,0,0,0,4,0,0,0
r,4,r=4,3,1,0,0,0,0,0,0
rabbi,4,rabbis=4,4,0,0,0,0,0,0,0
racetrack,4,racetrack=3; racetracks=1,1,3,0,0,0,0,0,0
raindrop,4,raindrops=4,4,0,0,0,0,0,0,0
raiser,4,raiser=3; raisers=1,4,0,0,0,0,0,0,0
raisonne,4,raisonne=4,4,0,0,0,0,0,0,0
raptor,4,raptor=2; raptors=2,4,0,0,0,0,0,0,0
raritan,4,raritan=4,0,4,0,0,0,0,0,0
rarity,4,rarity=4,4,0,0,0,0,0,0,0
rauschenberg,4,rauschenberg=4,0,4,0,0,0,0,0,0
razor,4,razor=3; razors=1,4,0,0,0,0,0,0,0
readership,4,readership=4,4,0,0,0,0,0,0,0
rebound,4,rebounded=3; rebound=1,0,0,4,0,0,0,0,0
recharge,4,recharge=3; recharges=1,0,0,4,0,0,0,0,0
recipient,4,recipient=3; recipients=1,4,0,0,0,0,0,0,0
recital,4,recital=4,4,0,0,0,0,0,0,0
reconnaissance,4,reconnaissance=4,0,4,0,0,0,0,0,0
recorded,4,recorded=4,0,0,0,0,4,0,0,0
redesign,4,redesign=2; redesigned=1; redesigning=1,0,0,4,0,0,0,0,0
redirect,4,redirect=1; redirected=1; redirecting=1; redirects=1,0,0,4,0,0,0,0,0
rediscover,4,rediscovered=4,0,0,4,0,0,0,0,0
reestablish,4,reestablish=3; reestablishing=1,0,0,4,0,0,0,0,0
reevaluate,4,reevaluate=3; reevaluated=1,0,0,4,0,0,0,0,0
reexamination,4,reexamination=4,4,0,0,0,0,0,0,0
referencing,4,referencing=4,3,1,0,0,0,0,0,0
refill,4,refilling=2; refilled=1; refills=1,1,0,3,0,0,0,0,0
reforestation,4,reforestation=4,4,0,0,0,0,0,0,0
refundable,4,refundable=4,0,0,0,0,4,0,0,0
reinvent,4,reinvented=2; reinvent=1; reinventing=1,0,0,4,0,0,0,0,0
relaxation,4,relaxation=4,3,1,0,0,0,0,0,0
reliant,4,reliant=4,0,1,0,0,3,0,0,0
reload,4,reload=2; reloading=2,0,0,4,0,0,0,0,0
remedy,4,remedy=3; remedies=1,3,0,1,0,0,0,0,0
repaint,4,repainted=2; repaint=1; repainting=1,0,0,4,0,0,0,0,0
repopulate,4,repopulate=2; repopulated=2,0,0,4,0,0,0,0,0
requirements,4,requirements=4,0,4,0,0,0,0,0,0
reread,4,reread=4,0,0,4,0,0,0,0,0
reshape,4,reshaped=3; reshape=1,0,0,4,0,0,0,0,0
resonance,4,resonance=4,3,1,0,0,0,0,0,0
restricted,4,restricted=4,0,0,0,0,4,0,0,0
restrictive,4,restrictive=4,0,0,0,0,4,0,0,0
resultant,4,resultant=4,2,0,0,0,2,0,0,0
resumes,4,resumes=4,0,4,0,0,0,0,0,0
retirement,4,retirement=4,4,0,0,0,0,0,0,0
revisit,4,revisited=2; revisiting=1; revisits=1,0,0,4,0,0,0,0,0
rey,4,rey=4,0,4,0,0,0,0,0,0
rhesus,4,rhesus=4,4,0,0,0,0,0,0,0
rhine,4,rhine=4,0,4,0,0,0,0,0,0
rigidly,4,rigidly=4,0,0,0,0,0,4,0,0
rinse,4,rinse=3; rinsing=1,0,0,4,0,0,0,0,0
riot,4,riots=2; riot=1; rioting=1,3,0,1,0,0,0,0,0
riverfront,4,riverfront=4,4,0,0,0,0,0,0,0
roadside,4,roadside=3; roadsides=1,4,0,0,0,0,0,0,0
robotic,4,robotics=3; robotic=1,3,0,0,0,1,0,0,0
romare,4,romare=4,0,4,0,0,0,0,0,0
roofing,4,roofing=4,4,0,0,0,0,0,0,0
roosevelt,4,roosevelt=4,0,4,0,0,0,0,0,0
rooted,4,rooted=4,0,0,0,0,4,0,0,0
roundel,4,roundel=2; roundels=2,4,0,0,0,0,0,0,0
rpp,4,rpp=4,0,4,0,0,0,0,0,0
salaried,4,salaried=4,0,0,0,0,4,0,0,0
salesman,4,salesman=4,4,0,0,0,0,0,0,0
saltier,4,saltier=4,4,0,0,0,0,0,0,0
sanders,4,sanders=4,0,4,0,0,0,0,0,0
santa,4,santa=4,0,4,0,0,0,0,0,0
sargon,4,sargon=4,0,4,0,0,0,0,0,0
satiation,4,satiation=4,3,1,0,0,0,0,0,0
saw,4,saw=1; sawed=1; sawing=1; saws=1,1,0,2,0,1,0,0,0
scablands,4,scablands=4,0,4,0,0,0,0,0,0
scary,4,scary=4,0,0,0,0,4,0,0,0
scientists,4,scientists=4,0,4,0,0,0,0,0,0
scissor,4,scissors=3; scissor=1,4,0,0,0,0,0,0,0
scrape,4,scrape=4,0,0,4,0,0,0,0,0
screenplay,4,screenplay=3; screenplays=1,4,0,0,0,0,0,0,0
seabirds,4,seabirds=4,0,4,0,0,0,0,0,0
seafarer,4,seafarers=4,4,0,0,0,0,0,0,0
seas,4,seas=4,0,4,0,0,0,0,0,0
secretly,4,secretly=4,0,0,0,0,0,4,0,0
sedimentation,4,sedimentation=4,4,0,0,0,0,0,0,0
seeder,4,seeder=4,4,0,0,0,0,0,0,0
seismometer,4,seismometer=2; seismometers=2,4,0,0,0,0,0,0,0
seize,4,seized=3; seize=1,0,0,4,0,0,0,0,0
sender,4,sender=3; senders=1,4,0,0,0,0,0,0,0
sensibility,4,sensibilities=2; sensibility=2,4,0,0,0,0,0,0,0
sequencing,4,sequencing=4,4,0,0,0,0,0,0,0
setback,4,setbacks=3; setback=1,4,0,0,0,0,0,0,0
seventeen,4,seventeen=4,0,0,1,0,0,0,0,3
sewing,4,sewing=4,4,0,0,0,0,0,0,0
shady,4,shady=4,0,0,0,0,4,0,0,0
shallower,4,shallower=4,2,0,1,0,1,0,0,0
shared,4,shared=4,0,0,0,0,4,0,0,0
sheath,4,sheaths=4,4,0,0,0,0,0,0,0
shifting,4,shifting=4,3,0,0,0,1,0,0,0
shimmering,4,shimmering=4,2,0,0,0,2,0,0,0
shocking,4,shocking=4,0,0,0,0,4,0,0,0
shorebirds,4,shorebirds=4,0,4,0,0,0,0,0,0
shrank,4,shrank=4,0,0,1,0,3,0,0,0
shred,4,shred=1; shredded=1; shredding=1; shreds=1,2,0,2,0,0,0,0,0
shrine,4,shrine=2; shrines=2,4,0,0,0,0,0,0,0
shy,4,shy=4,0,0,0,0,4,0,0,0
sift,4,sift=2; sifted=1; sifting=1,0,0,4,0,0,0,0,0
sighted,4,sighted=4,0,0,0,0,4,0,0,0
simon,4,simon=4,0,4,0,0,0,0,0,0
sitter,4,sitter=2; sitters=2,2,2,0,0,0,0,0,0
sixty,4,sixty=4,0,0,0,0,0,0,0,4
skater,4,skaters=3; skater=1,4,0,0,0,0,0,0,0
skier,4,skier=2; skiers=2,4,0,0,0,0,0,0,0
skills,4,skills=4,0,4,0,0,0,0,0,0
skim,4,skimming=3; skim=1,0,0,4,0,0,0,0,0
skunk,4,skunk=4,4,0,0,0,0,0,0,0
skyrocket,4,skyrocketed=2; skyrocket=1; skyrocketing=1,0,0,4,0,0,0,0,0
slapstick,4,slapstick=4,4,0,0,0,0,0,0,0
sledge,4,sledges=4,4,0,0,0,0,0,0,0
sleepy,4,sleepy=4,0,0,0,0,4,0,0,0
smallpox,4,smallpox=4,3,0,1,0,0,0,0,0
sociologist,4,sociologist=3; sociologists=1,4,0,0,0,0,0,0,0
soergel,4,soergel=4,0,4,0,0,0,0,0,0
soffer,4,soffer=4,0,4,0,0,0,0,0,0
softball,4,softball=4,4,0,0,0,0,0,0,0
soliloquy,4,soliloquies=4,4,0,0,0,0,0,0,0
solitude,4,solitude=4,4,0,0,0,0,0,0,0
solstice,4,solstice=4,4,0,0,0,0,0,0,0
solving,4,solving=4,4,0,0,0,0,0,0,0
soybean,4,soybean=2; soybeans=2,4,0,0,0,0,0,0,0
spaniards,4,spaniards=4,0,4,0,0,0,0,0,0
spawning,4,spawning=4,3,0,0,0,1,0,0,0
spearhead,4,spearheads=3; spearheaded=1,3,0,1,0,0,0,0,0
spears,4,spears=4,0,4,0,0,0,0,0,0
spiders,4,spiders=4,0,4,0,0,0,0,0,0
spike,4,spike=3; spikes=1,4,0,0,0,0,0,0,0
sprinkle,4,sprinkled=3; sprinkle=1,0,0,4,0,0,0,0,0
squat,4,squat=4,0,0,0,0,4,0,0,0
st,4,st=3; sts=1,1,3,0,0,0,0,0,0
stamina,4,stamina=4,4,0,0,0,0,0,0,0
starling,4,starlings=4,4,0,0,0,0,0,0,0
steering,4,steering=4,4,0,0,0,0,0,0,0
sternberg,4,sternberg=4,0,4,0,0,0,0,0,0
stickleback,4,stickleback=4,3,0,0,0,1,0,0,0
stiffen,4,stiffen=2; stiffened=1; stiffens=1,0,0,4,0,0,0,0,0
stiles,4,stiles=4,0,4,0,0,0,0,0,0
storefront,4,storefront=4,1,0,0,0,3,0,0,0
strata,4,strata=4,4,0,0,0,0,0,0,0
strategically,4,strategically=4,0,0,0,0,0,4,0,0
streamline,4,streamline=2; streamlined=2,0,0,4,0,0,0,0,0
strikingly,4,strikingly=4,0,0,0,0,0,4,0,0
stringent,4,stringent=4,0,0,0,0,4,0,0,0
striped,4,striped=4,0,0,0,0,4,0,0,0
stroll,4,stroll=2; strolling=2,1,0,3,0,0,0,0,0
strontium,4,strontium=4,3,0,1,0,0,0,0,0
stylistically,4,stylistically=4,0,1,0,0,0,3,0,0
stylized,4,stylized=4,1,0,0,0,3,0,0,0
subconscious,4,subconscious=4,0,0,0,0,4,0,0,0
submarine,4,submarine=2; submarines=2,4,0,0,0,0,0,0,0
submersible,4,submersibles=4,4,0,0,0,0,0,0,0
substitution,4,substitution=4,4,0,0,0,0,0,0,0
subtlety,4,subtleties=2; subtlety=2,4,0,0,0,0,0,0,0
suggestibility,4,suggestibility=4,4,0,0,0,0,0,0,0
suitability,4,suitability=4,4,0,0,0,0,0,0,0
suitcase,4,suitcase=3; suitcases=1,4,0,0,0,0,0,0,0
sundays,4,sundays=4,0,4,0,0,0,0,0,0
sunken,4,sunken=4,0,0,0,0,4,0,0,0
supernatural,4,supernatural=4,0,0,0,0,4,0,0,0
surgery,4,surgeries=2; surgery=2,4,0,0,0,0,0,0,0
suspicious,4,suspicious=4,0,0,0,0,4,0,0,0
swam,4,swam=4,1,0,2,0,1,0,0,0
swedish,4,swedish=4,0,0,0,0,4,0,0,0
swiftly,4,swiftly=4,0,0,0,0,0,4,0,0
switching,4,switching=4,4,0,0,0,0,0,0,0
synthesize,4,synthesize=2; synthesized=1; synthesizing=1,0,0,4,0,0,0,0,0
syphili,4,syphilis=4,2,0,2,0,0,0,0,0
tableware,4,tableware=4,4,0,0,0,0,0,0,0
tackle,4,tackle=3; tackled=1,0,0,4,0,0,0,0,0
tambalacoque,4,tambalacoque=4,1,0,0,0,3,0,0,0
tame,4,tame=2; taming=2,1,0,2,0,1,0,0,0
tampa,4,tampa=4,0,4,0,0,0,0,0,0
taro,4,taro=4,4,0,0,0,0,0,0,0
taxonomic,4,taxonomic=4,1,0,0,0,3,0,0,0
tease,4,tease=2; teased=2,0,0,4,0,0,0,0,0
tempo,4,tempo=4,3,0,1,0,0,0,0,0
tenet,4,tenets=4,4,0,0,0,0,0,0,0
tennis,4,tennis=4,4,0,0,0,0,0,0,0
tentative,4,tentative=4,0,0,0,0,4,0,0,0
terracing,4,terracing=4,3,1,0,0,0,0,0,0
tesserae,4,tesserae=4,4,0,0,0,0,0,0,0
thanatosis,4,thanatosis=4,4,0,0,0,0,0,0,0
thirst,4,thirst=4,4,0,0,0,0,0,0,0
thirteen,4,thirteen=4,0,0,0,0,0,0,0,4
thrilled,4,thrilled=4,0,0,0,0,4,0,0,0
thrombalite,4,thrombalites=3; thrombalite=1,4,0,0,0,0,0,0,0
thumb,4,thumb=4,4,0,0,0,0,0,0,0
thunderbirds,4,thunderbirds=4,0,4,0,0,0,0,0,0
thunen,4,thunen=4,0,4,0,0,0,0,0,0
tikal,4,tikal=4,0,4,0,0,0,0,0,0
timeless,4,timeless=4,0,0,0,0,4,0,0,0
tiring,4,tiring=4,1,0,0,0,3,0,0,0
tlatelolco,4,tlatelolco=4,1,3,0,0,0,0,0,0
tlingit,4,tlingit=4,0,4,0,0,0,0,0,0
toe,4,toe=4,4,0,0,0,0,0,0,0
tonal,4,tonal=4,0,0,0,0,4,0,0,0
toothed,4,toothed=4,0,0,0,0,4,0,0,0
topa,4,topa=4,0,4,0,0,0,0,0,0
topper,4,topper=4,4,0,0,0,0,0,0,0
torpid,4,torpid=4,0,0,0,0,4,0,0,0
transoceanic,4,transoceanic=4,0,0,0,0,4,0,0,0
transporter,4,transporters=3; transporter=1,4,0,0,0,0,0,0,0
trapper,4,trappers=4,4,0,0,0,0,0,0,0
travelogue,4,travelogue=2; travelogues=2,4,0,0,0,0,0,0,0
traverse,4,traverse=2; traversed=1; traversing=1,0,0,4,0,0,0,0,0
treaty,4,treaties=2; treaty=2,4,0,0,0,0,0,0,0
tremor,4,tremors=3; tremor=1,4,0,0,0,0,0,0,0
triangular,4,triangular=4,4,0,0,0,0,0,0,0
tributary,4,tributaries=4,4,0,0,0,0,0,0,0
triumph,4,triumph=4,2,0,2,0,0,0,0,0
troublesome,4,troublesome=4,0,0,0,0,4,0,0,0
trumpet,4,trumpet=3; trumpets=1,4,0,0,0,0,0,0,0
tuck,4,tuck=2; tucked=2,0,0,4,0,0,0,0,0
tuft,4,tufts=4,4,0,0,0,0,0,0,0
tug,4,tugs=2; tug=1; tugging=1,3,0,1,0,0,0,0,0
tuniit,4,tuniit=4,0,4,0,0,0,0,0,0
turnpike,4,turnpike=3; turnpikes=1,3,0,1,0,0,0,0,0
twig,4,twigs=4,4,0,0,0,0,0,0,0
ubiquitous,4,ubiquitous=4,0,0,0,0,4,0,0,0
ukraine,4,ukraine=4,0,4,0,0,0,0,0,0
unattended,4,unattended=4,0,0,0,0,4,0,0,0
unconvincing,4,unconvincing=4,0,0,0,0,4,0,0,0
underdeveloped,4,underdeveloped=4,0,0,0,0,4,0,0,0
unger,4,unger=4,1,3,0,0,0,0,0,0
unify,4,unified=2; unify=2,0,0,4,0,0,0,0,0
universally,4,universally=4,0,0,0,0,1,3,0,0
unpalatable,4,unpalatable=4,0,0,0,0,4,0,0,0
unplanned,4,unplanned=4,0,0,0,0,4,0,0,0
unpopulated,4,unpopulated=4,0,0,0,0,4,0,0,0
unpredictably,4,unpredictably=4,0,1,0,0,0,3,0,0
unripe,4,unripe=4,4,0,0,0,0,0,0,0
uphold,4,uphold=2; upheld=1; upholds=1,0,0,4,0,0,0,0,0
urinate,4,urinate=3; urinates=1,0,0,3,0,1,0,0,0
useable,4,useable=4,0,0,0,0,4,0,0,0
utility,4,utility=3; utilities=1,4,0,0,0,0,0,0,0
vague,4,vague=4,0,0,0,0,4,0,0,0
valles,4,valles=4,0,4,0,0,0,0,0,0
vaporization,4,vaporization=4,3,1,0,0,0,0,0,0
vas,4,vases=4,4,0,0,0,0,0,0,0
verge,4,verge=3; verging=1,3,0,1,0,0,0,0,0
vibrate,4,vibrate=2; vibrates=1; vibrating=1,2,0,2,0,0,0,0,0
victor,4,victor=3; victors=1,3,1,0,0,0,0,0,0
vicuna,4,vicuna=2; vicunas=2,4,0,0,0,0,0,0,0
voiceover,4,voiceover=3; voiceovers=1,4,0,0,0,0,0,0,0
waist,4,waist=4,4,0,0,0,0,0,0,0
wavy,4,wavy=4,0,0,0,0,4,0,0,0
weasel,4,weasel=3; weasels=1,2,2,0,0,0,0,0,0
welfare,4,welfare=4,4,0,0,0,0,0,0,0
westerly,4,westerlies=3; westerly=1,3,0,0,0,1,0,0,0
whales,4,whales=4,0,4,0,0,0,0,0,0
whatnot,4,whatnot=4,0,0,0,0,1,3,0,0
wheeled,4,wheeled=4,0,0,0,0,4,0,0,0
wield,4,wielded=2; wielding=2,0,0,4,0,0,0,0,0
wildcat,4,wildcat=4,0,4,0,0,0,0,0,0
wilkins,4,wilkins=4,0,4,0,0,0,0,0,0
wintering,4,wintering=4,4,0,0,0,0,0,0,0
wiring,4,wiring=4,4,0,0,0,0,0,0,0
wisely,4,wisely=4,0,0,0,0,0,4,0,0
withdrawal,4,withdrawal=4,3,1,0,0,0,0,0,0
wombat,4,wombat=2; wombats=2,4,0,0,0,0,0,0,0
woodcock,4,woodcock=4,4,0,0,0,0,0,0,0
woodworker,4,woodworkers=3; woodworker=1,4,0,0,0,0,0,0,0
wording,4,wording=4,4,0,0,0,0,0,0,0
worship,4,worship=3; worshipped=1,2,0,2,0,0,0,0,0
wu,4,wu=4,0,4,0,0,0,0,0,0
xeromorphic,4,xeromorphic=4,0,0,0,0,4,0,0,0
xrf,4,xrf=4,0,4,0,0,0,0,0,0
yangzi,4,yangzi=4,0,4,0,0,0,0,0,0
yoke,4,yoke=4,4,0,0,0,0,0,0,0
yours,4,yours=4,0,0,0,0,0,0,4,0
yupanqui,4,yupanqui=4,0,4,0,0,0,0,0,0
abraham,3,abraham=3,0,3,0,0,0,0,0,0
abrasive,3,abrasive=3,0,0,0,0,3,0,0,0
absorber,3,absorbers=3,3,0,0,0,0,0,0,0
absorbing,3,absorbing=3,1,0,0,0,2,0,0,0
accelerator,3,accelerators=3,3,0,0,0,0,0,0,0
accepted,3,accepted=3,0,0,0,0,3,0,0,0
accessory,3,accessories=3,3,0,0,0,0,0,0,0
acidify,3,acidified=2; acidify=1,0,0,3,0,0,0,0,0
acoustical,3,acoustical=3,0,0,0,0,3,0,0,0
acquaint,3,acquainted=3,0,0,3,0,0,0,0,0
activism,3,activism=3,3,0,0,0,0,0,0,0
activist,3,activist=2; activists=1,2,0,0,0,1,0,0,0
actuality,3,actuality=3,3,0,0,0,0,0,0,0
adaptability,3,adaptability=3,3,0,0,0,0,0,0,0
adelaide,3,adelaide=3,0,3,0,0,0,0,0,0
admirable,3,admirable=3,0,0,0,0,3,0,0,0
adventures,3,adventures=3,0,3,0,0,0,0,0,0
adversely,3,adversely=3,0,0,0,0,0,3,0,0
advisory,3,advisory=3,0,0,0,0,3,0,0,0
aeration,3,aeration=3,1,2,0,0,0,0,0,0
aerobic,3,aerobic=3,0,0,0,0,3,0,0,0
afar,3,afar=3,0,0,0,0,0,3,0,0
affection,3,affections=2; affection=1,2,1,0,0,0,0,0,0
afloat,3,afloat=3,0,0,0,0,0,3,0,0
africans,3,africans=3,0,3,0,0,0,0,0,0
agenda,3,agenda=2; agendas=1,3,0,0,0,0,0,0,0
ahuitzotl,3,ahuitzotl=3,0,3,0,0,0,0,0,0
aitken,3,aitken=3,0,3,0,0,0,0,0,0
akamu,3,akamu=3,0,3,0,0,0,0,0,0
alabama,3,alabama=3,0,3,0,0,0,0,0,0
alarming,3,alarming=3,0,0,0,0,3,0,0,0
alba,3,alba=3,0,3,0,0,0,0,0,0
alberta,3,alberta=3,0,3,0,0,0,0,0,0
alchemist,3,alchemists=3,3,0,0,0,0,0,0,0
ale,3,ale=3,3,0,0,0,0,0,0,0
aleutian,3,aleutian=3,0,1,0,0,2,0,0,0
alexandria,3,alexandria=3,0,3,0,0,0,0,0,0
alkaloids,3,alkaloids=3,0,3,0,0,0,0,0,0
alleged,3,alleged=3,0,0,0,0,3,0,0,0
allegiance,3,allegiance=3,3,0,0,0,0,0,0,0
alliteration,3,alliteration=3,3,0,0,0,0,0,0,0
allocation,3,allocation=3,3,0,0,0,0,0,0,0
alp,3,alps=3,3,0,0,0,0,0,0,0
altar,3,altars=2; altar=1,3,0,0,0,0,0,0,0
amanda,3,amanda=3,0,3,0,0,0,0,0,0
amass,3,amassed=3,0,0,3,0,0,0,0,0
ambition,3,ambition=3,3,0,0,0,0,0,0,0
amphibians,3,amphibians=3,0,3,0,0,0,0,0,0
amplify,3,amplify=3,0,0,3,0,0,0,0,0
anaktuvuk,3,anaktuvuk=3,0,3,0,0,0,0,0,0
analytical,3,analytical=3,0,0,0,0,3,0,0,0
anatol,3,anatol=3,0,3,0,0,0,0,0,0
anchovy,3,anchovies=2; anchovy=1,3,0,0,0,0,0,0,0
andy,3,andy=3,0,3,0,0,0,0,0,0
angers,3,angers=3,0,3,0,0,0,0,0,0
angular,3,angular=3,0,0,0,0,3,0,0,0
animation,3,animation=3,3,0,0,0,0,0,0,0
anjou,3,anjou=3,0,3,0,0,0,0,0,0
annotated,3,annotated=3,0,0,0,0,3,0,0,0
ansel,3,ansel=3,0,3,0,0,0,0,0,0
anterior,3,anterior=3,0,0,0,0,3,0,0,0
antifoul,3,antifoul=3,1,1,0,0,1,0,0,0
antioxidants,3,antioxidants=3,0,3,0,0,0,0,0,0
antipollution,3,antipollution=3,3,0,0,0,0,0,0,0
antiquarian,3,antiquarian=3,0,0,0,0,3,0,0,0
antlion,3,antlion=3,3,0,0,0,0,0,0,0
anuran,3,anuran=3,1,0,0,0,2,0,0,0
aphid,3,aphid=3,3,0,0,0,0,0,0,0
apms,3,apms=3,0,3,0,0,0,0,0,0
apoapsis,3,apoapsis=3,3,0,0,0,0,0,0,0
applaud,3,applaud=3,0,0,3,0,0,0,0,0
appraiser,3,appraisers=2; appraiser=1,3,0,0,0,0,0,0,0
approximation,3,approximation=2; approximations=1,3,0,0,0,0,0,0,0
archaeoastronomy,3,archaeoastronomy=3,3,0,0,0,0,0,0,0
archaeologically,3,archaeologically=3,0,0,0,0,0,3,0,0
areas,3,areas=3,0,3,0,0,0,0,0,0
arguably,3,arguably=3,0,0,0,0,0,3,0,0
armament,3,armaments=3,3,0,0,0,0,0,0,0
arrest,3,arrested=2; arrest=1,0,0,3,0,0,0,0,0
articulate,3,articulated=2; articulate=1,0,0,3,0,0,0,0,0
ashlington,3,ashlington=3,0,3,0,0,0,0,0,0
assistants,3,assistants=3,0,3,0,0,0,0,0,0
atalay,3,atalay=3,0,3,0,0,0,0,0,0
athenaeum,3,athenaeum=3,0,3,0,0,0,0,0,0
attendant,3,attendants=2; attendant=1,3,0,0,0,0,0,0,0
attic,3,attic=2; attics=1,2,0,0,0,1,0,0,0
attuned,3,attuned=3,0,0,0,0,3,0,0,0
audiences,3,audiences=3,0,3,0,0,0,0,0,0
audiobook,3,audiobooks=3,3,0,0,0,0,0,0,0
audiovisual,3,audiovisual=3,0,1,0,0,2,0,0,0
aunt,3,aunt=3,3,0,0,0,0,0,0,0
austere,3,austere=3,0,0,0,0,3,0,0,0
austrian,3,austrian=3,0,0,0,0,3,0,0,0
auto,3,auto=3,3,0,0,0,0,0,0,0
avian,3,avian=3,0,0,0,0,3,0,0,0
awe,3,awe=3,3,0,0,0,0,0,0,0
awhile,3,awhile=3,0,0,0,0,0,3,0,0
balsa,3,balsa=3,2,0,1,0,0,0,0,0
banning,3,banning=3,1,2,0,0,0,0,0,0
barnacles,3,barnacles=3,0,3,0,0,0,0,0,0
batch,3,batch=3,3,0,0,0,0,0,0,0
batrachochytrium,3,batrachochytrium=3,0,3,0,0,0,0,0,0
bavaria,3,bavaria=3,0,3,0,0,0,0,0,0
bayside,3,bayside=3,0,3,0,0,0,0,0,0
beck,3,beck=3,0,3,0,0,0,0,0,0
beekeeper,3,beekeepers=3,3,0,0,0,0,0,0,0
beep,3,beep=2; beeps=1,3,0,0,0,0,0,0,0
beer,3,beer=3,3,0,0,0,0,0,0,0
behaviors,3,behaviors=3,0,3,0,0,0,0,0,0
bellow,3,bellows=3,0,0,3,0,0,0,0,0
berden,3,berden=3,0,3,0,0,0,0,0,0
beriberi,3,beriberi=3,1,2,0,0,0,0,0,0
bestseller,3,bestseller=3,3,0,0,0,0,0,0,0
better,3,better=3,0,3,0,0,0,0,0,0
bibliotheque,3,bibliotheque=3,0,3,0,0,0,0,0,0
bicarbonate,3,bicarbonate=3,3,0,0,0,0,0,0,0
bidirectionality,3,bidirectionality=3,3,0,0,0,0,0,0,0
biking,3,biking=3,3,0,0,0,0,0,0,0
binary,3,binary=3,0,0,0,0,3,0,0,0
biochemistry,3,biochemistry=3,3,0,0,0,0,0,0,0
biopond,3,biopond=3,2,0,0,0,1,0,0,0
biosynthesis,3,biosynthesis=3,3,0,0,0,0,0,0,0
birmingham,3,birmingham=3,0,3,0,0,0,0,0,0
biscuit,3,biscuits=2; biscuit=1,3,0,0,0,0,0,0,0
bishop,3,bishop=2; bishops=1,3,0,0,0,0,0,0,0
blackberry,3,blackberry=3,3,0,0,0,0,0,0,0
blanquet,3,blanquet=3,0,3,0,0,0,0,0,0
blatant,3,blatant=3,0,0,0,0,3,0,0,0
bleached,3,bleached=3,0,0,0,0,3,0,0,0
bleacher,3,bleachers=3,3,0,0,0,0,0,0,0
bleed,3,bled=1; bleeding=1; bleeds=1,0,0,3,0,0,0,0,0
blithedale,3,blithedale=3,0,3,0,0,0,0,0,0
blurring,3,blurring=3,3,0,0,0,0,0,0,0
bodie,3,bodie=3,0,3,0,0,0,0,0,0
boesch,3,boesch=3,0,3,0,0,0,0,0,0
boldly,3,boldly=3,0,0,0,0,0,3,0,0
bolsover,3,bolsover=3,0,3,0,0,0,0,0,0
booking,3,booking=3,3,0,0,0,0,0,0,0
bottlenose,3,bottlenose=3,1,0,0,0,2,0,0,0
brabant,3,brabant=3,0,3,0,0,0,0,0,0
brake,3,brake=2; brakes=1,2,0,1,0,0,0,0,0
brandon,3,brandon=3,0,3,0,0,0,0,0,0
brass,3,brass=3,2,1,0,0,0,0,0,0
braun,3,braun=3,0,3,0,0,0,0,0,0
brazilian,3,brazilian=3,0,0,0,0,3,0,0,0
breadnut,3,breadnut=3,3,0,0,0,0,0,0,0
brecht,3,brecht=3,0,3,0,0,0,0,0,0
brighten,3,brighten=2; brightens=1,0,0,3,0,0,0,0,0
brightener,3,brighteners=2; brightener=1,3,0,0,0,0,0,0,0
brower,3,brower=3,1,2,0,0,0,0,0,0
brownlee,3,brownlee=3,0,3,0,0,0,0,0,0
browser,3,browsers=3,3,0,0,0,0,0,0,0
bulbous,3,bulbous=3,0,0,0,0,3,0,0,0
burger,3,burgers=2; burger=1,3,0,0,0,0,0,0,0
bushman,3,bushman=3,0,3,0,0,0,0,0,0
butting,3,butting=3,2,1,0,0,0,0,0,0
ca,3,ca=3,0,3,0,0,0,0,0,0
caching,3,caching=3,3,0,0,0,0,0,0,0
cahokians,3,cahokians=3,0,3,0,0,0,0,0,0
caliber,3,caliber=3,3,0,0,0,0,0,0,0
calico,3,calico=2; calicos=1,3,0,0,0,0,0,0,0
campbell,3,campbell=3,0,3,0,0,0,0,0,0
cancelation,3,cancelation=3,3,0,0,0,0,0,0,0
canid,3,canids=3,3,0,0,0,0,0,0,0
canning,3,canning=3,1,2,0,0,0,0,0,0
cannon,3,cannons=3,3,0,0,0,0,0,0,0
capitano,3,capitano=3,0,3,0,0,0,0,0,0
caption,3,captions=3,3,0,0,0,0,0,0,0
carbonic,3,carbonic=3,2,0,0,0,1,0,0,0
carburization,3,carburization=3,3,0,0,0,0,0,0,0
cardinalfish,3,cardinalfish=3,2,1,0,0,0,0,0,0
careless,3,careless=3,0,1,0,0,2,0,0,0
carolingian,3,carolingian=3,0,3,0,0,0,0,0,0
carpel,3,carpel=2; carpels=1,3,0,0,0,0,0,0,0
carter,3,carter=3,1,2,0,0,0,0,0,0
cartridge,3,cartridges=2; cartridge=1,3,0,0,0,0,0,0,0
caspian,3,caspian=3,0,3,0,0,0,0,0,0
catapult,3,catapulted=2; catapulting=1,0,0,3,0,0,0,0,0
categorization,3,categorization=3,3,0,0,0,0,0,0,0
catenary,3,catenary=3,0,0,0,0,3,0,0,0
cates,3,cates=3,0,3,0,0,0,0,0,0
cather,3,cather=3,0,3,0,0,0,0,0,0
cathy,3,cathy=3,0,3,0,0,0,0,0,0
ceaselessly,3,ceaselessly=3,0,0,0,0,0,3,0,0
celebrated,3,celebrated=3,0,0,0,0,3,0,0,0
cells,3,cells=3,0,3,0,0,0,0,0,0
cemetery,3,cemeteries=2; cemetery=1,3,0,0,0,0,0,0,0
cent,3,cents=3,3,0,0,0,0,0,0,0
centralization,3,centralization=3,3,0,0,0,0,0,0,0
centrally,3,centrally=3,0,0,0,0,0,3,0,0
cerebral,3,cerebral=3,0,0,0,0,3,0,0,0
cerro,3,cerro=3,0,3,0,0,0,0,0,0
cetaceans,3,cetaceans=3,0,3,0,0,0,0,0,0
chacoan,3,chacoan=3,0,3,0,0,0,0,0,0
challenges,3,challenges=3,0,3,0,0,0,0,0,0
channeled,3,channeled=3,0,3,0,0,0,0,0,0
charming,3,charming=3,0,3,0,0,0,0,0,0
cheating,3,cheating=3,3,0,0,0,0,0,0,0
checking,3,checking=3,0,3,0,0,0,0,0,0
cheer,3,cheer=2; cheers=1,0,0,3,0,0,0,0,0
chesterfield,3,chesterfield=3,0,3,0,0,0,0,0,0
chieftain,3,chieftain=3,3,0,0,0,0,0,0,0
chilean,3,chilean=3,0,1,0,0,2,0,0,0
chirp,3,chirping=2; chirps=1,1,0,2,0,0,0,0,0
chloroplast,3,chloroplasts=2; chloroplast=1,3,0,0,0,0,0,0,0
chondrule,3,chondrules=3,3,0,0,0,0,0,0,0
chris,3,chris=3,0,3,0,0,0,0,0,0
christophe,3,christophe=3,0,3,0,0,0,0,0,0
chronic,3,chronic=3,0,0,0,0,3,0,0,0
chytridiomycosis,3,chytridiomycosis=3,3,0,0,0,0,0,0,0
cicadas,3,cicadas=3,0,3,0,0,0,0,0,0
cincinnati,3,cincinnati=3,0,3,0,0,0,0,0,0
cincinnatus,3,cincinnatus=3,0,3,0,0,0,0,0,0
cinematic,3,cinematic=3,0,0,0,0,3,0,0,0
circuit,3,circuit=2; circuits=1,3,0,0,0,0,0,0,0
circularization,3,circularization=3,3,0,0,0,0,0,0,0
cityscape,3,cityscape=2; cityscapes=1,3,0,0,0,0,0,0,0
cizhou,3,cizhou=3,0,3,0,0,0,0,0,0
claes,3,claes=3,0,3,0,0,0,0,0,0
clarity,3,clarity=3,3,0,0,0,0,0,0,0
classwork,3,classwork=3,3,0,0,0,0,0,0,0
claude,3,claude=3,0,3,0,0,0,0,0,0
claws,3,claws=3,2,1,0,0,0,0,0,0
clements,3,clements=3,0,3,0,0,0,0,0,0
cleverly,3,cleverly=3,0,0,0,0,0,3,0,0
climatology,3,climatology=3,3,0,0,0,0,0,0,0
clime,3,climes=3,3,0,0,0,0,0,0,0
clinical,3,clinical=3,0,0,0,0,3,0,0,0
closure,3,closure=3,3,0,0,0,0,0,0,0
clover,3,clover=3,3,0,0,0,0,0,0,0
clown,3,clowns=2; clowned=1,2,0,1,0,0,0,0,0
clypeatus,3,clypeatus=3,3,0,0,0,0,0,0,0
coca,3,coca=3,0,3,0,0,0,0,0,0
coenobita,3,coenobita=3,0,3,0,0,0,0,0,0
coherent,3,coherent=3,0,0,0,0,3,0,0,0
cohesion,3,cohesion=3,3,0,0,0,0,0,0,0
cola,3,cola=3,0,3,0,0,0,0,0,0
collagen,3,collagen=3,2,1,0,0,0,0,0,0
collar,3,collar=3,3,0,0,0,0,0,0,0
collectors,3,collectors=3,0,3,0,0,0,0,0,0
colleen,3,colleen=3,0,3,0,0,0,0,0,0
colonizer,3,colonizers=3,3,0,0,0,0,0,0,0
colour,3,colours=2; colour=1,3,0,0,0,0,0,0,0
combustion,3,combustion=3,3,0,0,0,0,0,0,0
comical,3,comical=3,0,0,0,0,3,0,0,0
committed,3,committed=3,0,0,0,0,3,0,0,0
commoner,3,commoners=3,3,0,0,0,0,0,0,0
comp,3,comp=3,3,0,0,0,0,0,0,0
compacted,3,compacted=3,0,1,0,0,2,0,0,0
completeness,3,completeness=3,3,0,0,0,0,0,0,0
compliance,3,compliance=3,2,1,0,0,0,0,0,0
comply,3,comply=2; complied=1,0,0,3,0,0,0,0,0
compulsory,3,compulsory=3,0,0,0,0,3,0,0,0
computerized,3,computerized=3,0,0,0,0,3,0,0,0
con,3,cons=3,3,0,0,0,0,0,0,0
conducive,3,conducive=3,0,0,0,0,3,0,0,0
conductance,3,conductance=3,3,0,0,0,0,0,0,0
confound,3,confound=1; confounded=1; confounding=1,0,0,3,0,0,0,0,0
conical,3,conical=3,0,0,0,0,3,0,0,0
coniferous,3,coniferous=3,0,0,0,0,3,0,0,0
consecutive,3,consecutive=3,0,0,0,0,3,0,0,0
consent,3,consent=3,3,0,0,0,0,0,0,0
consequences,3,consequences=3,0,3,0,0,0,0,0,0
consequential,3,consequential=3,0,0,0,0,3,0,0,0
considerate,3,considerate=3,2,0,0,0,1,0,0,0
consolidated,3,consolidated=3,0,0,0,0,3,0,0,0
constitutional,3,constitutional=3,0,0,0,0,3,0,0,0
construe,3,construed=3,0,0,3,0,0,0,0,0
consumers,3,consumers=3,0,3,0,0,0,0,0,0
consuming,3,consuming=3,3,0,0,0,0,0,0,0
containers,3,containers=3,0,3,0,0,0,0,0,0
contemplative,3,contemplative=3,1,0,1,0,1,0,0,0
contrasting,3,contrasting=3,1,2,0,0,0,0,0,0
convection,3,convection=3,3,0,0,0,0,0,0,0
convectional,3,convectional=3,0,0,0,0,3,0,0,0
conversational,3,conversational=3,0,0,0,0,3,0,0,0
convex,3,convex=3,0,0,0,0,3,0,0,0
cookie,3,cookie=3,3,0,0,0,0,0,0,0
cooky,3,cookies=3,3,0,0,0,0,0,0,0
cooler,3,cooler=3,3,0,0,0,0,0,0,0
coper,3,coper=3,0,0,0,0,3,0,0,0
copyhold,3,copyhold=3,3,0,0,0,0,0,0,0
cornfield,3,cornfields=2; cornfield=1,3,0,0,0,0,0,0,0
corral,3,corral=3,2,0,1,0,0,0,0,0
correspondence,3,correspondence=3,3,0,0,0,0,0,0,0
corroborate,3,corroborated=2; corroborate=1,0,0,3,0,0,0,0,0
cosmo,3,cosmos=3,3,0,0,0,0,0,0,0
cosmopolitan,3,cosmopolitan=3,0,0,0,0,3,0,0,0
countercurrent,3,countercurrent=3,1,0,0,0,2,0,0,0
courage,3,courage=3,3,0,0,0,0,0,0,0
cowboy,3,cowboy=3,3,0,0,0,0,0,0,0
cradle,3,cradle=3,2,0,1,0,0,0,0,0
cranny,3,crannies=3,3,0,0,0,0,0,0,0
credential,3,credentials=3,3,0,0,0,0,0,0,0
credible,3,credible=3,0,0,0,0,3,0,0,0
creel,3,creel=3,0,3,0,0,0,0,0,0
creole,3,creole=3,0,3,0,0,0,0,0,0
crime,3,crimes=2; crime=1,3,0,0,0,0,0,0,0
cro,3,cro=3,0,3,0,0,0,0,0,0
croft,3,croft=3,0,3,0,0,0,0,0,0
crossbow,3,crossbows=2; crossbow=1,3,0,0,0,0,0,0,0
crossover,3,crossover=3,3,0,0,0,0,0,0,0
crowberry,3,crowberry=3,3,0,0,0,0,0,0,0
crusher,3,crusher=3,2,1,0,0,0,0,0,0
ctenophore,3,ctenophores=3,3,0,0,0,0,0,0,0
cube,3,cube=3,3,0,0,0,0,0,0,0
cubism,3,cubism=3,0,3,0,0,0,0,0,0
culprit,3,culprit=3,3,0,0,0,0,0,0,0
cult,3,cult=3,3,0,0,0,0,0,0,0
customization,3,customization=3,1,2,0,0,0,0,0,0
cuzco,3,cuzco=3,0,3,0,0,0,0,0,0
cyclic,3,cyclic=3,0,0,0,0,3,0,0,0
cyrus,3,cyrus=3,0,3,0,0,0,0,0,0
czech,3,czech=3,0,3,0,0,0,0,0,0
dab,3,dabs=3,3,0,0,0,0,0,0,0
dac,3,dac=3,0,3,0,0,0,0,0,0
dalloway,3,dalloway=3,0,3,0,0,0,0,0,0
damper,3,damper=3,3,0,0,0,0,0,0,0
dan,3,dan=3,0,3,0,0,0,0,0,0
dangerously,3,dangerously=3,0,0,0,0,0,3,0,0
danny,3,danny=3,0,3,0,0,0,0,0,0
daphne,3,daphne=3,0,3,0,0,0,0,0,0
darby,3,darby=3,0,3,0,0,0,0,0,0
dare,3,daring=2; dare=1,1,0,2,0,0,0,0,0
daunting,3,daunting=3,0,0,0,0,3,0,0,0
dazzle,3,dazzled=2; dazzle=1,0,0,3,0,0,0,0,0
deaf,3,deaf=3,0,0,0,0,3,0,0,0
deceased,3,deceased=3,0,0,0,0,3,0,0,0
decentralization,3,decentralization=3,3,0,0,0,0,0,0,0
decentralize,3,decentralized=3,0,0,3,0,0,0,0,0
decimation,3,decimation=3,3,0,0,0,0,0,0,0
deco,3,deco=3,1,2,0,0,0,0,0,0
decomposed,3,decomposed=3,0,1,0,0,2,0,0,0
decomposer,3,decomposers=3,3,0,0,0,0,0,0,0
deduction,3,deduction=3,3,0,0,0,0,0,0,0
defender,3,defenders=3,3,0,0,0,0,0,0,0
definitively,3,definitively=3,0,0,0,0,0,3,0,0
deforest,3,deforested=2; deforest=1,0,0,3,0,0,0,0,0
defy,3,defied=1; defy=1; defying=1,0,0,3,0,0,0,0,0
delicacy,3,delicacy=2; delicacies=1,3,0,0,0,0,0,0,0
denali,3,denali=3,0,3,0,0,0,0,0,0
dendrochronological,3,dendrochronological=3,0,0,0,0,3,0,0,0
deployment,3,deployment=3,3,0,0,0,0,0,0,0
der,3,der=3,0,3,0,0,0,0,0,0
desertification,3,desertification=3,3,0,0,0,0,0,0,0
desertization,3,desertization=3,3,0,0,0,0,0,0,0
desktop,3,desktop=3,3,0,0,0,0,0,0,0
destine,3,destined=3,0,0,3,0,0,0,0,0
detachment,3,detachment=2; detachments=1,3,0,0,0,0,0,0,0
detrital,3,detrital=3,0,0,0,0,3,0,0,0
devaluation,3,devaluation=3,3,0,0,0,0,0,0,0
developments,3,developments=3,0,3,0,0,0,0,0,0
devoid,3,devoid=3,2,0,0,0,1,0,0,0
diagnostic,3,diagnostic=3,0,0,0,0,3,0,0,0
diane,3,diane=3,1,2,0,0,0,0,0,0
dichromat,3,dichromats=3,3,0,0,0,0,0,0,0
dictatorship,3,dictatorship=2; dictatorships=1,3,0,0,0,0,0,0,0
diego,3,diego=3,0,3,0,0,0,0,0,0
diesel,3,diesel=3,3,0,0,0,0,0,0,0
differed,3,differed=3,0,0,0,0,3,0,0,0
differing,3,differing=3,0,3,0,0,0,0,0,0
diligent,3,diligent=3,1,0,0,0,2,0,0,0
dimmer,3,dimmer=3,2,0,0,0,1,0,0,0
dionysus,3,dionysus=3,0,3,0,0,0,0,0,0
diorite,3,diorite=3,1,1,1,0,0,0,0,0
dire,3,dire=3,0,0,0,0,3,0,0,0
directors,3,directors=3,0,3,0,0,0,0,0,0
disadvantaged,3,disadvantaged=3,0,0,0,0,3,0,0,0
disastrously,3,disastrously=3,0,0,0,0,0,3,0,0
disband,3,disband=2; disbanding=1,0,0,3,0,0,0,0,0
discontent,3,discontent=3,3,0,0,0,0,0,0,0
discontinuous,3,discontinuous=3,0,0,0,0,3,0,0,0
discrepancy,3,discrepancies=3,3,0,0,0,0,0,0,0
discrete,3,discrete=3,0,0,0,0,3,0,0,0
disentangle,3,disentangle=2; disentangled=1,0,0,3,0,0,0,0,0
dishwasher,3,dishwasher=2; dishwashers=1,3,0,0,0,0,0,0,0
disinfectant,3,disinfectants=2; disinfectant=1,3,0,0,0,0,0,0,0
disinterest,3,disinterest=3,2,1,0,0,0,0,0,0
dismal,3,dismal=3,0,0,0,0,3,0,0,0
disorganized,3,disorganized=3,0,0,0,0,3,0,0,0
dispel,3,dispel=2; dispelled=1,0,0,3,0,0,0,0,0
dispersed,3,dispersed=3,0,0,0,0,3,0,0,0
disproven,3,disproven=3,0,0,1,0,2,0,0,0
disqualify,3,disqualifies=3,0,0,3,0,0,0,0,0
distinctiveness,3,distinctiveness=3,3,0,0,0,0,0,0,0
distinguishable,3,distinguishable=3,0,0,0,0,3,0,0,0
dithyramb,3,dithyramb=2; dithyrambs=1,3,0,0,0,0,0,0,0
divergent,3,divergent=3,0,0,0,0,3,0,0,0
dividing,3,dividing=3,1,2,0,0,0,0,0,0
dixie,3,dixie=3,0,3,0,0,0,0,0,0
domed,3,domed=3,0,0,0,0,3,0,0,0
domestically,3,domestically=3,0,0,0,0,0,3,0,0
douglas,3,douglas=3,0,3,0,0,0,0,0,0
downy,3,downy=3,3,0,0,0,0,0,0,0
drape,3,drapes=2; draped=1,2,0,1,0,0,0,0,0
dreamless,3,dreamless=3,3,0,0,0,0,0,0,0
dredge,3,dredge=2; dredging=1,2,0,1,0,0,0,0,0
dredging,3,dredging=3,3,0,0,0,0,0,0,0
dryer,3,dryers=3,3,0,0,0,0,0,0,0
dubai,3,dubai=3,0,3,0,0,0,0,0,0
duet,3,duet=2; duets=1,3,0,0,0,0,0,0,0
duller,3,duller=3,2,1,0,0,0,0,0,0
dupage,3,dupage=3,0,3,0,0,0,0,0,0
dwarfing,3,dwarfing=3,2,1,0,0,0,0,0,0
dyeing,3,dyeing=3,3,0,0,0,0,0,0,0
eanna,3,eanna=3,0,3,0,0,0,0,0,0
eared,3,eared=3,0,0,0,0,3,0,0,0
earlywood,3,earlywood=3,3,0,0,0,0,0,0,0
earnest,3,earnest=3,0,0,0,0,3,0,0,0
earplug,3,earplugs=3,3,0,0,0,0,0,0,0
eavesdrop,3,eavesdrop=3,0,0,3,0,0,0,0,0
ecclesiastical,3,ecclesiastical=3,0,1,0,0,2,0,0,0
ecosystems,3,ecosystems=3,0,3,0,0,0,0,0,0
ecotype,3,ecotypes=3,3,0,0,0,0,0,0,0
ectoderm,3,ectoderm=3,2,1,0,0,0,0,0,0
edinburgh,3,edinburgh=3,0,3,0,0,0,0,0,0
elaboration,3,elaboration=3,3,0,0,0,0,0,0,0
elegance,3,elegance=3,3,0,0,0,0,0,0,0
ella,3,ella=3,0,3,0,0,0,0,0,0
elmer,3,elmer=3,0,3,0,0,0,0,0,0
em,3,em=3,0,2,0,0,0,0,0,1
embellish,3,embellished=3,0,0,3,0,0,0,0,0
embellishment,3,embellishments=3,3,0,0,0,0,0,0,0
ember,3,embers=2; ember=1,3,0,0,0,0,0,0,0
embody,3,embodied=1; embodies=1; embody=1,0,0,3,0,0,0,0,0
embryological,3,embryological=3,0,0,0,0,3,0,0,0
emmanuel,3,emmanuel=3,0,3,0,0,0,0,0,0
empower,3,empowered=3,0,0,3,0,0,0,0,0
encouraging,3,encouraging=3,0,3,0,0,0,0,0,0
endangerment,3,endangerment=3,3,0,0,0,0,0,0,0
endotoxins,3,endotoxins=3,0,3,0,0,0,0,0,0
enduring,3,enduring=3,0,0,0,0,3,0,0,0
engaged,3,engaged=3,0,0,0,0,3,0,0,0
engraver,3,engraver=3,3,0,0,0,0,0,0,0
enshrine,3,enshrined=3,0,0,3,0,0,0,0,0
enso,3,enso=3,1,2,0,0,0,0,0,0
entangled,3,entangled=3,0,0,0,0,3,0,0,0
enthusiastically,3,enthusiastically=3,0,0,0,0,0,3,0,0
entice,3,entice=1; enticed=1; enticing=1,1,0,2,0,0,0,0,0
entranceway,3,entranceways=3,3,0,0,0,0,0,0,0
envelope,3,envelope=2; envelopes=1,2,0,1,0,0,0,0,0
epiphyte,3,epiphytes=3,3,0,0,0,0,0,0,0
equipped,3,equipped=3,0,0,0,0,3,0,0,0
ergonomic,3,ergonomic=3,0,0,0,0,3,0,0,0
ermine,3,ermine=3,1,2,0,0,0,0,0,0
ernest,3,ernest=3,0,3,0,0,0,0,0,0
escapist,3,escapist=3,3,0,0,0,0,0,0,0
euripide,3,euripides=3,3,0,0,0,0,0,0,0
evade,3,evading=2; evaded=1,0,0,3,0,0,0,0,0
evaluating,3,evaluating=3,3,0,0,0,0,0,0,0
exhausting,3,exhausting=3,0,0,0,0,3,0,0,0
exhaustive,3,exhaustive=3,0,0,0,0,3,0,0,0
existentialist,3,existentialist=3,3,0,0,0,0,0,0,0
experimentalist,3,experimentalist=3,3,0,0,0,0,0,0,0
experiments,3,experiments=3,0,3,0,0,0,0,0,0
extinctions,3,extinctions=3,0,3,0,0,0,0,0,0
extremophile,3,extremophile=2; extremophiles=1,3,0,0,0,0,0,0,0
eyelid,3,eyelids=2; eyelid=1,3,0,0,0,0,0,0,0
eyre,3,eyre=3,0,3,0,0,0,0,0,0
fairness,3,fairness=3,3,0,0,0,0,0,0,0
faith,3,faith=3,3,0,0,0,0,0,0,0
falsify,3,falsified=1; falsify=1; falsifying=1,0,0,3,0,0,0,0,0
familial,3,familial=3,0,0,0,0,3,0,0,0
familiarize,3,familiarize=2; familiarized=1,0,0,3,0,0,0,0,0
families,3,families=3,0,3,0,0,0,0,0,0
fantaosis,3,fantaosis=3,1,2,0,0,0,0,0,0
farmhouse,3,farmhouse=2; farmhouses=1,3,0,0,0,0,0,0,0
fatten,3,fattening=3,0,0,3,0,0,0,0,0
feathery,3,feathery=3,3,0,0,0,0,0,0,0
fed,3,fed=3,0,2,0,0,1,0,0,0
festivity,3,festivities=2; festivity=1,3,0,0,0,0,0,0,0
fetch,3,fetched=2; fetch=1,0,0,3,0,0,0,0,0
fetched,3,fetched=3,0,0,0,0,3,0,0,0
fetus,3,fetus=3,3,0,0,0,0,0,0,0
fever,3,fever=3,3,0,0,0,0,0,0,0
fiddler,3,fiddler=3,3,0,0,0,0,0,0,0
finalist,3,finalists=2; finalist=1,3,0,0,0,0,0,0,0
fireside,3,fireside=3,0,0,0,0,3,0,0,0
firestone,3,firestone=3,0,3,0,0,0,0,0,0
fisherman,3,fishermen=3,3,0,0,0,0,0,0,0
fixation,3,fixation=3,3,0,0,0,0,0,0,0
flagship,3,flagship=3,3,0,0,0,0,0,0,0
flashy,3,flashy=3,0,0,0,0,3,0,0,0
fledge,3,fledged=2; fledge=1,0,1,2,0,0,0,0,0
fleure,3,fleure=3,0,3,0,0,0,0,0,0
flicking,3,flicking=3,2,1,0,0,0,0,0,0
fobs,3,fobs=3,2,1,0,0,0,0,0,0
foil,3,foil=3,3,0,0,0,0,0,0,0
folder,3,folders=3,3,0,0,0,0,0,0,0
font,3,font=3,1,2,0,0,0,0,0,0
footnote,3,footnotes=2; footnote=1,3,0,0,0,0,0,0,0
footrace,3,footrace=2; footraces=1,2,0,0,0,1,0,0,0
fora,3,fora=3,1,1,0,0,0,0,0,1
foragers,3,foragers=3,0,3,0,0,0,0,0,0
forbidden,3,forbidden=3,0,0,0,0,3,0,0,0
ford,3,ford=3,0,3,0,0,0,0,0,0
foresight,3,foresight=3,3,0,0,0,0,0,0,0
fork,3,fork=2; forks=1,1,2,0,0,0,0,0,0
formatting,3,formatting=3,3,0,0,0,0,0,0,0
fourteen,3,fourteen=3,0,1,0,0,0,0,0,2
franco,3,franco=3,0,3,0,0,0,0,0,0
francois,3,francois=3,0,3,0,0,0,0,0,0
franks,3,franks=3,0,3,0,0,0,0,0,0
fraser,3,fraser=3,0,3,0,0,0,0,0,0
freestande,3,freestanding=3,0,0,3,0,0,0,0,0
frigatebird,3,frigatebirds=3,3,0,0,0,0,0,0,0
frightened,3,frightened=3,0,1,0,0,2,0,0,0
frogs,3,frogs=3,0,3,0,0,0,0,0,0
fruity,3,fruity=3,3,0,0,0,0,0,0,0
fry,3,frying=3,0,0,3,0,0,0,0,0
fuller,3,fullers=2; fuller=1,3,0,0,0,0,0,0,0
fury,3,fury=3,2,1,0,0,0,0,0,0
futurism,3,futurism=3,2,1,0,0,0,0,0,0
galen,3,galen=3,0,3,0,0,0,0,0,0
galette,3,galette=3,0,3,0,0,0,0,0,0
galilean,3,galilean=3,0,2,0,0,1,0,0,0
gallon,3,gallons=3,3,0,0,0,0,0,0,0
gambling,3,gambling=3,3,0,0,0,0,0,0,0
gardener,3,gardeners=2; gardener=1,3,0,0,0,0,0,0,0
gary,3,gary=3,0,3,0,0,0,0,0,0
geckos,3,geckos=3,1,1,0,0,1,0,0,0
genealogy,3,genealogy=3,2,1,0,0,0,0,0,0
generosity,3,generosity=3,3,0,0,0,0,0,0,0
generous,3,generous=3,0,0,0,0,3,0,0,0
genes,3,genes=3,0,3,0,0,0,0,0,0
geometrical,3,geometrical=3,0,0,0,0,3,0,0,0
germans,3,germans=3,0,3,0,0,0,0,0,0
glasswork,3,glassworks=2; glasswork=1,3,0,0,0,0,0,0,0
glitch,3,glitch=2; glitches=1,3,0,0,0,0,0,0,0
goats,3,goats=3,0,3,0,0,0,0,0,0
gobelins,3,gobelins=3,0,3,0,0,0,0,0,0
going,3,going=2; goings=1,3,0,0,0,0,0,0,0
gornick,3,gornick=3,0,3,0,0,0,0,0,0
governance,3,governance=3,3,0,0,0,0,0,0,0
governing,3,governing=3,3,0,0,0,0,0,0,0
graceful,3,graceful=3,0,0,0,0,3,0,0,0
graduating,3,graduating=3,2,1,0,0,0,0,0,0
grandmaster,3,grandmaster=2; grandmasters=1,3,0,0,0,0,0,0,0
grasses,3,grasses=3,0,3,0,0,0,0,0,0
gravitation,3,gravitation=3,3,0,0,0,0,0,0,0
gravitationally,3,gravitationally=3,0,0,0,0,0,3,0,0
greed,3,greed=3,3,0,0,0,0,0,0,0
greener,3,greener=3,3,0,0,0,0,0,0,0
grominger,3,grominger=3,0,3,0,0,0,0,0,0
grounds,3,grounds=3,0,3,0,0,0,0,0,0
grouper,3,grouper=3,3,0,0,0,0,0,0,0
grover,3,grovers=3,3,0,0,0,0,0,0,0
growback,3,growback=3,3,0,0,0,0,0,0,0
grunion,3,grunions=2; grunion=1,3,0,0,0,0,0,0,0
guilty,3,guilty=3,0,0,0,0,3,0,0,0
gulp,3,gulping=2; gulps=1,0,0,3,0,0,0,0,0
guppies,3,guppies=3,0,3,0,0,0,0,0,0
gustave,3,gustave=3,0,3,0,0,0,0,0,0
gutter,3,gutters=3,3,0,0,0,0,0,0,0
gymnasium,3,gymnasium=3,3,0,0,0,0,0,0,0
haas,3,haas=3,0,3,0,0,0,0,0,0
habituation,3,habituation=3,1,2,0,0,0,0,0,0
hampshire,3,hampshire=3,0,3,0,0,0,0,0,0
handbag,3,handbags=3,3,0,0,0,0,0,0,0
handedly,3,handedly=3,0,0,0,0,0,3,0,0
handicapping,3,handicapping=3,3,0,0,0,0,0,0,0
handy,3,handy=3,1,0,0,0,2,0,0,0
hardened,3,hardened=3,0,2,0,0,1,0,0,0
hardening,3,hardening=3,3,0,0,0,0,0,0,0
hare,3,hares=2; hare=1,3,0,0,0,0,0,0,0
harlequin,3,harlequin=3,0,3,0,0,0,0,0,0
harold,3,harold=3,0,3,0,0,0,0,0,0
harshly,3,harshly=3,0,0,0,0,0,3,0,0
hay,3,hay=3,3,0,0,0,0,0,0,0
hazelton,3,hazelton=3,0,3,0,0,0,0,0,0
headlight,3,headlights=3,3,0,0,0,0,0,0,0
headpiece,3,headpieces=3,3,0,0,0,0,0,0,0
heather,3,heather=3,2,1,0,0,0,0,0,0
heaviside,3,heaviside=3,0,3,0,0,0,0,0,0
hedging,3,hedging=3,1,2,0,0,0,0,0,0
helen,3,helen=3,0,3,0,0,0,0,0,0
helicopters,3,helicopters=3,0,3,0,0,0,0,0,0
herculean,3,herculean=3,2,1,0,0,0,0,0,0
herder,3,herders=3,3,0,0,0,0,0,0,0
hereditary,3,hereditary=3,0,0,0,0,3,0,0,0
heron,3,heron=3,3,0,0,0,0,0,0,0
hers,3,hers=3,0,1,0,0,0,0,2,0
hesitate,3,hesitate=3,0,0,3,0,0,0,0,0
highest,3,highest=3,0,0,0,0,0,3,0,0
himalayas,3,himalayas=3,0,3,0,0,0,0,0,0
hittites,3,hittites=3,0,3,0,0,0,0,0,0
hoard,3,hoard=3,2,0,1,0,0,0,0,0
holist,3,holist=3,3,0,0,0,0,0,0,0
homeless,3,homeless=3,0,0,0,0,3,0,0,0
homophonic,3,homophonic=3,0,1,1,0,1,0,0,0
honduras,3,honduras=3,0,3,0,0,0,0,0,0
honeyeater,3,honeyeaters=2; honeyeater=1,3,0,0,0,0,0,0,0
hormonal,3,hormonal=3,0,0,0,0,3,0,0,0
horrify,3,horrified=2; horrifying=1,0,0,3,0,0,0,0,0
horseman,3,horsemen=3,3,0,0,0,0,0,0,0
horsemanship,3,horsemanship=3,3,0,0,0,0,0,0,0
housefly,3,houseflies=2; housefly=1,3,0,0,0,0,0,0,0
houston,3,houston=3,0,3,0,0,0,0,0,0
hubble,3,hubble=3,0,3,0,0,0,0,0,0
hubei,3,hubei=3,0,3,0,0,0,0,0,0
huddle,3,huddle=3,0,0,3,0,0,0,0,0
hunan,3,hunan=3,0,3,0,0,0,0,0,0
hydrostatic,3,hydrostatic=3,0,0,0,0,3,0,0,0
hypnosi,3,hypnosis=3,3,0,0,0,0,0,0,0
hypotheses,3,hypotheses=3,0,3,0,0,0,0,0,0
hypoxic,3,hypoxic=3,0,0,0,0,3,0,0,0
ibm,3,ibm=3,0,3,0,0,0,0,0,0
icon,3,icon=3,3,0,0,0,0,0,0,0
idealization,3,idealization=3,3,0,0,0,0,0,0,0
identifie,3,identifies=3,3,0,0,0,0,0,0,0
ifs,3,ifs=3,0,0,3,0,0,0,0,0
imagist,3,imagist=3,0,1,0,0,2,0,0,0
imitator,3,imitators=2; imitator=1,3,0,0,0,0,0,0,0
impart,3,imparting=2; impart=1,0,0,3,0,0,0,0,0
imperfect,3,imperfect=3,0,0,0,0,3,0,0,0
impermanence,3,impermanence=3,3,0,0,0,0,0,0,0
impetus,3,impetus=3,3,0,0,0,0,0,0,0
impressionistic,3,impressionistic=3,0,0,0,0,3,0,0,0
imprint,3,imprint=1; imprinted=1; imprints=1,2,0,1,0,0,0,0,0
improvisatory,3,improvisatory=3,0,0,0,0,3,0,0,0
inadequacy,3,inadequacy=2; inadequacies=1,3,0,0,0,0,0,0,0
inappropriately,3,inappropriately=3,0,0,0,0,0,3,0,0
inbreede,3,inbreeding=3,0,0,3,0,0,0,0,0
incidence,3,incidence=3,3,0,0,0,0,0,0,0
increment,3,increments=2; increment=1,3,0,0,0,0,0,0,0
indigofera,3,indigofera=3,0,3,0,0,0,0,0,0
indispensable,3,indispensable=3,0,0,0,0,3,0,0,0
industrialism,3,industrialism=3,3,0,0,0,0,0,0,0
inert,3,inert=3,0,1,0,0,2,0,0,0
inexpensively,3,inexpensively=3,0,0,0,0,0,3,0,0
infiltrate,3,infiltrated=2; infiltrate=1,0,0,3,0,0,0,0,0
inflate,3,inflating=3,0,0,3,0,0,0,0,0
inflexible,3,inflexible=3,0,0,0,0,3,0,0,0
infrequently,3,infrequently=3,0,0,0,0,0,3,0,0
infuse,3,infused=3,0,0,3,0,0,0,0,0
inherently,3,inherently=3,0,0,0,0,0,3,0,0
inkwell,3,inkwell=3,3,0,0,0,0,0,0,0
inlet,3,inlets=2; inlet=1,3,0,0,0,0,0,0,0
insightful,3,insightful=3,0,0,0,0,3,0,0,0
institutional,3,institutional=3,0,0,0,0,3,0,0,0
instrumentalist,3,instrumentalists=3,3,0,0,0,0,0,0,0
insulated,3,insulated=3,0,0,0,0,3,0,0,0
insure,3,insured=3,0,0,3,0,0,0,0,0
integrated,3,integrated=3,0,0,0,0,3,0,0,0
integrity,3,integrity=3,3,0,0,0,0,0,0,0
intercept,3,intercept=2; intercepts=1,0,0,3,0,0,0,0,0
interconnectedness,3,interconnectedness=3,3,0,0,0,0,0,0,0
interlock,3,interlocking=2; interlock=1,0,0,3,0,0,0,0,0
intermittent,3,intermittent=3,0,0,0,0,3,0,0,0
interplaye,3,interplayed=3,0,0,3,0,0,0,0,0
intersect,3,intersect=1; intersected=1; intersecting=1,0,0,3,0,0,0,0,0
intimacy,3,intimacy=3,3,0,0,0,0,0,0,0
intra,3,intra=3,0,2,0,0,1,0,0,0
intramolecular,3,intramolecular=3,0,0,0,0,3,0,0,0
intricately,3,intricately=3,0,0,0,0,0,3,0,0
intruder,3,intruder=2; intruders=1,3,0,0,0,0,0,0,0
invariance,3,invariance=3,3,0,0,0,0,0,0,0
inventiveness,3,inventiveness=3,3,0,0,0,0,0,0,0
invitation,3,invitation=3,3,0,0,0,0,0,0,0
ir,3,ir=3,0,2,0,0,0,1,0,0
iroquois,3,iroquois=3,0,2,0,0,1,0,0,0
irrigated,3,irrigated=3,0,0,0,0,3,0,0,0
ism,3,ism=3,3,0,0,0,0,0,0,0
israel,3,israel=3,0,3,0,0,0,0,0,0
isua,3,isua=3,0,3,0,0,0,0,0,0
ivy,3,ivy=3,2,0,0,0,1,0,0,0
jacob,3,jacob=3,0,3,0,0,0,0,0,0
jamie,3,jamie=3,0,3,0,0,0,0,0,0
japonisme,3,japonisme=3,3,0,0,0,0,0,0,0
jealousy,3,jealousy=3,2,1,0,0,0,0,0,0
jelly,3,jelly=3,1,0,0,0,1,1,0,0
jiangxi,3,jiangxi=3,0,3,0,0,0,0,0,0
jigsaw,3,jigsaw=3,3,0,0,0,0,0,0,0
jimmy,3,jimmy=3,0,3,0,0,0,0,0,0
jive,3,jive=3,0,0,1,0,2,0,0,0
jnd,3,jnd=3,0,3,0,0,0,0,0,0
joanne,3,joanne=3,0,3,0,0,0,0,0,0
johan,3,johan=3,0,3,0,0,0,0,0,0
jongleur,3,jongleur=3,3,0,0,0,0,0,0,0
josef,3,josef=3,0,3,0,0,0,0,0,0
journalistic,3,journalistic=3,0,0,0,0,3,0,0,0
judging,3,judging=3,3,0,0,0,0,0,0,0
julian,3,julian=3,0,3,0,0,0,0,0,0
julio,3,julio=3,0,3,0,0,0,0,0,0
juncos,3,juncos=3,0,3,0,0,0,0,0,0
jura,3,jura=3,0,3,0,0,0,0,0,0
jurisdiction,3,jurisdictions=2; jurisdiction=1,3,0,0,0,0,0,0,0
jury,3,jury=2; juries=1,3,0,0,0,0,0,0,0
kame,3,kame=3,0,3,0,0,0,0,0,0
kansas,3,kansas=3,0,3,0,0,0,0,0,0
katsinam,3,katsinam=3,0,3,0,0,0,0,0,0
keeling,3,keeling=3,0,3,0,0,0,0,0,0
kelvins,3,kelvins=3,0,3,0,0,0,0,0,0
kennelly,3,kennelly=3,0,3,0,0,0,0,0,0
kidding,3,kidding=3,2,1,0,0,0,0,0,0
killifish,3,killifish=3,1,0,0,0,2,0,0,0
kinda,3,kinda=3,0,1,1,0,0,1,0,0
kindness,3,kindness=3,3,0,0,0,0,0,0,0
klaus,3,klaus=3,0,3,0,0,0,0,0,0
knossus,3,knossus=3,0,3,0,0,0,0,0,0
koala,3,koalas=2; koala=1,3,0,0,0,0,0,0,0
koalas,3,koalas=3,1,2,0,0,0,0,0,0
kwame,3,kwame=3,0,3,0,0,0,0,0,0
lactase,3,lactase=3,2,1,0,0,0,0,0,0
lactate,3,lactate=3,3,0,0,0,0,0,0,0
lakeside,3,lakesides=2; lakeside=1,3,0,0,0,0,0,0,0
lambulus,3,lambulus=3,0,3,0,0,0,0,0,0
lamprologus,3,lamprologus=3,0,3,0,0,0,0,0,0
landlords,3,landlords=3,0,3,0,0,0,0,0,0
landowners,3,landowners=3,0,3,0,0,0,0,0,0
lanzarote,3,lanzarote=3,0,3,0,0,0,0,0,0
larch,3,larch=3,3,0,0,0,0,0,0,0
larger,3,larger=3,0,3,0,0,0,0,0,0
larry,3,larry=3,0,3,0,0,0,0,0,0
latch,3,latch=2; latches=1,0,0,3,0,0,0,0,0
latecomer,3,latecomer=2; latecomers=1,3,0,0,0,0,0,0,0
laterally,3,laterally=3,0,0,0,0,0,3,0,0
laureate,3,laureate=3,3,0,0,0,0,0,0,0
lazzi,3,lazzi=3,3,0,0,0,0,0,0,0
lce,3,lce=3,1,2,0,0,0,0,0,0
leach,3,leach=2; leaching=1,0,0,3,0,0,0,0,0
leafy,3,leafy=3,0,0,0,0,3,0,0,0
leeward,3,leeward=3,3,0,0,0,0,0,0,0
leo,3,leo=3,0,3,0,0,0,0,0,0
les,3,les=3,0,3,0,0,0,0,0,0
lethal,3,lethal=3,0,0,0,0,3,0,0,0
letters,3,letters=3,0,3,0,0,0,0,0,0
lev,3,lev=3,0,3,0,0,0,0,0,0
lever,3,levers=3,3,0,0,0,0,0,0,0
lgm,3,lgm=3,0,3,0,0,0,0,0,0
licensed,3,licensed=3,0,0,0,0,3,0,0,0
lifeguard,3,lifeguard=3,3,0,0,0,0,0,0,0
liftoff,3,liftoff=3,2,0,0,0,1,0,0,0
limbic,3,limbic=3,0,0,0,0,3,0,0,0
limiting,3,limiting=3,3,0,0,0,0,0,0,0
lindane,3,lindane=3,3,0,0,0,0,0,0,0
lines,3,lines=3,0,3,0,0,0,0,0,0
lining,3,lining=3,3,0,0,0,0,0,0,0
linkage,3,linkages=2; linkage=1,3,0,0,0,0,0,0,0
liquefy,3,liquefied=3,0,0,3,0,0,0,0,0
lizards,3,lizards=3,0,3,0,0,0,0,0,0
ll,3,ll=3,0,1,0,2,0,0,0,0
llama,3,llama=3,1,2,0,0,0,0,0,0
localized,3,localized=3,0,0,0,0,3,0,0,0
locations,3,locations=3,0,3,0,0,0,0,0,0
logistical,3,logistical=3,0,0,0,0,3,0,0,0
loneliness,3,loneliness=3,3,0,0,0,0,0,0,0
longing,3,longing=3,3,0,0,0,0,0,0,0
longstanding,3,longstanding=3,0,0,0,0,3,0,0,0
lookout,3,lookout=3,3,0,0,0,0,0,0,0
lopez,3,lopez=3,0,3,0,0,0,0,0,0
lotte,3,lotte=3,0,3,0,0,0,0,0,0
lowlands,3,lowlands=3,0,3,0,0,0,0,0,0
ls,3,ls=3,0,0,0,0,0,0,0,3
lucy,3,lucy=3,0,3,0,0,0,0,0,0
lug,3,lugging=2; lug=1,0,0,3,0,0,0,0,0
luminous,3,luminous=3,0,0,0,0,3,0,0,0
lungfish,3,lungfish=3,0,0,0,0,3,0,0,0
luxurious,3,luxurious=3,0,0,0,0,3,0,0,0
lvory,3,lvory=3,3,0,0,0,0,0,0,0
lydians,3,lydians=3,0,3,0,0,0,0,0,0
lynn,3,lynn=3,0,3,0,0,0,0,0,0
ma,3,ma=3,0,2,0,0,1,0,0,0
mac,3,mac=3,0,3,0,0,0,0,0,0
macbeth,3,macbeth=3,0,3,0,0,0,0,0,0
macedonia,3,macedonia=3,0,3,0,0,0,0,0,0
machinist,3,machinists=2; machinist=1,3,0,0,0,0,0,0,0
mackenzie,3,mackenzie=3,0,3,0,0,0,0,0,0
macroburst,3,macrobursts=2; macroburst=1,2,0,0,0,1,0,0,0
madison,3,madison=3,0,3,0,0,0,0,0,0
magnetite,3,magnetite=3,2,0,1,0,0,0,0,0
maimonide,3,maimonides=3,2,0,1,0,0,0,0,0
maine,3,maine=3,0,3,0,0,0,0,0,0
majerus,3,majerus=3,0,3,0,0,0,0,0,0
malawi,3,malawi=3,0,3,0,0,0,0,0,0
malaysia,3,malaysia=3,0,3,0,0,0,0,0,0
mall,3,malls=2; mall=1,3,0,0,0,0,0,0,0
mallard,3,mallard=3,0,0,0,0,3,0,0,0
malnourished,3,malnourished=3,0,0,0,0,3,0,0,0
mandate,3,mandate=2; mandates=1,3,0,0,0,0,0,0,0
manganese,3,manganese=3,2,0,0,0,1,0,0,0
manually,3,manually=3,0,0,0,0,0,3,0,0
mapmake,3,mapmaking=3,0,0,3,0,0,0,0,0
marching,3,marching=3,3,0,0,0,0,0,0,0
marg,3,marg=3,3,0,0,0,0,0,0,0
margaret,3,margaret=3,0,3,0,0,0,0,0,0
marginal,3,marginal=3,0,0,0,0,3,0,0,0
marianas,3,marianas=3,0,3,0,0,0,0,0,0
marigold,3,marigolds=3,3,0,0,0,0,0,0,0
marquez,3,marquez=3,2,1,0,0,0,0,0,0
married,3,married=3,0,0,0,0,3,0,0,0
marseilles,3,marseilles=3,0,3,0,0,0,0,0,0
marston,3,marston=3,0,3,0,0,0,0,0,0
marty,3,marty=3,0,3,0,0,0,0,0,0
marvel,3,marvel=3,1,0,2,0,0,0,0,0
maternal,3,maternal=3,0,0,0,0,3,0,0,0
maximizing,3,maximizing=3,3,0,0,0,0,0,0,0
mayas,3,mayas=3,0,3,0,0,0,0,0,0
maška,3,maška=3,0,3,0,0,0,0,0,0
meadow,3,meadows=2; meadow=1,2,0,1,0,0,0,0,0
meaningless,3,meaningless=3,0,0,0,0,3,0,0,0
measuring,3,measuring=3,3,0,0,0,0,0,0,0
medalist,3,medalist=2; medalists=1,3,0,0,0,0,0,0,0
mediate,3,mediate=2; mediated=1,2,0,1,0,0,0,0,0
meditate,3,meditate=2; meditated=1,0,0,3,0,0,0,0,0
megapodes,3,megapodes=3,0,3,0,0,0,0,0,0
melodramas,3,melodramas=3,1,2,0,0,0,0,0,0
melodramatic,3,melodramatic=3,0,0,0,0,3,0,0,0
memorial,3,memorial=2; memorials=1,2,0,0,0,1,0,0,0
menial,3,menial=3,0,0,0,0,3,0,0,0
mercantilist,3,mercantilists=3,3,0,0,0,0,0,0,0
merce,3,merce=3,0,3,0,0,0,0,0,0
mercy,3,mercy=2; mercies=1,3,0,0,0,0,0,0,0
mesa,3,mesa=3,0,3,0,0,0,0,0,0
mesoamericans,3,mesoamericans=3,0,3,0,0,0,0,0,0
meteorites,3,meteorites=3,0,3,0,0,0,0,0,0
methodical,3,methodical=3,0,0,0,0,3,0,0,0
metropolitan,3,metropolitan=3,0,1,0,0,2,0,0,0
michelle,3,michelle=3,0,3,0,0,0,0,0,0
michigan,3,michigan=3,0,3,0,0,0,0,0,0
miconia,3,miconia=3,0,3,0,0,0,0,0,0
microarchitecture,3,microarchitecture=3,3,0,0,0,0,0,0,0
microbiologist,3,microbiologists=3,3,0,0,0,0,0,0,0
micronutrient,3,micronutrients=3,3,0,0,0,0,0,0,0
microscopically,3,microscopically=3,0,0,0,0,0,3,0,0
midline,3,midline=3,3,0,0,0,0,0,0,0
mileage,3,mileage=3,3,0,0,0,0,0,0,0
milutin,3,milutin=3,0,3,0,0,0,0,0,0
mime,3,miming=2; mimes=1,1,0,2,0,0,0,0,0
minimalist,3,minimalist=3,1,0,0,0,2,0,0,0
mirador,3,mirador=3,0,3,0,0,0,0,0,0
miserable,3,miserable=3,0,0,0,0,3,0,0,0
mismatch,3,mismatched=2; mismatch=1,1,0,2,0,0,0,0,0
misty,3,misty=3,0,1,0,0,2,0,0,0
misuse,3,misuse=3,3,0,0,0,0,0,0,0
mobbing,3,mobbing=3,3,0,0,0,0,0,0,0
mock,3,mocking=2; mock=1,0,0,2,0,1,0,0,0
modem,3,modem=3,3,0,0,0,0,0,0,0
modernity,3,modernity=3,3,0,0,0,0,0,0,0
molina,3,molina=3,0,3,0,0,0,0,0,0
monarchs,3,monarchs=3,0,2,0,0,1,0,0,0
monastic,3,monastic=2; monastics=1,1,0,0,0,2,0,0,0
mongol,3,mongol=3,0,3,0,0,0,0,0,0
monophony,3,monophony=3,3,0,0,0,0,0,0,0
monotonous,3,monotonous=3,0,0,0,0,3,0,0,0
mons,3,mons=3,0,3,0,0,0,0,0,0
monstrous,3,monstrous=3,0,0,0,0,3,0,0,0
monte,3,monte=3,0,3,0,0,0,0,0,0
moonlit,3,moonlit=3,0,0,0,0,3,0,0,0
morocco,3,morocco=3,0,3,0,0,0,0,0,0
morph,3,morphs=2; morph=1,2,0,0,0,1,0,0,0
mothers,3,mothers=3,0,3,0,0,0,0,0,0
mouthful,3,mouthful=3,1,0,0,0,2,0,0,0
multicolore,3,multicolored=3,0,0,3,0,0,0,0,0
multicultural,3,multicultural=3,0,2,0,0,1,0,0,0
multitask,3,multitask=3,0,0,3,0,0,0,0,0
musicologist,3,musicologist=2; musicologists=1,2,0,1,0,0,0,0,0
mutant,3,mutants=3,3,0,0,0,0,0,0,0
mythic,3,mythic=3,0,0,0,0,3,0,0,0
müllerian,3,müllerian=3,0,3,0,0,0,0,0,0
na,3,na=3,0,0,0,0,0,0,0,3
nakbe,3,nakbe=3,0,2,0,0,1,0,0,0
namibia,3,namibia=3,0,3,0,0,0,0,0,0
nanodiamond,3,nanodiamonds=3,3,0,0,0,0,0,0,0
nanotechnology,3,nanotechnology=3,3,0,0,0,0,0,0,0
napkin,3,napkin=3,3,0,0,0,0,0,0,0
nations,3,nations=3,0,3,0,0,0,0,0,0
necklace,3,necklaces=2; necklace=1,3,0,0,0,0,0,0,0
ned,3,ned=3,0,3,0,0,0,0,0,0
needlework,3,needlework=3,3,0,0,0,0,0,0,0
neel,3,neel=3,0,3,0,0,0,0,0,0
nelson,3,nelson=3,0,3,0,0,0,0,0,0
nestmate,3,nestmates=3,3,0,0,0,0,0,0,0
neurobiological,3,neurobiological=3,0,0,0,0,3,0,0,0
neutrally,3,neutrally=3,0,0,0,0,0,3,0,0
newcomer,3,newcomer=2; newcomers=1,3,0,0,0,0,0,0,0
newscast,3,newscast=2; newscasts=1,3,0,0,0,0,0,0,0
nicholas,3,nicholas=3,0,3,0,0,0,0,0,0
nick,3,nick=3,0,3,0,0,0,0,0,0
nina,3,nina=3,0,3,0,0,0,0,0,0
nitric,3,nitric=3,0,0,0,0,3,0,0,0
nobel,3,nobel=3,0,3,0,0,0,0,0,0
node,3,nodes=2; node=1,3,0,0,0,0,0,0,0
nonanimal,3,nonanimal=3,0,0,0,0,3,0,0,0
noncoding,3,noncoding=3,0,2,0,0,1,0,0,0
nonengineere,3,nonengineering=3,0,0,3,0,0,0,0,0
nonlinear,3,nonlinear=3,0,0,0,0,3,0,0,0
normandy,3,normandy=3,0,3,0,0,0,0,0,0
nottinghams,3,nottinghams=3,0,3,0,0,0,0,0,0
nuclei,3,nuclei=3,2,1,0,0,0,0,0,0
nudge,3,nudge=2; nudged=1,0,0,3,0,0,0,0,0
nui,3,nui=3,0,3,0,0,0,0,0,0
nuisance,3,nuisance=3,3,0,0,0,0,0,0,0
nunataks,3,nunataks=3,0,3,0,0,0,0,0,0
nutrients,3,nutrients=3,0,2,0,0,1,0,0,0
oar,3,oars=2; oar=1,3,0,0,0,0,0,0,0
objectivity,3,objectivity=3,3,0,0,0,0,0,0,0
obsession,3,obsession=3,3,0,0,0,0,0,0,0
obstacles,3,obstacles=3,0,3,0,0,0,0,0,0
ogden,3,ogden=3,0,3,0,0,0,0,0,0
oliva,3,oliva=3,0,3,0,0,0,0,0,0
olivia,3,olivia=3,0,3,0,0,0,0,0,0
olympus,3,olympus=3,0,3,0,0,0,0,0,0
omen,3,omens=3,2,0,1,0,0,0,0,0
ong,3,ong=3,0,3,0,0,0,0,0,0
onion,3,onion=2; onions=1,3,0,0,0,0,0,0,0
ooze,3,ooze=1; oozes=1; oozing=1,0,0,3,0,0,0,0,0
operating,3,operating=3,3,0,0,0,0,0,0,0
opposable,3,opposable=3,0,0,0,0,3,0,0,0
optick,3,opticks=3,3,0,0,0,0,0,0,0
orally,3,orally=3,0,0,0,0,0,3,0,0
oratory,3,oratory=3,3,0,0,0,0,0,0,0
orc,3,orc=3,3,0,0,0,0,0,0,0
orderly,3,orderly=3,0,0,0,0,3,0,0,0
orfeo,3,orfeo=3,0,3,0,0,0,0,0,0
organically,3,organically=3,0,0,0,0,0,3,0,0
organiser,3,organisers=3,3,0,0,0,0,0,0,0
ostentation,3,ostentation=3,3,0,0,0,0,0,0,0
osteoblast,3,osteoblasts=2; osteoblast=1,2,0,0,0,1,0,0,0
ounce,3,ounce=2; ounces=1,3,0,0,0,0,0,0,0
outcompete,3,outcompeting=2; outcompete=1,0,0,2,0,1,0,0,0
outgrow,3,outgrew=1; outgrown=1; outgrows=1,0,0,3,0,0,0,0,0
outlier,3,outliers=3,3,0,0,0,0,0,0,0
outset,3,outset=3,3,0,0,0,0,0,0,0
overabundant,3,overabundant=3,0,1,0,0,2,0,0,0
overclaime,3,overclaiming=3,0,0,3,0,0,0,0,0
overharvesting,3,overharvesting=3,1,1,0,0,1,0,0,0
override,3,override=2; overriding=1,0,0,3,0,0,0,0,0
overshadow,3,overshadowed=2; overshadowing=1,0,0,3,0,0,0,0,0
overshadowing,3,overshadowing=3,2,1,0,0,0,0,0,0
overthrow,3,overthrown=2; overthrow=1,1,0,2,0,0,0,0,0
overtime,3,overtime=3,2,1,0,0,0,0,0,0
overturn,3,overturned=2; overturning=1,0,0,3,0,0,0,0,0
overweight,3,overweight=3,0,0,0,0,3,0,0,0
ow,3,ow=3,0,2,0,0,1,0,0,0
oxbow,3,oxbow=3,3,0,0,0,0,0,0,0
oyamel,3,oyamel=3,2,1,0,0,0,0,0,0
packing,3,packing=3,3,0,0,0,0,0,0,0
painstakingly,3,painstakingly=3,0,0,0,0,0,3,0,0
palatable,3,palatable=3,0,0,0,0,3,0,0,0
palermo,3,palermo=3,0,3,0,0,0,0,0,0
palestine,3,palestine=3,0,3,0,0,0,0,0,0
pantalone,3,pantalone=3,0,3,0,0,0,0,0,0
paolo,3,paolo=3,0,3,0,0,0,0,0,0
par,3,par=2; pared=1,2,0,1,0,0,0,0,0
parachute,3,parachutes=3,3,0,0,0,0,0,0,0
paradoxically,3,paradoxically=3,0,0,0,0,0,3,0,0
paragraphs,3,paragraphs=3,0,3,0,0,0,0,0,0
parallax,3,parallax=3,3,0,0,0,0,0,0,0
parasites,3,parasites=3,0,3,0,0,0,0,0,0
parenthetical,3,parenthetical=3,0,0,0,0,3,0,0,0
parish,3,parish=2; parishes=1,1,2,0,0,0,0,0,0
parthian,3,parthian=3,0,1,0,0,2,0,0,0
participants,3,participants=3,0,3,0,0,0,0,0,0
particularity,3,particularity=3,3,0,0,0,0,0,0,0
particulate,3,particulate=3,3,0,0,0,0,0,0,0
passing,3,passing=3,3,0,0,0,0,0,0,0
patera,3,patera=3,0,3,0,0,0,0,0,0
paterson,3,paterson=3,0,3,0,0,0,0,0,0
pathways,3,pathways=3,0,3,0,0,0,0,0,0
patricians,3,patricians=3,0,3,0,0,0,0,0,0
paycheck,3,paycheck=3,3,0,0,0,0,0,0,0
peacefully,3,peacefully=3,0,0,0,0,0,3,0,0
peake,3,peake=3,0,3,0,0,0,0,0,0
pear,3,pear=2; pears=1,3,0,0,0,0,0,0,0
peasantry,3,peasantry=3,3,0,0,0,0,0,0,0
peasants,3,peasants=3,0,3,0,0,0,0,0,0
pedestal,3,pedestals=2; pedestal=1,3,0,0,0,0,0,0,0
pedro,3,pedro=3,0,3,0,0,0,0,0,0
pellet,3,pellets=3,2,0,1,0,0,0,0,0
perceptible,3,perceptible=3,0,0,0,0,3,0,0,0
performing,3,performing=3,1,2,0,0,0,0,0,0
periapsis,3,periapsis=3,2,1,0,0,0,0,0,0
perishable,3,perishable=3,0,0,0,0,3,0,0,0
perpendicular,3,perpendicular=3,0,0,0,0,3,0,0,0
perpetuate,3,perpetuating=2; perpetuate=1,1,0,2,0,0,0,0,0
persevere,3,persevere=2; persevered=1,0,0,3,0,0,0,0,0
persuasion,3,persuasion=3,3,0,0,0,0,0,0,0
pesticides,3,pesticides=3,0,3,0,0,0,0,0,0
petrified,3,petrified=3,0,0,0,0,3,0,0,0
pharmacist,3,pharmacist=2; pharmacists=1,3,0,0,0,0,0,0,0
photocyte,3,photocytes=3,3,0,0,0,0,0,0,0
photographs,3,photographs=3,0,3,0,0,0,0,0,0
photuris,3,photuris=3,0,3,0,0,0,0,0,0
picasso,3,picasso=3,0,3,0,0,0,0,0,0
pineal,3,pineal=3,1,1,0,0,1,0,0,0
ping,3,ping=2; pinging=1,1,1,1,0,0,0,0,0
pingos,3,pingos=3,0,3,0,0,0,0,0,0
pissarro,3,pissarro=3,0,3,0,0,0,0,0,0
piston,3,pistons=2; piston=1,2,1,0,0,0,0,0,0
pittsburgh,3,pittsburgh=3,0,3,0,0,0,0,0,0
platinum,3,platinum=3,3,0,0,0,0,0,0,0
playmate,3,playmates=3,3,0,0,0,0,0,0,0
playtime,3,playtime=3,3,0,0,0,0,0,0,0
pleasantly,3,pleasantly=3,0,0,0,0,0,3,0,0
plunder,3,plunder=2; plundered=1,2,0,1,0,0,0,0,0
pneumatophore,3,pneumatophores=3,3,0,0,0,0,0,0,0
pochteca,3,pochteca=3,3,0,0,0,0,0,0,0
pointless,3,pointless=3,0,0,0,0,3,0,0,0
pointy,3,pointy=3,0,0,0,0,3,0,0,0
politeness,3,politeness=3,3,0,0,0,0,0,0,0
pollinating,3,pollinating=3,3,0,0,0,0,0,0,0
polter,3,polter=3,3,0,0,0,0,0,0,0
polyethylene,3,polyethylene=3,3,0,0,0,0,0,0,0
polyp,3,polyps=3,3,0,0,0,0,0,0,0
polyphony,3,polyphony=3,2,1,0,0,0,0,0,0
pondweed,3,pondweed=3,3,0,0,0,0,0,0,0
populace,3,populace=3,3,0,0,0,0,0,0,0
populations,3,populations=3,0,3,0,0,0,0,0,0
porcellis,3,porcellis=3,0,3,0,0,0,0,0,0
portus,3,portus=3,0,3,0,0,0,0,0,0
possum,3,possum=2; possums=1,3,0,0,0,0,0,0,0
potent,3,potent=3,0,0,0,0,3,0,0,0
pp,3,pp=3,0,3,0,0,0,0,0,0
pragmatic,3,pragmatic=3,0,0,0,0,3,0,0,0
prama,3,prama=3,0,3,0,0,0,0,0,0
pratfall,3,pratfall=3,0,1,0,0,2,0,0,0
precinct,3,precinct=3,1,0,0,0,2,0,0,0
preclude,3,precluded=2; preclude=1,0,0,3,0,0,0,0,0
precondition,3,preconditions=3,3,0,0,0,0,0,0,0
predetermine,3,predetermined=3,0,0,3,0,0,0,0,0
predictive,3,predictive=3,0,0,0,0,3,0,0,0
predominant,3,predominant=3,0,0,0,0,3,0,0,0
preferably,3,preferably=3,0,0,0,0,0,3,0,0
pregive,3,pregiving=3,0,0,3,0,0,0,0,0
premodern,3,premodern=3,0,0,0,0,3,0,0,0
prescription,3,prescription=3,3,0,0,0,0,0,0,0
preservationist,3,preservationists=3,3,0,0,0,0,0,0,0
prevailing,3,prevailing=3,0,0,0,0,3,0,0,0
primrose,3,primrose=3,3,0,0,0,0,0,0,0
printed,3,printed=3,0,2,0,0,1,0,0,0
prisoner,3,prisoners=3,3,0,0,0,0,0,0,0
procedural,3,procedural=3,0,0,0,0,3,0,0,0
processes,3,processes=3,0,3,0,0,0,0,0,0
prodigious,3,prodigious=3,0,0,0,0,3,0,0,0
productively,3,productively=3,0,0,0,0,0,3,0,0
proficient,3,proficient=3,0,1,0,0,2,0,0,0
profusion,3,profusion=3,3,0,0,0,0,0,0,0
projection,3,projections=3,3,0,0,0,0,0,0,0
proliferation,3,proliferation=3,3,0,0,0,0,0,0,0
proofing,3,proofing=3,3,0,0,0,0,0,0,0
prophet,3,prophets=2; prophet=1,3,0,0,0,0,0,0,0
proplyd,3,proplyds=3,3,0,0,0,0,0,0,0
proposition,3,proposition=3,3,0,0,0,0,0,0,0
proton,3,proton=2; protons=1,3,0,0,0,0,0,0,0
protrude,3,protrude=1; protrudes=1; protruding=1,0,0,3,0,0,0,0,0
pseudorelationship,3,pseudorelationships=2; pseudorelationship=1,3,0,0,0,0,0,0,0
psychologically,3,psychologically=3,0,0,0,0,0,3,0,0
puma,3,pumas=2; puma=1,3,0,0,0,0,0,0,0
puncture,3,puncture=2; puncturing=1,0,0,3,0,0,0,0,0
purchaser,3,purchasers=2; purchaser=1,3,0,0,0,0,0,0,0
purification,3,purification=3,3,0,0,0,0,0,0,0
puzzled,3,puzzled=3,0,0,0,0,3,0,0,0
pylos,3,pylos=3,0,3,0,0,0,0,0,0
pyramids,3,pyramids=3,0,3,0,0,0,0,0,0
pyrite,3,pyrite=3,3,0,0,0,0,0,0,0
pyroxene,3,pyroxene=3,3,0,0,0,0,0,0,0
qantir,3,qantir=3,0,3,0,0,0,0,0,0
quad,3,quad=3,3,0,0,0,0,0,0,0
quagga,3,quagga=3,0,3,0,0,0,0,0,0
quake,3,quakes=3,3,0,0,0,0,0,0,0
quarrel,3,quarrels=2; quarrel=1,3,0,0,0,0,0,0,0
queleas,3,queleas=3,0,3,0,0,0,0,0,0
questions,3,questions=3,0,3,0,0,0,0,0,0
queue,3,queue=3,3,0,0,0,0,0,0,0
ra,3,ra=3,0,3,0,0,0,0,0,0
raccoon,3,raccoons=3,3,0,0,0,0,0,0,0
racquetball,3,racquetball=3,3,0,0,0,0,0,0,0
radioactivity,3,radioactivity=3,3,0,0,0,0,0,0,0
radiography,3,radiography=3,3,0,0,0,0,0,0,0
radiometer,3,radiometer=3,3,0,0,0,0,0,0,0
radish,3,radishes=2; radish=1,2,0,0,0,1,0,0,0
raider,3,raiders=2; raider=1,3,0,0,0,0,0,0,0
raisin,3,raisins=3,3,0,0,0,0,0,0,0
ramble,3,ramble=1; rambled=1; rambling=1,0,0,3,0,0,0,0,0
rampart,3,rampart=2; ramparts=1,3,0,0,0,0,0,0,0
randall,3,randall=3,0,3,0,0,0,0,0,0
rapa,3,rapa=3,0,2,0,0,1,0,0,0
rationale,3,rationale=3,3,0,0,0,0,0,0,0
reacquire,3,reacquire=3,0,0,3,0,0,0,0,0
reap,3,reap=2; reaping=1,0,0,3,0,0,0,0,0
rearing,3,rearing=3,3,0,0,0,0,0,0,0
reception,3,reception=3,3,0,0,0,0,0,0,0
recolonize,3,recolonize=2; recolonized=1,0,0,3,0,0,0,0,0
reconcile,3,reconcile=2; reconciled=1,0,0,3,0,0,0,0,0
recorder,3,recorder=2; recorders=1,3,0,0,0,0,0,0,0
recurrent,3,recurrent=3,0,0,0,0,3,0,0,0
redefine,3,redefined=3,0,0,3,0,0,0,0,0
redstart,3,redstart=2; redstarts=1,1,1,1,0,0,0,0,0
reexamine,3,reexamine=1; reexamined=1; reexamining=1,0,0,3,0,0,0,0,0
refinement,3,refinement=3,3,0,0,0,0,0,0,0
refocus,3,refocus=2; refocused=1,0,0,3,0,0,0,0,0
refreshment,3,refreshments=3,3,0,0,0,0,0,0,0
refrigerate,3,refrigerate=2; refrigerated=1,0,0,3,0,0,0,0,0
regenerate,3,regenerate=2; regenerates=1,1,0,2,0,0,0,0,0
regulated,3,regulated=3,0,0,0,0,3,0,0,0
reheat,3,reheat=2; reheating=1,0,0,3,0,0,0,0,0
reinvestment,3,reinvestment=3,3,0,0,0,0,0,0,0
relaxing,3,relaxing=3,1,1,0,0,1,0,0,0
relic,3,relics=3,3,0,0,0,0,0,0,0
relieved,3,relieved=3,0,2,0,0,1,0,0,0
relinquish,3,relinquish=2; relinquishes=1,0,0,3,0,0,0,0,0
remembering,3,remembering=3,1,2,0,0,0,0,0,0
remodel,3,remodeled=3,0,0,3,0,0,0,0,0
rename,3,renaming=2; renamed=1,0,0,3,0,0,0,0,0
rendering,3,renderings=3,3,0,0,0,0,0,0,0
renown,3,renown=3,1,2,0,0,0,0,0,0
repellent,3,repellent=3,1,0,0,0,2,0,0,0
repertoire,3,repertoire=3,3,0,0,0,0,0,0,0
reptilian,3,reptilian=3,0,0,0,0,3,0,0,0
republican,3,republican=3,0,0,0,0,3,0,0,0
resale,3,resale=3,3,0,0,0,0,0,0,0
resent,3,resented=2; resent=1,0,0,3,0,0,0,0,0
resilience,3,resilience=3,3,0,0,0,0,0,0,0
resonant,3,resonant=3,2,0,0,0,1,0,0,0
resources,3,resources=3,0,3,0,0,0,0,0,0
retina,3,retina=3,3,0,0,0,0,0,0,0
retrospective,3,retrospective=3,1,0,0,0,2,0,0,0
rework,3,reworking=2; reworked=1,0,0,3,0,0,0,0,0
rewrote,3,rewrote=3,0,0,3,0,0,0,0,0
rhetoric,3,rhetoric=3,3,0,0,0,0,0,0,0
riace,3,riace=3,0,3,0,0,0,0,0,0
richmond,3,richmond=3,0,3,0,0,0,0,0,0
riding,3,riding=3,3,0,0,0,0,0,0,0
riga,3,riga=3,0,3,0,0,0,0,0,0
rijksmuseum,3,rijksmuseum=3,0,3,0,0,0,0,0,0
ritualized,3,ritualized=3,0,0,0,0,3,0,0,0
rivalry,3,rivalry=3,2,1,0,0,0,0,0,0
riverside,3,riverside=3,2,1,0,0,0,0,0,0
roadbed,3,roadbed=2; roadbeds=1,3,0,0,0,0,0,0,0
roads,3,roads=3,0,3,0,0,0,0,0,0
rob,3,robbed=2; robs=1,1,0,2,0,0,0,0,0
rod,3,rod=3,2,1,0,0,0,0,0,0
rodriguez,3,rodriguez=3,0,3,0,0,0,0,0,0
roger,3,roger=3,0,3,0,0,0,0,0,0
rohm,3,rohm=3,0,3,0,0,0,0,0,0
romana,3,romana=3,0,3,0,0,0,0,0,0
romanization,3,romanization=3,0,3,0,0,0,0,0,0
romeo,3,romeo=3,0,3,0,0,0,0,0,0
rooms,3,rooms=3,0,3,0,0,0,0,0,0
ross,3,ross=3,0,3,0,0,0,0,0,0
rotten,3,rotten=3,0,0,0,0,3,0,0,0
rout,3,routed=2; routs=1,1,0,2,0,0,0,0,0
rudder,3,rudders=2; rudder=1,3,0,0,0,0,0,0,0
rusting,3,rusting=3,0,0,0,0,3,0,0,0
ruxton,3,ruxton=3,0,3,0,0,0,0,0,0
sachs,3,sachs=3,0,3,0,0,0,0,0,0
sacramento,3,sacramento=3,0,3,0,0,0,0,0,0
sadly,3,sadly=3,0,0,0,0,0,3,0,0
saliva,3,saliva=3,2,1,0,0,0,0,0,0
sanction,3,sanctions=2; sanction=1,3,0,0,0,0,0,0,0
santos,3,santos=3,0,3,0,0,0,0,0,0
saturdays,3,saturdays=3,0,3,0,0,0,0,0,0
sawfly,3,sawfly=2; sawflies=1,3,0,0,0,0,0,0,0
sawmill,3,sawmill=2; sawmills=1,3,0,0,0,0,0,0,0
scaling,3,scaling=3,3,0,0,0,0,0,0,0
scanning,3,scanning=3,3,0,0,0,0,0,0,0
scare,3,scare=2; scares=1,2,0,1,0,0,0,0,0
scarf,3,scarf=2; scarves=1,2,0,0,0,1,0,0,0
scavenging,3,scavenging=3,3,0,0,0,0,0,0,0
scepter,3,scepters=2; scepter=1,3,0,0,0,0,0,0,0
scots,3,scots=3,0,3,0,0,0,0,0,0
screech,3,screeching=3,0,0,3,0,0,0,0,0
screenwrite,3,screenwriting=3,0,0,3,0,0,0,0,0
scribble,3,scribbling=2; scribbles=1,1,0,2,0,0,0,0,0
scribe,3,scribes=2; scribe=1,3,0,0,0,0,0,0,0
sculpin,3,sculpin=3,3,0,0,0,0,0,0,0
sculptors,3,sculptors=3,0,3,0,0,0,0,0,0
se,3,se=3,0,0,0,0,0,0,0,3
seabed,3,seabed=3,2,1,0,0,0,0,0,0
seaboard,3,seaboard=3,2,1,0,0,0,0,0,0
seafare,3,seafaring=3,0,0,3,0,0,0,0,0
secondhand,3,secondhand=3,3,0,0,0,0,0,0,0
seeds,3,seeds=3,0,3,0,0,0,0,0,0
sem,3,sem=3,0,3,0,0,0,0,0,0
sentiment,3,sentiment=2; sentiments=1,3,0,0,0,0,0,0,0
sergio,3,sergio=3,0,3,0,0,0,0,0,0
seriousness,3,seriousness=3,3,0,0,0,0,0,0,0
settled,3,settled=3,0,2,0,0,1,0,0,0
seventy,3,seventy=3,0,0,0,0,0,0,0,3
severity,3,severity=3,3,0,0,0,0,0,0,0
sewer,3,sewer=2; sewers=1,3,0,0,0,0,0,0,0
sf,3,sf=3,0,3,0,0,0,0,0,0
shaggy,3,shaggy=3,0,0,0,0,3,0,0,0
shaking,3,shaking=3,3,0,0,0,0,0,0,0
shampoo,3,shampoo=3,2,0,1,0,0,0,0,0
shipboard,3,shipboard=3,0,0,0,0,3,0,0,0
shiver,3,shiver=1; shivering=1; shivers=1,1,0,2,0,0,0,0,0
shortcut,3,shortcut=2; shortcuts=1,2,0,1,0,0,0,0,0
shove,3,shove=2; shoved=1,2,0,1,0,0,0,0,0
shre,3,shred=3,0,0,3,0,0,0,0,0
shrinking,3,shrinking=3,3,0,0,0,0,0,0,0
sichuan,3,sichuan=3,0,3,0,0,0,0,0,0
sieve,3,sieve=2; sieves=1,3,0,0,0,0,0,0,0
silicone,3,silicone=3,3,0,0,0,0,0,0,0
silvery,3,silvery=3,2,0,0,0,1,0,0,0
simplification,3,simplification=3,3,0,0,0,0,0,0,0
simpson,3,simpson=3,0,3,0,0,0,0,0,0
sims,3,sims=3,0,3,0,0,0,0,0,0
sistine,3,sistine=3,0,3,0,0,0,0,0,0
skirt,3,skirt=3,3,0,0,0,0,0,0,0
skyline,3,skyline=3,3,0,0,0,0,0,0,0
slap,3,slap=3,3,0,0,0,0,0,0,0
sled,3,sleds=3,3,0,0,0,0,0,0,0
slideshow,3,slideshow=2; slideshows=1,3,0,0,0,0,0,0,0
slimy,3,slimy=3,0,1,0,0,2,0,0,0
slosh,3,slosh=2; sloshing=1,0,0,2,0,1,0,0,0
sluggish,3,sluggish=3,0,0,0,0,3,0,0,0
sluice,3,sluices=3,3,0,0,0,0,0,0,0
slurry,3,slurry=3,3,0,0,0,0,0,0,0
smaller,3,smaller=3,0,3,0,0,0,0,0,0
smash,3,smash=3,0,0,3,0,0,0,0,0
smashing,3,smashing=3,3,0,0,0,0,0,0,0
smelter,3,smelters=3,3,0,0,0,0,0,0,0
smokey,3,smokey=3,3,0,0,0,0,0,0,0
smoking,3,smoking=3,3,0,0,0,0,0,0,0
smoky,3,smoky=2; smokier=1,0,0,0,0,3,0,0,0
smoother,3,smoother=3,0,0,1,0,2,0,0,0
smoothness,3,smoothness=3,1,0,0,0,2,0,0,0
smuggle,3,smuggling=2; smuggled=1,0,0,3,0,0,0,0,0
snakes,3,snakes=3,0,3,0,0,0,0,0,0
snowmelt,3,snowmelt=3,0,0,0,0,0,0,0,3
snowy,3,snowy=3,0,1,0,0,2,0,0,0
societies,3,societies=3,0,3,0,0,0,0,0,0
sod,3,sod=3,0,3,0,0,0,0,0,0
softness,3,softness=3,3,0,0,0,0,0,0,0
sol,3,sol=3,2,1,0,0,0,0,0,0
soloist,3,soloist=2; soloists=1,3,0,0,0,0,0,0,0
solvay,3,solvay=3,0,3,0,0,0,0,0,0
someplace,3,someplace=3,2,0,0,0,0,1,0,0
songwrite,3,songwriting=3,0,0,3,0,0,0,0,0
sonifie,3,sonified=3,0,0,3,0,0,0,0,0
sophocles,3,sophocles=3,0,3,0,0,0,0,0,0
sour,3,sour=3,0,0,0,0,3,0,0,0
southampton,3,southampton=3,1,2,0,0,0,0,0,0
sow,3,sown=2; sow=1,0,0,3,0,0,0,0,0
spacing,3,spacing=3,3,0,0,0,0,0,0,0
specialists,3,specialists=3,0,3,0,0,0,0,0,0
spectrometer,3,spectrometers=2; spectrometer=1,3,0,0,0,0,0,0,0
speedy,3,speedy=3,0,0,0,0,3,0,0,0
sphinx,3,sphinxes=2; sphinx=1,3,0,0,0,0,0,0,0
spiny,3,spiny=3,0,0,0,0,3,0,0,0
splatter,3,splattered=2; splatter=1,0,0,3,0,0,0,0,0
splendid,3,splendid=3,0,0,0,0,3,0,0,0
spokeswoman,3,spokeswoman=3,3,0,0,0,0,0,0,0
sponging,3,sponging=3,2,1,0,0,0,0,0,0
spontaneity,3,spontaneity=3,3,0,0,0,0,0,0,0
spool,3,spools=2; spool=1,3,0,0,0,0,0,0,0
sporadic,3,sporadic=3,0,0,0,0,3,0,0,0
springtime,3,springtime=3,3,0,0,0,0,0,0,0
sputter,3,sputter=1; sputtered=1; sputtering=1,0,0,3,0,0,0,0,0
sputtering,3,sputtering=3,3,0,0,0,0,0,0,0
squatting,3,squatting=3,2,0,0,0,1,0,0,0
squirt,3,squirt=3,0,0,3,0,0,0,0,0
srivijaya,3,srivijaya=3,0,3,0,0,0,0,0,0
stairway,3,stairways=3,3,0,0,0,0,0,0,0
stake,3,stake=3,1,0,2,0,0,0,0,0
stance,3,stance=3,3,0,0,0,0,0,0,0
standpoint,3,standpoint=3,3,0,0,0,0,0,0,0
stanford,3,stanford=3,0,3,0,0,0,0,0,0
stanley,3,stanley=3,0,3,0,0,0,0,0,0
starlight,3,starlight=3,3,0,0,0,0,0,0,0
stars,3,stars=3,0,3,0,0,0,0,0,0
startling,3,startling=3,0,0,0,0,3,0,0,0
startup,3,startup=3,2,0,1,0,0,0,0,0
ste,3,sting=3,0,0,3,0,0,0,0,0
steenstrup,3,steenstrup=3,0,3,0,0,0,0,0,0
stephanie,3,stephanie=3,0,3,0,0,0,0,0,0
steppe,3,steppe=3,2,1,0,0,0,0,0,0
stew,3,stew=2; stews=1,3,0,0,0,0,0,0,0
sticker,3,sticker=3,3,0,0,0,0,0,0,0
stinging,3,stinging=3,0,0,0,0,3,0,0,0
stipend,3,stipend=2; stipends=1,3,0,0,0,0,0,0,0
stockpile,3,stockpiles=2; stockpiling=1,2,0,1,0,0,0,0,0
stoddart,3,stoddart=3,0,3,0,0,0,0,0,0
stopper,3,stoppers=2; stopper=1,3,0,0,0,0,0,0,0
stout,3,stout=2; stoutest=1,0,0,0,0,3,0,0,0
stove,3,stove=2; stoves=1,2,0,1,0,0,0,0,0
straddle,3,straddle=2; straddles=1,0,0,3,0,0,0,0,0
stray,3,stray=3,1,0,2,0,0,0,0,0
strenuous,3,strenuous=3,0,0,0,0,3,0,0,0
stubborn,3,stubborn=3,0,1,0,0,2,0,0,0
studying,3,studying=3,3,0,0,0,0,0,0,0
stuffy,3,stuffy=3,0,0,0,0,3,0,0,0
stylist,3,stylist=3,3,0,0,0,0,0,0,0
subside,3,subsided=2; subside=1,0,0,2,0,0,1,0,0
subtly,3,subtly=3,0,0,0,0,0,3,0,0
subtropic,3,subtropics=3,3,0,0,0,0,0,0,0
suburbia,3,suburbia=3,3,0,0,0,0,0,0,0
suckle,3,suckling=3,0,0,3,0,0,0,0,0
suffering,3,suffering=3,3,0,0,0,0,0,0,0
suggestible,3,suggestible=3,0,0,0,0,3,0,0,0
sunlit,3,sunlit=3,0,0,0,0,3,0,0,0
superb,3,superb=3,0,0,0,0,3,0,0,0
superfamily,3,superfamily=3,0,0,0,0,0,3,0,0
superficial,3,superficial=3,0,0,0,0,3,0,0,0
superficially,3,superficially=3,0,0,0,0,0,3,0,0
superheate,3,superheated=2; superheating=1,0,0,3,0,0,0,0,0
supersaturate,3,supersaturated=3,0,0,3,0,0,0,0,0
supper,3,supper=3,3,0,0,0,0,0,0,0
supplies,3,supplies=3,0,3,0,0,0,0,0,0
suppression,3,suppression=3,3,0,0,0,0,0,0,0
supracrustals,3,supracrustals=3,0,3,0,0,0,0,0,0
surrealism,3,surrealism=3,3,0,0,0,0,0,0,0
surveyor,3,surveyor=2; surveyors=1,1,2,0,0,0,0,0,0
suspenseful,3,suspenseful=3,0,0,0,0,3,0,0,0
svalbard,3,svalbard=3,0,3,0,0,0,0,0,0
symbiont,3,symbionts=3,3,0,0,0,0,0,0,0
tableau,3,tableau=3,2,1,0,0,0,0,0,0
tangled,3,tangled=3,0,0,0,0,3,0,0,0
tantalize,3,tantalizing=2; tantalized=1,0,0,3,0,0,0,0,0
tanzania,3,tanzania=3,0,3,0,0,0,0,0,0
tapestries,3,tapestries=3,0,3,0,0,0,0,0,0
taruga,3,taruga=3,0,3,0,0,0,0,0,0
tasmanian,3,tasmanian=3,0,0,0,0,3,0,0,0
technician,3,technicians=2; technician=1,3,0,0,0,0,0,0,0
tedious,3,tedious=3,0,0,0,0,3,0,0,0
tense,3,tense=3,0,0,0,0,3,0,0,0
tensile,3,tensile=3,0,0,0,0,3,0,0,0
tentacle,3,tentacles=3,2,0,1,0,0,0,0,0
terminate,3,terminate=2; terminated=1,0,0,3,0,0,0,0,0
termination,3,termination=3,3,0,0,0,0,0,0,0
testimonial,3,testimonials=2; testimonial=1,3,0,0,0,0,0,0,0
tetsuya,3,tetsuya=3,0,3,0,0,0,0,0,0
th,3,th=2; ths=1,1,0,0,0,0,0,0,2
thafs,3,thafs=3,0,0,3,0,0,0,0,0
thaw,3,thaw=2; thaws=1,1,0,2,0,0,0,0,0
thebes,3,thebes=3,0,3,0,0,0,0,0,0
thicken,3,thicken=2; thickened=1,0,0,3,0,0,0,0,0
thickly,3,thickly=3,0,0,0,0,0,3,0,0
thigh,3,thigh=2; thighs=1,3,0,0,0,0,0,0,0
thinness,3,thinness=3,3,0,0,0,0,0,0,0
thor,3,thor=3,0,3,0,0,0,0,0,0
thorpe,3,thorpe=3,0,3,0,0,0,0,0,0
thrasher,3,thrashers=2; thrasher=1,3,0,0,0,0,0,0,0
threatened,3,threatened=3,0,0,0,0,3,0,0,0
threatening,3,threatening=3,0,0,0,0,3,0,0,0
thrombolite,3,thrombolites=2; thrombolite=1,3,0,0,0,0,0,0,0
thucydides,3,thucydides=3,0,3,0,0,0,0,0,0
thunder,3,thunder=1; thundering=1; thunders=1,2,0,1,0,0,0,0,0
thursdays,3,thursdays=3,0,3,0,0,0,0,0,0
thylacine,3,thylacine=3,3,0,0,0,0,0,0,0
tickets,3,tickets=3,0,3,0,0,0,0,0,0
tinwald,3,tinwald=3,0,3,0,0,0,0,0,0
tokens,3,tokens=3,0,3,0,0,0,0,0,0
tommy,3,tommy=3,0,3,0,0,0,0,0,0
toner,3,toner=3,2,1,0,0,0,0,0,0
tourists,3,tourists=3,0,3,0,0,0,0,0,0
towel,3,towels=2; towel=1,2,1,0,0,0,0,0,0
tracker,3,tracker=2; trackers=1,3,0,0,0,0,0,0,0
trajan,3,trajan=3,0,3,0,0,0,0,0,0
trajectory,3,trajectories=3,3,0,0,0,0,0,0,0
trans,3,trans=3,0,1,0,0,2,0,0,0
transcribe,3,transcribed=2; transcribe=1,0,0,3,0,0,0,0,0
transistor,3,transistors=3,3,0,0,0,0,0,0,0
translucence,3,translucence=3,3,0,0,0,0,0,0,0
transporting,3,transporting=3,3,0,0,0,0,0,0,0
trapping,3,trappings=2; trapping=1,3,0,0,0,0,0,0,0
treeless,3,treeless=3,0,0,0,0,3,0,0,0
trends,3,trends=3,0,3,0,0,0,0,0,0
trillion,3,trillion=2; trillions=1,1,0,0,0,0,0,0,2
troubling,3,troubling=3,0,0,0,0,3,0,0,0
trump,3,trump=2; trumps=1,2,0,1,0,0,0,0,0
truthfully,3,truthfully=3,0,0,0,0,0,3,0,0
tsetse,3,tsetse=3,0,0,0,0,3,0,0,0
tsunamis,3,tsunamis=3,3,0,0,0,0,0,0,0
tubular,3,tubular=3,0,1,0,0,2,0,0,0
tully,3,tully=3,0,3,0,0,0,0,0,0
tumble,3,tumble=3,0,0,1,0,2,0,0,0
turkish,3,turkish=3,0,0,0,0,3,0,0,0
typify,3,typified=3,0,0,3,0,0,0,0,0
tyrrhenian,3,tyrrhenian=3,0,1,0,0,2,0,0,0
u,3,u=3,1,1,0,0,1,0,0,0
unacceptable,3,unacceptable=3,0,0,0,0,3,0,0,0
unaltered,3,unaltered=3,0,0,0,0,3,0,0,0
unappealing,3,unappealing=3,0,0,0,0,3,0,0,0
unbelievable,3,unbelievable=3,0,0,0,0,3,0,0,0
unbelievably,3,unbelievably=3,0,0,0,0,0,3,0,0
unborn,3,unborn=3,0,0,0,0,3,0,0,0
unbroken,3,unbroken=3,0,0,0,0,3,0,0,0
uncharged,3,uncharged=3,0,0,0,0,3,0,0,0
uncommonly,3,uncommonly=3,0,0,0,0,0,3,0,0
unconsciously,3,unconsciously=3,0,0,0,0,0,3,0,0
undecided,3,undecided=3,0,0,0,0,3,0,0,0
undersaturated,3,undersaturated=3,0,0,0,0,3,0,0,0
understood,3,understood=3,0,1,0,0,2,0,0,0
underworld,3,underworld=3,3,0,0,0,0,0,0,0
uneaten,3,uneaten=3,0,0,0,0,3,0,0,0
unemployed,3,unemployed=3,0,0,0,0,3,0,0,0
unevenly,3,unevenly=3,0,0,0,0,0,3,0,0
unhatched,3,unhatched=3,0,0,0,0,3,0,0,0
unicorn,3,unicorn=3,1,2,0,0,0,0,0,0
uninhabited,3,uninhabited=3,0,0,0,0,3,0,0,0
unintentional,3,unintentional=3,0,0,0,0,3,0,0,0
unmistakable,3,unmistakable=3,0,0,0,0,3,0,0,0
unmonitored,3,unmonitored=3,0,0,0,0,3,0,0,0
unnatural,3,unnatural=3,0,1,0,0,2,0,0,0
unpack,3,unpack=2; unpacking=1,0,0,3,0,0,0,0,0
unplanted,3,unplanted=3,0,0,0,0,3,0,0,0
unprocessed,3,unprocessed=3,0,0,0,0,3,0,0,0
unproductive,3,unproductive=3,0,0,0,0,3,0,0,0
unrepresentative,3,unrepresentative=3,0,0,0,0,3,0,0,0
unroll,3,unrolling=2; unroll=1,0,0,3,0,0,0,0,0
unseen,3,unseen=3,0,0,0,0,3,0,0,0
unselfish,3,unselfish=3,0,0,0,0,3,0,0,0
unsteady,3,unsteady=3,0,0,0,0,3,0,0,0
unsurprisingly,3,unsurprisingly=3,0,0,0,0,0,3,0,0
untrained,3,untrained=3,0,1,0,0,2,0,0,0
unwillingness,3,unwillingness=3,3,0,0,0,0,0,0,0
uplifting,3,uplifting=3,2,0,0,0,1,0,0,0
uppermost,3,uppermost=3,0,0,0,0,3,0,0,0
upriver,3,upriver=3,0,0,0,0,0,3,0,0
uproot,3,uprooted=3,0,0,3,0,0,0,0,0
urbanism,3,urbanism=3,3,0,0,0,0,0,0,0
utilitarianism,3,utilitarianism=3,2,1,0,0,0,0,0,0
utopia,3,utopia=3,2,1,0,0,0,0,0,0
utterly,3,utterly=3,0,0,0,0,0,3,0,0
vacate,3,vacated=2; vacates=1,1,0,2,0,0,0,0,0
vain,3,vain=3,2,0,0,0,1,0,0,0
validate,3,validate=2; validated=1,0,0,3,0,0,0,0,0
vandals,3,vandals=3,0,3,0,0,0,0,0,0
vascular,3,vascular=3,1,0,0,0,2,0,0,0
vastness,3,vastness=3,2,0,0,0,1,0,0,0
velde,3,velde=3,0,3,0,0,0,0,0,0
veneration,3,veneration=3,3,0,0,0,0,0,0,0
verification,3,verification=3,3,0,0,0,0,0,0,0
vermin,3,vermin=3,2,1,0,0,0,0,0,0
versione,3,versioning=3,0,0,3,0,0,0,0,0
vertebrae,3,vertebrae=3,3,0,0,0,0,0,0,0
vervet,3,vervet=3,3,0,0,0,0,0,0,0
veteran,3,veterans=3,3,0,0,0,0,0,0,0
vienna,3,vienna=3,0,3,0,0,0,0,0,0
villafafila,3,villafafila=3,0,3,0,0,0,0,0,0
vinegar,3,vinegar=3,3,0,0,0,0,0,0,0
virgin,3,virgin=3,0,0,1,0,2,0,0,0
visionary,3,visionary=3,3,0,0,0,0,0,0,0
visitation,3,visitation=3,3,0,0,0,0,0,0,0
vivian,3,vivian=3,0,3,0,0,0,0,0,0
vorticist,3,vorticist=3,0,3,0,0,0,0,0,0
voucher,3,vouchers=3,3,0,0,0,0,0,0,0
vulgar,3,vulgar=3,0,1,0,0,2,0,0,0
waive,3,waive=2; waived=1,0,0,3,0,0,0,0,0
waiver,3,waiver=3,3,0,0,0,0,0,0,0
watcher,3,watchers=2; watcher=1,3,0,0,0,0,0,0,0
watchful,3,watchful=3,0,0,0,0,3,0,0,0
watchtower,3,watchtowers=3,3,0,0,0,0,0,0,0
waterfowl,3,waterfowl=3,3,0,0,0,0,0,0,0
waterless,3,waterless=3,0,0,0,0,3,0,0,0
waterpower,3,waterpower=3,2,0,0,0,1,0,0,0
waver,3,wavering=3,0,0,3,0,0,0,0,0
weaverbird,3,weaverbirds=2; weaverbird=1,3,0,0,0,0,0,0,0
webb,3,webb=3,0,3,0,0,0,0,0,0
wedge,3,wedge=3,2,0,1,0,0,0,0,0
weedy,3,weedy=3,0,0,0,0,3,0,0,0
weekday,3,weekdays=2; weekday=1,3,0,0,0,0,0,0,0
welton,3,welton=3,0,3,0,0,0,0,0,0
wetherill,3,wetherill=3,0,3,0,0,0,0,0,0
wheeler,3,wheeler=3,0,3,0,0,0,0,0,0
whitebark,3,whitebark=3,0,1,0,0,2,0,0,0
willed,3,willed=3,0,0,0,0,3,0,0,0
willie,3,willie=3,0,3,0,0,0,0,0,0
wintertime,3,wintertime=3,3,0,0,0,0,0,0,0
wither,3,wither=2; withering=1,0,0,3,0,0,0,0,0
wolfgang,3,wolfgang=3,0,3,0,0,0,0,0,0
woods,3,woods=3,0,3,0,0,0,0,0,0
worksheet,3,worksheets=2; worksheet=1,3,0,0,0,0,0,0,0
workstation,3,workstations=3,3,0,0,0,0,0,0,0
woude,3,woude=3,0,3,0,0,0,0,0,0
wpa,3,wpa=3,0,3,0,0,0,0,0,0
xena,3,xena=3,0,3,0,0,0,0,0,0
xinjiang,3,xinjiang=3,0,3,0,0,0,0,0,0
years,3,years=3,0,3,0,0,0,0,0,0
yorkshire,3,yorkshire=3,0,3,0,0,0,0,0,0
zeno,3,zeno=3,0,3,0,0,0,0,0,0
zhejiang,3,zhejiang=3,0,3,0,0,0,0,0,0
ziggurats,3,ziggurats=3,0,3,0,0,0,0,0,0
zoom,3,zoom=2; zooming=1,1,0,2,0,0,0,0,0
ántonia,3,ántonia=3,0,3,0,0,0,0,0,0
aalborg,2,aalborg=2,0,2,0,0,0,0,0,0
aaup,2,aaup=2,0,2,0,0,0,0,0,0
abalone,2,abalone=2,2,0,0,0,0,0,0,0
abbreviate,2,abbreviated=2,0,0,2,0,0,0,0,0
abby,2,abby=2,0,2,0,0,0,0,0,0
abdominal,2,abdominal=2,0,0,0,0,2,0,0,0
abnormal,2,abnormal=2,1,0,0,0,1,0,0,0
abnormally,2,abnormally=2,0,0,0,0,0,2,0,0
abstractly,2,abstractly=2,0,0,0,0,0,2,0,0
abundantly,2,abundantly=2,0,0,0,0,0,2,0,0
ac,2,ac=2,0,1,0,0,0,0,0,1
academe,2,academe=2,2,0,0,0,0,0,0,0
academie,2,academie=1; academies=1,0,1,1,0,0,0,0,0
acadians,2,acadians=2,0,2,0,0,0,0,0,0
académie,2,académie=2,0,2,0,0,0,0,0,0
accelerated,2,accelerated=2,0,0,0,0,2,0,0,0
accent,2,accent=1; accents=1,2,0,0,0,0,0,0,0
accentuate,2,accentuated=2,0,0,2,0,0,0,0,0
accompaniment,2,accompaniment=2,2,0,0,0,0,0,0,0
accordance,2,accordance=2,2,0,0,0,0,0,0,0
accordion,2,accordion=2,2,0,0,0,0,0,0,0
accrue,2,accrue=2,0,0,2,0,0,0,0,0
acrobat,2,acrobats=2,2,0,0,0,0,0,0,0
actions,2,actions=2,0,2,0,0,0,0,0,0
activation,2,activation=2,2,0,0,0,0,0,0,0
acuity,2,acuity=2,2,0,0,0,0,0,0,0
adherent,2,adherents=2,2,0,0,0,0,0,0,0
adjunct,2,adjunct=2,0,0,0,0,2,0,0,0
adjusted,2,adjusted=2,0,0,0,0,2,0,0,0
adolescence,2,adolescence=2,2,0,0,0,0,0,0,0
adriatic,2,adriatic=2,0,2,0,0,0,0,0,0
adversary,2,adversaries=1; adversary=1,2,0,0,0,0,0,0,0
advocacy,2,advocacy=2,2,0,0,0,0,0,0,0
aegina,2,aegina=2,0,2,0,0,0,0,0,0
aerospace,2,aerospace=2,2,0,0,0,0,0,0,0
affinity,2,affinity=2,2,0,0,0,0,0,0,0
afflict,2,afflicted=2,0,0,2,0,0,0,0,0
affordability,2,affordability=2,2,0,0,0,0,0,0,0
afield,2,afield=2,0,0,0,0,0,2,0,0
airflow,2,airflow=2,0,0,0,0,1,1,0,0
airless,2,airless=2,0,0,0,0,2,0,0,0
airspace,2,airspaces=2,2,0,0,0,0,0,0,0
aisle,2,aisles=2,2,0,0,0,0,0,0,0
ala,2,ala=2,0,2,0,0,0,0,0,0
albeit,2,albeit=2,0,0,0,0,0,0,0,2
albuman,2,albumen=2,2,0,0,0,0,0,0,0
alcoholic,2,alcoholic=2,0,0,0,0,2,0,0,0
alder,2,alder=1; alders=1,2,0,0,0,0,0,0,0
alertness,2,alertness=2,0,1,1,0,0,0,0,0
alexis,2,alexis=2,0,2,0,0,0,0,0,0
algeria,2,algeria=2,0,2,0,0,0,0,0,0
alienate,2,alienate=2,0,0,2,0,0,0,0,0
alisa,2,alisa=2,1,1,0,0,0,0,0,0
allan,2,allan=2,0,2,0,0,0,0,0,0
allergic,2,allergic=2,0,0,0,0,2,0,0,0
alleyways,2,alleyways=2,0,0,0,0,0,2,0,0
allot,2,allots=1; allotted=1,1,0,1,0,0,0,0,0
alloying,2,alloying=2,2,0,0,0,0,0,0,0
allude,2,alluded=1; alluding=1,0,0,2,0,0,0,0,0
almagest,2,almagest=2,0,2,0,0,0,0,0,0
almanac,2,almanac=1; almanacs=1,2,0,0,0,0,0,0,0
aloft,2,aloft=2,0,0,0,0,0,2,0,0
amaze,2,amaze=2,0,0,2,0,0,0,0,0
amazonian,2,amazonian=2,0,0,0,0,2,0,0,0
ambiguity,2,ambiguity=2,2,0,0,0,0,0,0,0
ambroise,2,ambroise=2,0,2,0,0,0,0,0,0
amend,2,amended=2,0,0,2,0,0,0,0,0
amendment,2,amendment=1; amendments=1,2,0,0,0,0,0,0,0
amplifie,2,amplifies=2,2,0,0,0,0,0,0,0
amundsen,2,amundsen=2,0,2,0,0,0,0,0,0
anaconda,2,anaconda=2,2,0,0,0,0,0,0,0
anaerobically,2,anaerobically=2,0,0,0,0,0,2,0,0
andros,2,andros=2,0,2,0,0,0,0,0,0
anesthesia,2,anesthesia=2,2,0,0,0,0,0,0,0
anew,2,anew=2,0,0,0,0,0,2,0,0
angel,2,angels=2,2,0,0,0,0,0,0,0
angian,2,angian=2,0,0,0,0,2,0,0,0
angles,2,angles=2,0,2,0,0,0,0,0,0
angus,2,angus=2,2,0,0,0,0,0,0,0
anita,2,anita=2,0,2,0,0,0,0,0,0
annihilate,2,annihilate=1; annihilated=1,0,0,2,0,0,0,0,0
announcer,2,announcer=2,2,0,0,0,0,0,0,0
annoyance,2,annoyance=2,2,0,0,0,0,0,0,0
annoyed,2,annoyed=2,0,0,0,0,2,0,0,0
antennae,2,antennae=2,2,0,0,0,0,0,0,0
anthem,2,anthem=2,2,0,0,0,0,0,0,0
anthrax,2,anthrax=2,2,0,0,0,0,0,0,0
antibodie,2,antibodies=2,0,0,2,0,0,0,0,0
anticipation,2,anticipation=2,2,0,0,0,0,0,0,0
antigen,2,antigens=2,2,0,0,0,0,0,0,0
antipredator,2,antipredator=2,2,0,0,0,0,0,0,0
antiseismic,2,antiseismic=2,0,0,0,0,2,0,0,0
apex,2,apex=2,2,0,0,0,0,0,0,0
apologetic,2,apologetic=2,0,1,0,0,1,0,0,0
apostles,2,apostles=2,0,2,0,0,0,0,0,0
appalling,2,appalling=2,0,0,0,0,2,0,0,0
appease,2,appease=2,0,0,2,0,0,0,0,0
appendectomy,2,appendectomies=2,2,0,0,0,0,0,0,0
applause,2,applause=2,2,0,0,0,0,0,0,0
applied,2,applied=2,0,1,0,0,1,0,0,0
appreciable,2,appreciable=2,0,0,0,0,2,0,0,0
appreciated,2,appreciated=2,0,0,0,0,2,0,0,0
apterygota,2,apterygota=2,0,2,0,0,0,0,0,0
apterygote,2,apterygotes=2,2,0,0,0,0,0,0,0
aptly,2,aptly=2,0,0,0,0,0,2,0,0
arcade,2,arcades=2,2,0,0,0,0,0,0,0
archaebacteria,2,archaebacteria=2,0,2,0,0,0,0,0,0
arduous,2,arduous=2,0,0,0,0,2,0,0,0
arguments,2,arguments=2,0,2,0,0,0,0,0,0
aria,2,arias=2,2,0,0,0,0,0,0,0
aristarchus,2,aristarchus=2,0,2,0,0,0,0,0,0
arithmetic,2,arithmetic=2,0,0,0,0,2,0,0,0
armed,2,armed=2,0,0,0,0,2,0,0,0
aromatic,2,aromatic=2,0,0,0,0,2,0,0,0
arras,2,arras=2,0,2,0,0,0,0,0,0
arriving,2,arriving=2,0,2,0,0,0,0,0,0
arrogant,2,arrogant=2,0,0,0,0,2,0,0,0
artemis,2,artemis=2,0,2,0,0,0,0,0,0
artemisium,2,artemisium=2,0,2,0,0,0,0,0,0
artfully,2,artfully=2,0,0,0,0,0,2,0,0
artifacts,2,artifacts=2,0,2,0,0,0,0,0,0
ashurnasirpal,2,ashurnasirpal=2,0,2,0,0,0,0,0,0
asians,2,asians=2,0,2,0,0,0,0,0,0
asocial,2,asocial=2,0,0,0,0,2,0,0,0
aspen,2,aspen=1; aspens=1,2,0,0,0,0,0,0,0
aspero,2,aspero=2,0,2,0,0,0,0,0,0
assault,2,assault=2,1,0,1,0,0,0,0,0
assortment,2,assortment=2,2,0,0,0,0,0,0,0
astonish,2,astonished=2,0,0,2,0,0,0,0,0
astonishingly,2,astonishingly=2,0,0,0,0,0,2,0,0
astor,2,astor=2,0,2,0,0,0,0,0,0
astride,2,astride=2,0,0,0,0,0,0,0,2
astronomers,2,astronomers=2,0,2,0,0,0,0,0,0
aswad,2,aswad=2,0,2,0,0,0,0,0,0
aswan,2,aswan=2,0,2,0,0,0,0,0,0
ataraxia,2,ataraxia=2,0,2,0,0,0,0,0,0
athena,2,athena=2,0,2,0,0,0,0,0,0
atla,2,atlas=2,2,0,0,0,0,0,0,0
attache,2,attaches=2,2,0,0,0,0,0,0,0
attached,2,attached=2,0,0,0,0,2,0,0,0
attachments,2,attachments=2,0,2,0,0,0,0,0,0
attempts,2,attempts=2,0,2,0,0,0,0,0,0
attentive,2,attentive=2,0,0,0,0,2,0,0,0
attire,2,attire=2,2,0,0,0,0,0,0,0
attracted,2,attracted=2,0,0,0,0,2,0,0,0
attractively,2,attractively=2,0,0,0,0,0,2,0,0
augmented,2,augmented=2,0,0,0,0,2,0,0,0
augustus,2,augustus=2,0,2,0,0,0,0,0,0
auks,2,auks=2,2,0,0,0,0,0,0,0
aurora,2,aurora=1; auroras=1,1,1,0,0,0,0,0,0
auspex,2,auspices=2,2,0,0,0,0,0,0,0
austria,2,austria=2,0,2,0,0,0,0,0,0
authenticated,2,authenticated=2,0,0,0,0,2,0,0,0
authenticator,2,authenticator=1; authenticators=1,2,0,0,0,0,0,0,0
authoritarian,2,authoritarian=2,0,0,0,0,2,0,0,0
automation,2,automation=2,2,0,0,0,0,0,0,0
automotive,2,automotive=2,0,0,0,0,2,0,0,0
av,2,av=2,0,2,0,0,0,0,0,0
aversion,2,aversion=2,2,0,0,0,0,0,0,0
avert,2,averted=1; averting=1,0,0,2,0,0,0,0,0
awakening,2,awakening=2,2,0,0,0,0,0,0,0
awfully,2,awfully=2,0,0,0,0,0,2,0,0
awl,2,awls=2,2,0,0,0,0,0,0,0
azor,2,azors=2,2,0,0,0,0,0,0,0
babylonians,2,babylonians=2,0,2,0,0,0,0,0,0
backlash,2,backlash=2,2,0,0,0,0,0,0,0
badge,2,badges=2,2,0,0,0,0,0,0,0
bahamas,2,bahamas=2,0,2,0,0,0,0,0,0
baker,2,baker=2,2,0,0,0,0,0,0,0
bald,2,bald=2,0,0,0,0,2,0,0,0
bali,2,bali=2,0,2,0,0,0,0,0,0
balkans,2,balkans=2,0,2,0,0,0,0,0,0
ballast,2,ballast=2,2,0,0,0,0,0,0,0
ballerina,2,ballerina=2,0,2,0,0,0,0,0,0
ballroom,2,ballroom=2,2,0,0,0,0,0,0,0
bam,2,bam=2,2,0,0,0,0,0,0,0
bandjoun,2,bandjoun=2,0,2,0,0,0,0,0,0
bang,2,banging=2,0,0,2,0,0,0,0,0
banknote,2,banknotes=2,2,0,0,0,0,0,0,0
barbarian,2,barbarian=2,0,0,0,0,2,0,0,0
barber,2,barbers=2,2,0,0,0,0,0,0,0
barberry,2,barberry=2,2,0,0,0,0,0,0,0
barcelona,2,barcelona=2,0,2,0,0,0,0,0,0
barium,2,barium=2,2,0,0,0,0,0,0,0
barry,2,barry=2,1,1,0,0,0,0,0,0
basal,2,basal=2,2,0,0,0,0,0,0,0
basalis,2,basalis=2,0,1,0,0,1,0,0,0
basilisk,2,basilisk=2,2,0,0,0,0,0,0,0
bassoon,2,bassoon=2,2,0,0,0,0,0,0,0
bathe,2,bathe=2,0,0,2,0,0,0,0,0
bathing,2,bathing=2,2,0,0,0,0,0,0,0
battlefield,2,battlefield=2,2,0,0,0,0,0,0,0
beatles,2,beatles=2,0,2,0,0,0,0,0,0
beaux,2,beaux=2,0,2,0,0,0,0,0,0
befit,2,befits=1; befitted=1,0,0,2,0,0,0,0,0
behaviorist,2,behaviorists=2,2,0,0,0,0,0,0,0
bekoff,2,bekoff=2,0,2,0,0,0,0,0,0
bellagio,2,bellagio=2,0,2,0,0,0,0,0,0
bendahara,2,bendahara=2,2,0,0,0,0,0,0,0
benefactor,2,benefactor=1; benefactors=1,2,0,0,0,0,0,0,0
beneficiary,2,beneficiaries=2,2,0,0,0,0,0,0,0
benthic,2,benthic=2,0,1,0,0,1,0,0,0
bentley,2,bentley=2,0,2,0,0,0,0,0,0
ber,2,ber=2,2,0,0,0,0,0,0,0
best,2,best=2,0,2,0,0,0,0,0,0
betrayal,2,betrayal=2,2,0,0,0,0,0,0,0
bečva,2,bečva=2,0,2,0,0,0,0,0,0
biased,2,biased=2,0,0,0,0,2,0,0,0
biblical,2,biblical=2,0,0,0,0,2,0,0,0
bicyclist,2,bicyclists=2,2,0,0,0,0,0,0,0
bid,2,bid=1; bidding=1,0,0,2,0,0,0,0,0
biddleton,2,biddleton=2,0,2,0,0,0,0,0,0
bidon,2,bidon=2,0,2,0,0,0,0,0,0
bikes,2,bikes=2,0,2,0,0,0,0,0,0
billy,2,billy=2,0,2,0,0,0,0,0,0
bingham,2,bingham=2,0,2,0,0,0,0,0,0
bioacoustic,2,bioacoustics=2,2,0,0,0,0,0,0,0
biocide,2,biocides=2,2,0,0,0,0,0,0,0
bioengineering,2,bioengineering=2,2,0,0,0,0,0,0,0
biofilms,2,biofilms=2,0,2,0,0,0,0,0,0
biofoule,2,biofouling=2,0,0,2,0,0,0,0,0
biofouling,2,biofouling=2,2,0,0,0,0,0,0,0
biogeographic,2,biogeographic=2,0,0,0,0,2,0,0,0
biomarker,2,biomarker=2,2,0,0,0,0,0,0,0
biotechnology,2,biotechnology=2,2,0,0,0,0,0,0,0
bipedal,2,bipedal=2,0,0,0,0,2,0,0,0
birthday,2,birthday=2,2,0,0,0,0,0,0,0
birthplace,2,birthplace=2,2,0,0,0,0,0,0,0
bischof,2,bischof=2,0,2,0,0,0,0,0,0
blacksmith,2,blacksmith=1; blacksmiths=1,1,1,0,0,0,0,0,0
blackwell,2,blackwell=2,0,2,0,0,0,0,0,0
bladed,2,bladed=2,0,0,0,0,2,0,0,0
bladelike,2,bladelike=2,1,1,0,0,0,0,0,0
blanketing,2,blanketing=2,1,0,0,0,1,0,0,0
blazar,2,blazars=2,2,0,0,0,0,0,0,0
blaze,2,blaze=1; blazing=1,1,0,1,0,0,0,0,0
blindly,2,blindly=2,0,0,0,0,0,2,0,0
blink,2,blink=2,2,0,0,0,0,0,0,0
blob,2,blobs=2,2,0,0,0,0,0,0,0
bloop,2,bloop=2,1,1,0,0,0,0,0,0
bltracchi,2,bltracchi=2,0,2,0,0,0,0,0,0
blueberry,2,blueberries=2,2,0,0,0,0,0,0,0
blythe,2,blythe=2,0,2,0,0,0,0,0,0
boatbuilding,2,boatbuilding=2,2,0,0,0,0,0,0,0
bobolink,2,bobolinks=2,2,0,0,0,0,0,0,0
bodmer,2,bodmer=2,0,2,0,0,0,0,0,0
bodyguard,2,bodyguard=1; bodyguards=1,2,0,0,0,0,0,0,0
boggle,2,boggles=1; boggling=1,0,0,2,0,0,0,0,0
boldness,2,boldness=2,1,0,0,0,1,0,0,0
boll,2,boll=2,2,0,0,0,0,0,0,0
bolster,2,bolster=1; bolstered=1,0,0,2,0,0,0,0,0
bookcase,2,bookcase=2,2,0,0,0,0,0,0,0
bookseller,2,bookseller=1; booksellers=1,2,0,0,0,0,0,0,0
bopp,2,bopp=2,0,2,0,0,0,0,0,0
boreal,2,boreal=2,2,0,0,0,0,0,0,0
borscht,2,borscht=2,2,0,0,0,0,0,0,0
bosch,2,bosch=2,0,2,0,0,0,0,0,0
bottleneck,2,bottleneck=1; bottlenecks=1,2,0,0,0,0,0,0,0
boulevard,2,boulevard=2,0,2,0,0,0,0,0,0
bound,2,bounded=2,0,0,2,0,0,0,0,0
bountiful,2,bountiful=2,1,1,0,0,0,0,0,0
bovid,2,bovid=2,1,1,0,0,0,0,0,0
bowel,2,bowel=1; bowels=1,2,0,0,0,0,0,0,0
boxed,2,boxed=2,0,0,0,0,2,0,0,0
boxes,2,boxes=2,0,2,0,0,0,0,0,0
bracelet,2,bracelet=2,2,0,0,0,0,0,0,0
brae,2,brae=2,0,2,0,0,0,0,0,0
branched,2,branched=2,0,0,0,0,2,0,0,0
braver,2,braver=2,0,0,0,0,0,2,0,0
breakable,2,breakable=2,0,0,0,0,2,0,0,0
breaking,2,breaking=2,2,0,0,0,0,0,0,0
breeder,2,breeders=2,2,0,0,0,0,0,0,0
brewery,2,breweries=2,2,0,0,0,0,0,0,0
brewing,2,brewing=2,2,0,0,0,0,0,0,0
brickwork,2,brickwork=2,2,0,0,0,0,0,0,0
bride,2,bride=2,2,0,0,0,0,0,0,0
bridgewater,2,bridgewater=2,0,2,0,0,0,0,0,0
brilliantly,2,brilliantly=2,0,0,0,0,0,2,0,0
brisach,2,brisach=2,0,2,0,0,0,0,0,0
brisbane,2,brisbane=2,0,2,0,0,0,0,0,0
brittany,2,brittany=2,1,1,0,0,0,0,0,0
broadcaster,2,broadcasters=2,2,0,0,0,0,0,0,0
broadcasting,2,broadcasting=2,2,0,0,0,0,0,0,0
broadly,2,broadly=2,0,0,0,0,0,2,0,0
brockley,2,brockley=2,0,2,0,0,0,0,0,0
brodmann,2,brodmann=2,0,2,0,0,0,0,0,0
broker,2,brokers=2,2,0,0,0,0,0,0,0
brook,2,brook=2,1,1,0,0,0,0,0,0
brothers,2,brothers=2,0,2,0,0,0,0,0,0
bucket,2,bucket=1; buckets=1,2,0,0,0,0,0,0,0
budgeting,2,budgeting=2,2,0,0,0,0,0,0,0
buildings,2,buildings=2,0,2,0,0,0,0,0,0
bulgarian,2,bulgarian=2,0,0,0,0,2,0,0,0
bulldozer,2,bulldozer=1; bulldozers=1,2,0,0,0,0,0,0,0
bunchgrass,2,bunchgrass=2,2,0,0,0,0,0,0,0
burdensome,2,burdensome=2,0,0,0,0,2,0,0,0
burgeon,2,burgeoned=1; burgeoning=1,0,0,2,0,0,0,0,0
burgess,2,burgess=2,0,2,0,0,0,0,0,0
burk,2,burk=2,0,2,0,0,0,0,0,0
burkina,2,burkina=2,0,2,0,0,0,0,0,0
burrs,2,burrs=2,2,0,0,0,0,0,0,0
bushel,2,bushels=2,2,0,0,0,0,0,0,0
businessperson,2,businessperson=2,2,0,0,0,0,0,0,0
bustle,2,bustle=1; bustling=1,1,0,1,0,0,0,0,0
bustling,2,bustling=2,0,0,0,0,2,0,0,0
butterflies,2,butterflies=2,0,2,0,0,0,0,0,0
buyback,2,buyback=2,2,0,0,0,0,0,0,0
caddisflie,2,caddisflies=2,2,0,0,0,0,0,0,0
cadmium,2,cadmium=2,2,0,0,0,0,0,0,0
cafeterias,2,cafeterias=2,2,0,0,0,0,0,0,0
cahokian,2,cahokian=1; cahokians=1,1,0,0,0,1,0,0,0
calakmul,2,calakmul=2,0,2,0,0,0,0,0,0
calculator,2,calculator=1; calculators=1,2,0,0,0,0,0,0,0
calendric,2,calendric=2,2,0,0,0,0,0,0,0
calibrate,2,calibrate=1; calibrated=1,0,0,2,0,0,0,0,0
calling,2,calling=2,2,0,0,0,0,0,0,0
calve,2,calving=2,0,0,2,0,0,0,0,0
cameras,2,cameras=2,0,2,0,0,0,0,0,0
canals,2,canals=2,0,2,0,0,0,0,0,0
cancer,2,cancer=2,2,0,0,0,0,0,0,0
canvasback,2,canvasback=1; canvasbacks=1,2,0,0,0,0,0,0,0
capitalize,2,capitalizes=2,1,0,1,0,0,0,0,0
captivate,2,captivating=2,0,0,2,0,0,0,0,0
carburize,2,carburized=1; carburizing=1,0,0,2,0,0,0,0,0
cardiac,2,cardiac=2,0,0,0,0,2,0,0,0
cardio,2,cardio=2,0,0,0,0,2,0,0,0
caregive,2,caregiving=2,0,0,2,0,0,0,0,0
carelessness,2,carelessness=2,1,0,0,0,1,0,0,0
caretaker,2,caretaker=1; caretakers=1,2,0,0,0,0,0,0,0
caring,2,caring=2,0,0,0,0,2,0,0,0
carmel,2,carmel=2,0,2,0,0,0,0,0,0
carmichael,2,carmichael=2,0,2,0,0,0,0,0,0
carolyn,2,carolyn=2,0,2,0,0,0,0,0,0
carpoids,2,carpoids=2,0,2,0,0,0,0,0,0
carpool,2,carpool=2,0,1,1,0,0,0,0,0
carps,2,carps=2,1,1,0,0,0,0,0,0
cartes,2,cartes=2,0,2,0,0,0,0,0,0
carthaginian,2,carthaginian=2,0,0,0,0,2,0,0,0
carver,2,carvers=2,2,0,0,0,0,0,0,0
cashier,2,cashier=2,2,0,0,0,0,0,0,0
casing,2,casing=2,2,0,0,0,0,0,0,0
casually,2,casually=2,0,0,0,0,0,2,0,0
catamenia,2,catamenia=2,0,2,0,0,0,0,0,0
catastrophically,2,catastrophically=2,0,0,0,0,0,2,0,0
cater,2,catered=2,0,0,2,0,0,0,0,0
catshark,2,catshark=1; catsharks=1,2,0,0,0,0,0,0,0
causeway,2,causeway=2,2,0,0,0,0,0,0,0
cavern,2,cavern=1; caverns=1,2,0,0,0,0,0,0,0
celled,2,celled=2,0,0,0,0,2,0,0,0
centers,2,centers=2,0,2,0,0,0,0,0,0
centigrade,2,centigrade=2,0,0,0,0,2,0,0,0
centuries,2,centuries=2,0,2,0,0,0,0,0,0
ceratopsid,2,ceratopsids=2,2,0,0,0,0,0,0,0
certified,2,certified=2,0,0,0,0,2,0,0,0
ch,2,ch=2,0,0,0,0,0,0,0,2
chairperson,2,chairperson=2,2,0,0,0,0,0,0,0
chariot,2,chariot=1; chariots=1,2,0,0,0,0,0,0,0
charioteer,2,charioteer=2,2,0,0,0,0,0,0,0
charisma,2,charisma=2,2,0,0,0,0,0,0,0
checklist,2,checklist=2,2,0,0,0,0,0,0,0
cherish,2,cherished=2,0,0,2,0,0,0,0,0
chert,2,chert=2,0,2,0,0,0,0,0,0
cheryl,2,cheryl=2,0,2,0,0,0,0,0,0
chessboard,2,chessboard=1; chessboards=1,2,0,0,0,0,0,0,0
chill,2,chilled=1; chilling=1,0,0,2,0,0,0,0,0
chimpanzees,2,chimpanzees=2,0,2,0,0,0,0,0,0
chimu,2,chimu=2,0,2,0,0,0,0,0,0
chin,2,chin=2,2,0,0,0,0,0,0,0
chipmunk,2,chipmunk=2,2,0,0,0,0,0,0,0
chipping,2,chipping=2,2,0,0,0,0,0,0,0
chirping,2,chirping=2,2,0,0,0,0,0,0,0
chittka,2,chittka=2,0,2,0,0,0,0,0,0
chore,2,chore=2,2,0,0,0,0,0,0,0
christ,2,christ=2,0,2,0,0,0,0,0,0
christians,2,christians=2,0,2,0,0,0,0,0,0
christoph,2,christoph=2,0,2,0,0,0,0,0,0
chromic,2,chromic=2,0,0,0,0,2,0,0,0
chumashan,2,chumashan=2,0,2,0,0,0,0,0,0
churi,2,churi=2,0,2,0,0,0,0,0,0
ciel,2,ciel=2,0,2,0,0,0,0,0,0
circumstantial,2,circumstantial=2,1,0,0,0,1,0,0,0
circus,2,circus=1; circuses=1,2,0,0,0,0,0,0,0
civilized,2,civilized=2,0,0,0,0,2,0,0,0
clapping,2,clapping=2,2,0,0,0,0,0,0,0
classes,2,classes=2,0,2,0,0,0,0,0,0
claudio,2,claudio=2,0,2,0,0,0,0,0,0
clawed,2,clawed=2,0,0,0,0,2,0,0,0
cle,2,cling=2,0,0,2,0,0,0,0,0
clergy,2,clergy=2,2,0,0,0,0,0,0,0
clibanarius,2,clibanarius=2,0,2,0,0,0,0,0,0
clifford,2,clifford=2,0,2,0,0,0,0,0,0
climatologic,2,climatologic=2,0,0,0,0,2,0,0,0
clive,2,clive=2,0,2,0,0,0,0,0,0
closeness,2,closeness=2,1,1,0,0,0,0,0,0
closet,2,closet=2,2,0,0,0,0,0,0,0
clubs,2,clubs=2,0,2,0,0,0,0,0,0
clumsy,2,clumsy=2,0,0,0,0,2,0,0,0
coagulate,2,coagulates=1; coagulating=1,1,0,1,0,0,0,0,0
coalition,2,coalition=1; coalitions=1,2,0,0,0,0,0,0,0
coated,2,coated=2,0,0,0,0,2,0,0,0
cochlea,2,cochlea=2,2,0,0,0,0,0,0,0
cockroach,2,cockroaches=2,2,0,0,0,0,0,0,0
coevolutionary,2,coevolutionary=2,0,0,0,0,2,0,0,0
coevolve,2,coevolved=1; coevolving=1,0,0,2,0,0,0,0,0
coevolving,2,coevolving=2,2,0,0,0,0,0,0,0
coexistence,2,coexistence=2,2,0,0,0,0,0,0,0
collapsible,2,collapsible=2,0,0,0,0,2,0,0,0
collisional,2,collisional=2,0,0,0,0,2,0,0,0
colonists,2,colonists=2,0,2,0,0,0,0,0,0
colonizing,2,colonizing=2,2,0,0,0,0,0,0,0
columnist,2,columnist=2,2,0,0,0,0,0,0,0
combarelles,2,combarelles=2,0,2,0,0,0,0,0,0
coming,2,coming=1; comings=1,2,0,0,0,0,0,0,0
commemorative,2,commemorative=2,0,0,0,0,2,0,0,0
commensal,2,commensal=2,2,0,0,0,0,0,0,0
commentator,2,commentators=2,2,0,0,0,0,0,0,0
commercialism,2,commercialism=2,2,0,0,0,0,0,0,0
commons,2,commons=2,0,2,0,0,0,0,0,0
communicator,2,communicators=2,2,0,0,0,0,0,0,0
competing,2,competing=2,2,0,0,0,0,0,0,0
compilation,2,compilation=2,2,0,0,0,0,0,0,0
complement,2,complemented=2,0,0,2,0,0,0,0,0
complementary,2,complementary=2,0,0,0,0,2,0,0,0
compliment,2,compliment=2,0,0,2,0,0,0,0,0
compositional,2,compositional=2,0,0,0,0,2,0,0,0
composter,2,composter=2,2,0,0,0,0,0,0,0
comprehensible,2,comprehensible=2,0,0,0,0,2,0,0,0
computerize,2,computerized=2,0,0,2,0,0,0,0,0
conceivable,2,conceivable=2,0,0,0,0,2,0,0,0
conceivably,2,conceivably=2,0,0,0,0,0,2,0,0
concerns,2,concerns=2,0,2,0,0,0,0,0,0
concurrently,2,concurrently=2,0,0,0,0,0,2,0,0
condenser,2,condenser=1; condensers=1,2,0,0,0,0,0,0,0
configure,2,configured=1; configuring=1,0,0,2,0,0,0,0,0
congratulate,2,congratulate=2,0,0,2,0,0,0,0,0
conkey,2,conkey=2,0,2,0,0,0,0,0,0
connectedness,2,connectedness=2,0,0,0,0,2,0,0,0
consequent,2,consequent=2,1,0,0,0,1,0,0,0
conservator,2,conservators=2,2,0,0,0,0,0,0,0
conservatory,2,conservatory=2,2,0,0,0,0,0,0,0
conspiratorial,2,conspiratorial=2,0,0,0,0,2,0,0,0
constantine,2,constantine=2,0,2,0,0,0,0,0,0
contender,2,contenders=2,2,0,0,0,0,0,0,0
contentious,2,contentious=2,0,0,0,0,2,0,0,0
contested,2,contested=2,0,0,0,0,2,0,0,0
contrive,2,contrived=2,0,0,2,0,0,0,0,0
controller,2,controllers=2,2,0,0,0,0,0,0,0
controlling,2,controlling=2,2,0,0,0,0,0,0,0
convergence,2,convergence=2,2,0,0,0,0,0,0,0
converstation,2,converstation=2,2,0,0,0,0,0,0,0
conveying,2,conveying=2,1,1,0,0,0,0,0,0
cork,2,cork=2,2,0,0,0,0,0,0,0
corkscrew,2,corkscrew=2,1,0,1,0,0,0,0,0
correction,2,correction=2,2,0,0,0,0,0,0,0
corrupt,2,corrupt=1; corrupted=1,0,0,1,0,1,0,0,0
corruption,2,corruption=2,2,0,0,0,0,0,0,0
cortázar,2,cortázar=2,0,2,0,0,0,0,0,0
cosmetic,2,cosmetics=2,2,0,0,0,0,0,0,0
costuming,2,costuming=2,2,0,0,0,0,0,0,0
cottington,2,cottington=2,0,2,0,0,0,0,0,0
counterbalance,2,counterbalance=2,0,0,2,0,0,0,0,0
counterproductive,2,counterproductive=2,0,0,0,0,2,0,0,0
countershading,2,countershading=2,1,1,0,0,0,0,0,0
countries,2,countries=2,0,2,0,0,0,0,0,0
courageous,2,courageous=2,0,0,0,0,2,0,0,0
courtesy,2,courtesy=2,1,0,0,0,1,0,0,0
cowskin,2,cowskins=2,2,0,0,0,0,0,0,0
coyoacan,2,coyoacan=2,0,2,0,0,0,0,0,0
cozy,2,cozy=2,0,0,0,0,2,0,0,0
cracking,2,cracking=2,2,0,0,0,0,0,0,0
craftsperson,2,craftsperson=2,0,0,0,0,2,0,0,0
craftwork,2,craftwork=2,1,0,1,0,0,0,0,0
cram,2,crammed=1; cramming=1,0,0,2,0,0,0,0,0
crate,2,crate=1; crating=1,0,1,1,0,0,0,0,0
cratering,2,cratering=2,2,0,0,0,0,0,0,0
created,2,created=2,0,0,0,0,2,0,0,0
creep,2,creep=2,0,0,2,0,0,0,0,0
creeper,2,creeper=2,2,0,0,0,0,0,0,0
cresson,2,cresson=2,0,2,0,0,0,0,0,0
crested,2,crested=2,0,0,0,0,2,0,0,0
crochet,2,crochet=1; crocheted=1,1,0,1,0,0,0,0,0
croll,2,croll=2,0,2,0,0,0,0,0,0
crossbreed,2,crossbreed=1; crossbreeding=1,0,0,2,0,0,0,0,0
crossword,2,crossword=2,1,0,0,0,1,0,0,0
crucially,2,crucially=2,0,2,0,0,0,0,0,0
cryo,2,cryo=2,1,1,0,0,0,0,0,0
crystalline,2,crystalline=2,1,0,0,0,1,0,0,0
culminate,2,culminated=1; culminating=1,0,0,2,0,0,0,0,0
cultivators,2,cultivators=2,0,2,0,0,0,0,0,0
curlicue,2,curlicues=2,2,0,0,0,0,0,0,0
curricular,2,curricular=2,0,0,0,0,2,0,0,0
curst,2,curst=2,0,0,0,0,2,0,0,0
curt,2,curt=2,0,2,0,0,0,0,0,0
curtail,2,curtail=1; curtailed=1,1,0,1,0,0,0,0,0
curtains,2,curtains=2,0,2,0,0,0,0,0,0
customarily,2,customarily=2,0,0,0,0,0,2,0,0
cute,2,cute=2,0,0,0,0,2,0,0,0
cutlery,2,cutlery=2,2,0,0,0,0,0,0,0
cyclades,2,cyclades=2,0,2,0,0,0,0,0,0
cyclical,2,cyclical=2,0,0,0,0,2,0,0,0
cynical,2,cynical=2,0,0,0,0,2,0,0,0
dabble,2,dabble=1; dabbling=1,0,0,2,0,0,0,0,0
dahlbomii,2,dahlbomii=2,1,1,0,0,0,0,0,0
dale,2,dale=2,0,2,0,0,0,0,0,0
dandy,2,dandy=2,0,2,0,0,0,0,0,0
danes,2,danes=2,0,2,0,0,0,0,0,0
dangle,2,dangling=2,0,0,2,0,0,0,0,0
danube,2,danube=2,0,2,0,0,0,0,0,0
darkest,2,darkest=2,0,1,0,0,1,0,0,0
darkly,2,darkly=2,0,0,0,0,0,2,0,0
daro,2,daro=2,0,2,0,0,0,0,0,0
daunt,2,daunting=2,0,0,2,0,0,0,0,0
davies,2,davies=2,0,2,0,0,0,0,0,0
dd,2,dd=2,0,2,0,0,0,0,0,0
dealership,2,dealership=2,2,0,0,0,0,0,0,0
debra,2,debra=2,0,2,0,0,0,0,0,0
decayed,2,decayed=2,0,0,0,0,2,0,0,0
decease,2,deceased=2,0,0,2,0,0,0,0,0
deceptive,2,deceptive=2,0,0,0,0,2,0,0,0
deceptively,2,deceptively=2,0,0,0,0,0,2,0,0
decidedly,2,decidedly=2,0,0,0,0,0,2,0,0
deciding,2,deciding=2,1,1,0,0,0,0,0,0
decisions,2,decisions=2,0,2,0,0,0,0,0,0
decisively,2,decisively=2,0,0,0,0,0,2,0,0
decorating,2,decorating=2,2,0,0,0,0,0,0,0
decorator,2,decorators=2,2,0,0,0,0,0,0,0
decoy,2,decoys=2,2,0,0,0,0,0,0,0
decreased,2,decreased=2,0,2,0,0,0,0,0,0
deem,2,deemed=2,0,0,2,0,0,0,0,0
deepest,2,deepest=2,0,0,0,0,1,1,0,0
deepwater,2,deepwater=2,1,0,0,0,1,0,0,0
deface,2,deface=2,0,0,2,0,0,0,0,0
deficient,2,deficient=2,0,0,0,0,2,0,0,0
defoe,2,defoe=2,0,2,0,0,0,0,0,0
delft,2,delft=2,0,2,0,0,0,0,0,0
delicately,2,delicately=2,0,0,0,0,0,2,0,0
delphi,2,delphi=2,0,2,0,0,0,0,0,0
demarcation,2,demarcations=2,2,0,0,0,0,0,0,0
demolish,2,demolished=2,0,0,2,0,0,0,0,0
dendrobatidi,2,dendrobatidis=2,2,0,0,0,0,0,0,0
denote,2,denote=1; denoting=1,0,0,2,0,0,0,0,0
depressed,2,depressed=2,0,0,0,0,2,0,0,0
des,2,des=2,0,0,0,0,0,0,0,2
descriptions,2,descriptions=2,0,2,0,0,0,0,0,0
deserted,2,deserted=2,0,0,0,0,2,0,0,0
desiccation,2,desiccation=2,2,0,0,0,0,0,0,0
designers,2,designers=2,0,2,0,0,0,0,0,0
designing,2,designing=2,1,1,0,0,0,0,0,0
desolate,2,desolate=2,0,0,0,0,2,0,0,0
desperate,2,desperate=2,0,0,0,0,2,0,0,0
desperately,2,desperately=2,0,0,0,0,0,2,0,0
despotism,2,despotism=2,1,1,0,0,0,0,0,0
destiny,2,destiny=2,2,0,0,0,0,0,0,0
destructiveness,2,destructiveness=2,2,0,0,0,0,0,0,0
detachable,2,detachable=2,0,0,0,0,2,0,0,0
determinedly,2,determinedly=2,0,0,0,0,0,2,0,0
determining,2,determining=2,0,2,0,0,0,0,0,0
detriment,2,detriment=2,2,0,0,0,0,0,0,0
devastation,2,devastation=2,2,0,0,0,0,0,0,0
devised,2,devised=2,0,0,0,0,2,0,0,0
devotion,2,devotion=2,2,0,0,0,0,0,0,0
diabete,2,diabetes=2,2,0,0,0,0,0,0,0
dickcissel,2,dickcissel=2,2,0,0,0,0,0,0,0
differential,2,differential=2,1,0,0,0,1,0,0,0
digging,2,digging=2,2,0,0,0,0,0,0,0
dignitary,2,dignitaries=2,2,0,0,0,0,0,0,0
dilapidated,2,dilapidated=2,0,0,0,0,2,0,0,0
diligence,2,diligence=2,2,0,0,0,0,0,0,0
diligently,2,diligently=2,0,0,0,0,0,2,0,0
diminished,2,diminished=2,0,0,0,0,2,0,0,0
diminishing,2,diminishing=2,0,0,0,0,2,0,0,0
diner,2,diners=2,2,0,0,0,0,0,0,0
dinnerware,2,dinnerware=2,2,0,0,0,0,0,0,0
diogene,2,diogenes=2,2,0,0,0,0,0,0,0
diplomas,2,diplomas=2,0,2,0,0,0,0,0,0
diplomat,2,diplomats=2,2,0,0,0,0,0,0,0
dipping,2,dipping=2,2,0,0,0,0,0,0,0
directed,2,directed=2,0,2,0,0,0,0,0,0
disability,2,disabilities=1; disability=1,2,0,0,0,0,0,0,0
disable,2,disabled=2,0,0,2,0,0,0,0,0
disarm,2,disarm=1; disarmed=1,0,0,2,0,0,0,0,0
disclose,2,disclose=1; disclosed=1,0,0,2,0,0,0,0,0
discoloration,2,discoloration=2,2,0,0,0,0,0,0,0
disconnect,2,disconnect=1; disconnecting=1,0,0,2,0,0,0,0,0
discouraged,2,discouraged=2,0,0,0,0,2,0,0,0
discoveries,2,discoveries=2,0,2,0,0,0,0,0,0
discrimination,2,discrimination=2,2,0,0,0,0,0,0,0
diseases,2,diseases=2,0,2,0,0,0,0,0,0
disgusting,2,disgusting=2,0,0,0,0,2,0,0,0
dishonesty,2,dishonesty=2,2,0,0,0,0,0,0,0
dishwashing,2,dishwashing=2,2,0,0,0,0,0,0,0
disjoint,2,disjointed=2,0,0,2,0,0,0,0,0
dismay,2,dismayed=2,0,0,2,0,0,0,0,0
dismissive,2,dismissive=2,0,1,0,0,1,0,0,0
disparate,2,disparate=2,0,0,0,0,2,0,0,0
displacement,2,displacement=2,2,0,0,0,0,0,0,0
disproportionate,2,disproportionate=2,0,0,0,0,2,0,0,0
disproportionately,2,disproportionately=2,0,0,0,0,0,2,0,0
disregard,2,disregarded=1; disregards=1,0,0,2,0,0,0,0,0
disreputable,2,disreputable=2,0,0,0,0,2,0,0,0
diss,2,diss=2,2,0,0,0,0,0,0,0
dissolution,2,dissolution=2,2,0,0,0,0,0,0,0
dissolved,2,dissolved=2,0,0,0,0,2,0,0,0
distorted,2,distorted=2,0,0,0,0,2,0,0,0
distracted,2,distracted=2,0,0,0,0,2,0,0,0
distressed,2,distressed=2,0,0,0,0,2,0,0,0
disturbing,2,disturbing=2,0,0,0,0,2,0,0,0
diversion,2,diversion=2,2,0,0,0,0,0,0,0
divya,2,divya=2,1,1,0,0,0,0,0,0
domesticating,2,domesticating=2,2,0,0,0,0,0,0,0
domesticator,2,domesticators=2,2,0,0,0,0,0,0,0
doorstep,2,doorstep=1; doorsteps=1,2,0,0,0,0,0,0,0
dornhaus,2,dornhaus=2,0,2,0,0,0,0,0,0
doubtless,2,doubtless=2,0,0,0,0,0,2,0,0
dover,2,dover=2,0,2,0,0,0,0,0,0
downey,2,downey=2,0,2,0,0,0,0,0,0
downright,2,downright=2,0,0,0,0,0,2,0,0
drafty,2,drafty=2,0,0,0,0,2,0,0,0
drank,2,drank=2,0,0,2,0,0,0,0,0
dread,2,dread=2,1,0,1,0,0,0,0,0
dreamer,2,dreamer=1; dreamers=1,2,0,0,0,0,0,0,0
dreamy,2,dreamy=2,0,0,0,0,2,0,0,0
dried,2,dried=2,0,0,0,0,2,0,0,0
duality,2,duality=2,2,0,0,0,0,0,0,0
duchamp,2,duchamp=2,0,2,0,0,0,0,0,0
duct,2,ducts=2,2,0,0,0,0,0,0,0
dumpling,2,dumpling=2,0,2,0,0,0,0,0,0
dvorak,2,dvorak=2,0,2,0,0,0,0,0,0
dvořák,2,dvořák=2,0,2,0,0,0,0,0,0
dylan,2,dylan=2,0,2,0,0,0,0,0,0
dynamically,2,dynamically=2,0,0,0,0,0,2,0,0
dynamism,2,dynamism=2,2,0,0,0,0,0,0,0
dyson,2,dyson=2,0,2,0,0,0,0,0,0
eagerly,2,eagerly=2,0,0,0,0,0,2,0,0
earthenware,2,earthenware=2,2,0,0,0,0,0,0,0
earthlike,2,earthlike=2,0,2,0,0,0,0,0,0
eastman,2,eastman=2,0,2,0,0,0,0,0,0
ebony,2,ebony=2,2,0,0,0,0,0,0,0
economists,2,economists=2,0,2,0,0,0,0,0,0
ediacaran,2,ediacaran=2,0,2,0,0,0,0,0,0
edison,2,edison=2,0,2,0,0,0,0,0,0
edouard,2,edouard=2,0,2,0,0,0,0,0,0
educated,2,educated=2,0,0,0,0,2,0,0,0
edwards,2,edwards=2,0,2,0,0,0,0,0,0
eggs,2,eggs=2,1,1,0,0,0,0,0,0
egyptologists,2,egyptologists=2,0,2,0,0,0,0,0,0
eightfold,2,eightfold=2,2,0,0,0,0,0,0,0
einkorn,2,einkorn=2,0,0,2,0,0,0,0,0
elastic,2,elastic=2,0,0,0,0,2,0,0,0
elbow,2,elbow=2,2,0,0,0,0,0,0,0
elderly,2,elderly=2,0,0,0,0,2,0,0,0
elective,2,electives=2,2,0,0,0,0,0,0,0
electrician,2,electrician=2,2,0,0,0,0,0,0,0
electro,2,electro=2,0,1,1,0,0,0,0,0
electrode,2,electrodes=2,2,0,0,0,0,0,0,0
elegantly,2,elegantly=2,0,0,0,0,0,2,0,0
elena,2,elena=2,0,2,0,0,0,0,0,0
eliot,2,eliot=2,0,2,0,0,0,0,0,0
ellipse,2,ellipse=2,2,0,0,0,0,0,0,0
elongation,2,elongation=2,2,0,0,0,0,0,0,0
emanating,2,emanating=2,2,0,0,0,0,0,0,0
embank,2,embanked=2,0,0,2,0,0,0,0,0
embarrassment,2,embarrassment=2,2,0,0,0,0,0,0,0
emigration,2,emigration=2,2,0,0,0,0,0,0,0
emma,2,emma=2,0,2,0,0,0,0,0,0
emmer,2,emmer=2,2,0,0,0,0,0,0,0
emptiness,2,emptiness=2,0,1,0,0,1,0,0,0
enclosed,2,enclosed=2,0,0,0,0,2,0,0,0
encode,2,encode=1; encoded=1,0,0,2,0,0,0,0,0
encouraged,2,encouraged=2,0,0,0,0,2,0,0,0
encroach,2,encroaching=2,0,0,2,0,0,0,0,0
encrust,2,encrusted=2,0,0,2,0,0,0,0,0
endomycorrhizal,2,endomycorrhizal=2,2,0,0,0,0,0,0,0
endophytic,2,endophytic=2,0,0,0,0,2,0,0,0
endorphin,2,endorphins=2,2,0,0,0,0,0,0,0
endow,2,endowed=2,0,0,2,0,0,0,0,0
endurance,2,endurance=2,2,0,0,0,0,0,0,0
energetically,2,energetically=2,0,0,0,0,0,2,0,0
englanders,2,englanders=2,0,2,0,0,0,0,0,0
englischer,2,englischer=2,0,2,0,0,0,0,0,0
engulf,2,engulfed=2,0,0,2,0,0,0,0,0
enhanced,2,enhanced=2,0,0,0,0,2,0,0,0
enlargement,2,enlargement=1; enlargements=1,2,0,0,0,0,0,0,0
enlighten,2,enlighten=2,0,0,2,0,0,0,0,0
enrolling,2,enrolling=2,1,1,0,0,0,0,0,0
entirety,2,entirety=2,2,0,0,0,0,0,0,0
entoptic,2,entoptic=2,0,0,0,0,2,0,0,0
entrail,2,entrails=2,2,0,0,0,0,0,0,0
entrepreneurial,2,entrepreneurial=2,0,0,0,0,2,0,0,0
entrust,2,entrusted=2,0,0,2,0,0,0,0,0
envious,2,envious=2,0,0,0,0,2,0,0,0
envy,2,envied=1; envy=1,0,1,1,0,0,0,0,0
episodically,2,episodically=2,0,0,0,0,0,2,0,0
eratosthenes,2,eratosthenes=2,0,2,0,0,0,0,0,0
ergot,2,ergot=2,1,1,0,0,0,0,0,0
eroded,2,eroded=2,0,1,0,0,1,0,0,0
errand,2,errands=2,2,0,0,0,0,0,0,0
erupting,2,erupting=2,2,0,0,0,0,0,0,0
erythropus,2,erythropus=2,2,0,0,0,0,0,0,0
eskimos,2,eskimos=2,0,2,0,0,0,0,0,0
esthetic,2,esthetic=2,0,0,0,0,2,0,0,0
estimation,2,estimation=2,2,0,0,0,0,0,0,0
estivation,2,estivation=2,2,0,0,0,0,0,0,0
etcetera,2,etcetera=2,2,0,0,0,0,0,0,0
eternal,2,eternal=2,0,0,0,0,2,0,0,0
eternally,2,eternally=2,0,0,0,0,0,2,0,0
ethnicity,2,ethnicity=2,2,0,0,0,0,0,0,0
eukaryotes,2,eukaryotes=2,0,2,0,0,0,0,0,0
eurasians,2,eurasians=2,0,2,0,0,0,0,0,0
eurasiatic,2,eurasiatic=2,0,2,0,0,0,0,0,0
eustrombus,2,eustrombus=2,0,2,0,0,0,0,0,0
evacuate,2,evacuate=1; evacuating=1,0,0,2,0,0,0,0,0
evacuation,2,evacuation=2,2,0,0,0,0,0,0,0
evanston,2,evanston=2,0,2,0,0,0,0,0,0
evasive,2,evasive=2,0,0,0,0,2,0,0,0
exacerbate,2,exacerbate=1; exacerbated=1,0,0,2,0,0,0,0,0
exactitude,2,exactitude=2,2,0,0,0,0,0,0,0
examiner,2,examiners=2,2,0,0,0,0,0,0,0
exclaim,2,exclaimed=1; exclaims=1,0,0,2,0,0,0,0,0
exclosure,2,exclosure=1; exclosures=1,2,0,0,0,0,0,0,0
exempt,2,exempt=1; exempted=1,0,0,1,0,1,0,0,0
exodus,2,exodus=2,2,0,0,0,0,0,0,0
exotica,2,exotica=2,0,2,0,0,0,0,0,0
explanatory,2,explanatory=2,0,0,0,0,2,0,0,0
explicit,2,explicit=2,0,0,0,0,2,0,0,0
exploratory,2,exploratory=2,0,0,0,0,2,0,0,0
explosively,2,explosively=2,0,0,0,0,0,2,0,0
expulsion,2,expulsion=2,2,0,0,0,0,0,0,0
exquisitely,2,exquisitely=2,0,0,0,0,0,2,0,0
externally,2,externally=2,0,0,0,0,0,2,0,0
extragalactic,2,extragalactic=2,0,0,0,0,2,0,0,0
extraneous,2,extraneous=2,0,0,0,0,2,0,0,0
extravagance,2,extravagance=2,2,0,0,0,0,0,0,0
eyeglass,2,eyeglasses=2,2,0,0,0,0,0,0,0
fabrication,2,fabrication=2,2,0,0,0,0,0,0,0
fabula,2,fabula=2,0,2,0,0,0,0,0,0
fabulous,2,fabulous=2,0,1,0,0,1,0,0,0
facinating,2,facinating=2,2,0,0,0,0,0,0,0
factories,2,factories=2,0,2,0,0,0,0,0,0
fad,2,fad=2,2,0,0,0,0,0,0,0
fading,2,fading=2,2,0,0,0,0,0,0,0
fahrenheit,2,fahrenheit=2,0,2,0,0,0,0,0,0
fanatosis,2,fanatosis=2,2,0,0,0,0,0,0,0
fang,2,fangs=2,2,0,0,0,0,0,0,0
farlow,2,farlow=2,0,2,0,0,0,0,0,0
farmwork,2,farmwork=2,2,0,0,0,0,0,0,0
faso,2,faso=2,0,2,0,0,0,0,0,0
fbr,2,fbr=2,2,0,0,0,0,0,0,0
feathers,2,feathers=2,0,2,0,0,0,0,0,0
featherwork,2,featherwork=2,2,0,0,0,0,0,0,0
federalist,2,federalist=2,1,1,0,0,0,0,0,0
fenimore,2,fenimore=2,0,2,0,0,0,0,0,0
fewer,2,fewer=2,0,2,0,0,0,0,0,0
fi,2,fi=2,0,2,0,0,0,0,0,0
fiery,2,fiery=2,0,0,0,0,2,0,0,0
figural,2,figural=2,0,0,0,0,2,0,0,0
filling,2,fillings=2,2,0,0,0,0,0,0,0
financing,2,financing=2,2,0,0,0,0,0,0,0
findings,2,findings=2,0,2,0,0,0,0,0,0
fingertip,2,fingertips=2,2,0,0,0,0,0,0,0
finishing,2,finishing=2,0,0,0,0,2,0,0,0
finite,2,finite=2,0,1,0,0,1,0,0,0
finland,2,finland=2,0,2,0,0,0,0,0,0
firefighter,2,firefighters=2,2,0,0,0,0,0,0,0
fist,2,fist=2,2,0,0,0,0,0,0,0
fjord,2,fjords=2,2,0,0,0,0,0,0,0
flagstone,2,flagstone=2,2,0,0,0,0,0,0,0
flamboyant,2,flamboyant=2,0,0,0,0,2,0,0,0
flank,2,flanking=1; flanks=1,1,0,1,0,0,0,0,0
flannery,2,flannery=2,0,2,0,0,0,0,0,0
flashing,2,flashing=2,2,0,0,0,0,0,0,0
flattened,2,flattened=2,0,0,0,0,2,0,0,0
flattering,2,flattering=2,0,0,0,0,2,0,0,0
flaunt,2,flaunt=1; flaunts=1,0,0,2,0,0,0,0,0
flavorful,2,flavorful=2,0,0,0,0,2,0,0,0
flavoring,2,flavorings=2,2,0,0,0,0,0,0,0
flavour,2,flavour=2,2,0,0,0,0,0,0,0
fleck,2,flecks=2,2,0,0,0,0,0,0,0
fledged,2,fledged=2,0,0,0,0,2,0,0,0
fleeting,2,fleeting=2,0,0,0,0,2,0,0,0
flickering,2,flickering=2,2,0,0,0,0,0,0,0
fling,2,flinging=1; flung=1,0,0,2,0,0,0,0,0
floods,2,floods=2,0,2,0,0,0,0,0,0
florin,2,florins=2,2,0,0,0,0,0,0,0
fluent,2,fluent=2,0,0,0,0,2,0,0,0
fluke,2,flukes=2,2,0,0,0,0,0,0,0
flyby,2,flybys=2,2,0,0,0,0,0,0,0
focusing,2,focusing=2,0,2,0,0,0,0,0,0
folded,2,folded=2,0,0,0,0,2,0,0,0
foods,2,foods=2,0,2,0,0,0,0,0,0
foothill,2,foothills=2,2,0,0,0,0,0,0,0
foothold,2,foothold=2,2,0,0,0,0,0,0,0
forceful,2,forceful=2,0,0,0,0,2,0,0,0
foregoing,2,foregoing=2,0,0,0,0,2,0,0,0
forehead,2,forehead=2,2,0,0,0,0,0,0,0
foreigner,2,foreigners=2,2,0,0,0,0,0,0,0
forging,2,forging=2,2,0,0,0,0,0,0,0
formalize,2,formalize=1; formalized=1,0,0,2,0,0,0,0,0
formidable,2,formidable=2,0,0,0,0,2,0,0,0
fortice,2,fortices=2,2,0,0,0,0,0,0,0
fortification,2,fortifications=2,2,0,0,0,0,0,0,0
fortis,2,fortis=2,2,0,0,0,0,0,0,0
foundational,2,foundational=2,0,0,0,0,2,0,0,0
fourfold,2,fourfold=2,0,0,0,0,2,0,0,0
framer,2,framer=2,2,0,0,0,0,0,0,0
frans,2,frans=2,0,2,0,0,0,0,0,0
frantically,2,frantically=2,0,0,0,0,0,2,0,0
fraught,2,fraught=2,1,0,0,0,1,0,0,0
fred,2,fred=2,0,2,0,0,0,0,0,0
freestyle,2,freestyle=2,2,0,0,0,0,0,0,0
freeway,2,freeway=2,2,0,0,0,0,0,0,0
friedman,2,friedman=2,0,2,0,0,0,0,0,0
frivolous,2,frivolous=2,0,0,0,0,2,0,0,0
ft,2,ft=2,0,2,0,0,0,0,0,0
funerary,2,funerary=2,0,0,0,0,2,0,0,0
furth,2,further=1; furthest=1,0,0,0,0,2,0,0,0
fus,2,fus=2,2,0,0,0,0,0,0,0
futurists,2,futurists=2,0,2,0,0,0,0,0,0
gadget,2,gadget=2,2,0,0,0,0,0,0,0
gado,2,gado=2,2,0,0,0,0,0,0,0
gait,2,gait=2,2,0,0,0,0,0,0,0
galapago,2,galapagos=2,2,0,0,0,0,0,0,0
galilee,2,galilee=2,0,2,0,0,0,0,0,0
galley,2,galley=1; galleys=1,2,0,0,0,0,0,0,0
gamble,2,gamble=2,0,2,0,0,0,0,0,0
gangadhar,2,gangadhar=2,0,2,0,0,0,0,0,0
garfield,2,garfield=2,0,2,0,0,0,0,0,0
garner,2,garnered=1; garnering=1,0,0,2,0,0,0,0,0
garten,2,garten=2,0,2,0,0,0,0,0,0
gassing,2,gassing=2,2,0,0,0,0,0,0,0
gauguin,2,gauguin=2,0,2,0,0,0,0,0,0
gawain,2,gawain=2,0,2,0,0,0,0,0,0
geiger,2,geiger=2,0,2,0,0,0,0,0,0
geneticists,2,geneticists=2,0,2,0,0,0,0,0,0
geographers,2,geographers=2,0,2,0,0,0,0,0,0
geographia,2,geographia=2,0,2,0,0,0,0,0,0
geologists,2,geologists=2,0,2,0,0,0,0,0,0
geospiza,2,geospiza=2,0,2,0,0,0,0,0,0
germinating,2,germinating=2,0,0,0,0,2,0,0,0
gifford,2,gifford=2,0,2,0,0,0,0,0,0
gigantism,2,gigantism=2,2,0,0,0,0,0,0,0
gigas,2,gigas=2,2,0,0,0,0,0,0,0
gilli,2,gilli=2,2,0,0,0,0,0,0,0
ginger,2,ginger=2,2,0,0,0,0,0,0,0
giver,2,giver=1; givers=1,2,0,0,0,0,0,0,0
glaciate,2,glaciated=2,0,0,2,0,0,0,0,0
glamorous,2,glamorous=2,0,0,0,0,2,0,0,0
glancing,2,glancing=2,1,0,0,0,1,0,0,0
glandular,2,glandular=2,0,0,0,0,2,0,0,0
glare,2,glare=2,2,0,0,0,0,0,0,0
glassmaker,2,glassmakers=2,2,0,0,0,0,0,0,0
glassware,2,glassware=2,2,0,0,0,0,0,0,0
glassy,2,glassy=2,2,0,0,0,0,0,0,0
glider,2,gliders=2,2,0,0,0,0,0,0,0
glimpse,2,glimpse=1; glimpses=1,2,0,0,0,0,0,0,0
globalization,2,globalization=2,2,0,0,0,0,0,0,0
glove,2,gloves=2,2,0,0,0,0,0,0,0
glut,2,glut=1; gluts=1,2,0,0,0,0,0,0,0
goby,2,gobies=2,2,0,0,0,0,0,0,0
gomez,2,gomez=2,0,2,0,0,0,0,0,0
goneril,2,goneril=2,0,2,0,0,0,0,0,0
gossip,2,gossip=2,2,0,0,0,0,0,0,0
gracefully,2,gracefully=2,0,0,0,0,0,2,0,0
grader,2,grader=1; graders=1,2,0,0,0,0,0,0,0
gradiometry,2,gradiometry=2,2,0,0,0,0,0,0,0
graffiti,2,graffiti=2,1,1,0,0,0,0,0,0
grandchild,2,grandchildren=2,2,0,0,0,0,0,0,0
grandson,2,grandson=1; grandsons=1,2,0,0,0,0,0,0,0
granule,2,granules=2,2,0,0,0,0,0,0,0
grayana,2,grayana=2,0,2,0,0,0,0,0,0
graylag,2,graylag=2,2,0,0,0,0,0,0,0
grazers,2,grazers=2,0,2,0,0,0,0,0,0
grebe,2,grebe=2,2,0,0,0,0,0,0,0
greenlandic,2,greenlandic=2,0,0,0,0,2,0,0,0
greenwashe,2,greenwashing=2,0,0,2,0,0,0,0,0
greenwashing,2,greenwashing=2,2,0,0,0,0,0,0,0
greeting,2,greeting=2,2,0,0,0,0,0,0,0
gregg,2,gregg=2,0,2,0,0,0,0,0,0
greyback,2,greyback=2,0,0,0,0,2,0,0,0
griffin,2,griffin=2,0,2,0,0,0,0,0,0
gross,2,gross=2,0,0,0,0,2,0,0,0
grotesquely,2,grotesquely=2,0,0,0,0,0,2,0,0
groundbreaking,2,groundbreaking=2,1,0,0,0,1,0,0,0
grounding,2,grounding=2,2,0,0,0,0,0,0,0
groundskeeper,2,groundskeeper=2,2,0,0,0,0,0,0,0
groundwork,2,groundwork=2,2,0,0,0,0,0,0,0
groundworm,2,groundworm=1; groundworms=1,2,0,0,0,0,0,0,0
grouse,2,grouse=2,2,0,0,0,0,0,0,0
grout,2,grout=2,0,2,0,0,0,0,0,0
grunt,2,grunts=2,2,0,0,0,0,0,0,0
guenon,2,guenons=2,2,0,0,0,0,0,0,0
guilt,2,guilt=2,2,0,0,0,0,0,0,0
gujarat,2,gujarat=2,0,2,0,0,0,0,0,0
gum,2,gum=2,2,0,0,0,0,0,0,0
gymnosperms,2,gymnosperms=2,0,2,0,0,0,0,0,0
haber,2,haber=2,0,2,0,0,0,0,0,0
had,2,had=2,0,0,2,0,0,0,0,0
hadrian,2,hadrian=2,0,2,0,0,0,0,0,0
hafer,2,hafer=2,0,2,0,0,0,0,0,0
halley,2,halley=2,0,2,0,0,0,0,0,0
hamburger,2,hamburger=1; hamburgers=1,2,0,0,0,0,0,0,0
hamper,2,hamper=1; hampered=1,1,0,1,0,0,0,0,0
handsome,2,handsome=2,0,0,0,0,2,0,0,0
hanger,2,hangers=2,2,0,0,0,0,0,0,0
haphazardly,2,haphazardly=2,0,0,0,0,0,2,0,0
happily,2,happily=2,0,0,0,0,0,2,0,0
harass,2,harassed=2,0,0,2,0,0,0,0,0
harlan,2,harlan=2,0,2,0,0,0,0,0,0
harshness,2,harshness=2,1,0,0,0,1,0,0,0
hasten,2,hasten=1; hastened=1,0,0,2,0,0,0,0,0
hawthorn,2,hawthorns=2,2,0,0,0,0,0,0,0
hayden,2,hayden=2,0,2,0,0,0,0,0,0
headache,2,headache=1; headaches=1,2,0,0,0,0,0,0,0
headboard,2,headboard=2,2,0,0,0,0,0,0,0
headbutt,2,headbutt=2,0,0,2,0,0,0,0,0
headdress,2,headdresses=2,2,0,0,0,0,0,0,0
heading,2,heading=2,2,0,0,0,0,0,0,0
headwater,2,headwater=2,2,0,0,0,0,0,0,0
headway,2,headway=2,2,0,0,0,0,0,0,0
healthful,2,healthful=2,0,0,0,0,2,0,0,0
healthier,2,healthier=2,2,0,0,0,0,0,0,0
heartfelt,2,heartfelt=2,0,0,0,0,2,0,0,0
heater,2,heater=2,2,0,0,0,0,0,0,0
hebrard,2,hebrard=2,0,2,0,0,0,0,0,0
hector,2,hector=2,0,2,0,0,0,0,0,0
hedgerow,2,hedgerows=2,1,0,1,0,0,0,0,0
hedwige,2,hedwige=2,0,2,0,0,0,0,0,0
heel,2,heel=1; heels=1,2,0,0,0,0,0,0,0
heinrich,2,heinrich=2,0,2,0,0,0,0,0,0
helmholtz,2,helmholtz=2,0,2,0,0,0,0,0,0
hematite,2,hematite=2,1,1,0,0,0,0,0,0
hemp,2,hemp=2,2,0,0,0,0,0,0,0
herbivory,2,herbivory=2,2,0,0,0,0,0,0,0
hesitation,2,hesitation=2,2,0,0,0,0,0,0,0
hew,2,hewed=2,0,0,2,0,0,0,0,0
hiatus,2,hiatus=2,2,0,0,0,0,0,0,0
hieroglyphs,2,hieroglyphs=2,0,2,0,0,0,0,0,0
highgate,2,highgate=2,0,2,0,0,0,0,0,0
hirsti,2,hirsti=2,1,1,0,0,0,0,0,0
hiss,2,hissing=2,0,0,2,0,0,0,0,0
hittite,2,hittite=2,0,2,0,0,0,0,0,0
hler,2,hler=2,2,0,0,0,0,0,0,0
ho,2,ho=2,0,2,0,0,0,0,0,0
hodge,2,hodge=2,0,2,0,0,0,0,0,0
hoffman,2,hoffman=2,0,2,0,0,0,0,0,0
hog,2,hogs=2,2,0,0,0,0,0,0,0
hokkaido,2,hokkaido=2,0,2,0,0,0,0,0,0
holistic,2,holistic=2,0,0,0,0,2,0,0,0
holman,2,holman=2,0,2,0,0,0,0,0,0
holography,2,holography=2,1,1,0,0,0,0,0,0
holtz,2,holtz=2,0,2,0,0,0,0,0,0
homecoming,2,homecoming=2,2,0,0,0,0,0,0,0
homegrown,2,homegrown=2,0,1,0,0,0,0,0,1
hone,2,hone=2,0,0,2,0,0,0,0,0
honesty,2,honesty=2,2,0,0,0,0,0,0,0
honeycomb,2,honeycomb=2,1,1,0,0,0,0,0,0
honorable,2,honorable=2,0,0,0,0,2,0,0,0
honors,2,honors=2,0,0,0,0,2,0,0,0
hood,2,hoods=2,2,0,0,0,0,0,0,0
hornless,2,hornless=2,2,0,0,0,0,0,0,0
horrible,2,horrible=2,0,0,0,0,2,0,0,0
horsepower,2,horsepower=2,1,1,0,0,0,0,0,0
horsetail,2,horsetails=2,2,0,0,0,0,0,0,0
housework,2,housework=2,2,0,0,0,0,0,0,0
howard,2,howard=2,0,2,0,0,0,0,0,0
huitzilopochtli,2,huitzilopochtli=2,0,2,0,0,0,0,0,0
humankind,2,humankind=2,2,0,0,0,0,0,0,0
humidify,2,humidified=2,0,0,2,0,0,0,0,0
hunch,2,hunch=1; hunched=1,1,0,1,0,0,0,0,0
hurl,2,hurled=2,0,0,2,0,0,0,0,0
hyakutake,2,hyakutake=2,0,2,0,0,0,0,0,0
hybridization,2,hybridization=2,1,1,0,0,0,0,0,0
hydrates,2,hydrates=2,0,2,0,0,0,0,0,0
hydroelectricity,2,hydroelectricity=2,2,0,0,0,0,0,0,0
hydrology,2,hydrology=2,2,0,0,0,0,0,0,0
hypnotically,2,hypnotically=2,0,0,0,0,0,2,0,0
icaronycteris,2,icaronycteris=2,0,2,0,0,0,0,0,0
ideogram,2,ideograms=2,2,0,0,0,0,0,0,0
ideographic,2,ideographic=2,0,0,0,0,2,0,0,0
idiosyncratic,2,idiosyncratic=2,0,0,0,0,2,0,0,0
idle,2,idle=2,0,0,0,0,2,0,0,0
ignition,2,ignition=2,2,0,0,0,0,0,0,0
ignorance,2,ignorance=2,2,0,0,0,0,0,0,0
illegible,2,illegible=2,0,0,0,0,2,0,0,0
imaginable,2,imaginable=2,0,0,0,0,2,0,0,0
immanuel,2,immanuel=2,0,2,0,0,0,0,0,0
immersing,2,immersing=2,2,0,0,0,0,0,0,0
immersion,2,immersion=2,2,0,0,0,0,0,0,0
immobilize,2,immobilize=1; immobilizing=1,0,0,2,0,0,0,0,0
immortality,2,immortality=2,2,0,0,0,0,0,0,0
impair,2,impaired=2,0,0,2,0,0,0,0,0
impel,2,impel=1; impelled=1,0,0,2,0,0,0,0,0
impenetrable,2,impenetrable=2,0,0,0,0,2,0,0,0
impersonally,2,impersonally=2,0,0,0,0,0,2,0,0
implant,2,implanted=1; implants=1,1,0,1,0,0,0,0,0
implementation,2,implementation=2,2,0,0,0,0,0,0,0
implicate,2,implicate=1; implicated=1,0,0,2,0,0,0,0,0
imported,2,imported=2,0,1,0,0,1,0,0,0
impossibly,2,impossibly=2,0,0,0,0,0,2,0,0
impost,2,imposter=2,0,0,0,0,2,0,0,0
impostor,2,impostor=2,2,0,0,0,0,0,0,0
improv,2,improv=2,1,0,1,0,0,0,0,0
inactivate,2,inactivates=2,0,0,2,0,0,0,0,0
inanna,2,inanna=2,0,2,0,0,0,0,0,0
inaugurate,2,inaugurated=1; inaugurating=1,0,0,2,0,0,0,0,0
inauthentic,2,inauthentic=2,0,0,0,0,2,0,0,0
incentivize,2,incentivize=1; incentivizing=1,0,0,2,0,0,0,0,0
inception,2,inception=2,2,0,0,0,0,0,0,0
incident,2,incident=1; incidents=1,2,0,0,0,0,0,0,0
inclined,2,inclined=2,0,0,0,0,2,0,0,0
incompatible,2,incompatible=2,0,0,0,0,2,0,0,0
incomprehensible,2,incomprehensible=2,0,0,2,0,0,0,0,0
inconsiderate,2,inconsiderate=2,0,0,0,0,2,0,0,0
indiana,2,indiana=2,0,2,0,0,0,0,0,0
indic,2,indic=2,0,0,0,0,2,0,0,0
indifferent,2,indifferent=2,0,0,0,0,2,0,0,0
indigestible,2,indigestible=2,0,0,0,0,2,0,0,0
indiscriminately,2,indiscriminately=2,0,0,0,0,0,2,0,0
indisputably,2,indisputably=2,0,0,0,0,0,2,0,0
indistinguishable,2,indistinguishable=2,0,0,0,0,2,0,0,0
inductive,2,inductive=2,0,0,0,0,2,0,0,0
indulge,2,indulge=1; indulging=1,0,0,2,0,0,0,0,0
inefficiency,2,inefficiency=2,2,0,0,0,0,0,0,0
inescapable,2,inescapable=2,0,0,0,0,2,0,0,0
inexact,2,inexact=2,0,0,0,0,2,0,0,0
inexhaustible,2,inexhaustible=2,0,0,0,0,2,0,0,0
inf,2,infest=2,0,0,0,0,2,0,0,0
infamous,2,infamous=2,0,0,0,0,2,0,0,0
infancy,2,infancy=2,2,0,0,0,0,0,0,0
infested,2,infested=2,0,0,0,0,2,0,0,0
inflated,2,inflated=2,0,0,0,0,2,0,0,0
inflict,2,inflict=1; inflicted=1,0,0,2,0,0,0,0,0
inflow,2,inflow=2,2,0,0,0,0,0,0,0
infrare,2,infrared=2,0,0,2,0,0,0,0,0
infrequent,2,infrequent=2,0,0,0,0,2,0,0,0
infringe,2,infringe=1; infringing=1,0,0,2,0,0,0,0,0
ing,2,ing=2,2,0,0,0,0,0,0,0
inhabitable,2,inhabitable=2,0,0,0,0,2,0,0,0
innkeepers,2,innkeepers=2,0,2,0,0,0,0,0,0
innovations,2,innovations=2,0,2,0,0,0,0,0,0
insatiable,2,insatiable=2,0,0,0,0,2,0,0,0
insectivorous,2,insectivorous=2,0,0,0,0,2,0,0,0
insights,2,insights=2,0,2,0,0,0,0,0,0
insistence,2,insistence=2,2,0,0,0,0,0,0,0
insofar,2,insofar=2,0,0,0,0,0,2,0,0
inspired,2,inspired=2,0,2,0,0,0,0,0,0
instantaneous,2,instantaneous=2,0,0,0,0,2,0,0,0
institutionalize,2,institutionalized=2,0,0,2,0,0,0,0,0
insulator,2,insulator=2,2,0,0,0,0,0,0,0
insulin,2,insulin=2,1,1,0,0,0,0,0,0
insurmountable,2,insurmountable=2,0,0,0,0,2,0,0,0
intelligible,2,intelligible=2,0,0,0,0,2,0,0,0
interbreeding,2,interbreeding=2,1,1,0,0,0,0,0,0
interchangeably,2,interchangeably=2,0,0,0,0,0,2,0,0
interface,2,interface=2,2,0,0,0,0,0,0,0
interstellar,2,interstellar=2,0,0,0,0,2,0,0,0
intricacy,2,intricacies=1; intricacy=1,2,0,0,0,0,0,0,0
intriguingly,2,intriguingly=2,0,1,0,0,0,1,0,0
intrusive,2,intrusive=2,0,0,0,0,2,0,0,0
inuits,2,inuits=2,0,2,0,0,0,0,0,0
invalidate,2,invalidate=2,0,0,2,0,0,0,0,0
investigative,2,investigative=2,0,0,0,0,2,0,0,0
investing,2,investing=2,1,1,0,0,0,0,0,0
irreparable,2,irreparable=2,0,0,0,0,2,0,0,0
irritate,2,irritated=2,0,0,2,0,0,0,0,0
isosmotic,2,isosmotic=2,0,0,0,0,2,0,0,0
issuance,2,issuance=2,2,0,0,0,0,0,0,0
ith,2,ith=2,0,1,0,0,0,0,0,1
jacobs,2,jacobs=2,0,2,0,0,0,0,0,0
jacobus,2,jacobus=2,0,2,0,0,0,0,0,0
jake,2,jake=2,1,1,0,0,0,0,0,0
jamaica,2,jamaica=2,0,2,0,0,0,0,0,0
japetus,2,japetus=2,0,2,0,0,0,0,0,0
jass,2,jass=2,0,2,0,0,0,0,0,0
javier,2,javier=2,1,1,0,0,0,0,0,0
jealously,2,jealously=2,0,0,0,0,0,2,0,0
jericho,2,jericho=2,0,2,0,0,0,0,0,0
jerk,2,jerk=2,2,0,0,0,0,0,0,0
jerky,2,jerky=2,0,0,0,0,2,0,0,0
jesus,2,jesus=2,0,2,0,0,0,0,0,0
jeweler,2,jeweler=1; jewelers=1,2,0,0,0,0,0,0,0
jo,2,jo=2,0,2,0,0,0,0,0,0
jobs,2,jobs=2,0,2,0,0,0,0,0,0
johann,2,johann=2,0,2,0,0,0,0,0,0
josh,2,josh=2,0,2,0,0,0,0,0,0
journeyman,2,journeymen=2,2,0,0,0,0,0,0,0
joyce,2,joyce=2,0,2,0,0,0,0,0,0
joyful,2,joyful=2,0,0,0,0,2,0,0,0
joyfully,2,joyfully=2,0,0,0,0,0,2,0,0
juicy,2,juicier=1; juicy=1,0,0,0,0,2,0,0,0
jukeboxes,2,jukeboxes=2,0,2,0,0,0,0,0,0
julien,2,julien=2,0,2,0,0,0,0,0,0
junco,2,junco=2,1,1,0,0,0,0,0,0
jus,2,jus=2,1,1,0,0,0,0,0,0
justinian,2,justinian=2,0,2,0,0,0,0,0,0
justly,2,justly=2,0,0,0,0,0,2,0,0
jut,2,jut=1; juts=1,0,1,1,0,0,0,0,0
jéricho,2,jéricho=2,0,2,0,0,0,0,0,0
kamchatka,2,kamchatka=2,0,2,0,0,0,0,0,0
kara,2,kara=2,0,2,0,0,0,0,0,0
karaindash,2,karaindash=2,0,2,0,0,0,0,0,0
karel,2,karel=2,0,2,0,0,0,0,0,0
karman,2,karman=2,0,2,0,0,0,0,0,0
karst,2,karst=2,0,0,0,0,2,0,0,0
kashmir,2,kashmir=2,0,2,0,0,0,0,0,0
katharine,2,katharine=2,0,2,0,0,0,0,0,0
kazaks,2,kazaks=2,0,2,0,0,0,0,0,0
kemel,2,kemels=2,2,0,0,0,0,0,0,0
keratin,2,keratin=2,0,2,0,0,0,0,0,0
kettle,2,kettle=2,1,1,0,0,0,0,0,0
keys,2,keys=2,0,2,0,0,0,0,0,0
keyword,2,keywords=2,2,0,0,0,0,0,0,0
kidnap,2,kidnapped=1; kidnapping=1,0,0,2,0,0,0,0,0
killer,2,killer=2,2,0,0,0,0,0,0,0
kindly,2,kindly=2,0,0,0,0,0,2,0,0
kindred,2,kindred=2,0,2,0,0,0,0,0,0
knack,2,knack=2,2,0,0,0,0,0,0,0
kniss,2,kniss=2,1,1,0,0,0,0,0,0
knit,2,knit=2,0,0,2,0,0,0,0,0
knitted,2,knitted=2,0,0,0,0,2,0,0,0
knitter,2,knitter=1; knitters=1,2,0,0,0,0,0,0,0
knoll,2,knoll=2,0,2,0,0,0,0,0,0
kodak,2,kodak=2,0,2,0,0,0,0,0,0
kouro,2,kouros=2,2,0,0,0,0,0,0,0
kouroi,2,kouroi=2,2,0,0,0,0,0,0,0
krafla,2,krafla=2,0,2,0,0,0,0,0,0
krebs,2,krebs=2,0,2,0,0,0,0,0,0
krz,2,krz=2,0,2,0,0,0,0,0,0
kung,2,kung=2,0,2,0,0,0,0,0,0
kyle,2,kyle=2,0,2,0,0,0,0,0,0
kyushu,2,kyushu=2,0,2,0,0,0,0,0,0
lac,2,lac=2,0,2,0,0,0,0,0,0
lace,2,lace=2,2,0,0,0,0,0,0,0
lacquered,2,lacquered=2,0,0,0,0,2,0,0,0
lactose,2,lactose=2,2,0,0,0,0,0,0,0
laevis,2,laevis=2,2,0,0,0,0,0,0,0
laker,2,laker=2,0,2,0,0,0,0,0,0
landformation,2,landformations=2,2,0,0,0,0,0,0,0
landless,2,landless=2,1,0,0,0,1,0,0,0
landscapes,2,landscapes=2,0,2,0,0,0,0,0,0
langen,2,langen=2,0,2,0,0,0,0,0,0
lapita,2,lapita=2,0,2,0,0,0,0,0,0
laurel,2,laurel=2,0,2,0,0,0,0,0,0
lavish,2,lavish=2,0,0,0,0,2,0,0,0
lawmaker,2,lawmakers=2,2,0,0,0,0,0,0,0
lawrence,2,lawrence=2,0,2,0,0,0,0,0,0
lax,2,lax=2,0,0,0,0,2,0,0,0
lazare,2,lazare=2,0,2,0,0,0,0,0,0
laziness,2,laziness=2,2,0,0,0,0,0,0,0
leafminer,2,leafminer=1; leafminers=1,2,0,0,0,0,0,0,0
leafworm,2,leafworm=2,0,2,0,0,0,0,0,0
leasehold,2,leasehold=2,2,0,0,0,0,0,0,0
leasing,2,leasing=2,2,0,0,0,0,0,0,0
leatherleaf,2,leatherleaf=2,2,0,0,0,0,0,0,0
leaves,2,leaves=2,0,2,0,0,0,0,0,0
ledger,2,ledger=2,2,0,0,0,0,0,0,0
legendary,2,legendary=2,0,0,0,0,2,0,0,0
legible,2,legible=2,0,0,0,0,2,0,0,0
legislator,2,legislator=1; legislators=1,2,0,0,0,0,0,0,0
leland,2,leland=2,0,2,0,0,0,0,0,0
lemon,2,lemon=2,2,0,0,0,0,0,0,0
len,2,lens=2,2,0,0,0,0,0,0,0
leonardos,2,leonardos=2,0,2,0,0,0,0,0,0
lepidoptera,2,lepidoptera=2,1,1,0,0,0,0,0,0
leslie,2,leslie=2,0,2,0,0,0,0,0,0
leucothoe,2,leucothoe=2,0,2,0,0,0,0,0,0
leveling,2,leveling=2,2,0,0,0,0,0,0,0
levels,2,levels=2,0,2,0,0,0,0,0,0
liability,2,liability=2,2,0,0,0,0,0,0,0
libya,2,libya=2,0,2,0,0,0,0,0,0
lichens,2,lichens=2,0,2,0,0,0,0,0,0
lifecycle,2,lifecycle=2,2,0,0,0,0,0,0,0
lifeless,2,lifeless=2,0,0,0,0,2,0,0,0
lightbulb,2,lightbulb=2,2,0,0,0,0,0,0,0
lighter,2,lighter=2,0,0,0,0,0,2,0,0
lighthouse,2,lighthouses=2,2,0,0,0,0,0,0,0
lightly,2,lightly=2,0,0,0,0,0,2,0,0
likable,2,likable=2,0,0,0,0,2,0,0,0
likeness,2,likeness=1; likenesses=1,2,0,0,0,0,0,0,0
limbless,2,limbless=2,2,0,0,0,0,0,0,0
limnephilid,2,limnephilid=2,0,0,0,0,2,0,0,0
lint,2,lint=2,2,0,0,0,0,0,0,0
lipstick,2,lipstick=2,2,0,0,0,0,0,0,0
liquor,2,liquor=2,2,0,0,0,0,0,0,0
lit,2,lit=2,0,2,0,0,0,0,0,0
livery,2,livery=2,0,2,0,0,0,0,0,0
llamas,2,llamas=2,0,2,0,0,0,0,0,0
lloyd,2,lloyd=2,0,2,0,0,0,0,0,0
loaded,2,loaded=2,0,0,0,0,2,0,0,0
loam,2,loam=2,1,1,0,0,0,0,0,0
localize,2,localized=2,0,0,2,0,0,0,0,0
locational,2,locational=2,0,0,0,0,2,0,0,0
locked,2,locked=2,0,0,0,0,2,0,0,0
loess,2,loess=2,2,0,0,0,0,0,0,0
logogram,2,logograms=2,2,0,0,0,0,0,0,0
lonely,2,lonely=2,0,0,0,0,2,0,0,0
longtime,2,longtime=2,0,0,0,0,2,0,0,0
loot,2,looted=2,0,0,2,0,0,0,0,0
lorne,2,lorne=2,0,2,0,0,0,0,0,0
loser,2,losers=2,2,0,0,0,0,0,0,0
louder,2,louder=2,0,0,0,0,0,2,0,0
loudspeaker,2,loudspeaker=1; loudspeakers=1,2,0,0,0,0,0,0,0
louisville,2,louisville=2,0,2,0,0,0,0,0,0
lousy,2,lousy=2,0,0,0,0,2,0,0,0
lowe,2,lowe=2,0,2,0,0,0,0,0,0
lowermost,2,lowermost=2,2,0,0,0,0,0,0,0
lreland,2,lreland=2,1,1,0,0,0,0,0,0
lron,2,lron=2,2,0,0,0,0,0,0,0
lunge,2,lunge=2,1,0,1,0,0,0,0,0
lute,2,lute=1; lutes=1,1,0,0,0,1,0,0,0
lycopod,2,lycopods=2,2,0,0,0,0,0,0,0
macquarie,2,macquarie=2,0,2,0,0,0,0,0,0
mad,2,mad=2,0,0,0,0,2,0,0,0
madonna,2,madonna=2,0,2,0,0,0,0,0,0
magnetization,2,magnetization=2,2,0,0,0,0,0,0,0
magnification,2,magnification=2,2,0,0,0,0,0,0,0
magnon,2,magnon=2,0,2,0,0,0,0,0,0
magnons,2,magnons=2,0,2,0,0,0,0,0,0
mainframe,2,mainframes=2,2,0,0,0,0,0,0,0
majestic,2,majestic=2,0,2,0,0,0,0,0,0
males,2,males=2,0,2,0,0,0,0,0,0
mallory,2,mallory=2,0,2,0,0,0,0,0,0
managers,2,managers=2,0,2,0,0,0,0,0,0
maneuverable,2,maneuverable=2,0,0,0,0,2,0,0,0
manicure,2,manicured=2,0,0,2,0,0,0,0,0
manifestation,2,manifestation=1; manifestations=1,2,0,0,0,0,0,0,0
manmade,2,manmade=2,1,0,1,0,0,0,0,0
manufacturers,2,manufacturers=2,0,2,0,0,0,0,0,0
mapmaking,2,mapmaking=2,2,0,0,0,0,0,0,0
marbled,2,marbled=2,0,0,0,0,2,0,0,0
marcel,2,marcel=2,0,2,0,0,0,0,0,0
marcos,2,marcos=2,0,2,0,0,0,0,0,0
marcy,2,marcy=2,0,2,0,0,0,0,0,0
marina,2,marina=2,0,2,0,0,0,0,0,0
marketability,2,marketability=2,2,0,0,0,0,0,0,0
marlene,2,marlene=2,0,2,0,0,0,0,0,0
marshland,2,marshlands=2,2,0,0,0,0,0,0,0
martha,2,martha=2,0,2,0,0,0,0,0,0
marvelous,2,marvelous=2,0,0,0,0,2,0,0,0
marx,2,marx=2,0,2,0,0,0,0,0,0
masse,2,masse=2,1,1,0,0,0,0,0,0
masterful,2,masterful=2,0,0,0,0,2,0,0,0
mastodon,2,mastodons=2,2,0,0,0,0,0,0,0
matched,2,matched=2,0,0,0,0,2,0,0,0
materialistic,2,materialistic=2,0,0,0,0,2,0,0,0
materialize,2,materialize=1; materialized=1,0,0,2,0,0,0,0,0
mathematics,2,mathematics=2,0,2,0,0,0,0,0,0
matrilineal,2,matrilineal=2,0,0,0,0,2,0,0,0
matt,2,matt=2,0,2,0,0,0,0,0,0
mayfly,2,mayflies=2,2,0,0,0,0,0,0,0
mccance,2,mccance=2,0,2,0,0,0,0,0,0
mcculloch,2,mcculloch=2,0,2,0,0,0,0,0,0
mechanize,2,mechanized=1; mechanizing=1,0,0,2,0,0,0,0,0
median,2,median=2,0,0,0,0,2,0,0,0
medici,2,medici=2,0,2,0,0,0,0,0,0
meg,2,meg=2,0,2,0,0,0,0,0,0
meganeura,2,meganeura=2,0,2,0,0,0,0,0,0
meiji,2,meiji=2,0,2,0,0,0,0,0,0
mercantilism,2,mercantilism=2,2,0,0,0,0,0,0,0
mercator,2,mercator=2,0,2,0,0,0,0,0,0
merimee,2,merimee=2,0,2,0,0,0,0,0,0
meroë,2,meroë=2,0,2,0,0,0,0,0,0
merry,2,merry=2,0,1,0,0,1,0,0,0
messenger,2,messengers=2,2,0,0,0,0,0,0,0
met,2,met=2,2,0,0,0,0,0,0,0
meta,2,meta=2,0,0,0,0,2,0,0,0
metalworke,2,metalworking=2,0,0,2,0,0,0,0,0
metamorphism,2,metamorphism=2,1,1,0,0,0,0,0,0
metamorphose,2,metamorphosed=1; metamorphosing=1,0,0,2,0,0,0,0,0
meteoric,2,meteoric=2,0,0,0,0,2,0,0,0
metre,2,metre=1; metres=1,2,0,0,0,0,0,0,0
microbiology,2,microbiology=2,2,0,0,0,0,0,0,0
microdiamond,2,microdiamonds=2,2,0,0,0,0,0,0,0
midlatitude,2,midlatitude=2,1,0,0,0,1,0,0,0
midst,2,midst=2,2,0,0,0,0,0,0,0
midwater,2,midwater=2,2,0,0,0,0,0,0,0
miguel,2,miguel=2,0,2,0,0,0,0,0,0
milkweed,2,milkweed=2,1,0,0,0,1,0,0,0
millardet,2,millardet=2,0,2,0,0,0,0,0,0
millipede,2,millipede=2,2,0,0,0,0,0,0,0
milos,2,milos=2,0,2,0,0,0,0,0,0
mindlessly,2,mindlessly=2,0,0,0,0,0,2,0,0
minerals,2,minerals=2,0,2,0,0,0,0,0,0
mingle,2,mingle=1; mingled=1,0,0,1,0,1,0,0,0
mini,2,mini=2,1,0,0,0,1,0,0,0
minus,2,minus=2,0,0,0,0,1,1,0,0
minuscule,2,minuscule=2,0,0,0,0,2,0,0,0
miracle,2,miracle=1; miracles=1,2,0,0,0,0,0,0,0
miraculous,2,miraculous=2,0,0,0,0,2,0,0,0
miscalculate,2,miscalculated=2,0,0,2,0,0,0,0,0
miscommunication,2,miscommunication=2,2,0,0,0,0,0,0,0
misguide,2,misguided=2,0,0,2,0,0,0,0,0
misidentifie,2,misidentified=2,0,0,2,0,0,0,0,0
misinterpretation,2,misinterpretation=2,2,0,0,0,0,0,0,0
mismanagement,2,mismanagement=2,2,0,0,0,0,0,0,0
mismatched,2,mismatched=2,0,0,0,0,2,0,0,0
misordering,2,misorderings=2,2,0,0,0,0,0,0,0
mistrust,2,mistrust=1; mistrusted=1,1,0,1,0,0,0,0,0
mite,2,mites=2,2,0,0,0,0,0,0,0
mitman,2,mitman=2,0,2,0,0,0,0,0,0
mm,2,mm=2,0,2,0,0,0,0,0,0
moana,2,moana=2,0,2,0,0,0,0,0,0
moche,2,moche=2,0,2,0,0,0,0,0,0
modeled,2,modeled=2,0,0,0,0,2,0,0,0
modulate,2,modulated=1; modulates=1,0,0,2,0,0,0,0,0
mohenjo,2,mohenjo=2,0,2,0,0,0,0,0,0
mohicans,2,mohicans=2,0,2,0,0,0,0,0,0
momentous,2,momentous=2,0,0,0,0,2,0,0,0
monastery,2,monasteries=2,2,0,0,0,0,0,0,0
montgomery,2,montgomery=2,0,2,0,0,0,0,0,0
moons,2,moons=2,0,2,0,0,0,0,0,0
moorish,2,moorish=2,0,2,0,0,0,0,0,0
moors,2,moors=2,0,2,0,0,0,0,0,0
mop,2,mop=2,0,0,2,0,0,0,0,0
morale,2,morale=2,2,0,0,0,0,0,0,0
morin,2,morin=2,0,2,0,0,0,0,0,0
mormon,2,mormon=2,0,2,0,0,0,0,0,0
morrisville,2,morrisville=2,0,2,0,0,0,0,0,0
mosi,2,mosi=2,2,0,0,0,0,0,0,0
motecuhzoma,2,motecuhzoma=2,0,2,0,0,0,0,0,0
motherese,2,motherese=2,0,0,0,0,2,0,0,0
motive,2,motive=2,2,0,0,0,0,0,0,0
motorist,2,motorist=1; motorists=1,2,0,0,0,0,0,0,0
mow,2,mow=2,0,0,2,0,0,0,0,0
mph,2,mph=2,2,0,0,0,0,0,0,0
mris,2,mris=2,0,2,0,0,0,0,0,0
mucus,2,mucus=2,2,0,0,0,0,0,0,0
multiage,2,multiage=2,2,0,0,0,0,0,0,0
multiplication,2,multiplication=2,2,0,0,0,0,0,0,0
multipurpose,2,multipurpose=2,0,0,0,0,2,0,0,0
munch,2,munched=1; munching=1,0,0,2,0,0,0,0,0
muromachi,2,muromachi=2,0,2,0,0,0,0,0,0
muscovy,2,muscovy=2,0,2,0,0,0,0,0,0
musket,2,musket=1; muskets=1,2,0,0,0,0,0,0,0
muster,2,muster=2,0,0,2,0,0,0,0,0
mute,2,mute=1; muted=1,0,0,1,0,1,0,0,0
mythologize,2,mythologize=1; mythologizing=1,0,0,2,0,0,0,0,0
nada,2,nada=2,0,2,0,0,0,0,0,0
nah,2,nah=2,0,2,0,0,0,0,0,0
names,2,names=2,0,2,0,0,0,0,0,0
nap,2,nap=2,2,0,0,0,0,0,0,0
nappweed,2,nappweed=2,2,0,0,0,0,0,0,0
narrowly,2,narrowly=2,0,0,0,0,0,2,0,0
nationalistic,2,nationalistic=2,0,0,0,0,2,0,0,0
nationally,2,nationally=2,0,0,0,0,0,2,0,0
naturwissenschaften,2,naturwissenschaften=2,0,2,0,0,0,0,0,0
nautical,2,nautical=2,0,0,0,0,2,0,0,0
nautilus,2,nautilus=2,0,0,0,0,2,0,0,0
nave,2,nave=2,1,0,1,0,0,0,0,0
naxos,2,naxos=2,0,2,0,0,0,0,0,0
nearer,2,nearer=2,0,0,2,0,0,0,0,0
nearness,2,nearness=2,2,0,0,0,0,0,0,0
needed,2,needed=2,0,0,0,0,2,0,0,0
needless,2,needless=2,0,0,0,0,2,0,0,0
neil,2,neil=2,0,2,0,0,0,0,0,0
nepal,2,nepal=2,0,2,0,0,0,0,0,0
nephews,2,nephews=2,2,0,0,0,0,0,0,0
neuf,2,neuf=2,0,2,0,0,0,0,0,0
neurotoxin,2,neurotoxins=2,2,0,0,0,0,0,0,0
newfound,2,newfound=2,0,0,0,0,2,0,0,0
newfoundland,2,newfoundland=2,0,2,0,0,0,0,0,0
nguyen,2,nguyen=2,0,2,0,0,0,0,0,0
niacin,2,niacin=2,0,2,0,0,0,0,0,0
niccolo,2,niccolo=2,0,2,0,0,0,0,0,0
nicer,2,nicer=2,0,0,0,0,2,0,0,0
nickelodeons,2,nickelodeons=2,0,2,0,0,0,0,0,0
nicole,2,nicole=2,0,2,0,0,0,0,0,0
nigerian,2,nigerian=2,0,0,0,0,2,0,0,0
nightclub,2,nightclubs=2,2,0,0,0,0,0,0,0
nilo,2,nilo=2,0,0,0,0,2,0,0,0
ninety,2,ninety=2,0,0,0,0,0,0,0,2
nissen,2,nissen=2,0,2,0,0,0,0,0,0
noah,2,noah=2,0,2,0,0,0,0,0,0
nobles,2,nobles=2,0,1,0,0,1,0,0,0
noisily,2,noisily=2,0,0,0,0,0,2,0,0
nomura,2,nomura=2,0,2,0,0,0,0,0,0
nonbiological,2,nonbiological=2,0,0,0,0,2,0,0,0
nonbreeding,2,nonbreeding=2,2,0,0,0,0,0,0,0
noncontact,2,noncontact=2,0,1,0,0,1,0,0,0
nondomesticate,2,nondomesticated=2,0,0,2,0,0,0,0,0
nonfarme,2,nonfarming=2,0,0,2,0,0,0,0,0
nonhuman,2,nonhuman=2,0,0,0,0,2,0,0,0
nonliving,2,nonliving=2,2,0,0,0,0,0,0,0
nonmarine,2,nonmarine=2,1,0,0,0,1,0,0,0
nonmetallic,2,nonmetallic=2,0,1,0,0,1,0,0,0
nonparticipant,2,nonparticipants=2,2,0,0,0,0,0,0,0
nonpastoral,2,nonpastoral=2,0,0,0,0,2,0,0,0
nonreproducible,2,nonreproducible=2,0,0,0,0,2,0,0,0
nonresidential,2,nonresidential=2,0,0,0,0,2,0,0,0
nonverbal,2,nonverbal=2,0,0,0,0,2,0,0,0
nordjyllands,2,nordjyllands=2,0,2,0,0,0,0,0,0
normans,2,normans=2,0,2,0,0,0,0,0,0
northerly,2,northerly=2,0,0,0,0,2,0,0,0
nozzle,2,nozzles=2,2,0,0,0,0,0,0,0
nsangu,2,nsangu=2,0,2,0,0,0,0,0,0
nuance,2,nuance=1; nuances=1,2,0,0,0,0,0,0,0
nubian,2,nubian=2,0,0,0,0,2,0,0,0
numeral,2,numerals=2,2,0,0,0,0,0,0,0
nurturing,2,nurturing=2,2,0,0,0,0,0,0,0
nutcracker,2,nutcrackers=2,2,0,0,0,0,0,0,0
nuthatch,2,nuthatches=2,2,0,0,0,0,0,0,0
nutritionally,2,nutritionally=2,0,0,0,0,0,2,0,0
nutshell,2,nutshell=2,2,0,0,0,0,0,0,0
nuzi,2,nuzi=2,0,2,0,0,0,0,0,0
nymph,2,nymphs=2,2,0,0,0,0,0,0,0
oare,2,oared=2,0,0,2,0,0,0,0,0
obedience,2,obedience=2,2,0,0,0,0,0,0,0
obliquity,2,obliquity=2,2,0,0,0,0,0,0,0
obliterate,2,obliterated=2,0,0,2,0,0,0,0,0
observance,2,observance=1; observances=1,2,0,0,0,0,0,0,0
observers,2,observers=2,0,2,0,0,0,0,0,0
obstruction,2,obstructions=2,2,0,0,0,0,0,0,0
oca,2,oca=2,1,1,0,0,0,0,0,0
oceanographer,2,oceanographers=2,2,0,0,0,0,0,0,0
oceanography,2,oceanography=2,2,0,0,0,0,0,0,0
octopuses,2,octopuses=2,0,2,0,0,0,0,0,0
oftentime,2,oftentimes=2,2,0,0,0,0,0,0,0
olf,2,olf=2,0,0,0,0,0,1,0,1
onsite,2,onsite=2,0,0,0,0,2,0,0,0
opportunism,2,opportunism=2,2,0,0,0,0,0,0,0
opportunistic,2,opportunistic=2,0,0,0,0,2,0,0,0
opticks,2,opticks=2,0,2,0,0,0,0,0,0
optimize,2,optimize=2,0,0,2,0,0,0,0,0
ora,2,ora=2,0,2,0,0,0,0,0,0
orality,2,orality=2,1,1,0,0,0,0,0,0
orchestration,2,orchestration=2,2,0,0,0,0,0,0,0
ordeal,2,ordeal=2,2,0,0,0,0,0,0,0
organise,2,organise=1; organised=1,0,0,2,0,0,0,0,0
organochlorine,2,organochlorine=2,1,1,0,0,0,0,0,0
organophosphate,2,organophosphate=2,2,0,0,0,0,0,0,0
oriental,2,oriental=2,0,0,0,0,2,0,0,0
originator,2,originator=2,2,0,0,0,0,0,0,0
origins,2,origins=2,0,2,0,0,0,0,0,0
orkney,2,orkney=2,0,2,0,0,0,0,0,0
ortelus,2,ortelus=2,0,2,0,0,0,0,0,0
os,2,os=2,0,0,0,0,1,1,0,0
osbourne,2,osbourne=2,0,2,0,0,0,0,0,0
osprey,2,osprey=1; ospreys=1,1,1,0,0,0,0,0,0
osteoporosis,2,osteoporosis=2,2,0,0,0,0,0,0,0
ostracod,2,ostracods=2,2,0,0,0,0,0,0,0
othe,2,othe=2,0,0,0,0,0,0,0,2
outage,2,outage=1; outages=1,2,0,0,0,0,0,0,0
outpace,2,outpace=1; outpacing=1,0,0,2,0,0,0,0,0
outpost,2,outpost=1; outposts=1,2,0,0,0,0,0,0,0
outreach,2,outreach=2,2,0,0,0,0,0,0,0
outrun,2,outran=1; outrun=1,0,0,2,0,0,0,0,0
outspoken,2,outspoken=2,0,0,0,0,2,0,0,0
outstrip,2,outstripped=2,0,0,2,0,0,0,0,0
outwit,2,outwit=1; outwitted=1,1,0,1,0,0,0,0,0
overcrowding,2,overcrowding=2,2,0,0,0,0,0,0,0
overdependence,2,overdependence=2,2,0,0,0,0,0,0,0
overdue,2,overdue=2,0,0,0,0,2,0,0,0
overeating,2,overeating=2,2,0,0,0,0,0,0,0
overemphasize,2,overemphasized=2,0,0,2,0,0,0,0,0
overestimated,2,overestimated=2,0,0,0,0,2,0,0,0
overexploitation,2,overexploitation=2,2,0,0,0,0,0,0,0
overgrow,2,overgrown=2,0,0,2,0,0,0,0,0
overheard,2,overheard=2,0,0,2,0,0,0,0,0
overlapping,2,overlapping=2,0,0,0,0,2,0,0,0
overpass,2,overpass=1; overpasses=1,2,0,0,0,0,0,0,0
overpopulated,2,overpopulated=2,0,0,0,0,2,0,0,0
oversight,2,oversight=2,2,0,0,0,0,0,0,0
oversimplification,2,oversimplification=2,2,0,0,0,0,0,0,0
overwinter,2,overwinter=1; overwinters=1,2,0,0,0,0,0,0,0
overwintering,2,overwintering=2,2,0,0,0,0,0,0,0
ovoid,2,ovoids=2,2,0,0,0,0,0,0,0
oyapok,2,oyapok=2,0,2,0,0,0,0,0,0
packed,2,packed=2,0,0,0,0,2,0,0,0
packhorse,2,packhorse=2,2,0,0,0,0,0,0,0
paintings,2,paintings=2,0,2,0,0,0,0,0,0
paired,2,paired=2,0,0,0,0,2,0,0,0
pairing,2,pairing=1; pairings=1,2,0,0,0,0,0,0,0
pakistan,2,pakistan=2,0,2,0,0,0,0,0,0
palagi,2,palagi=2,0,2,0,0,0,0,0,0
pallet,2,pallet=2,2,0,0,0,0,0,0,0
palmanova,2,palmanova=2,0,2,0,0,0,0,0,0
palsas,2,palsas=2,0,2,0,0,0,0,0,0
paltry,2,paltry=2,2,0,0,0,0,0,0,0
pamphlet,2,pamphlet=1; pamphlets=1,2,0,0,0,0,0,0,0
pancreatic,2,pancreatic=2,0,0,0,0,2,0,0,0
panels,2,panels=2,0,2,0,0,0,0,0,0
panoramic,2,panoramic=2,0,0,0,0,2,0,0,0
panther,2,panthers=2,2,0,0,0,0,0,0,0
pantry,2,pantry=2,2,0,0,0,0,0,0,0
paramount,2,paramount=2,0,0,0,0,2,0,0,0
paraphrase,2,paraphrase=2,2,0,0,0,0,0,0,0
parasitize,2,parasitizes=2,0,0,2,0,0,0,0,0
parker,2,parker=2,0,2,0,0,0,0,0,0
paros,2,paros=2,0,2,0,0,0,0,0,0
parrotlets,2,parrotlets=2,0,2,0,0,0,0,0,0
parthenon,2,parthenon=2,0,2,0,0,0,0,0,0
partridge,2,partridges=2,2,0,0,0,0,0,0,0
pasaj,2,pasaj=2,0,2,0,0,0,0,0,0
passages,2,passages=2,0,2,0,0,0,0,0,0
pastoralists,2,pastoralists=2,0,2,0,0,0,0,0,0
pastry,2,pastries=2,2,0,0,0,0,0,0,0
patagonia,2,patagonia=2,0,2,0,0,0,0,0,0
patel,2,patel=2,0,2,0,0,0,0,0,0
pathogenic,2,pathogenic=2,0,0,0,0,2,0,0,0
patiently,2,patiently=2,0,0,0,0,0,2,0,0
patronize,2,patronized=1; patronizing=1,0,0,2,0,0,0,0,0
patterns,2,patterns=2,0,2,0,0,0,0,0,0
paucity,2,paucity=2,2,0,0,0,0,0,0,0
peale,2,peale=2,0,2,0,0,0,0,0,0
pearson,2,pearson=2,0,2,0,0,0,0,0,0
pedal,2,pedal=1; pedaled=1,1,0,1,0,0,0,0,0
peddler,2,peddlers=2,2,0,0,0,0,0,0,0
pedigree,2,pedigree=2,2,0,0,0,0,0,0,0
peloponnese,2,peloponnese=2,0,2,0,0,0,0,0,0
pelt,2,pelted=1; pelts=1,1,0,1,0,0,0,0,0
penchant,2,penchant=2,1,0,0,0,1,0,0,0
pennsbury,2,pennsbury=2,0,2,0,0,0,0,0,0
pension,2,pension=1; pensions=1,2,0,0,0,0,0,0,0
pentaradial,2,pentaradial=2,1,0,0,0,1,0,0,0
perfection,2,perfection=2,2,0,0,0,0,0,0,0
perforation,2,perforation=1; perforations=1,2,0,0,0,0,0,0,0
perfume,2,perfume=1; perfumes=1,2,0,0,0,0,0,0,0
perimeter,2,perimeter=1; perimeters=1,2,0,0,0,0,0,0,0
periods,2,periods=2,0,2,0,0,0,0,0,0
periphery,2,periphery=2,2,0,0,0,0,0,0,0
permeable,2,permeable=2,0,0,0,0,2,0,0,0
permeate,2,permeated=2,0,0,2,0,0,0,0,0
permissible,2,permissible=2,0,0,0,0,2,0,0,0
pero,2,pero=2,1,1,0,0,0,0,0,0
perot,2,perot=2,1,1,0,0,0,0,0,0
persecution,2,persecution=2,2,0,0,0,0,0,0,0
persuasively,2,persuasively=2,0,0,0,0,0,2,0,0
perturb,2,perturbed=2,0,0,2,0,0,0,0,0
pervasive,2,pervasive=2,0,0,0,0,2,0,0,0
peterborough,2,peterborough=2,0,2,0,0,0,0,0,0
petersburg,2,petersburg=2,0,2,0,0,0,0,0,0
petrarch,2,petrarch=2,0,2,0,0,0,0,0,0
petrochirus,2,petrochirus=2,0,2,0,0,0,0,0,0
petrol,2,petrol=2,2,0,0,0,0,0,0,0
philanthropist,2,philanthropist=2,2,0,0,0,0,0,0,0
philippine,2,philippine=2,0,1,0,0,1,0,0,0
photocopied,2,photocopied=2,0,0,0,0,2,0,0,0
photosynthetically,2,photosynthetically=2,0,0,0,0,0,2,0,0
phylum,2,phylum=2,2,0,0,0,0,0,0,0
picky,2,picky=2,0,0,0,0,2,0,0,0
picnic,2,picnic=2,2,0,0,0,0,0,0,0
piero,2,piero=2,0,2,0,0,0,0,0,0
piety,2,piety=2,2,0,0,0,0,0,0,0
pilfering,2,pilfering=2,2,0,0,0,0,0,0,0
pill,2,pills=2,2,0,0,0,0,0,0,0
pinch,2,pinched=2,0,0,2,0,0,0,0,0
pinniped,2,pinnipeds=2,2,0,0,0,0,0,0,0
pity,2,pity=2,2,0,0,0,0,0,0,0
plainly,2,plainly=2,0,0,0,0,0,2,0,0
planets,2,planets=2,0,2,0,0,0,0,0,0
planktonic,2,planktonic=2,0,0,0,0,2,0,0,0
plans,2,plans=2,0,2,0,0,0,0,0,0
plastics,2,plastics=2,0,2,0,0,0,0,0,0
plaver,2,plavers=2,2,0,0,0,0,0,0,0
playful,2,playful=2,0,0,0,0,2,0,0,0
playwrite,2,playwriting=2,0,0,2,0,0,0,0,0
plazas,2,plazas=2,2,0,0,0,0,0,0,0
pleasurable,2,pleasurable=2,0,0,0,0,2,0,0,0
pliocene,2,pliocene=2,0,2,0,0,0,0,0,0
pluck,2,pluck=1; plucked=1,0,0,2,0,0,0,0,0
plum,2,plum=2,0,2,0,0,0,0,0,0
plumber,2,plumber=1; plumbers=1,2,0,0,0,0,0,0,0
plummet,2,plummeted=1; plummeting=1,0,0,2,0,0,0,0,0
plunging,2,plunging=2,2,0,0,0,0,0,0,0
poise,2,poised=2,0,0,2,0,0,0,0,0
politics,2,politics=2,0,2,0,0,0,0,0,0
polling,2,polling=2,2,0,0,0,0,0,0,0
polychrome,2,polychrome=2,2,0,0,0,0,0,0,0
polygyny,2,polygyny=2,0,2,0,0,0,0,0,0
polynyas,2,polynyas=2,0,2,0,0,0,0,0,0
poorwill,2,poorwill=1; poorwills=1,2,0,0,0,0,0,0,0
poppea,2,poppea=2,0,2,0,0,0,0,0,0
popularly,2,popularly=2,0,0,0,0,0,2,0,0
porcupine,2,porcupine=2,0,2,0,0,0,0,0,0
pores,2,pores=2,0,2,0,0,0,0,0,0
portico,2,portico=2,2,0,0,0,0,0,0,0
poseidonius,2,poseidonius=2,0,2,0,0,0,0,0,0
positron,2,positron=2,1,1,0,0,0,0,0,0
postglacial,2,postglacial=2,1,0,0,0,1,0,0,0
postimpressionism,2,postimpressionism=2,0,2,0,0,0,0,0,0
postindustrial,2,postindustrial=2,0,0,0,0,2,0,0,0
pots,2,pots=2,0,2,0,0,0,0,0,0
potsherd,2,potsherds=2,2,0,0,0,0,0,0,0
pounce,2,pouncing=2,0,0,2,0,0,0,0,0
ppm,2,ppm=2,1,1,0,0,0,0,0,0
practices,2,practices=2,0,2,0,0,0,0,0,0
practise,2,practised=2,0,0,2,0,0,0,0,0
preapprove,2,preapprove=1; preapproved=1,0,0,2,0,0,0,0,0
preblocke,2,preblocking=2,0,0,2,0,0,0,0,0
precalculus,2,precalculus=2,0,1,0,0,1,0,0,0
precession,2,precession=2,2,0,0,0,0,0,0,0
preclassical,2,preclassical=2,0,0,0,0,2,0,0,0
preconceived,2,preconceived=2,0,0,0,0,2,0,0,0
predisposition,2,predisposition=2,2,0,0,0,0,0,0,0
predomesticated,2,predomesticated=2,0,0,0,0,2,0,0,0
preform,2,preformed=2,0,0,2,0,0,0,0,0
prehensile,2,prehensile=2,1,0,0,0,1,0,0,0
prejudice,2,prejudices=2,2,0,0,0,0,0,0,0
prematurely,2,prematurely=2,0,0,0,0,0,2,0,0
preoccupy,2,preoccupied=2,0,0,2,0,0,0,0,0
prepackage,2,prepackaged=2,0,0,2,0,0,0,0,0
preplanne,2,preplanned=1; preplanning=1,0,0,2,0,0,0,0,0
preprogramme,2,preprogrammed=2,0,0,2,0,0,0,0,0
prerecord,2,prerecorded=2,0,0,2,0,0,0,0,0
prerogative,2,prerogative=2,2,0,0,0,0,0,0,0
pressed,2,pressed=2,0,0,0,0,2,0,0,0
pressured,2,pressured=2,0,1,0,0,1,0,0,0
pressurized,2,pressurized=2,0,0,0,0,2,0,0,0
preventative,2,preventative=2,0,0,0,0,2,0,0,0
preverbal,2,preverbal=2,0,0,0,0,2,0,0,0
priestly,2,priestly=2,0,0,0,0,0,2,0,0
primogeniture,2,primogeniture=2,2,0,0,0,0,0,0,0
primordial,2,primordial=2,0,0,0,0,2,0,0,0
princesa,2,princesa=2,0,2,0,0,0,0,0,0
principally,2,principally=2,0,0,0,0,0,2,0,0
principe,2,principes=2,2,0,0,0,0,0,0,0
prison,2,prison=1; prisons=1,2,0,0,0,0,0,0,0
privateer,2,privateers=2,2,0,0,0,0,0,0,0
privatization,2,privatization=2,2,0,0,0,0,0,0,0
probate,2,probate=2,2,0,0,0,0,0,0,0
procedures,2,procedures=2,0,2,0,0,0,0,0,0
procession,2,procession=2,2,0,0,0,0,0,0,0
procure,2,procure=1; procured=1,0,0,2,0,0,0,0,0
products,2,products=2,0,2,0,0,0,0,0,0
professionalism,2,professionalism=2,2,0,0,0,0,0,0,0
proficiency,2,proficiency=2,2,0,0,0,0,0,0,0
prohibitively,2,prohibitively=2,0,0,0,0,0,2,0,0
promissory,2,promissory=2,0,0,0,0,2,0,0,0
propell,2,propeller=2,0,0,0,0,2,0,0,0
propertied,2,propertied=2,0,0,0,0,2,0,0,0
propriety,2,propriety=2,2,0,0,0,0,0,0,0
prose,2,prose=2,1,0,0,0,1,0,0,0
proteins,2,proteins=2,0,2,0,0,0,0,0,0
protoaxis,2,protoaxis=2,1,1,0,0,0,0,0,0
protostellar,2,protostellar=2,0,0,0,0,2,0,0,0
protozoa,2,protozoa=2,2,0,0,0,0,0,0,0
proudly,2,proudly=2,0,0,0,0,0,2,0,0
provence,2,provence=2,0,2,0,0,0,0,0,0
providence,2,providence=2,0,2,0,0,0,0,0,0
provinciality,2,provinciality=2,2,0,0,0,0,0,0,0
proximal,2,proximal=2,0,0,0,0,2,0,0,0
prune,2,pruned=1; pruning=1,0,0,2,0,0,0,0,0
pry,2,pry=2,0,0,2,0,0,0,0,0
psittacines,2,psittacines=2,0,2,0,0,0,0,0,0
psychoanalysis,2,psychoanalysis=2,2,0,0,0,0,0,0,0
pteropodidae,2,pteropodidae=2,1,1,0,0,0,0,0,0
ptolemaic,2,ptolemaic=2,0,0,0,0,2,0,0,0
pulling,2,pulling=2,2,0,0,0,0,0,0,0
punch,2,punch=1; punched=1,1,0,1,0,0,0,0,0
pupa,2,pupa=2,0,0,0,0,2,0,0,0
puppetry,2,puppetry=2,0,2,0,0,0,0,0,0
purist,2,purist=2,2,0,0,0,0,0,0,0
purport,2,purport=1; purported=1,1,0,1,0,0,0,0,0
purposeful,2,purposeful=2,0,0,0,0,2,0,0,0
purposely,2,purposely=2,0,0,0,0,0,2,0,0
pushing,2,pushing=2,2,0,0,0,0,0,0,0
pvc,2,pvc=2,0,2,0,0,0,0,0,0
pyrenees,2,pyrenees=2,0,2,0,0,0,0,0,0
quadruple,2,quadruple=2,0,1,1,0,0,0,0,0
quail,2,quail=2,1,0,1,0,0,0,0,0
qualitative,2,qualitative=2,0,0,0,0,2,0,0,0
quantification,2,quantification=2,2,0,0,0,0,0,0,0
quartet,2,quartet=2,0,2,0,0,0,0,0,0
quaternary,2,quaternary=2,0,2,0,0,0,0,0,0
quayle,2,quayle=2,0,2,0,0,0,0,0,0
quench,2,quenched=1; quenching=1,0,0,2,0,0,0,0,0
quille,2,quille=2,0,2,0,0,0,0,0,0
quintessential,2,quintessential=2,0,0,0,0,2,0,0,0
racing,2,racing=2,2,0,0,0,0,0,0,0
rag,2,raged=1; raging=1,0,0,2,0,0,0,0,0
rake,2,rake=1; rakes=1,1,0,1,0,0,0,0,0
raleigh,2,raleigh=2,0,1,0,0,1,0,0,0
ranger,2,ranger=2,2,0,0,0,0,0,0,0
raphia,2,raphia=2,1,1,0,0,0,0,0,0
rapport,2,rapport=2,2,0,0,0,0,0,0,0
rash,2,rash=1; rashes=1,1,0,0,0,1,0,0,0
rationalize,2,rationalize=1; rationalizing=1,0,0,2,0,0,0,0,0
rattle,2,rattles=2,2,0,0,0,0,0,0,0
rc,2,rc=2,0,2,0,0,0,0,0,0
reactivity,2,reactivity=2,2,0,0,0,0,0,0,0
realise,2,realise=1; realised=1,0,0,2,0,0,0,0,0
reassuring,2,reassuring=2,0,0,0,0,2,0,0,0
rebuilding,2,rebuilding=2,2,0,0,0,0,0,0,0
receiving,2,receiving=2,2,0,0,0,0,0,0,0
receptacle,2,receptacle=1; receptacles=1,2,0,0,0,0,0,0,0
recessional,2,recessional=2,0,0,0,0,2,0,0,0
reciprocate,2,reciprocate=2,0,0,2,0,0,0,0,0
reclaim,2,reclaim=1; reclaimed=1,0,0,2,0,0,0,0,0
reclassify,2,reclassify=1; reclassifying=1,0,0,2,0,0,0,0,0
recognizably,2,recognizably=2,0,0,0,0,0,2,0,0
recollection,2,recollection=2,2,0,0,0,0,0,0,0
recolonization,2,recolonization=2,2,0,0,0,0,0,0,0
recordings,2,recordings=2,0,2,0,0,0,0,0,0
recruiter,2,recruiters=2,2,0,0,0,0,0,0,0
redeposit,2,redeposited=2,0,0,2,0,0,0,0,0
redo,2,redo=2,0,0,2,0,0,0,0,0
redundant,2,redundant=2,0,0,0,0,2,0,0,0
redwood,2,redwood=2,2,0,0,0,0,0,0,0
reenact,2,reenacted=2,0,0,2,0,0,0,0,0
refining,2,refining=2,2,0,0,0,0,0,0,0
reflexively,2,reflexively=2,0,0,0,0,0,2,0,0
reforest,2,reforest=1; reforesting=1,0,0,2,0,0,0,0,0
refreezing,2,refreezing=2,2,0,0,0,0,0,0,0
refusal,2,refusal=2,2,0,0,0,0,0,0,0
regents,2,regents=2,0,2,0,0,0,0,0,0
regionally,2,regionally=2,0,0,0,0,0,2,0,0
regrettably,2,regrettably=2,0,0,0,0,0,2,0,0
regroup,2,regroup=2,0,0,2,0,0,0,0,0
regulating,2,regulating=2,2,0,0,0,0,0,0,0
rehearsing,2,rehearsing=2,1,1,0,0,0,0,0,0
reimagine,2,reimagined=1; reimagining=1,0,0,2,0,0,0,0,0
reissue,2,reissued=2,0,0,2,0,0,0,0,0
reluctance,2,reluctance=2,2,0,0,0,0,0,0,0
reluctantly,2,reluctantly=2,0,0,0,0,0,2,0,0
reminiscent,2,reminiscent=2,0,0,0,0,2,0,0,0
remodeled,2,remodeled=2,0,0,0,0,2,0,0,0
renovated,2,renovated=2,0,0,0,0,2,0,0,0
renovations,2,renovations=2,1,1,0,0,0,0,0,0
reopen,2,reopened=1; reopening=1,0,0,2,0,0,0,0,0
repay,2,repaid=2,0,0,2,0,0,0,0,0
repercussion,2,repercussions=2,2,0,0,0,0,0,0,0
replenishment,2,replenishment=2,2,0,0,0,0,0,0,0
replicated,2,replicated=2,0,0,0,0,2,0,0,0
replication,2,replication=2,2,0,0,0,0,0,0,0
reposition,2,reposition=2,0,0,2,0,0,0,0,0
repulse,2,repulsed=2,0,0,2,0,0,0,0,0
repurpose,2,repurposed=2,0,0,2,0,0,0,0,0
reputable,2,reputable=2,0,0,0,0,2,0,0,0
requests,2,requests=2,0,2,0,0,0,0,0,0
requisite,2,requisite=2,1,0,0,0,1,0,0,0
requisition,2,requisition=2,0,0,2,0,0,0,0,0
reseed,2,reseed=1; reseeded=1,0,0,2,0,0,0,0,0
reserved,2,reserved=2,0,0,0,0,2,0,0,0
reshore,2,reshored=1; reshoring=1,0,0,2,0,0,0,0,0
reshoring,2,reshoring=2,1,0,0,0,1,0,0,0
resonate,2,resonates=1; resonating=1,0,0,2,0,0,0,0,0
respectable,2,respectable=2,0,0,0,0,2,0,0,0
respectfully,2,respectfully=2,0,0,0,0,0,2,0,0
respective,2,respective=2,0,0,0,0,2,0,0,0
responsive,2,responsive=2,0,0,0,0,2,0,0,0
resprout,2,resprout=1; resprouts=1,0,0,2,0,0,0,0,0
restage,2,restage=1; restaged=1,0,0,2,0,0,0,0,0
restate,2,restate=1; restated=1,0,0,2,0,0,0,0,0
restrain,2,restrain=2,0,0,2,0,0,0,0,0
restrained,2,restrained=2,0,0,0,0,2,0,0,0
resubmit,2,resubmit=2,0,1,1,0,0,0,0,0
retaliation,2,retaliation=2,2,0,0,0,0,0,0,0
retelling,2,retelling=2,2,0,0,0,0,0,0,0
retired,2,retired=2,0,0,0,0,2,0,0,0
retold,2,retold=2,0,0,1,0,1,0,0,0
retrieval,2,retrieval=2,2,0,0,0,0,0,0,0
reunite,2,reunite=1; reunited=1,0,0,2,0,0,0,0,0
reverence,2,reverence=2,2,0,0,0,0,0,0,0
revers,2,reverses=2,2,0,0,0,0,0,0,0
reviewer,2,reviewers=2,2,0,0,0,0,0,0,0
reynolds,2,reynolds=2,0,2,0,0,0,0,0,0
rhetorical,2,rhetorical=2,0,0,0,0,2,0,0,0
rhynie,2,rhynie=2,0,2,0,0,0,0,0,0
rhyniognatha,2,rhyniognatha=2,0,2,0,0,0,0,0,0
rican,2,rican=2,0,0,0,0,2,0,0,0
rickman,2,rickman=2,0,2,0,0,0,0,0,0
riddle,2,riddle=1; riddled=1,1,0,1,0,0,0,0,0
ridicule,2,ridicule=1; ridiculed=1,0,0,2,0,0,0,0,0
rightful,2,rightful=2,0,0,0,0,2,0,0,0
rightly,2,rightly=2,0,0,0,0,0,2,0,0
rigidity,2,rigidity=2,2,0,0,0,0,0,0,0
ripeness,2,ripeness=2,2,0,0,0,0,0,0,0
riverine,2,riverine=2,2,0,0,0,0,0,0,0
rivet,2,rivets=2,2,0,0,0,0,0,0,0
rockefeller,2,rockefeller=2,0,2,0,0,0,0,0,0
rockwell,2,rockwell=2,0,2,0,0,0,0,0,0
rohde,2,rohde=2,0,2,0,0,0,0,0,0
rolling,2,rolling=2,0,0,0,0,2,0,0,0
romanticism,2,romanticism=2,2,0,0,0,0,0,0,0
romanticized,2,romanticized=2,0,0,0,0,2,0,0,0
rongo,2,rongo=2,0,2,0,0,0,0,0,0
rooster,2,roosters=2,2,0,0,0,0,0,0,0
rosemary,2,rosemary=2,0,2,0,0,0,0,0,0
rosette,2,rosettes=2,2,0,0,0,0,0,0,0
rotating,2,rotating=2,2,0,0,0,0,0,0,0
roth,2,roth=2,0,2,0,0,0,0,0,0
rotunda,2,rotunda=2,2,0,0,0,0,0,0,0
roundworm,2,roundworm=1; roundworms=1,2,0,0,0,0,0,0,0
ruby,2,rubies=1; ruby=1,2,0,0,0,0,0,0,0
rudolf,2,rudolf=2,0,2,0,0,0,0,0,0
rules,2,rules=2,0,2,0,0,0,0,0,0
rumble,2,rumbling=2,0,0,2,0,0,0,0,0
ruthlessly,2,ruthlessly=2,0,0,1,0,0,1,0,0
résumé,2,résumé=2,1,0,0,0,1,0,0,0
sabbatical,2,sabbatical=2,0,0,0,0,2,0,0,0
saber,2,saber=2,2,0,0,0,0,0,0,0
sacral,2,sacral=2,0,0,0,0,2,0,0,0
sagas,2,sagas=2,2,0,0,0,0,0,0,0
sailors,2,sailors=2,0,2,0,0,0,0,0,0
salamanders,2,salamanders=2,0,2,0,0,0,0,0,0
salinas,2,salinas=2,0,2,0,0,0,0,0,0
saltiness,2,saltiness=2,2,0,0,0,0,0,0,0
samples,2,samples=2,0,2,0,0,0,0,0,0
sander,2,sanders=2,2,0,0,0,0,0,0,0
sanitize,2,sanitize=1; sanitizing=1,0,0,2,0,0,0,0,0
sao,2,sao=2,0,2,0,0,0,0,0,0
sara,2,sara=2,0,2,0,0,0,0,0,0
sarcastically,2,sarcastically=2,0,0,0,0,0,2,0,0
satin,2,satin=1; satins=1,1,1,0,0,0,0,0,0
satire,2,satire=1; satires=1,2,0,0,0,0,0,0,0
satisfactorily,2,satisfactorily=2,0,0,0,0,0,2,0,0
saul,2,saul=2,0,2,0,0,0,0,0,0
sauna,2,sauna=1; saunas=1,2,0,0,0,0,0,0,0
sawwan,2,sawwan=2,0,2,0,0,0,0,0,0
saxophone,2,saxophone=2,2,0,0,0,0,0,0,0
sba,2,sba=2,1,1,0,0,0,0,0,0
scab,2,scab=2,2,0,0,0,0,0,0,0
scabrinode,2,scabrinodes=2,2,0,0,0,0,0,0,0
scaping,2,scaping=2,2,0,0,0,0,0,0,0
scarcer,2,scarcer=2,2,0,0,0,0,0,0,0
scared,2,scared=2,0,0,0,0,2,0,0,0
scenes,2,scenes=2,0,2,0,0,0,0,0,0
scenting,2,scenting=2,1,1,0,0,0,0,0,0
schoolchildren,2,schoolchildren=2,2,0,0,0,0,0,0,0
sciences,2,sciences=2,0,2,0,0,0,0,0,0
scorching,2,scorching=2,1,0,0,0,1,0,0,0
scratchpad,2,scratchpad=2,1,1,0,0,0,0,0,0
screenwriting,2,screenwriting=2,1,0,0,0,1,0,0,0
screw,2,screw=1; screws=1,0,0,2,0,0,0,0,0
scrolls,2,scrolls=2,0,2,0,0,0,0,0,0
scrutinize,2,scrutinize=1; scrutinizes=1,0,0,2,0,0,0,0,0
sculptures,2,sculptures=2,0,2,0,0,0,0,0,0
scythe,2,scythe=2,2,0,0,0,0,0,0,0
seacoast,2,seacoast=1; seacoasts=1,1,0,0,0,1,0,0,0
seascape,2,seascapes=2,2,0,0,0,0,0,0,0
seashore,2,seashore=2,2,0,0,0,0,0,0,0
seasonality,2,seasonality=2,2,0,0,0,0,0,0,0
seaway,2,seaways=2,2,0,0,0,0,0,0,0
seeding,2,seeding=2,2,0,0,0,0,0,0,0
seedle,2,seedling=2,0,0,2,0,0,0,0,0
seghal,2,seghal=2,0,2,0,0,0,0,0,0
segmentation,2,segmentation=2,2,0,0,0,0,0,0,0
segregation,2,segregation=2,2,0,0,0,0,0,0,0
semifinishe,2,semifinished=2,0,0,2,0,0,0,0,0
semifinished,2,semifinished=2,0,0,0,0,2,0,0,0
seminal,2,seminal=2,0,0,0,0,2,0,0,0
semiskille,2,semiskilled=2,0,0,2,0,0,0,0,0
semiskilled,2,semiskilled=2,0,0,0,0,2,0,0,0
semitic,2,semitic=2,0,2,0,0,0,0,0,0
sensuality,2,sensuality=2,2,0,0,0,0,0,0,0
sequester,2,sequester=1; sequestered=1,0,0,2,0,0,0,0,0
sequestration,2,sequestration=2,2,0,0,0,0,0,0,0
sericulture,2,sericulture=2,1,1,0,0,0,0,0,0
server,2,server=1; servers=1,2,0,0,0,0,0,0,0
serviceable,2,serviceable=2,0,0,0,0,2,0,0,0
settlements,2,settlements=2,0,2,0,0,0,0,0,0
shag,2,shags=2,2,0,0,0,0,0,0,0
shakespearean,2,shakespearean=2,0,0,0,0,2,0,0,0
shakespeares,2,shakespeares=2,0,2,0,0,0,0,0,0
shamanistic,2,shamanistic=2,0,0,0,0,2,0,0,0
shana,2,shana=2,0,2,0,0,0,0,0,0
shang,2,shang=2,0,2,0,0,0,0,0,0
shapes,2,shapes=2,0,2,0,0,0,0,0,0
sharon,2,sharon=2,0,2,0,0,0,0,0,0
sharpen,2,sharpen=2,0,0,2,0,0,0,0,0
sharpness,2,sharpness=2,2,0,0,0,0,0,0,0
shasta,2,shasta=2,0,2,0,0,0,0,0,0
shedding,2,shedding=2,2,0,0,0,0,0,0,0
shelled,2,shelled=2,0,0,0,0,2,0,0,0
sheridan,2,sheridan=2,0,2,0,0,0,0,0,0
shimmer,2,shimmer=1; shimmering=1,1,0,1,0,0,0,0,0
shipbuilder,2,shipbuilders=2,2,0,0,0,0,0,0,0
ships,2,ships=2,0,2,0,0,0,0,0,0
shutter,2,shutter=2,2,0,0,0,0,0,0,0
sickly,2,sickly=2,1,0,0,0,1,0,0,0
sidetrack,2,sidetracked=2,0,0,2,0,0,0,0,0
silchester,2,silchester=2,0,2,0,0,0,0,0,0
silently,2,silently=2,0,0,0,0,0,2,0,0
silurian,2,silurian=2,0,0,0,0,2,0,0,0
sin,2,sin=1; sins=1,2,0,0,0,0,0,0,0
sincerity,2,sincerity=2,2,0,0,0,0,0,0,0
sippar,2,sippar=2,0,2,0,0,0,0,0,0
sisley,2,sisley=2,0,2,0,0,0,0,0,0
sites,2,sites=2,0,2,0,0,0,0,0,0
sitting,2,sitting=1; sittings=1,2,0,0,0,0,0,0,0
situations,2,situations=2,0,2,0,0,0,0,0,0
skara,2,skara=2,0,2,0,0,0,0,0,0
skene,2,skene=2,2,0,0,0,0,0,0,0
sketchbook,2,sketchbook=2,2,0,0,0,0,0,0,0
sketchy,2,sketchy=2,0,0,0,0,2,0,0,0
skilful,2,skilful=2,0,0,0,0,2,0,0,0
skimming,2,skimming=2,1,1,0,0,0,0,0,0
skinny,2,skinny=2,0,0,0,0,2,0,0,0
slack,2,slack=2,2,0,0,0,0,0,0,0
sleeper,2,sleepers=2,2,0,0,0,0,0,0,0
slit,2,slit=1; slits=1,2,0,0,0,0,0,0,0
slogan,2,slogan=2,2,0,0,0,0,0,0,0
sloppy,2,sloppy=2,0,0,0,0,2,0,0,0
slower,2,slower=2,0,2,0,0,0,0,0,0
slowing,2,slowing=2,2,0,0,0,0,0,0,0
slump,2,slump=1; slumped=1,1,0,1,0,0,0,0,0
sly,2,sly=2,0,0,0,0,2,0,0,0
smack,2,smacking=1; smacks=1,0,0,2,0,0,0,0,0
smithson,2,smithson=2,0,2,0,0,0,0,0,0
smuggling,2,smuggling=2,2,0,0,0,0,0,0,0
snc,2,snc=2,0,2,0,0,0,0,0,0
sneaky,2,sneaky=2,0,0,0,0,2,0,0,0
sneeze,2,sneezing=2,0,0,2,0,0,0,0,0
snowshoe,2,snowshoe=2,2,0,0,0,0,0,0,0
soapy,2,soapy=2,0,0,0,0,2,0,0,0
sock,2,socks=2,2,0,0,0,0,0,0,0
socket,2,sockets=2,2,0,0,0,0,0,0,0
socrate,2,socrates=2,2,0,0,0,0,0,0,0
softener,2,softener=1; softeners=1,2,0,0,0,0,0,0,0
soils,2,soils=2,0,2,0,0,0,0,0,0
solas,2,solas=2,0,2,0,0,0,0,0,0
solicit,2,solicit=1; solicits=1,0,0,2,0,0,0,0,0
solidification,2,solidification=2,2,0,0,0,0,0,0,0
solnhofen,2,solnhofen=2,0,2,0,0,0,0,0,0
solver,2,solvers=2,2,0,0,0,0,0,0,0
somber,2,somber=2,0,0,0,0,2,0,0,0
sonify,2,sonify=2,0,0,2,0,0,0,0,0
sonnet,2,sonnets=2,2,0,0,0,0,0,0,0
sons,2,sons=2,0,2,0,0,0,0,0,0
sooty,2,sooty=2,0,0,0,0,2,0,0,0
sopranos,2,sopranos=2,0,2,0,0,0,0,0,0
sorghum,2,sorghum=2,2,0,0,0,0,0,0,0
soul,2,soul=1; souls=1,2,0,0,0,0,0,0,0
sounding,2,sounding=1; soundings=1,2,0,0,0,0,0,0,0
spaceflight,2,spaceflight=2,2,0,0,0,0,0,0,0
spar,2,spared=2,0,0,2,0,0,0,0,0
sparkle,2,sparkle=2,2,0,0,0,0,0,0,0
sparseness,2,sparseness=2,2,0,0,0,0,0,0,0
specialised,2,specialised=2,0,0,0,0,2,0,0,0
speciality,2,speciality=2,2,0,0,0,0,0,0,0
specifie,2,specifies=2,2,0,0,0,0,0,0,0
specified,2,specified=2,0,0,0,0,2,0,0,0
speck,2,specks=2,2,0,0,0,0,0,0,0
spectators,2,spectators=2,0,2,0,0,0,0,0,0
spectra,2,spectra=2,2,0,0,0,0,0,0,0
speechwriter,2,speechwriter=2,2,0,0,0,0,0,0,0
speeding,2,speeding=2,1,0,0,0,1,0,0,0
spelling,2,spelling=1; spellings=1,2,0,0,0,0,0,0,0
spiderweb,2,spiderweb=2,2,0,0,0,0,0,0,0
spigot,2,spigot=2,2,0,0,0,0,0,0,0
spindles,2,spindles=2,0,2,0,0,0,0,0,0
spit,2,spit=1; spitting=1,0,0,2,0,0,0,0,0
splitting,2,splitting=2,2,0,0,0,0,0,0,0
splotch,2,splotches=2,2,0,0,0,0,0,0,0
spoke,2,spokes=2,2,0,0,0,0,0,0,0
spokesperson,2,spokesperson=2,2,0,0,0,0,0,0,0
sporadically,2,sporadically=2,0,0,0,0,0,2,0,0
sports,2,sports=2,0,2,0,0,0,0,0,0
spotlight,2,spotlight=2,2,0,0,0,0,0,0,0
sprague,2,sprague=2,0,2,0,0,0,0,0,0
sprain,2,sprain=1; sprained=1,1,0,1,0,0,0,0,0
sprawl,2,sprawling=2,0,0,2,0,0,0,0,0
springs,2,springs=2,0,2,0,0,0,0,0,0
squeak,2,squeaks=2,2,0,0,0,0,0,0,0
squids,2,squids=2,0,2,0,0,0,0,0,0
squirrels,2,squirrels=2,0,2,0,0,0,0,0,0
sra,2,sra=2,0,2,0,0,0,0,0,0
stab,2,stab=1; stabbing=1,1,0,1,0,0,0,0,0
stacey,2,stacey=2,0,2,0,0,0,0,0,0
staffing,2,staffing=2,2,0,0,0,0,0,0,0
stagnant,2,stagnant=2,0,0,0,0,2,0,0,0
stagnation,2,stagnation=2,2,0,0,0,0,0,0,0
stairwell,2,stairwells=2,2,0,0,0,0,0,0,0
staphylococcus,2,staphylococcus=2,1,1,0,0,0,0,0,0
stardust,2,stardust=2,0,2,0,0,0,0,0,0
stark,2,stark=2,0,0,0,0,2,0,0,0
startled,2,startled=2,0,0,0,0,2,0,0,0
stately,2,stately=2,0,0,0,0,2,0,0,0
stealing,2,stealing=2,2,0,0,0,0,0,0,0
steamships,2,steamships=2,0,2,0,0,0,0,0,0
steamy,2,steamy=2,0,0,0,0,2,0,0,0
steelhead,2,steelhead=2,1,0,0,0,1,0,0,0
steeply,2,steeply=2,0,0,0,0,0,2,0,0
stela,2,stela=2,0,2,0,0,0,0,0,0
stereotyped,2,stereotyped=2,0,0,0,0,2,0,0,0
sticki,2,stickier=2,0,0,0,0,2,0,0,0
stickle,2,stickle=2,0,0,0,0,2,0,0,0
stiglitz,2,stiglitz=2,0,2,0,0,0,0,0,0
stilt,2,stilt=1; stilts=1,1,0,1,0,0,0,0,0
stimulating,2,stimulating=2,0,0,0,0,2,0,0,0
stimuli,2,stimuli=2,0,2,0,0,0,0,0,0
stipulate,2,stipulated=1; stipulating=1,0,0,2,0,0,0,0,0
stomate,2,stomates=2,2,0,0,0,0,0,0,0
stonemason,2,stonemasons=2,2,0,0,0,0,0,0,0
stoneware,2,stoneware=2,2,0,0,0,0,0,0,0
stopping,2,stopping=2,2,0,0,0,0,0,0,0
stores,2,stores=2,0,2,0,0,0,0,0,0
storey,2,storey=1; storeys=1,2,0,0,0,0,0,0,0
storing,2,storing=2,1,1,0,0,0,0,0,0
stormwater,2,stormwater=2,2,0,0,0,0,0,0,0
stot,2,stot=1; stots=1,1,0,1,0,0,0,0,0
strategist,2,strategists=2,2,0,0,0,0,0,0,0
stratify,2,stratified=1; stratifying=1,0,0,2,0,0,0,0,0
stratospheric,2,stratospheric=2,0,0,0,0,2,0,0,0
streamflow,2,streamflow=2,1,0,0,0,1,0,0,0
streaming,2,streaming=2,2,0,0,0,0,0,0,0
streamlined,2,streamlined=2,0,0,0,0,2,0,0,0
streams,2,streams=2,0,2,0,0,0,0,0,0
strengthening,2,strengthening=2,2,0,0,0,0,0,0,0
stressed,2,stressed=2,0,0,0,0,2,0,0,0
stretching,2,stretching=2,1,1,0,0,0,0,0,0
stretchy,2,stretchy=2,0,0,0,0,2,0,0,0
strew,2,strewn=2,0,0,2,0,0,0,0,0
strife,2,strife=2,2,0,0,0,0,0,0,0
strove,2,strove=2,0,0,2,0,0,0,0,0
structures,2,structures=2,0,2,0,0,0,0,0,0
stubbornness,2,stubbornness=2,1,1,0,0,0,0,0,0
studied,2,studied=2,0,0,0,0,2,0,0,0
stupid,2,stupid=2,0,0,0,0,2,0,0,0
sturbridge,2,sturbridge=2,0,2,0,0,0,0,0,0
stylish,2,stylish=2,0,0,0,0,2,0,0,0
subduction,2,subduction=2,2,0,0,0,0,0,0,0
subgroup,2,subgroup=2,2,0,0,0,0,0,0,0
subiect,2,subiect=1; subiects=1,1,0,0,0,1,0,0,0
sublime,2,sublime=2,0,0,1,0,1,0,0,0
subsidiary,2,subsidiary=2,2,0,0,0,0,0,0,0
subsidized,2,subsidized=2,0,0,0,0,2,0,0,0
subspecialty,2,subspecialty=2,2,0,0,0,0,0,0,0
subterranean,2,subterranean=2,0,0,0,0,2,0,0,0
successively,2,successively=2,0,0,0,0,0,2,0,0
succumb,2,succumbed=2,0,0,2,0,0,0,0,0
sucking,2,sucking=2,0,0,0,0,2,0,0,0
suckling,2,suckling=2,2,0,0,0,0,0,0,0
suction,2,suction=2,2,0,0,0,0,0,0,0
sudan,2,sudan=2,0,2,0,0,0,0,0,0
sulfate,2,sulfate=2,2,0,0,0,0,0,0,0
sumeria,2,sumeria=2,0,2,0,0,0,0,0,0
summertime,2,summertime=2,2,0,0,0,0,0,0,0
sundown,2,sundown=2,0,0,2,0,0,0,0,0
sung,2,sung=2,0,0,0,0,2,0,0,0
suns,2,suns=2,0,2,0,0,0,0,0,0
sup,2,sup=2,1,1,0,0,0,0,0,0
superconducte,2,superconducting=2,0,0,2,0,0,0,0,0
superheat,2,superheats=2,0,0,2,0,0,0,0,0
superhighway,2,superhighway=2,2,0,0,0,0,0,0,0
superhydrophobic,2,superhydrophobic=2,2,0,0,0,0,0,0,0
superstition,2,superstition=2,2,0,0,0,0,0,0,0
supertitle,2,supertitles=2,2,0,0,0,0,0,0,0
supervisory,2,supervisory=2,0,0,0,0,2,0,0,0
surovell,2,surovell=2,0,2,0,0,0,0,0,0
surveying,2,surveying=2,0,1,0,0,1,0,0,0
survivor,2,survivor=1; survivors=1,2,0,0,0,0,0,0,0
suspensefully,2,suspensefully=2,0,0,0,0,0,2,0,0
swath,2,swath=1; swaths=1,2,0,0,0,0,0,0,0
sweating,2,sweating=2,2,0,0,0,0,0,0,0
sweeping,2,sweeping=2,0,0,0,0,2,0,0,0
sweetener,2,sweetener=2,2,0,0,0,0,0,0,0
sweetness,2,sweetness=2,2,0,0,0,0,0,0,0
swelling,2,swelling=2,2,0,0,0,0,0,0,0
swiftlets,2,swiftlets=2,0,2,0,0,0,0,0,0
syllabic,2,syllabic=2,0,0,0,0,2,0,0,0
symbolically,2,symbolically=2,0,0,0,0,0,2,0,0
symmetrically,2,symmetrically=2,0,0,0,0,0,2,0,0
sympathy,2,sympathy=2,1,0,0,0,1,0,0,0
syphilis,2,syphilis=2,0,0,2,0,0,0,0,0
systemize,2,systemized=2,0,0,2,0,0,0,0,0
tab,2,tab=1; tabs=1,2,0,0,0,0,0,0,0
tabletop,2,tabletop=2,2,0,0,0,0,0,0,0
tacitus,2,tacitus=2,0,2,0,0,0,0,0,0
tadpoles,2,tadpoles=2,0,2,0,0,0,0,0,0
tailpipe,2,tailpipe=2,2,0,0,0,0,0,0,0
takeover,2,takeover=2,2,0,0,0,0,0,0,0
taker,2,taker=2,2,0,0,0,0,0,0,0
talente,2,talented=2,0,0,2,0,0,0,0,0
tanganyika,2,tanganyika=2,0,2,0,0,0,0,0,0
tangent,2,tangent=1; tangents=1,2,0,0,0,0,0,0,0
taster,2,tasters=2,2,0,0,0,0,0,0,0
tate,2,tate=2,0,2,0,0,0,0,0,0
tattoo,2,tattoo=2,0,0,0,0,0,2,0,0
tavern,2,taverns=2,2,0,0,0,0,0,0,0
tawny,2,tawny=2,1,1,0,0,0,0,0,0
teardrop,2,teardrop=2,1,0,0,0,1,0,0,0
tecatonic,2,tecatonic=2,0,0,0,0,2,0,0,0
teina,2,teina=2,0,2,0,0,0,0,0,0
tempestuous,2,tempestuous=2,0,0,0,0,2,0,0,0
template,2,template=2,2,0,0,0,0,0,0,0
templeborough,2,templeborough=2,0,2,0,0,0,0,0,0
templeman,2,templeman=2,0,2,0,0,0,0,0,0
tenfold,2,tenfold=2,0,0,0,0,1,1,0,0
tenwolde,2,tenwolde=2,0,2,0,0,0,0,0,0
terminology,2,terminology=2,2,0,0,0,0,0,0,0
terror,2,terror=2,1,1,0,0,0,0,0,0
testifie,2,testifies=2,2,0,0,0,0,0,0,0
testify,2,testify=2,0,0,2,0,0,0,0,0
tetrad,2,tetrads=2,2,0,0,0,0,0,0,0
tetrahedral,2,tetrahedral=2,0,0,0,0,2,0,0,0
tetrahedron,2,tetrahedrons=2,2,0,0,0,0,0,0,0
texensis,2,texensis=2,2,0,0,0,0,0,0,0
tha,2,tha=2,1,1,0,0,0,0,0,0
thatch,2,thatched=2,0,0,2,0,0,0,0,0
thayer,2,thayer=2,0,2,0,0,0,0,0,0
thematically,2,thematically=2,0,0,0,0,0,2,0,0
theocracy,2,theocracies=1; theocracy=1,2,0,0,0,0,0,0,0
thereafter,2,thereafter=2,0,0,0,0,0,2,0,0
thermonuclear,2,thermonuclear=2,0,2,0,0,0,0,0,0
thermophilic,2,thermophilic=2,1,0,0,0,1,0,0,0
thermos,2,thermos=1; thermoses=1,1,1,0,0,0,0,0,0
thermostat,2,thermostat=1; thermostats=1,2,0,0,0,0,0,0,0
thespis,2,thespis=2,0,2,0,0,0,0,0,0
thiamine,2,thiamine=2,2,0,0,0,0,0,0,0
thinning,2,thinning=2,1,1,0,0,0,0,0,0
thornbushe,2,thornbushes=2,2,0,0,0,0,0,0,0
thrifty,2,thrifty=2,0,0,0,0,2,0,0,0
throwing,2,throwing=2,2,0,0,0,0,0,0,0
théâtre,2,théâtre=2,0,2,0,0,0,0,0,0
tiberius,2,tiberius=2,0,2,0,0,0,0,0,0
tiffany,2,tiffany=2,0,2,0,0,0,0,0,0
tigers,2,tigers=2,0,2,0,0,0,0,0,0
tighten,2,tighten=2,0,0,2,0,0,0,0,0
tilling,2,tilling=2,2,0,0,0,0,0,0,0
timepiece,2,timepieces=2,2,0,0,0,0,0,0,0
tiredness,2,tiredness=2,2,0,0,0,0,0,0,0
titanium,2,titanium=2,1,1,0,0,0,0,0,0
titians,2,titians=2,0,2,0,0,0,0,0,0
toby,2,toby=2,0,2,0,0,0,0,0,0
todd,2,todd=2,0,2,0,0,0,0,0,0
tolerable,2,tolerable=2,0,0,0,0,2,0,0,0
tolland,2,tolland=2,2,0,0,0,0,0,0,0
toolmaking,2,toolmaking=2,2,0,0,0,0,0,0,0
toothe,2,toothed=2,0,0,2,0,0,0,0,0
toothpick,2,toothpick=1; toothpicks=1,2,0,0,0,0,0,0,0
topping,2,topping=2,2,0,0,0,0,0,0,0
topple,2,toppled=2,0,0,2,0,0,0,0,0
tor,2,tor=2,2,0,0,0,0,0,0,0
torchlight,2,torchlight=2,2,0,0,0,0,0,0,0
torpor,2,torpor=2,2,0,0,0,0,0,0,0
torrid,2,torrid=2,1,0,0,0,1,0,0,0
torso,2,torso=2,2,0,0,0,0,0,0,0
tortoiseshells,2,tortoiseshells=2,0,2,0,0,0,0,0,0
toughness,2,toughness=2,2,0,0,0,0,0,0,0
tout,2,touted=2,0,0,2,0,0,0,0,0
townspeople,2,townspeople=2,1,1,0,0,0,0,0,0
traces,2,traces=2,0,2,0,0,0,0,0,0
trachea,2,trachea=2,0,2,0,0,0,0,0,0
tracheal,2,tracheal=2,0,1,0,0,1,0,0,0
trackway,2,trackways=2,2,0,0,0,0,0,0,0
trained,2,trained=2,0,1,0,0,1,0,0,0
trainee,2,trainees=2,2,0,0,0,0,0,0,0
transactions,2,transactions=2,0,2,0,0,0,0,0,0
transcription,2,transcription=2,1,1,0,0,0,0,0,0
transept,2,transept=2,2,0,0,0,0,0,0,0
transference,2,transference=2,2,0,0,0,0,0,0,0
translator,2,translators=2,2,0,0,0,0,0,0,0
transparency,2,transparency=2,2,0,0,0,0,0,0,0
travertine,2,travertine=2,2,0,0,0,0,0,0,0
treacherous,2,treacherous=2,0,0,0,0,2,0,0,0
treetop,2,treetops=2,2,0,0,0,0,0,0,0
trichromat,2,trichromats=2,2,0,0,0,0,0,0,0
triggerfish,2,triggerfish=2,0,2,0,0,0,0,0,0
triradial,2,triradial=2,0,0,0,0,2,0,0,0
tritium,2,tritium=2,2,0,0,0,0,0,0,0
trivial,2,trivial=2,0,0,0,0,2,0,0,0
troller,2,troller=1; trollers=1,2,0,0,0,0,0,0,0
trombone,2,trombone=2,2,0,0,0,0,0,0,0
troubled,2,troubled=2,0,0,0,0,2,0,0,0
trustee,2,trustees=2,2,0,0,0,0,0,0,0
tubenose,2,tubenoses=2,2,0,0,0,0,0,0,0
tuberous,2,tuberous=2,0,0,0,0,2,0,0,0
tucker,2,tucker=2,0,2,0,0,0,0,0,0
tunas,2,tunas=2,0,2,0,0,0,0,0,0
tunit,2,tunit=2,0,2,0,0,0,0,0,0
turban,2,turban=2,2,0,0,0,0,0,0,0
turpentine,2,turpentine=2,2,0,0,0,0,0,0,0
turpitude,2,turpitude=2,2,0,0,0,0,0,0,0
turquoise,2,turquoise=2,1,0,0,0,0,1,0,0
tutors,2,tutors=2,0,2,0,0,0,0,0,0
tweak,2,tweaking=2,0,0,2,0,0,0,0,0
twilight,2,twilight=2,2,0,0,0,0,0,0,0
twill,2,twill=2,2,0,0,0,0,0,0,0
twins,2,twins=2,0,2,0,0,0,0,0,0
twofold,2,twofold=2,0,0,0,0,2,0,0,0
tycho,2,tycho=2,0,2,0,0,0,0,0,0
uganda,2,uganda=2,0,2,0,0,0,0,0,0
uhhuh,2,uhhuh=2,0,2,0,0,0,0,0,0
ult,2,ult=2,0,2,0,0,0,0,0,0
ulta,2,ulta=2,0,2,0,0,0,0,0,0
ultramarine,2,ultramarine=2,0,0,0,0,2,0,0,0
unacceptably,2,unacceptably=2,0,0,0,0,0,2,0,0
unambiguous,2,unambiguous=2,0,0,0,0,2,0,0,0
unappeale,2,unappealing=2,0,0,2,0,0,0,0,0
unbalanced,2,unbalanced=2,0,0,0,0,2,0,0,0
uncarved,2,uncarved=2,0,0,0,0,2,0,0,0
unchallenged,2,unchallenged=2,0,0,0,0,2,0,0,0
unchecked,2,unchecked=2,0,0,0,0,2,0,0,0
unconnected,2,unconnected=2,0,0,0,0,2,0,0,0
undated,2,undated=2,0,0,0,0,2,0,0,0
undeniable,2,undeniable=2,0,0,0,0,2,0,0,0
undeniably,2,undeniably=2,0,0,0,0,0,2,0,0
underestimation,2,underestimation=2,2,0,0,0,0,0,0,0
undergone,2,undergone=2,0,0,0,0,2,0,0,0
underpainting,2,underpainting=2,2,0,0,0,0,0,0,0
underpin,2,underpinned=1; underpins=1,0,0,2,0,0,0,0,0
undersaturate,2,undersaturated=2,0,0,2,0,0,0,0,0
understandably,2,understandably=2,0,0,0,0,0,2,0,0
undersurface,2,undersurface=2,2,0,0,0,0,0,0,0
undetermined,2,undetermined=2,0,0,0,0,2,0,0,0
undifferentiated,2,undifferentiated=2,0,0,0,0,2,0,0,0
undigeste,2,undigested=2,0,0,2,0,0,0,0,0
undiscovered,2,undiscovered=2,0,0,0,0,2,0,0,0
uneasy,2,uneasy=2,0,0,0,0,2,0,0,0
unethical,2,unethical=2,0,0,0,0,2,0,0,0
unexplored,2,unexplored=2,0,0,0,0,2,0,0,0
unfortified,2,unfortified=2,0,0,0,0,2,0,0,0
unfriendly,2,unfriendly=2,0,0,0,0,2,0,0,0
unidentified,2,unidentified=2,0,0,0,0,2,0,0,0
unification,2,unification=2,2,0,0,0,0,0,0,0
unifying,2,unifying=2,1,0,0,0,1,0,0,0
unimpressed,2,unimpressed=2,0,0,0,0,2,0,0,0
universality,2,universality=2,2,0,0,0,0,0,0,0
unknowingly,2,unknowingly=2,0,0,0,0,0,2,0,0
unlawful,2,unlawful=2,0,0,0,0,2,0,0,0
unmarketable,2,unmarketable=2,0,0,0,0,2,0,0,0
unnaturally,2,unnaturally=2,0,0,0,0,0,2,0,0
unobstructed,2,unobstructed=2,0,0,0,0,2,0,0,0
unorganized,2,unorganized=2,0,0,0,0,2,0,0,0
unplanne,2,unplanned=2,0,0,2,0,0,0,0,0
unpolluted,2,unpolluted=2,0,0,0,0,2,0,0,0
unprofessional,2,unprofessional=2,0,0,0,0,2,0,0,0
unprofitable,2,unprofitable=2,0,0,0,0,2,0,0,0
unqualified,2,unqualified=2,0,0,0,0,2,0,0,0
unraveled,2,unraveled=2,0,0,0,0,2,0,0,0
unsettling,2,unsettling=2,0,0,0,0,2,0,0,0
unsurprise,2,unsurprising=2,0,0,2,0,0,0,0,0
untreated,2,untreated=2,0,0,0,0,2,0,0,0
untrue,2,untrue=2,0,0,0,0,2,0,0,0
unwieldy,2,unwieldy=2,0,0,0,0,2,0,0,0
upcycled,2,upcycled=2,0,0,0,0,2,0,0,0
updraft,2,updraft=2,2,0,0,0,0,0,0,0
upkeep,2,upkeep=2,1,0,0,0,1,0,0,0
upsetting,2,upsetting=2,0,0,0,0,2,0,0,0
upwards,2,upwards=2,0,0,0,0,0,2,0,0
uraninite,2,uraninite=2,0,0,0,0,2,0,0,0
urination,2,urination=2,2,0,0,0,0,0,0,0
used,2,used=2,0,0,0,0,2,0,0,0
usefully,2,usefully=2,0,0,0,0,0,2,0,0
uses,2,uses=2,0,2,0,0,0,0,0,0
vaguely,2,vaguely=2,0,0,0,0,0,2,0,0
valdivia,2,valdivia=2,0,2,0,0,0,0,0,0
validation,2,validation=2,2,0,0,0,0,0,0,0
valla,2,valla=2,0,2,0,0,0,0,0,0
valve,2,valve=2,1,0,1,0,0,0,0,0
vanessa,2,vanessa=2,0,2,0,0,0,0,0,0
vanity,2,vanity=2,2,0,0,0,0,0,0,0
varying,2,varying=2,0,0,0,0,2,0,0,0
vase,2,vase=2,2,0,0,0,0,0,0,0
vasodilation,2,vasodilation=2,0,2,0,0,0,0,0,0
vastak,2,vastak=2,0,2,0,0,0,0,0,0
vaulted,2,vaulted=2,0,0,0,0,2,0,0,0
vear,2,vear=1; vears=1,2,0,0,0,0,0,0,0
vendor,2,vendors=2,2,0,0,0,0,0,0,0
veneer,2,veneer=2,2,0,0,0,0,0,0,0
venezuela,2,venezuela=2,0,2,0,0,0,0,0,0
vengeance,2,vengeance=2,2,0,0,0,0,0,0,0
venous,2,venous=2,0,0,0,0,2,0,0,0
verde,2,verde=2,0,2,0,0,0,0,0,0
verdict,2,verdict=2,2,0,0,0,0,0,0,0
versioning,2,versioning=2,1,1,0,0,0,0,0,0
vertex,2,vertices=2,2,0,0,0,0,0,0,0
victorians,2,victorians=2,0,2,0,0,0,0,0,0
videos,2,videos=2,0,2,0,0,0,0,0,0
vietnamese,2,vietnamese=2,0,1,0,0,1,0,0,0
villain,2,villain=1; villains=1,2,0,0,0,0,0,0,0
vince,2,vince=2,0,2,0,0,0,0,0,0
vineyard,2,vineyards=2,2,0,0,0,0,0,0,0
violinist,2,violinist=2,2,0,0,0,0,0,0,0
viral,2,viral=2,0,0,0,0,2,0,0,0
virtuosity,2,virtuosity=2,2,0,0,0,0,0,0,0
viscosity,2,viscosity=2,2,0,0,0,0,0,0,0
vividly,2,vividly=2,0,0,0,0,0,2,0,0
vladimir,2,vladimir=2,0,2,0,0,0,0,0,0
void,2,void=2,2,0,0,0,0,0,0,0
vollard,2,vollard=2,0,2,0,0,0,0,0,0
vomit,2,vomiting=2,0,0,2,0,0,0,0,0
voracious,2,voracious=2,0,0,0,0,2,0,0,0
vorticism,2,vorticism=2,0,2,0,0,0,0,0,0
vostok,2,vostok=2,0,2,0,0,0,0,0,0
voter,2,voters=2,2,0,0,0,0,0,0,0
voting,2,voting=2,2,0,0,0,0,0,0,0
walbrook,2,walbrook=2,0,2,0,0,0,0,0,0
waldo,2,waldo=2,0,2,0,0,0,0,0,0
walker,2,walker=1; walkers=1,2,0,0,0,0,0,0,0
walkway,2,walkway=1; walkways=1,2,0,0,0,0,0,0,0
wallace,2,wallace=2,0,2,0,0,0,0,0,0
wallpaper,2,wallpaper=2,2,0,0,0,0,0,0,0
wars,2,wars=2,0,2,0,0,0,0,0,0
warty,2,warty=2,2,0,0,0,0,0,0,0
watching,2,watching=2,2,0,0,0,0,0,0,0
waterborne,2,waterborne=2,0,0,1,0,1,0,0,0
watercraft,2,watercraft=2,2,0,0,0,0,0,0,0
waterfalls,2,waterfalls=2,0,2,0,0,0,0,0,0
watering,2,watering=2,2,0,0,0,0,0,0,0
watertight,2,watertight=2,1,0,1,0,0,0,0,0
weakly,2,weakly=2,0,0,0,0,2,0,0,0
weaknesses,2,weaknesses=2,0,2,0,0,0,0,0,0
wearer,2,wearer=1; wearers=1,2,0,0,0,0,0,0,0
webster,2,webster=2,0,2,0,0,0,0,0,0
weeding,2,weeding=2,2,0,0,0,0,0,0,0
weeknight,2,weeknight=1; weeknights=1,2,0,0,0,0,0,0,0
weft,2,weft=2,0,0,0,0,0,2,0,0
weightlessness,2,weightlessness=2,2,0,0,0,0,0,0,0
weiss,2,weiss=2,0,2,0,0,0,0,0,0
wells,2,wells=2,0,2,0,0,0,0,0,0
westernize,2,westernized=2,0,0,2,0,0,0,0,0
whaler,2,whaler=1; whalers=1,2,0,0,0,0,0,0,0
whelpton,2,whelpton=2,0,2,0,0,0,0,0,0
whirlwind,2,whirlwinds=2,2,0,0,0,0,0,0,0
wholesale,2,wholesale=2,0,0,0,0,2,0,0,0
wholesaling,2,wholesaling=2,2,0,0,0,0,0,0,0
wi,2,wi=2,0,2,0,0,0,0,0,0
widdowson,2,widdowson=2,0,2,0,0,0,0,0,0
widest,2,widest=2,0,0,0,0,2,0,0,0
wig,2,wig=2,2,0,0,0,0,0,0,0
wiggle,2,wiggled=1; wiggling=1,0,0,2,0,0,0,0,0
wilbur,2,wilbur=2,0,2,0,0,0,0,0,0
wildflower,2,wildflowers=2,2,0,0,0,0,0,0,0
wilfrid,2,wilfrid=2,0,2,0,0,0,0,0,0
willa,2,willa=2,0,2,0,0,0,0,0,0
willard,2,willard=2,0,2,0,0,0,0,0,0
willibald,2,willibald=2,0,2,0,0,0,0,0,0
willingly,2,willingly=2,0,0,0,0,0,2,0,0
wilmette,2,wilmette=2,0,2,0,0,0,0,0,0
wilshire,2,wilshire=2,0,2,0,0,0,0,0,0
windblown,2,windblown=2,0,0,0,0,2,0,0,0
windsor,2,windsor=2,0,2,0,0,0,0,0,0
windward,2,windward=2,0,0,0,0,2,0,0,0
wiseman,2,wiseman=2,0,2,0,0,0,0,0,0
women,2,women=2,0,2,0,0,0,0,0,0
woodpecker,2,woodpeckers=2,2,0,0,0,0,0,0,0
woodwide,2,woodwide=2,0,0,0,0,2,0,0,0
woolf,2,woolf=2,0,2,0,0,0,0,0,0
workmanship,2,workmanship=2,2,0,0,0,0,0,0,0
wrapping,2,wrapping=2,2,0,0,0,0,0,0,0
wrest,2,wrested=2,0,0,2,0,0,0,0,0
wrinkle,2,wrinkle=1; wrinkled=1,1,0,1,0,0,0,0,0
written,2,written=2,0,1,0,0,1,0,0,0
wrongly,2,wrongly=2,0,0,0,0,0,2,0,0
wrought,2,wrought=2,0,0,0,0,2,0,0,0
xenorhabdus,2,xenorhabdus=2,0,2,0,0,0,0,0,0
xocoyotzin,2,xocoyotzin=2,0,2,0,0,0,0,0,0
ya,2,ya=2,0,1,0,0,0,0,1,0
yarn,2,yarn=2,2,0,0,0,0,0,0,0
yax,2,yax=2,0,2,0,0,0,0,0,0
yearning,2,yearning=2,2,0,0,0,0,0,0,0
yell,2,yelling=2,0,0,2,0,0,0,0,0
yellowish,2,yellowish=2,0,0,0,0,2,0,0,0
yellowleg,2,yellowlegs=2,2,0,0,0,0,0,0,0
yellowy,2,yellowy=2,2,0,0,0,0,0,0,0
yemen,2,yemen=2,0,2,0,0,0,0,0,0
youngster,2,youngsters=2,2,0,0,0,0,0,0,0
ypres,2,ypres=2,0,2,0,0,0,0,0,0
yps,2,yps=2,0,2,0,0,0,0,0,0
ypsolopha,2,ypsolopha=2,0,2,0,0,0,0,0,0
zane,2,zane=2,0,2,0,0,0,0,0,0
zeus,2,zeus=2,0,2,0,0,0,0,0,0
zoos,2,zoos=2,1,1,0,0,0,0,0,0
zooxanthella,2,zooxanthella=2,2,0,0,0,0,0,0,0
zuk,2,zuk=2,0,2,0,0,0,0,0,0
abate,1,abated=1,0,0,1,0,0,0,0,0
abbott,1,abbott=1,0,1,0,0,0,0,0,0
abdoman,1,abdomen=1,1,0,0,0,0,0,0,0
abide,1,abide=1,0,0,1,0,0,0,0,0
abiitie,1,abiities=1,1,0,0,0,0,0,0,0
abnormality,1,abnormalities=1,1,0,0,0,0,0,0,0
abolish,1,abolished=1,0,0,1,0,0,0,0,0
abolition,1,abolition=1,1,0,0,0,0,0,0,0
aboriginals,1,aboriginals=1,0,1,0,0,0,0,0,0
aborigines,1,aborigines=1,0,1,0,0,0,0,0,0
abound,1,abounded=1,0,0,1,0,0,0,0,0
abrade,1,abrade=1,0,0,1,0,0,0,0,0
absentmindedly,1,absentmindedly=1,0,0,0,0,0,1,0,0
absorbs,1,absorbs=1,0,1,0,0,0,0,0,0
absorptive,1,absorptive=1,0,0,0,0,1,0,0,0
abstractness,1,abstractness=1,1,0,0,0,0,0,0,0
acceleration,1,acceleration=1,1,0,0,0,0,0,0,0
acceptability,1,acceptability=1,1,0,0,0,0,0,0,0
accepting,1,accepting=1,1,0,0,0,0,0,0,0
accesi,1,accesi=1,0,1,0,0,0,0,0,0
accidently,1,accidently=1,0,0,0,0,0,1,0,0
acclaimed,1,acclaimed=1,0,0,0,0,1,0,0,0
accolade,1,accolades=1,1,0,0,0,0,0,0,0
accountants,1,accountants=1,0,1,0,0,0,0,0,0
accusation,1,accusations=1,1,0,0,0,0,0,0,0
ache,1,aches=1,0,0,1,0,0,0,0,0
achiever,1,achievers=1,1,0,0,0,0,0,0,0
acknowledgement,1,acknowledgement=1,1,0,0,0,0,0,0,0
acorns,1,acorns=1,0,1,0,0,0,0,0,0
acronym,1,acronym=1,1,0,0,0,0,0,0,0
acropolis,1,acropolis=1,0,1,0,0,0,0,0,0
acts,1,acts=1,0,1,0,0,0,0,0,0
acuman,1,acumen=1,1,0,0,0,0,0,0,0
acutely,1,acutely=1,0,0,0,0,0,1,0,0
adamant,1,adamant=1,0,0,0,0,1,0,0,0
adc,1,adc=1,1,0,0,0,0,0,0,0
adcg,1,adcg=1,1,0,0,0,0,0,0,0
addamsimith,1,addamsimith=1,0,1,0,0,0,0,0,0
added,1,added=1,0,1,0,0,0,0,0,0
addict,1,addicted=1,0,0,1,0,0,0,0,0
addictive,1,addictive=1,0,0,0,0,1,0,0,0
additions,1,additions=1,0,1,0,0,0,0,0,0
adelgade,1,adelgade=1,0,1,0,0,0,0,0,0
adherence,1,adherence=1,1,0,0,0,0,0,0,0
adhesion,1,adhesion=1,1,0,0,0,0,0,0,0
adipose,1,adipose=1,1,0,0,0,0,0,0,0
adjoin,1,adjoining=1,0,0,1,0,0,0,0,0
adjudicate,1,adjudicate=1,0,0,1,0,0,0,0,0
admirably,1,admirably=1,0,0,0,0,0,1,0,0
admirality,1,admirality=1,0,1,0,0,0,0,0,0
admiralty,1,admiralty=1,0,1,0,0,0,0,0,0
adobe,1,adobe=1,0,1,0,0,0,0,0,0
adrenaline,1,adrenaline=1,1,0,0,0,0,0,0,0
adultlike,1,adultlike=1,0,0,0,0,1,0,0,0
advd,1,advd=1,0,1,0,0,0,0,0,0
adventurous,1,adventurous=1,0,0,0,0,1,0,0,0
adz,1,adzes=1,1,0,0,0,0,0,0,0
aerobically,1,aerobically=1,0,0,0,0,0,1,0,0
aerobraking,1,aerobraking=1,1,0,0,0,0,0,0,0
aerodynamically,1,aerodynamically=1,0,0,0,0,0,1,0,0
aerodynamics,1,aerodynamics=1,1,0,0,0,0,0,0,0
afa,1,afa=1,0,1,0,0,0,0,0,0
afer,1,afer=1,0,0,1,0,0,0,0,0
affiliation,1,affiliation=1,1,0,0,0,0,0,0,0
affirm,1,affirm=1,0,0,1,0,0,0,0,0
afiica,1,afiica=1,0,1,0,0,0,0,0,0
aft,1,aft=1,1,0,0,0,0,0,0,0
aftereffect,1,aftereffects=1,1,0,0,0,0,0,0,0
afterschool,1,afterschool=1,1,0,0,0,0,0,0,0
afterthought,1,afterthought=1,1,0,0,0,0,0,0,0
agathocle,1,agathocles=1,1,0,0,0,0,0,0,0
agathocles,1,agathocles=1,0,1,0,0,0,0,0,0
aggrieve,1,aggrieved=1,0,0,1,0,0,0,0,0
agile,1,agile=1,0,0,0,0,1,0,0,0
agriculturally,1,agriculturally=1,0,0,0,0,0,1,0,0
agriculturist,1,agriculturists=1,1,0,0,0,0,0,0,0
agronomist,1,agronomists=1,1,0,0,0,0,0,0,0
aguila,1,aguila=1,0,1,0,0,0,0,0,0
ahmed,1,ahmed=1,0,1,0,0,0,0,0,0
ahold,1,ahold=1,0,0,0,0,0,0,0,1
ahuizotl,1,ahuizotl=1,0,1,0,0,0,0,0,0
aids,1,aids=1,0,1,0,0,0,0,0,0
aiken,1,aiken=1,0,1,0,0,0,0,0,0
ailment,1,ailments=1,1,0,0,0,0,0,0,0
aimlessly,1,aimlessly=1,0,0,0,0,0,1,0,0
ain,1,ain=1,0,1,0,0,0,0,0,0
aires,1,aires=1,0,1,0,0,0,0,0,0
airfare,1,airfare=1,1,0,0,0,0,0,0,0
airplanes,1,airplanes=1,0,1,0,0,0,0,0,0
aiso,1,aiso=1,0,1,0,0,0,0,0,0
ajanta,1,ajanta=1,0,1,0,0,0,0,0,0
ajapanese,1,ajapanese=1,0,0,0,0,1,0,0,0
alain,1,alain=1,0,1,0,0,0,0,0,0
albertson,1,albertson=1,0,1,0,0,0,0,0,0
aldehyde,1,aldehyde=1,1,0,0,0,0,0,0,0
aleutians,1,aleutians=1,0,1,0,0,0,0,0,0
alfaro,1,alfaro=1,0,1,0,0,0,0,0,0
algal,1,algal=1,0,1,0,0,0,0,0,0
algorithm,1,algorithms=1,1,0,0,0,0,0,0,0
alicia,1,alicia=1,0,1,0,0,0,0,0,0
alienation,1,alienation=1,1,0,0,0,0,0,0,0
alight,1,alighted=1,0,0,1,0,0,0,0,0
alkaline,1,alkaline=1,1,0,0,0,0,0,0,0
allantic,1,allantic=1,0,1,0,0,0,0,0,0
alle,1,alling=1,0,0,1,0,0,0,0,0
alley,1,alley=1,1,0,0,0,0,0,0,0
allied,1,allied=1,0,0,0,0,1,0,0,0
alliterative,1,alliterative=1,0,0,0,0,1,0,0,0
alll,1,alll=1,1,0,0,0,0,0,0,0
allotment,1,allotments=1,1,0,0,0,0,0,0,0
allright,1,allright=1,0,1,0,0,0,0,0,0
alluring,1,alluring=1,0,0,0,0,1,0,0,0
alluvial,1,alluvial=1,0,0,0,0,1,0,0,0
almac,1,almac=1,1,0,0,0,0,0,0,0
almic,1,almic=1,0,0,0,0,1,0,0,0
almick,1,almick=1,1,0,0,0,0,0,0,0
almond,1,almond=1,1,0,0,0,0,0,0,0
alpacas,1,alpacas=1,0,1,0,0,0,0,0,0
alphabetically,1,alphabetically=1,0,0,0,0,0,1,0,0
altarpiece,1,altarpiece=1,1,0,0,0,0,0,0,0
alto,1,alto=1,0,1,0,0,0,0,0,0
alumina,1,alumina=1,0,1,0,0,0,0,0,0
alumna,1,alumna=1,1,0,0,0,0,0,0,0
alumni,1,alumni=1,0,1,0,0,0,0,0,0
amabile,1,amabile=1,0,0,0,0,0,1,0,0
amazement,1,amazement=1,1,0,0,0,0,0,0,0
amberization,1,amberization=1,1,0,0,0,0,0,0,0
ambush,1,ambush=1,1,0,0,0,0,0,0,0
amerindians,1,amerindians=1,0,1,0,0,0,0,0,0
amhem,1,amhem=1,0,1,0,0,0,0,0,0
ami,1,ami=1,0,1,0,0,0,0,0,0
amir,1,amir=1,0,1,0,0,0,0,0,0
amphibious,1,amphibious=1,0,0,0,0,1,0,0,0
amphipods,1,amphipods=1,0,1,0,0,0,0,0,0
amphorae,1,amphorae=1,1,0,0,0,0,0,0,0
amplifier,1,amplifiers=1,1,0,0,0,0,0,0,0
anac,1,anac=1,1,0,0,0,0,0,0,0
analogous,1,analogous=1,0,0,0,0,1,0,0,0
analyses,1,analyses=1,0,1,0,0,0,0,0,0
analytic,1,analytic=1,0,0,0,0,1,0,0,0
anatolian,1,anatolian=1,0,0,0,0,1,0,0,0
anbu,1,anbu=1,0,1,0,0,0,0,0,0
anc,1,anc=1,0,1,0,0,0,0,0,0
ancestrally,1,ancestrally=1,0,0,0,0,0,1,0,0
anchoring,1,anchoring=1,0,0,0,0,1,0,0,0
andl,1,andl=1,1,0,0,0,0,0,0,0
andparente,1,andparenting=1,0,0,1,0,0,0,0,0
andrea,1,andrea=1,0,1,0,0,0,0,0,0
ange,1,ange=1,0,1,0,0,0,0,0,0
anglia,1,anglia=1,0,1,0,0,0,0,0,0
angrily,1,angrily=1,0,0,0,0,0,1,0,0
annals,1,annals=1,0,1,0,0,0,0,0,0
announces,1,announces=1,0,1,0,0,0,0,0,0
annuals,1,annuals=1,0,1,0,0,0,0,0,0
anonymously,1,anonymously=1,0,0,0,0,0,1,0,0
antecedent,1,antecedents=1,1,0,0,0,0,0,0,0
anthropogenic,1,anthropogenic=1,0,0,0,0,1,0,0,0
anthropologists,1,anthropologists=1,0,1,0,0,0,0,0,0
antiplant,1,antiplant=1,0,0,0,0,1,0,0,0
antiquated,1,antiquated=1,0,1,0,0,0,0,0,0
antiquities,1,antiquities=1,0,1,0,0,0,0,0,0
antithesis,1,antithesis=1,1,0,0,0,0,0,0,0
antivenom,1,antivenom=1,0,1,0,0,0,0,0,0
antlered,1,antlered=1,0,0,0,0,1,0,0,0
antlers,1,antlers=1,0,1,0,0,0,0,0,0
antonin,1,antonin=1,0,1,0,0,0,0,0,0
antonine,1,antonine=1,0,1,0,0,0,0,0,0
antonín,1,antonín=1,0,1,0,0,0,0,0,0
anya,1,anya=1,0,1,0,0,0,0,0,0
anyways,1,anyways=1,1,0,0,0,0,0,0,0
apace,1,apace=1,1,0,0,0,0,0,0,0
apes,1,apes=1,0,1,0,0,0,0,0,0
apin,1,apin=1,0,0,0,0,0,1,0,0
appal,1,appalled=1,0,0,1,0,0,0,0,0
appledore,1,appledore=1,0,1,0,0,0,0,0,0
applications,1,applications=1,0,1,0,0,0,0,0,0
appointee,1,appointees=1,1,0,0,0,0,0,0,0
apportionment,1,apportionment=1,1,0,0,0,0,0,0,0
appraisers,1,appraisers=1,0,1,0,0,0,0,0,0
appraising,1,appraising=1,1,0,0,0,0,0,0,0
appreciably,1,appreciably=1,0,0,0,0,0,1,0,0
appropriateness,1,appropriateness=1,1,0,0,0,0,0,0,0
appropriating,1,appropriating=1,0,0,1,0,0,0,0,0
apra,1,apra=1,0,1,0,0,0,0,0,0
apt,1,apt=1,0,0,0,0,1,0,0,0
apye,1,apying=1,0,0,1,0,0,0,0,0
aqua,1,aqua=1,0,1,0,0,0,0,0,0
ar,1,ar=1,0,0,0,0,0,0,0,1
arbiter,1,arbiter=1,1,0,0,0,0,0,0,0
arbitrarily,1,arbitrarily=1,0,0,0,0,0,1,0,0
arbitrate,1,arbitrates=1,0,0,1,0,0,0,0,0
archaeo,1,archaeo=1,1,0,0,0,0,0,0,0
archaeoptertx,1,archaeoptertx=1,0,1,0,0,0,0,0,0
archetype,1,archetypes=1,1,0,0,0,0,0,0,0
architecturally,1,architecturally=1,0,0,0,0,0,1,0,0
archival,1,archival=1,1,0,0,0,0,0,0,0
archived,1,archived=1,0,0,0,0,1,0,0,0
are,1,are=1,0,0,1,0,0,0,0,0
areinferior,1,areinferior=1,0,0,0,0,1,0,0,0
aremote,1,aremote=1,0,0,1,0,0,0,0,0
arena,1,arenas=1,1,0,0,0,0,0,0,0
argentine,1,argentine=1,0,1,0,0,0,0,0,0
argos,1,argos=1,0,1,0,0,0,0,0,0
argumentation,1,argumentation=1,1,0,0,0,0,0,0,0
arlecchino,1,arlecchino=1,0,1,0,0,0,0,0,0
arles,1,arles=1,0,1,0,0,0,0,0,0
armature,1,armature=1,1,0,0,0,0,0,0,0
armenian,1,armenian=1,0,0,0,0,1,0,0,0
aroma,1,aroma=1,1,0,0,0,0,0,0,0
arose,1,arose=1,0,0,0,0,1,0,0,0
arrangements,1,arrangements=1,0,1,0,0,0,0,0,0
artemus,1,artemus=1,0,1,0,0,0,0,0,0
arterial,1,arterial=1,0,0,0,0,1,0,0,0
arthropod,1,arthropods=1,1,0,0,0,0,0,0,0
articles,1,articles=1,0,1,0,0,0,0,0,0
artificiality,1,artificiality=1,1,0,0,0,0,0,0,0
artw,1,artw=1,1,0,0,0,0,0,0,0
asa,1,asa=1,0,1,0,0,0,0,0,0
ascendance,1,ascendance=1,1,0,0,0,0,0,0,0
ascendant,1,ascendant=1,1,0,0,0,0,0,0,0
ascertaining,1,ascertaining=1,1,0,0,0,0,0,0,0
ascribe,1,ascribe=1,0,0,1,0,0,0,0,0
aseasonal,1,aseasonal=1,0,0,0,0,1,0,0,0
ashamed,1,ashamed=1,0,0,0,0,1,0,0,0
asher,1,asher=1,0,1,0,0,0,0,0,0
asking,1,asking=1,1,0,0,0,0,0,0,0
asphalt,1,asphalt=1,1,0,0,0,0,0,0,0
aspiring,1,aspiring=1,0,0,0,0,1,0,0,0
assassination,1,assassination=1,1,0,0,0,0,0,0,0
assent,1,assent=1,1,0,0,0,0,0,0,0
assigning,1,assigning=1,0,1,0,0,0,0,0,0
assignments,1,assignments=1,0,1,0,0,0,0,0,0
assimilation,1,assimilation=1,1,0,0,0,0,0,0,0
associated,1,associated=1,0,0,0,0,1,0,0,0
associations,1,associations=1,0,1,0,0,0,0,0,0
assort,1,assorted=1,0,0,1,0,0,0,0,0
assumptions,1,assumptions=1,0,1,0,0,0,0,0,0
assuredness,1,assuredness=1,1,0,0,0,0,0,0,0
assyria,1,assyria=1,0,1,0,0,0,0,0,0
asteroids,1,asteroids=1,0,1,0,0,0,0,0,0
asthe,1,asthe=1,0,0,0,0,0,0,0,1
astonishment,1,astonishment=1,1,0,0,0,0,0,0,0
astoria,1,astoria=1,0,1,0,0,0,0,0,0
astoundingly,1,astoundingly=1,0,0,0,0,0,1,0,0
astrolabe,1,astrolabe=1,0,1,0,0,0,0,0,0
astrology,1,astrology=1,1,0,0,0,0,0,0,0
astronauts,1,astronauts=1,0,1,0,0,0,0,0,0
astrophysicist,1,astrophysicist=1,1,0,0,0,0,0,0,0
ate,1,ate=1,0,0,0,0,1,0,0,0
athenians,1,athenians=1,0,1,0,0,0,0,0,0
ation,1,ation=1,0,1,0,0,0,0,0,0
attangrant,1,attangrant=1,0,1,0,0,0,0,0,0
attitudes,1,attitudes=1,0,1,0,0,0,0,0,0
attributes,1,attributes=1,0,1,0,0,0,0,0,0
atudent,1,atudent=1,1,0,0,0,0,0,0,0
atv,1,atv=1,0,1,0,0,0,0,0,0
auckland,1,auckland=1,0,1,0,0,0,0,0,0
audacity,1,audacity=1,1,0,0,0,0,0,0,0
audible,1,audible=1,0,0,0,0,1,0,0,0
audiophile,1,audiophiles=1,1,0,0,0,0,0,0,0
auditions,1,auditions=1,0,1,0,0,0,0,0,0
augmentation,1,augmentation=1,1,0,0,0,0,0,0,0
augusta,1,augusta=1,0,1,0,0,0,0,0,0
auk,1,auk=1,1,0,0,0,0,0,0,0
aural,1,aural=1,0,0,0,0,1,0,0,0
aurochs,1,aurochs=1,1,0,0,0,0,0,0,0
auspicious,1,auspicious=1,0,0,0,0,1,0,0,0
australasia,1,australasia=1,0,1,0,0,0,0,0,0
australasian,1,australasian=1,0,0,0,0,1,0,0,0
austrians,1,austrians=1,0,1,0,0,0,0,0,0
auteur,1,auteur=1,1,0,0,0,0,0,0,0
auteurism,1,auteurism=1,1,0,0,0,0,0,0,0
authentically,1,authentically=1,0,0,0,0,0,1,0,0
authenticating,1,authenticating=1,1,0,0,0,0,0,0,0
authentication,1,authentication=1,1,0,0,0,0,0,0,0
authors,1,authors=1,0,1,0,0,0,0,0,0
autobiographie,1,autobiographies=1,0,0,1,0,0,0,0,0
autoinducers,1,autoinducers=1,0,1,0,0,0,0,0,0
autonomy,1,autonomy=1,1,0,0,0,0,0,0,0
auxiliary,1,auxiliary=1,0,0,0,0,1,0,0,0
avalanche,1,avalanche=1,1,0,0,0,0,0,0,0
ave,1,ave=1,0,1,0,0,0,0,0,0
aven,1,aven=1,0,1,0,0,0,0,0,0
averse,1,averse=1,0,0,0,0,1,0,0,0
aversive,1,aversive=1,0,0,0,0,1,0,0,0
aviary,1,aviary=1,0,0,0,0,1,0,0,0
avocados,1,avocados=1,0,1,0,0,0,0,0,0
avoiding,1,avoiding=1,1,0,0,0,0,0,0,0
avon,1,avon=1,0,1,0,0,0,0,0,0
awry,1,awry=1,0,0,0,0,1,0,0,0
axumite,1,axumite=1,0,1,0,0,0,0,0,0
axumites,1,axumites=1,0,1,0,0,0,0,0,0
ayers,1,ayers=1,0,1,0,0,0,0,0,0
azore,1,azores=1,1,0,0,0,0,0,0,0
ba,1,ba=1,0,1,0,0,0,0,0,0
babbling,1,babbling=1,1,0,0,0,0,0,0,0
baboons,1,baboons=1,0,1,0,0,0,0,0,0
babysitter,1,babysitter=1,1,0,0,0,0,0,0,0
bachelor,1,bachelor=1,1,0,0,0,0,0,0,0
backcourt,1,backcourt=1,1,0,0,0,0,0,0,0
backstory,1,backstory=1,1,0,0,0,0,0,0,0
backtracking,1,backtracking=1,1,0,0,0,0,0,0,0
badmouth,1,badmouthing=1,0,0,1,0,0,0,0,0
baffle,1,baffled=1,0,0,1,0,0,0,0,0
bajos,1,bajos=1,0,0,0,0,1,0,0,0
bakery,1,bakeries=1,1,0,0,0,0,0,0,0
balding,1,balding=1,0,0,0,0,1,0,0,0
bandage,1,bandages=1,1,0,0,0,0,0,0,0
banish,1,banish=1,0,0,1,0,0,0,0,0
banker,1,bankers=1,1,0,0,0,0,0,0,0
bankrupt,1,bankrupt=1,0,0,0,0,1,0,0,0
bankruptcy,1,bankruptcies=1,1,0,0,0,0,0,0,0
barbarous,1,barbarous=1,0,0,0,0,1,0,0,0
barefoot,1,barefoot=1,1,0,0,0,0,0,0,0
barlow,1,barlow=1,0,1,0,0,0,0,0,0
barnicle,1,barnicle=1,1,0,0,0,0,0,0,0
barnyard,1,barnyard=1,1,0,0,0,0,0,0,0
baron,1,baron=1,1,0,0,0,0,0,0,0
barracuda,1,barracuda=1,1,0,0,0,0,0,0,0
barrage,1,barrage=1,1,0,0,0,0,0,0,0
barreling,1,barreling=1,1,0,0,0,0,0,0,0
barrow,1,barrow=1,0,1,0,0,0,0,0,0
bartlett,1,bartlett=1,0,1,0,0,0,0,0,0
bas,1,bas=1,0,1,0,0,0,0,0,0
baseline,1,baseline=1,1,0,0,0,0,0,0,0
basking,1,basking=1,1,0,0,0,0,0,0,0
bastion,1,bastions=1,1,0,0,0,0,0,0,0
bathroom,1,bathroom=1,1,0,0,0,0,0,0,0
battleship,1,battleship=1,1,0,0,0,0,0,0,0
bazaar,1,bazaars=1,1,0,0,0,0,0,0,0
beacon,1,beacons=1,1,0,0,0,0,0,0,0
beaks,1,beaks=1,0,1,0,0,0,0,0,0
beans,1,beans=1,0,1,0,0,0,0,0,0
bearable,1,bearable=1,0,0,0,0,1,0,0,0
bearer,1,bearer=1,1,0,0,0,0,0,0,0
bears,1,bears=1,0,1,0,0,0,0,0,0
beating,1,beating=1,1,0,0,0,0,0,0,0
beatle,1,beatles=1,1,0,0,0,0,0,0,0
beatrix,1,beatrix=1,0,1,0,0,0,0,0,0
beautifully,1,beautifully=1,0,0,0,0,0,1,0,0
beaversver,1,beaversvers=1,1,0,0,0,0,0,0,0
became,1,became=1,0,0,1,0,0,0,0,0
becausethe,1,becausethe=1,0,0,0,0,0,0,0,1
becouse,1,becouse=1,1,0,0,0,0,0,0,0
bedevil,1,bedevil=1,0,0,1,0,0,0,0,0
bediscourage,1,bediscouraged=1,0,0,1,0,0,0,0,0
bedsheet,1,bedsheet=1,1,0,0,0,0,0,0,0
beeasily,1,beeasily=1,0,0,0,0,0,1,0,0
beef,1,beef=1,1,0,0,0,0,0,0,0
beetacchi,1,beetacchi=1,0,1,0,0,0,0,0,0
befriend,1,befriended=1,0,0,1,0,0,0,0,0
beggar,1,beggars=1,1,0,0,0,0,0,0,0
beginner,1,beginner=1,1,0,0,0,0,0,0,0
begun,1,begun=1,0,1,0,0,0,0,0,0
behaviorally,1,behaviorally=1,0,0,0,0,0,1,0,0
behavioural,1,behavioural=1,0,0,0,0,1,0,0,0
behold,1,behold=1,0,0,0,0,1,0,0,0
beige,1,beige=1,0,0,0,0,1,0,0,0
beigy,1,beigy=1,1,0,0,0,0,0,0,0
beijing,1,beijing=1,0,1,0,0,0,0,0,0
beixin,1,beixin=1,1,0,0,0,0,0,0,0
bel,1,bel=1,0,1,0,0,0,0,0,0
beleaguered,1,beleaguered=1,0,0,0,0,1,0,0,0
believability,1,believability=1,1,0,0,0,0,0,0,0
believer,1,believer=1,1,0,0,0,0,0,0,0
bellini,1,bellini=1,0,1,0,0,0,0,0,0
belostoma,1,belostoma=1,0,1,0,0,0,0,0,0
belowground,1,belowground=1,0,0,0,0,1,0,0,0
belts,1,belts=1,0,1,0,0,0,0,0,0
beluga,1,beluga=1,0,0,0,0,1,0,0,0
bending,1,bending=1,1,0,0,0,0,0,0,0
benign,1,benign=1,0,0,0,0,1,0,0,0
bennett,1,bennett=1,0,1,0,0,0,0,0,0
benson,1,benson=1,0,1,0,0,0,0,0,0
beof,1,beof=1,0,0,0,0,1,0,0,0
bernardo,1,bernardo=1,0,1,0,0,0,0,0,0
bernd,1,bernd=1,0,1,0,0,0,0,0,0
bernini,1,bernini=1,0,1,0,0,0,0,0,0
berthe,1,berthe=1,0,1,0,0,0,0,0,0
bertolt,1,bertolt=1,0,1,0,0,0,0,0,0
beset,1,beset=1,0,0,1,0,0,0,0,0
bestow,1,bestow=1,0,0,1,0,0,0,0,0
bestselle,1,bestselling=1,0,0,1,0,0,0,0,0
beter,1,beter=1,1,0,0,0,0,0,0,0
beth,1,beth=1,0,1,0,0,0,0,0,0
betularia,1,betularia=1,0,1,0,0,0,0,0,0
betwee,1,betwee=1,1,0,0,0,0,0,0,0
betweeen,1,betweeen=1,0,0,1,0,0,0,0,0
bewildering,1,bewildering=1,0,0,0,0,1,0,0,0
bibliographical,1,bibliographical=1,0,0,0,0,1,0,0,0
bicker,1,bickering=1,0,0,1,0,0,0,0,0
bicycles,1,bicycles=1,0,1,0,0,0,0,0,0
bidder,1,bidder=1,1,0,0,0,0,0,0,0
bidirectional,1,bidirectional=1,0,0,0,0,1,0,0,0
bilaterally,1,bilaterally=1,0,0,0,0,0,1,0,0
bilingual,1,bilingual=1,0,0,0,0,1,0,0,0
billabong,1,billabongs=1,1,0,0,0,0,0,0,0
billfish,1,billfishes=1,1,0,0,0,0,0,0,0
biochemically,1,biochemically=1,0,0,0,0,0,1,0,0
bioclimatic,1,bioclimatic=1,0,0,0,0,1,0,0,0
biodegradability,1,biodegradability=1,1,0,0,0,0,0,0,0
biodegradable,1,biodegradable=1,0,0,0,0,1,0,0,0
biographer,1,biographers=1,1,0,0,0,0,0,0,0
biohome,1,biohome=1,0,1,0,0,0,0,0,0
biomimetry,1,biomimetry=1,1,0,0,0,0,0,0,0
bioprecipitatlon,1,bioprecipitatlon=1,1,0,0,0,0,0,0,0
biosis,1,biosis=1,1,0,0,0,0,0,0,0
biosphere,1,biosphere=1,1,0,0,0,0,0,0,0
biota,1,biota=1,1,0,0,0,0,0,0,0
bioturbation,1,bioturbation=1,1,0,0,0,0,0,0,0
birdman,1,birdman=1,1,0,0,0,0,0,0,0
birdwatcher,1,birdwatchers=1,1,0,0,0,0,0,0,0
bismarck,1,bismarck=1,0,1,0,0,0,0,0,0
biston,1,biston=1,0,1,0,0,0,0,0,0
bitterness,1,bitterness=1,1,0,0,0,0,0,0,0
bivalve,1,bivalves=1,1,0,0,0,0,0,0,0
blackboard,1,blackboard=1,1,0,0,0,0,0,0,0
blackening,1,blackening=1,1,0,0,0,0,0,0,0
blackfeet,1,blackfeet=1,0,1,0,0,0,0,0,0
blackfly,1,blackfly=1,1,0,0,0,0,0,0,0
blackish,1,blackish=1,0,0,0,0,1,0,0,0
blackout,1,blackouts=1,1,0,0,0,0,0,0,0
blacktop,1,blacktop=1,1,0,0,0,0,0,0,0
blackwater,1,blackwater=1,0,1,0,0,0,0,0,0
blanche,1,blanche=1,0,1,0,0,0,0,0,0
bland,1,bland=1,0,0,0,0,1,0,0,0
blatantly,1,blatantly=1,0,0,0,0,0,1,0,0
blenny,1,blenny=1,1,0,0,0,0,0,0,0
blinking,1,blinking=1,1,0,0,0,0,0,0,0
blockbuster,1,blockbusters=1,1,0,0,0,0,0,0,0
blond,1,blond=1,0,0,0,0,1,0,0,0
bloodedness,1,bloodedness=1,1,0,0,0,0,0,0,0
bloomy,1,bloomy=1,1,0,0,0,0,0,0,0
blot,1,blots=1,1,0,0,0,0,0,0,0
blotch,1,blotches=1,1,0,0,0,0,0,0,0
blouse,1,blouse=1,1,0,0,0,0,0,0,0
blowhole,1,blowhole=1,1,0,0,0,0,0,0,0
blueprint,1,blueprints=1,1,0,0,0,0,0,0,0
blues,1,blues=1,0,1,0,0,0,0,0,0
bluish,1,bluish=1,0,0,0,0,1,0,0,0
bnitain,1,bnitain=1,0,1,0,0,0,0,0,0
bo,1,bo=1,0,1,0,0,0,0,0,0
boar,1,boars=1,1,0,0,0,0,0,0,0
boardman,1,boardman=1,0,1,0,0,0,0,0,0
boater,1,boaters=1,1,0,0,0,0,0,0,0
boats,1,boats=1,0,1,0,0,0,0,0,0
bode,1,bode=1,0,0,1,0,0,0,0,0
bodice,1,bodice=1,1,0,0,0,0,0,0,0
bodies,1,bodies=1,0,1,0,0,0,0,0,0
bogge,1,bogged=1,0,0,1,0,0,0,0,0
boggling,1,boggling=1,1,0,0,0,0,0,0,0
bomb,1,bomb=1,1,0,0,0,0,0,0,0
bombyx,1,bombyx=1,0,1,0,0,0,0,0,0
boned,1,boned=1,0,0,0,0,1,0,0,0
bonfire,1,bonfires=1,1,0,0,0,0,0,0,0
bookkeeper,1,bookkeeper=1,1,0,0,0,0,0,0,0
booming,1,booming=1,0,0,0,0,1,0,0,0
boon,1,boon=1,1,0,0,0,0,0,0,0
booths,1,booths=1,0,1,0,0,0,0,0,0
borderland,1,borderlands=1,1,0,0,0,0,0,0,0
borne,1,borne=1,0,0,0,0,1,0,0,0
borough,1,boroughs=1,1,0,0,0,0,0,0,0
borrower,1,borrower=1,1,0,0,0,0,0,0,0
bosh,1,bosh=1,0,0,0,0,0,1,0,0
bouncing,1,bouncing=1,1,0,0,0,0,0,0,0
bout,1,bouts=1,1,0,0,0,0,0,0,0
boutique,1,boutiques=1,1,0,0,0,0,0,0,0
bowen,1,bowen=1,0,1,0,0,0,0,0,0
bowerbird,1,bowerbirds=1,1,0,0,0,0,0,0,0
bowhead,1,bowhead=1,1,0,0,0,0,0,0,0
boxing,1,boxing=1,1,0,0,0,0,0,0,0
boxoffice,1,boxoffice=1,1,0,0,0,0,0,0,0
boyhood,1,boyhood=1,1,0,0,0,0,0,0,0
brackish,1,brackish=1,0,0,0,0,1,0,0,0
bracon,1,bracon=1,0,1,0,0,0,0,0,0
braggart,1,braggart=1,0,0,0,0,1,0,0,0
bragger,1,bragger=1,1,0,0,0,0,0,0,0
branching,1,branchings=1,1,0,0,0,0,0,0,0
brant,1,brant=1,1,0,0,0,0,0,0,0
brd,1,brds=1,1,0,0,0,0,0,0,0
breakaway,1,breakaway=1,1,0,0,0,0,0,0,0
breakout,1,breakout=1,0,0,0,0,1,0,0,0
breather,1,breather=1,1,0,0,0,0,0,0,0
breathtaking,1,breathtaking=1,0,0,0,0,1,0,0,0
breezy,1,breezy=1,0,0,0,0,1,0,0,0
brenda,1,brenda=1,0,1,0,0,0,0,0,0
breugel,1,breugel=1,1,0,0,0,0,0,0,0
brevicorni,1,brevicornis=1,1,0,0,0,0,0,0,0
brevity,1,brevity=1,1,0,0,0,0,0,0,0
bricks,1,bricks=1,0,1,0,0,0,0,0,0
bridbury,1,bridbury=1,0,1,0,0,0,0,0,0
bridgette,1,bridgette=1,0,1,0,0,0,0,0,0
brighter,1,brighter=1,0,0,0,0,1,0,0,0
brilliance,1,brilliance=1,1,0,0,0,0,0,0,0
brinkbeach,1,brinkbeach=1,1,0,0,0,0,0,0,0
briny,1,briny=1,1,0,0,0,0,0,0,0
briquetage,1,briquetage=1,1,0,0,0,0,0,0,0
bristle,1,bristling=1,0,0,1,0,0,0,0,0
bristlecone,1,bristlecone=1,1,0,0,0,0,0,0,0
bristlemouth,1,bristlemouths=1,1,0,0,0,0,0,0,0
bristol,1,bristol=1,0,1,0,0,0,0,0,0
britney,1,britney=1,0,1,0,0,0,0,0,0
bro,1,bro=1,0,0,1,0,0,0,0,0
broach,1,broach=1,0,0,1,0,0,0,0,0
brokering,1,brokering=1,1,0,0,0,0,0,0,0
brooch,1,brooches=1,1,0,0,0,0,0,0,0
brotherhood,1,brotherhood=1,0,1,0,0,0,0,0,0
brownish,1,brownish=1,0,0,0,0,1,0,0,0
bruge,1,bruges=1,1,0,0,0,0,0,0,0
brugel,1,brugel=1,0,1,0,0,0,0,0,0
bruise,1,bruises=1,1,0,0,0,0,0,0,0
brunt,1,brunt=1,1,0,0,0,0,0,0,0
brushwork,1,brushwork=1,1,0,0,0,0,0,0,0
brutal,1,brutal=1,0,0,0,0,1,0,0,0
brutally,1,brutally=1,0,0,0,0,0,1,0,0
brute,1,brute=1,0,0,0,0,1,0,0,0
bruton,1,bruton=1,0,1,0,0,0,0,0,0
bryan,1,bryan=1,0,1,0,0,0,0,0,0
bs,1,bs=1,0,0,0,0,0,0,0,1
bubbles,1,bubbles=1,0,1,0,0,0,0,0,0
bucketful,1,bucketful=1,0,0,0,0,1,0,0,0
buckling,1,buckling=1,0,0,0,0,1,0,0,0
buddhism,1,buddhism=1,0,1,0,0,0,0,0,0
budgetary,1,budgetary=1,0,0,0,0,1,0,0,0
buenos,1,buenos=1,0,1,0,0,0,0,0,0
buffet,1,buffet=1,1,0,0,0,0,0,0,0
bulgar,1,bulgar=1,0,1,0,0,0,0,0,0
bulge,1,bulging=1,0,0,1,0,0,0,0,0
bulleted,1,bulleted=1,0,0,0,0,1,0,0,0
bullfrog,1,bullfrog=1,1,0,0,0,0,0,0,0
bullion,1,bullion=1,1,0,0,0,0,0,0,0
bullock,1,bullock=1,0,1,0,0,0,0,0,0
bully,1,bully=1,1,0,0,0,0,0,0,0
bum,1,bums=1,0,0,1,0,0,0,0,0
bummed,1,bummed=1,0,0,0,0,1,0,0,0
bunk,1,bunk=1,1,0,0,0,0,0,0,0
bunky,1,bunky=1,0,0,0,0,1,0,0,0
buoy,1,buoyed=1,0,0,1,0,0,0,0,0
bureau,1,bureau=1,0,1,0,0,0,0,0,0
bureaucratic,1,bureaucratic=1,0,0,0,0,1,0,0,0
burlington,1,burlington=1,0,1,0,0,0,0,0,0
burnable,1,burnable=1,0,0,0,0,1,0,0,0
burnini,1,burnini=1,0,1,0,0,0,0,0,0
burnish,1,burnished=1,0,0,1,0,0,0,0,0
burnishing,1,burnishing=1,1,0,0,0,0,0,0,0
burnout,1,burnout=1,0,0,0,0,1,0,0,0
burp,1,burp=1,1,0,0,0,0,0,0,0
burrows,1,burrows=1,0,1,0,0,0,0,0,0
bursar,1,bursar=1,0,1,0,0,0,0,0,0
bursting,1,bursting=1,1,0,0,0,0,0,0,0
buses,1,buses=1,0,1,0,0,0,0,0,0
bushfire,1,bushfires=1,1,0,0,0,0,0,0,0
bushland,1,bushlands=1,1,0,0,0,0,0,0,0
butchery,1,butchery=1,1,0,0,0,0,0,0,0
butte,1,butte=1,0,1,0,0,0,0,0,0
buttress,1,buttresses=1,1,0,0,0,0,0,0,0
cab,1,cab=1,1,0,0,0,0,0,0,0
caches,1,caches=1,0,1,0,0,0,0,0,0
caddi,1,caddis=1,1,0,0,0,0,0,0,0
caddisfly,1,caddisfly=1,0,0,0,0,0,1,0,0
caiman,1,caimans=1,1,0,0,0,0,0,0,0
cairo,1,cairo=1,0,1,0,0,0,0,0,0
calcareous,1,calcareous=1,0,0,0,0,1,0,0,0
calculations,1,calculations=1,0,1,0,0,0,0,0,0
caldera,1,calderas=1,1,0,0,0,0,0,0,0
caleb,1,caleb=1,0,1,0,0,0,0,0,0
calendarical,1,calendarical=1,0,0,0,0,1,0,0,0
calendrical,1,calendrical=1,0,0,0,0,1,0,0,0
califomia,1,califomia=1,0,1,0,0,0,0,0,0
calisto,1,calisto=1,0,1,0,0,0,0,0,0
callias,1,callias=1,0,1,0,0,0,0,0,0
caloric,1,caloric=1,0,0,0,0,1,0,0,0
calorimeter,1,calorimeter=1,1,0,0,0,0,0,0,0
calpolli,1,calpolli=1,1,0,0,0,0,0,0,0
calvinists,1,calvinists=1,0,1,0,0,0,0,0,0
cambium,1,cambium=1,1,0,0,0,0,0,0,0
camels,1,camels=1,0,1,0,0,0,0,0,0
camille,1,camille=1,0,1,0,0,0,0,0,0
camper,1,campers=1,1,0,0,0,0,0,0,0
campfire,1,campfires=1,1,0,0,0,0,0,0,0
canaries,1,canaries=1,0,1,0,0,0,0,0,0
candidly,1,candidly=1,0,0,0,0,0,1,0,0
candle,1,candle=1,1,0,0,0,0,0,0,0
candlelight,1,candlelight=1,1,0,0,0,0,0,0,0
canine,1,canine=1,1,0,0,0,0,0,0,0
cantabrian,1,cantabrian=1,0,1,0,0,0,0,0,0
cantemir,1,cantemir=1,0,1,0,0,0,0,0,0
cappella,1,cappella=1,1,0,0,0,0,0,0,0
capturing,1,capturing=1,1,0,0,0,0,0,0,0
caral,1,caral=1,0,1,0,0,0,0,0,0
carburizing,1,carburizing=1,1,0,0,0,0,0,0,0
cardan,1,cardan=1,1,0,0,0,0,0,0,0
cardinal,1,cardinal=1,0,0,0,0,1,0,0,0
carding,1,carding=1,1,0,0,0,0,0,0,0
carelessly,1,carelessly=1,0,0,0,0,0,1,0,0
cargoe,1,cargoes=1,0,0,1,0,0,0,0,0
caricature,1,caricatures=1,1,0,0,0,0,0,0,0
carlsbad,1,carlsbad=1,0,1,0,0,0,0,0,0
caroline,1,caroline=1,0,1,0,0,0,0,0,0
carpentry,1,carpentry=1,0,1,0,0,0,0,0,0
carpeting,1,carpeting=1,1,0,0,0,0,0,0,0
carpoole,1,carpooling=1,0,0,1,0,0,0,0,0
carr,1,carr=1,0,1,0,0,0,0,0,0
carrels,1,carrels=1,0,1,0,0,0,0,0,0
carrhae,1,carrhae=1,0,1,0,0,0,0,0,0
cars,1,cars=1,0,1,0,0,0,0,0,0
cartomania,1,cartomania=1,1,0,0,0,0,0,0,0
carton,1,cartons=1,1,0,0,0,0,0,0,0
cartoonist,1,cartoonist=1,1,0,0,0,0,0,0,0
carus,1,carus=1,0,1,0,0,0,0,0,0
cashew,1,cashew=1,0,0,1,0,0,0,0,0
cassie,1,cassie=1,0,1,0,0,0,0,0,0
cassin,1,cassin=1,0,1,0,0,0,0,0,0
caste,1,caste=1,1,0,0,0,0,0,0,0
catalepsy,1,catalepsy=1,0,0,1,0,0,0,0,0
cataloging,1,cataloging=1,1,0,0,0,0,0,0,0
catching,1,catching=1,1,0,0,0,0,0,0,0
categorical,1,categorical=1,0,0,0,0,1,0,0,0
categories,1,categories=1,0,1,0,0,0,0,0,0
catered,1,catered=1,0,0,0,0,1,0,0,0
cats,1,cats=1,0,1,0,0,0,0,0,0
catskill,1,catskill=1,0,1,0,0,0,0,0,0
caudillos,1,caudillos=1,0,1,0,0,0,0,0,0
causation,1,causation=1,1,0,0,0,0,0,0,0
causing,1,causing=1,1,0,0,0,0,0,0,0
cavese,1,cavese=1,0,1,0,0,0,0,0,0
cazalis,1,cazalis=1,0,1,0,0,0,0,0,0
ccorde,1,ccording=1,0,0,1,0,0,0,0,0
ceile,1,ceiling=1,0,0,1,0,0,0,0,0
celadon,1,celadon=1,0,1,0,0,0,0,0,0
celluloid,1,celluloid=1,1,0,0,0,0,0,0,0
centerpiece,1,centerpiece=1,1,0,0,0,0,0,0,0
centimetre,1,centimetres=1,1,0,0,0,0,0,0,0
centipede,1,centipede=1,1,0,0,0,0,0,0,0
centune,1,centunes=1,1,0,0,0,0,0,0,0
ceo,1,ceo=1,0,1,0,0,0,0,0,0
ceramist,1,ceramist=1,1,0,0,0,0,0,0,0
cerca,1,cerca=1,0,1,0,0,0,0,0,0
ceres,1,ceres=1,0,1,0,0,0,0,0,0
cesar,1,cesar=1,0,1,0,0,0,0,0,0
chad,1,chad=1,0,1,0,0,0,0,0,0
chains,1,chains=1,0,1,0,0,0,0,0,0
chairman,1,chairman=1,1,0,0,0,0,0,0,0
chambers,1,chambers=1,0,1,0,0,0,0,0,0
changeable,1,changeable=1,0,0,0,0,1,0,0,0
changed,1,changed=1,0,0,0,0,1,0,0,0
changeover,1,changeover=1,1,0,0,0,0,0,0,0
channels,1,channels=1,0,1,0,0,0,0,0,0
chanterelle,1,chanterelles=1,1,0,0,0,0,0,0,0
chaparral,1,chaparral=1,0,1,0,0,0,0,0,0
chapman,1,chapman=1,0,1,0,0,0,0,0,0
characterization,1,characterization=1,1,0,0,0,0,0,0,0
charging,1,charging=1,0,1,0,0,0,0,0,0
chassini,1,chassini=1,1,0,0,0,0,0,0,0
chatbot,1,chatbots=1,1,0,0,0,0,0,0,0
chavey,1,chavey=1,1,0,0,0,0,0,0,0
cheaper,1,cheaper=1,0,1,0,0,0,0,0,0
cheatgerass,1,cheatgerass=1,1,0,0,0,0,0,0,0
checkerboard,1,checkerboard=1,1,0,0,0,0,0,0,0
cheek,1,cheek=1,1,0,0,0,0,0,0,0
cheekbone,1,cheekbones=1,1,0,0,0,0,0,0,0
cheep,1,cheep=1,1,0,0,0,0,0,0,0
chelodina,1,chelodina=1,0,1,0,0,0,0,0,0
chemicals,1,chemicals=1,0,1,0,0,0,0,0,0
chen,1,chen=1,0,1,0,0,0,0,0,0
chewed,1,chewed=1,0,0,0,0,1,0,0,0
chewing,1,chewing=1,1,0,0,0,0,0,0,0
chichancanab,1,chichancanab=1,0,1,0,0,0,0,0,0
chiefs,1,chiefs=1,0,1,0,0,0,0,0,0
chihuahuas,1,chihuahuas=1,0,1,0,0,0,0,0,0
childbearing,1,childbearing=1,1,0,0,0,0,0,0,0
childless,1,childless=1,0,0,0,0,1,0,0,0
chime,1,chime=1,0,0,1,0,0,0,0,0
chimps,1,chimps=1,0,1,0,0,0,0,0,0
chinas,1,chinas=1,0,1,0,0,0,0,0,0
chink,1,chink=1,1,0,0,0,0,0,0,0
chjould,1,chjould=1,0,0,0,1,0,0,0,0
chloride,1,chloride=1,1,0,0,0,0,0,0,0
cholera,1,cholera=1,1,0,0,0,0,0,0,0
chondrites,1,chondrites=1,0,1,0,0,0,0,0,0
chondritic,1,chondritic=1,0,0,0,0,1,0,0,0
choosiness,1,choosiness=1,1,0,0,0,0,0,0,0
choosing,1,choosing=1,1,0,0,0,0,0,0,0
choreographically,1,choreographically=1,0,0,0,0,0,1,0,0
choric,1,choric=1,0,0,0,0,1,0,0,0
christmas,1,christmas=1,0,1,0,0,0,0,0,0
chromatic,1,chromatic=1,0,0,0,0,1,0,0,0
chronically,1,chronically=1,0,0,0,0,0,1,0,0
chronicle,1,chronicles=1,1,0,0,0,0,0,0,0
chronicler,1,chronicler=1,1,0,0,0,0,0,0,0
chrysler,1,chrysler=1,0,1,0,0,0,0,0,0
churches,1,churches=1,0,1,0,0,0,0,0,0
cindy,1,cindy=1,0,1,0,0,0,0,0,0
cinematically,1,cinematically=1,0,0,0,0,0,1,0,0
cinnabar,1,cinnabar=1,1,0,0,0,0,0,0,0
cinnamon,1,cinnamon=1,0,0,0,0,1,0,0,0
circulating,1,circulating=1,0,1,0,0,0,0,0,0
circumvent,1,circumvent=1,0,0,1,0,0,0,0,0
civilizations,1,civilizations=1,0,1,0,0,0,0,0,0
civilizing,1,civilizing=1,0,1,0,0,0,0,0,0
clamitan,1,clamitans=1,1,0,0,0,0,0,0,0
clamp,1,clamped=1,0,0,1,0,0,0,0,0
clampy,1,clampy=1,0,0,0,0,1,0,0,0
clans,1,clans=1,0,1,0,0,0,0,0,0
clap,1,clapped=1,0,0,1,0,0,0,0,0
clarinet,1,clarinet=1,1,0,0,0,0,0,0,0
clashing,1,clashing=1,1,0,0,0,0,0,0,0
clasp,1,clasped=1,0,0,1,0,0,0,0,0
classics,1,classics=1,0,1,0,0,0,0,0,0
classified,1,classified=1,0,0,0,0,1,0,0,0
clause,1,clause=1,1,0,0,0,0,0,0,0
clauzel,1,clauzel=1,0,1,0,0,0,0,0,0
clayborn,1,clayborn=1,0,1,0,0,0,0,0,0
cleanliness,1,cleanliness=1,1,0,0,0,0,0,0,0
cleanly,1,cleanly=1,0,0,0,0,0,1,0,0
cleanse,1,cleansed=1,0,0,1,0,0,0,0,0
clearguideline,1,clearguidelines=1,1,0,0,0,0,0,0,0
clearish,1,clearish=1,0,0,0,0,1,0,0,0
clemens,1,clemens=1,0,1,0,0,0,0,0,0
cleric,1,clerics=1,1,0,0,0,0,0,0,0
clerical,1,clerical=1,0,0,0,0,1,0,0,0
cleveland,1,cleveland=1,0,1,0,0,0,0,0,0
cleverness,1,cleverness=1,1,0,0,0,0,0,0,0
climax,1,climax=1,1,0,0,0,0,0,0,0
clipboard,1,clipboard=1,1,0,0,0,0,0,0,0
clipping,1,clippings=1,1,0,0,0,0,0,0,0
clod,1,clod=1,1,0,0,0,0,0,0,0
cloning,1,cloning=1,1,0,0,0,0,0,0,0
closest,1,closest=1,0,0,0,0,1,0,0,0
clove,1,cloves=1,1,0,0,0,0,0,0,0
clubworth,1,clubworth=1,1,0,0,0,0,0,0,0
clung,1,clung=1,0,1,0,0,0,0,0,0
clunky,1,clunky=1,0,0,0,0,1,0,0,0
cluny,1,cluny=1,0,1,0,0,0,0,0,0
clupeidae,1,clupeidae=1,0,1,0,0,0,0,0,0
clutter,1,clutter=1,1,0,0,0,0,0,0,0
cluttered,1,cluttered=1,0,0,0,0,1,0,0,0
cnn,1,cnn=1,0,1,0,0,0,0,0,0
coaching,1,coaching=1,1,0,0,0,0,0,0,0
coalbrookdale,1,coalbrookdale=1,0,1,0,0,0,0,0,0
coalfields,1,coalfields=1,0,1,0,0,0,0,0,0
coaling,1,coaling=1,1,0,0,0,0,0,0,0
coatin,1,coatin=1,1,0,0,0,0,0,0,0
cobbe,1,cobbe=1,0,1,0,0,0,0,0,0
cobblestone,1,cobblestones=1,1,0,0,0,0,0,0,0
cobweb,1,cobweb=1,0,1,0,0,0,0,0,0
cocoa,1,cocoa=1,1,0,0,0,0,0,0,0
coconut,1,coconuts=1,1,0,0,0,0,0,0,0
coddington,1,coddington=1,0,1,0,0,0,0,0,0
codependent,1,codependent=1,1,0,0,0,0,0,0,0
codification,1,codification=1,1,0,0,0,0,0,0,0
codified,1,codified=1,0,0,0,0,1,0,0,0
coding,1,coding=1,1,0,0,0,0,0,0,0
coercion,1,coercion=1,1,0,0,0,0,0,0,0
coffin,1,coffins=1,1,0,0,0,0,0,0,0
cognitively,1,cognitively=1,0,0,0,0,0,1,0,0
cohen,1,cohen=1,0,1,0,0,0,0,0,0
cohere,1,cohere=1,0,0,1,0,0,0,0,0
coherence,1,coherence=1,1,0,0,0,0,0,0,0
coins,1,coins=1,0,1,0,0,0,0,0,0
coinse,1,coinse=1,0,1,0,0,0,0,0,0
coio,1,coios=1,1,0,0,0,0,0,0,0
coldness,1,coldness=1,1,0,0,0,0,0,0,0
collaboratively,1,collaboratively=1,0,0,0,0,0,1,0,0
collages,1,collages=1,0,1,0,0,0,0,0,0
collections,1,collections=1,0,1,0,0,0,0,0,0
colloquial,1,colloquial=1,0,0,0,0,1,0,0,0
colonialism,1,colonialism=1,1,0,0,0,0,0,0,0
colonially,1,colonially=1,0,0,0,0,0,1,0,0
colonies,1,colonies=1,0,1,0,0,0,0,0,0
colorant,1,colorant=1,0,1,0,0,0,0,0,0
colorist,1,colorist=1,1,0,0,0,0,0,0,0
colossal,1,colossal=1,1,0,0,0,0,0,0,0
colosseum,1,colosseum=1,1,0,0,0,0,0,0,0
colourful,1,colourful=1,0,0,0,0,1,0,0,0
colouring,1,colouring=1,1,0,0,0,0,0,0,0
combining,1,combining=1,0,1,0,0,0,0,0,0
comblike,1,comblike=1,1,0,0,0,0,0,0,0
combustible,1,combustible=1,0,0,0,0,1,0,0,0
comer,1,comer=1,1,0,0,0,0,0,0,0
comforting,1,comforting=1,0,0,0,0,1,0,0,0
comfy,1,comfy=1,0,0,1,0,0,0,0,0
comma,1,commas=1,1,0,0,0,0,0,0,0
commemoration,1,commemoration=1,1,0,0,0,0,0,0,0
commence,1,commence=1,0,0,1,0,0,0,0,0
commend,1,commend=1,0,0,1,0,0,0,0,0
commendable,1,commendable=1,0,0,0,0,1,0,0,0
commensualism,1,commensualism=1,1,0,0,0,0,0,0,0
commensule,1,commensule=1,0,1,0,0,0,0,0,0
commerical,1,commerical=1,0,0,0,0,1,0,0,0
commersion,1,commersion=1,1,0,0,0,0,0,0,0
commonest,1,commonest=1,0,0,0,0,1,0,0,0
commonness,1,commonness=1,1,0,0,0,0,0,0,0
communally,1,communally=1,0,0,0,0,0,1,0,0
commune,1,communes=1,1,0,0,0,0,0,0,0
communications,1,communications=1,0,1,0,0,0,0,0,0
communities,1,communities=1,0,1,0,0,0,0,0,0
commuting,1,commuting=1,1,0,0,0,0,0,0,0
companies,1,companies=1,0,1,0,0,0,0,0,0
comparably,1,comparably=1,0,0,0,0,0,1,0,0
compatibility,1,compatibility=1,1,0,0,0,0,0,0,0
compensating,1,compensating=1,1,0,0,0,0,0,0,0
competitively,1,competitively=1,0,0,0,0,0,1,0,0
competitiveness,1,competitiveness=1,1,0,0,0,0,0,0,0
competitors,1,competitors=1,0,1,0,0,0,0,0,0
compiler,1,compilers=1,1,0,0,0,0,0,0,0
completing,1,completing=1,1,0,0,0,0,0,0,0
complications,1,complications=1,0,1,0,0,0,0,0,0
composers,1,composers=1,0,1,0,0,0,0,0,0
composing,1,composing=1,1,0,0,0,0,0,0,0
composting,1,composting=1,0,1,0,0,0,0,0,0
compounding,1,compounding=1,0,1,0,0,0,0,0,0
comprehend,1,comprehending=1,0,0,1,0,0,0,0,0
comprehension,1,comprehension=1,1,0,0,0,0,0,0,0
compression,1,compression=1,1,0,0,0,0,0,0,0
computers,1,computers=1,0,1,0,0,0,0,0,0
comédie,1,comédie=1,0,1,0,0,0,0,0,0
concealment,1,concealment=1,0,0,0,0,1,0,0,0
concede,1,concede=1,0,1,0,0,0,0,0,0
conceited,1,conceited=1,0,0,0,0,1,0,0,0
concerted,1,concerted=1,0,0,0,0,1,0,0,0
concerto,1,concerto=1,1,0,0,0,0,0,0,0
concerts,1,concerts=1,0,1,0,0,0,0,0,0
concession,1,concession=1,1,0,0,0,0,0,0,0
concisely,1,concisely=1,0,0,0,0,0,1,0,0
conclusions,1,conclusions=1,0,1,0,0,0,0,0,0
concoct,1,concocted=1,0,0,1,0,0,0,0,0
concomitantly,1,concomitantly=1,0,0,0,0,0,1,0,0
concurrent,1,concurrent=1,0,0,0,0,1,0,0,0
condescend,1,condescending=1,0,0,1,0,0,0,0,0
condom,1,condom=1,1,0,0,0,0,0,0,0
condor,1,condor=1,1,0,0,0,0,0,0,0
conductive,1,conductive=1,0,0,0,0,1,0,0,0
conferences,1,conferences=1,0,1,0,0,0,0,0,0
confess,1,confess=1,0,0,1,0,0,0,0,0
confide,1,confide=1,0,0,1,0,0,0,0,0
confidenti,1,confidenti=1,0,1,0,0,0,0,0,0
confidential,1,confidential=1,0,0,0,0,1,0,0,0
confidentiality,1,confidentiality=1,1,0,0,0,0,0,0,0
confidently,1,confidently=1,0,0,0,0,0,1,0,0
confining,1,confining=1,0,0,0,0,1,0,0,0
confirmed,1,confirmed=1,0,1,0,0,0,0,0,0
confiscate,1,confiscates=1,0,0,1,0,0,0,0,0
confiscation,1,confiscation=1,1,0,0,0,0,0,0,0
conflicts,1,conflicts=1,0,1,0,0,0,0,0,0
conforming,1,conforming=1,0,0,0,0,1,0,0,0
conformity,1,conformity=1,1,0,0,0,0,0,0,0
confucius,1,confucius=1,0,1,0,0,0,0,0,0
cong,1,cong=1,0,1,0,0,0,0,0,0
congest,1,congested=1,0,0,1,0,0,0,0,0
congested,1,congested=1,0,0,0,0,1,0,0,0
congregating,1,congregating=1,1,0,0,0,0,0,0,0
congress,1,congress=1,0,1,0,0,0,0,0,0
conifers,1,conifers=1,0,1,0,0,0,0,0,0
connecting,1,connecting=1,0,0,0,0,1,0,0,0
connectivity,1,connectivity=1,1,0,0,0,0,0,0,0
connoisseur,1,connoisseurs=1,1,0,0,0,0,0,0,0
conscientious,1,conscientious=1,0,0,0,0,1,0,0,0
conservatism,1,conservatism=1,0,1,0,0,0,0,0,0
considering,1,considering=1,1,0,0,0,0,0,0,0
consortium,1,consortium=1,1,0,0,0,0,0,0,0
conspicuousness,1,conspicuousness=1,1,0,0,0,0,0,0,0
conspiracy,1,conspiracy=1,1,0,0,0,0,0,0,0
constancy,1,constancy=1,1,0,0,0,0,0,0,0
consternation,1,consternation=1,1,0,0,0,0,0,0,0
constline,1,constlines=1,1,0,0,0,0,0,0,0
constrain,1,constrained=1,0,0,1,0,0,0,0,0
constructional,1,constructional=1,0,0,0,0,1,0,0,0
constructive,1,constructive=1,0,0,0,0,1,0,0,0
constructively,1,constructively=1,0,0,0,0,0,1,0,0
consultant,1,consultant=1,1,0,0,0,0,0,0,0
consultation,1,consultations=1,1,0,0,0,0,0,0,0
contacted,1,contacted=1,0,1,0,0,0,0,0,0
contained,1,contained=1,0,0,0,0,1,0,0,0
containernow,1,containernow=1,1,0,0,0,0,0,0,0
containment,1,containment=1,1,0,0,0,0,0,0,0
contaminants,1,contaminants=1,0,1,0,0,0,0,0,0
contaminated,1,contaminated=1,0,0,0,0,1,0,0,0
contemplation,1,contemplation=1,1,0,0,0,0,0,0,0
contentedly,1,contentedly=1,0,0,0,0,0,1,0,0
contention,1,contention=1,1,0,0,0,0,0,0,0
contentiousness,1,contentiousness=1,1,0,0,0,0,0,0,0
contiguous,1,contiguous=1,0,0,0,0,1,0,0,0
continents,1,continents=1,0,1,0,0,0,0,0,0
contingency,1,contingency=1,1,0,0,0,0,0,0,0
continuum,1,continuum=1,1,0,0,0,0,0,0,0
contours,1,contours=1,1,0,0,0,0,0,0,0
contractor,1,contractors=1,1,0,0,0,0,0,0,0
contraindication,1,contraindications=1,1,0,0,0,0,0,0,0
contrived,1,contrived=1,0,0,0,0,1,0,0,0
controllable,1,controllable=1,0,0,0,0,1,0,0,0
controlled,1,controlled=1,0,1,0,0,0,0,0,0
controversially,1,controversially=1,0,0,0,0,0,1,0,0
convergent,1,convergent=1,1,0,0,0,0,0,0,0
converging,1,converging=1,1,0,0,0,0,0,0,0
converse,1,conversing=1,0,0,1,0,0,0,0,0
convertible,1,convertible=1,0,0,0,0,1,0,0,0
converting,1,converting=1,1,0,0,0,0,0,0,0
conveyance,1,conveyances=1,1,0,0,0,0,0,0,0
convoluted,1,convoluted=1,0,0,0,0,1,0,0,0
coo,1,coo=1,1,0,0,0,0,0,0,0
cooccur,1,cooccur=1,1,0,0,0,0,0,0,0
cookbook,1,cookbook=1,1,0,0,0,0,0,0,0
coot,1,coots=1,1,0,0,0,0,0,0,0
copenhagen,1,copenhagen=1,0,1,0,0,0,0,0,0
copfuse,1,copfusing=1,0,0,1,0,0,0,0,0
copier,1,copiers=1,1,0,0,0,0,0,0,0
copilot,1,copilot=1,1,0,0,0,0,0,0,0
copin,1,copin=1,0,1,0,0,0,0,0,0
copious,1,copious=1,0,0,0,0,1,0,0,0
coppersmith,1,coppersmiths=1,1,0,0,0,0,0,0,0
copyholder,1,copyholder=1,1,0,0,0,0,0,0,0
copyist,1,copyists=1,1,0,0,0,0,0,0,0
corals,1,corals=1,0,1,0,0,0,0,0,0
coresident,1,coresidents=1,1,0,0,0,0,0,0,0
corinthian,1,corinthian=1,0,0,0,0,1,0,0,0
corm,1,corm=1,1,0,0,0,0,0,0,0
corncob,1,corncobs=1,1,0,0,0,0,0,0,0
cornerstone,1,cornerstone=1,1,0,0,0,0,0,0,0
cornet,1,cornet=1,1,0,0,0,0,0,0,0
cornmeal,1,cornmeal=1,1,0,0,0,0,0,0,0
cornstalk,1,cornstalks=1,1,0,0,0,0,0,0,0
cornwall,1,cornwall=1,0,1,0,0,0,0,0,0
coronation,1,coronation=1,0,1,0,0,0,0,0,0
corps,1,corps=1,1,0,0,0,0,0,0,0
correctness,1,correctness=1,1,0,0,0,0,0,0,0
correlating,1,correlating=1,0,1,0,0,0,0,0,0
correspondin,1,correspondin=1,0,0,0,0,1,0,0,0
corrosion,1,corrosion=1,1,0,0,0,0,0,0,0
cosmographia,1,cosmographia=1,0,1,0,0,0,0,0,0
cosmonaut,1,cosmonauts=1,1,0,0,0,0,0,0,0
costal,1,costal=1,1,0,0,0,0,0,0,0
costs,1,costs=1,0,1,0,0,0,0,0,0
costumed,1,costumed=1,0,0,0,0,1,0,0,0
costumes,1,costumes=1,0,1,0,0,0,0,0,0
cotta,1,cotta=1,0,0,1,0,0,0,0,0
cottonseed,1,cottonseeds=1,1,0,0,0,0,0,0,0
coughing,1,coughing=1,1,0,0,0,0,0,0,0
counsel,1,counseling=1,0,0,1,0,0,0,0,0
counteradaptive,1,counteradaptive=1,0,0,0,0,1,0,0,0
counterargument,1,counterargument=1,1,0,0,0,0,0,0,0
counterbalancing,1,counterbalancing=1,0,0,0,0,1,0,0,0
cov,1,cov=1,0,0,1,0,0,0,0,0
cowardly,1,cowardly=1,0,0,0,0,0,1,0,0
cowhide,1,cowhides=1,1,0,0,0,0,0,0,0
cracked,1,cracked=1,0,0,0,0,1,0,0,0
crafter,1,crafters=1,1,0,0,0,0,0,0,0
crane,1,cranes=1,1,0,0,0,0,0,0,0
cranial,1,cranial=1,0,0,0,0,1,0,0,0
crave,1,craved=1,0,0,1,0,0,0,0,0
creamer,1,creamers=1,1,0,0,0,0,0,0,0
creamy,1,creamy=1,0,0,0,0,1,0,0,0
crease,1,creases=1,1,0,0,0,0,0,0,0
creasein,1,creasein=1,1,0,0,0,0,0,0,0
credibly,1,credibly=1,0,0,0,0,0,1,0,0
creditor,1,creditors=1,1,0,0,0,0,0,0,0
creepy,1,creepy=1,0,1,0,0,0,0,0,0
cremate,1,cremated=1,0,0,1,0,0,0,0,0
creosote,1,creosote=1,1,0,0,0,0,0,0,0
crepuscular,1,crepuscular=1,0,0,0,0,1,0,0,0
cringe,1,cringing=1,0,0,1,0,0,0,0,0
cripple,1,cripple=1,0,0,1,0,0,0,0,0
crippled,1,crippled=1,0,0,0,0,1,0,0,0
crisscross,1,crisscrossing=1,0,0,1,0,0,0,0,0
criteria,1,criteria=1,0,1,0,0,0,0,0,0
croatia,1,croatia=1,0,1,0,0,0,0,0,0
crockery,1,crockery=1,1,0,0,0,0,0,0,0
crocodilian,1,crocodilians=1,1,0,0,0,0,0,0,0
crooked,1,crooked=1,0,0,0,0,1,0,0,0
cropland,1,croplands=1,1,0,0,0,0,0,0,0
cropping,1,cropping=1,1,0,0,0,0,0,0,0
crossroad,1,crossroads=1,1,0,0,0,0,0,0,0
crosswalk,1,crosswalk=1,1,0,0,0,0,0,0,0
crouch,1,crouched=1,0,0,1,0,0,0,0,0
crowding,1,crowding=1,1,0,0,0,0,0,0,0
crudely,1,crudely=1,0,0,0,0,0,1,0,0
cruelty,1,cruelty=1,1,0,0,0,0,0,0,0
crumb,1,crumbs=1,1,0,0,0,0,0,0,0
crus,1,crus=1,0,0,1,0,0,0,0,0
cruse,1,cruse=1,0,1,0,0,0,0,0,0
crusty,1,crusty=1,0,0,0,0,1,0,0,0
crux,1,crux=1,1,0,0,0,0,0,0,0
crying,1,crying=1,1,0,0,0,0,0,0,0
cryovolcanoe,1,cryovolcanoes=1,1,0,0,0,0,0,0,0
cryptically,1,cryptically=1,0,0,0,0,0,1,0,0
crypticity,1,crypticity=1,1,0,0,0,0,0,0,0
csc,1,csc=1,0,1,0,0,0,0,0,0
ct,1,ct=1,0,1,0,0,0,0,0,0
cubicle,1,cubicles=1,1,0,0,0,0,0,0,0
cubist,1,cubist=1,0,1,0,0,0,0,0,0
cuckoo,1,cuckoo=1,0,0,1,0,0,0,0,0
cueva,1,cueva=1,0,1,0,0,0,0,0,0
culinary,1,culinary=1,0,0,0,0,1,0,0,0
cull,1,culling=1,0,0,1,0,0,0,0,0
culmination,1,culmination=1,1,0,0,0,0,0,0,0
culpability,1,culpability=1,1,0,0,0,0,0,0,0
cultivable,1,cultivable=1,0,0,0,0,1,0,0,0
cultivating,1,cultivating=1,1,0,0,0,0,0,0,0
cultures,1,cultures=1,0,1,0,0,0,0,0,0
cunning,1,cunning=1,0,0,0,0,1,0,0,0
curiously,1,curiously=1,0,0,0,0,0,1,0,0
curran,1,curran=1,0,1,0,0,0,0,0,0
curry,1,curries=1,1,0,0,0,0,0,0,0
cursor,1,cursor=1,1,0,0,0,0,0,0,0
cursorial,1,cursorial=1,0,0,0,0,1,0,0,0
curvilinear,1,curvilinear=1,0,1,0,0,0,0,0,0
cushioned,1,cushioned=1,0,0,0,0,1,0,0,0
customs,1,customs=1,0,1,0,0,0,0,0,0
cutter,1,cutters=1,1,0,0,0,0,0,0,0
cuttlefish,1,cuttlefish=1,1,0,0,0,0,0,0,0
cuz,1,cuz=1,0,0,0,0,0,0,0,1
cyber,1,cyber=1,0,0,0,0,1,0,0,0
cycles,1,cycles=1,0,1,0,0,0,0,0,0
cymbal,1,cymbals=1,1,0,0,0,0,0,0,0
cz,1,cz=1,0,1,0,0,0,0,0,0
dagger,1,daggers=1,1,0,0,0,0,0,0,0
daguerreotyping,1,daguerreotyping=1,1,0,0,0,0,0,0,0
daguerreotypist,1,daguerreotypists=1,1,0,0,0,0,0,0,0
daintily,1,daintily=1,0,0,0,0,0,1,0,0
dairying,1,dairying=1,1,0,0,0,0,0,0,0
dakota,1,dakota=1,0,1,0,0,0,0,0,0
dakotas,1,dakotas=1,0,1,0,0,0,0,0,0
dali,1,dali=1,0,1,0,0,0,0,0,0
dalio,1,dalio=1,1,0,0,0,0,0,0,0
dammed,1,dammed=1,0,0,0,0,1,0,0,0
dampen,1,dampen=1,0,0,1,0,0,0,0,0
damselfly,1,damselflies=1,1,0,0,0,0,0,0,0
dana,1,dana=1,0,1,0,0,0,0,0,0
dancers,1,dancers=1,0,1,0,0,0,0,0,0
dangling,1,dangling=1,0,0,0,0,1,0,0,0
dangly,1,dangly=1,0,0,0,0,1,0,0,0
danseur,1,danseur=1,0,1,0,0,0,0,0,0
daring,1,daring=1,0,0,0,0,1,0,0,0
darkening,1,darkening=1,1,0,0,0,0,0,0,0
darrell,1,darrell=1,0,1,0,0,0,0,0,0
darryl,1,darryl=1,0,1,0,0,0,0,0,0
dart,1,darting=1,0,0,1,0,0,0,0,0
dashboard,1,dashboard=1,1,0,0,0,0,0,0,0
dated,1,dated=1,0,0,0,0,1,0,0,0
davy,1,davies=1,1,0,0,0,0,0,0,0
dawe,1,dawes=1,1,0,0,0,0,0,0,0
dawes,1,dawes=1,0,1,0,0,0,0,0,0
daycarecenter,1,daycarecenters=1,1,0,0,0,0,0,0,0
dce,1,dce=1,0,1,0,0,0,0,0,0
ddi,1,ddi=1,0,1,0,0,0,0,0,0
dearth,1,dearth=1,1,0,0,0,0,0,0,0
deb,1,deb=1,0,1,0,0,0,0,0,0
debut,1,debut=1,1,0,0,0,0,0,0,0
decadent,1,decadent=1,0,0,0,0,1,0,0,0
decaffeinated,1,decaffeinated=1,0,0,0,0,1,0,0,0
deceit,1,deceit=1,1,0,0,0,0,0,0,0
decelerate,1,decelerate=1,0,0,1,0,0,0,0,0
decentralized,1,decentralized=1,0,0,0,0,1,0,0,0
deception,1,deception=1,1,0,0,0,0,0,0,0
decimate,1,decimated=1,0,0,1,0,0,0,0,0
deciphering,1,deciphering=1,1,0,0,0,0,0,0,0
decipherment,1,decipherment=1,1,0,0,0,0,0,0,0
decker,1,decker=1,1,0,0,0,0,0,0,0
declines,1,declines=1,0,1,0,0,0,0,0,0
declyn,1,declyn=1,0,1,0,0,0,0,0,0
dedication,1,dedication=1,1,0,0,0,0,0,0,0
deductive,1,deductive=1,0,0,0,0,1,0,0,0
dee,1,dee=1,0,1,0,0,0,0,0,0
deere,1,deere=1,0,1,0,0,0,0,0,0
defendant,1,defendant=1,1,0,0,0,0,0,0,0
defenses,1,defenses=1,0,1,0,0,0,0,0,0
defensible,1,defensible=1,0,0,0,0,1,0,0,0
defensively,1,defensively=1,0,0,0,0,0,1,0,0
deferral,1,deferral=1,0,0,0,0,1,0,0,0
defined,1,defined=1,0,0,0,0,1,0,0,0
defining,1,defining=1,0,0,0,0,1,0,0,0
definitions,1,definitions=1,0,1,0,0,0,0,0,0
deflection,1,deflection=1,1,0,0,0,0,0,0,0
defoliate,1,defoliating=1,0,0,1,0,0,0,0,0
deformational,1,deformational=1,0,0,0,0,1,0,0,0
defuse,1,defusing=1,0,0,1,0,0,0,0,0
degassing,1,degassing=1,1,0,0,0,0,0,0,0
degraded,1,degraded=1,0,0,0,0,1,0,0,0
dehydrate,1,dehydrate=1,0,0,1,0,0,0,0,0
dehydration,1,dehydration=1,1,0,0,0,0,0,0,0
deice,1,deice=1,0,0,1,0,0,0,0,0
deirdre,1,deirdre=1,0,1,0,0,0,0,0,0
deletion,1,deletion=1,1,0,0,0,0,0,0,0
demne,1,demning=1,0,0,1,0,0,0,0,0
democratize,1,democratized=1,0,0,1,0,0,0,0,0
demolished,1,demolished=1,0,0,0,0,1,0,0,0
demystify,1,demystify=1,0,0,1,0,0,0,0,0
dendrobatidis,1,dendrobatidis=1,1,0,0,0,0,0,0,0
dennis,1,dennis=1,0,1,0,0,0,0,0,0
denounce,1,denouncing=1,0,0,1,0,0,0,0,0
denque,1,denque=1,1,0,0,0,0,0,0,0
dentition,1,dentition=1,1,0,0,0,0,0,0,0
departmental,1,departmental=1,0,0,0,0,1,0,0,0
depersonalize,1,depersonalized=1,0,0,1,0,0,0,0,0
depopulation,1,depopulation=1,1,0,0,0,0,0,0,0
deposited,1,deposited=1,0,0,0,0,1,0,0,0
depositional,1,depositional=1,0,0,0,0,1,0,0,0
deprived,1,deprived=1,0,1,0,0,0,0,0,0
depths,1,depths=1,0,1,0,0,0,0,0,0
derivative,1,derivatives=1,1,0,0,0,0,0,0,0
dern,1,dern=1,0,1,0,0,0,0,0,0
describing,1,describing=1,1,0,0,0,0,0,0,0
desecration,1,desecration=1,1,0,0,0,0,0,0,0
desensitize,1,desensitized=1,0,0,1,0,0,0,0,0
deserting,1,deserting=1,0,0,0,0,1,0,0,0
desiccated,1,desiccated=1,0,0,0,0,1,0,0,0
designated,1,designated=1,0,0,0,0,1,0,0,0
designedly,1,designedly=1,0,0,0,0,0,1,0,0
desired,1,desired=1,0,0,0,0,1,0,0,0
despair,1,despair=1,1,0,0,0,0,0,0,0
despotic,1,despotic=1,0,0,0,0,1,0,0,0
destabilizing,1,destabilizing=1,0,0,0,0,1,0,0,0
destruct,1,destructing=1,0,0,1,0,0,0,0,0
detache,1,detaches=1,1,0,0,0,0,0,0,0
detached,1,detached=1,0,0,0,0,1,0,0,0
detain,1,detained=1,0,0,1,0,0,0,0,0
detecting,1,detecting=1,0,1,0,0,0,0,0,0
detective,1,detectives=1,1,0,0,0,0,0,0,0
detenorate,1,detenorate=1,1,0,0,0,0,0,0,0
determinable,1,determinable=1,0,0,0,0,1,0,0,0
deterring,1,deterring=1,1,0,0,0,0,0,0,0
detoxification,1,detoxification=1,1,0,0,0,0,0,0,0
detoxifie,1,detoxifies=1,1,0,0,0,0,0,0,0
detract,1,detract=1,0,0,1,0,0,0,0,0
detritivore,1,detritivores=1,1,0,0,0,0,0,0,0
detrivore,1,detrivores=1,1,0,0,0,0,0,0,0
deviate,1,deviated=1,0,0,1,0,0,0,0,0
devices,1,devices=1,0,1,0,0,0,0,0,0
devious,1,devious=1,0,0,0,0,1,0,0,0
devoutness,1,devoutness=1,1,0,0,0,0,0,0,0
dew,1,dew=1,1,0,0,0,0,0,0,0
dewey,1,dewey=1,0,1,0,0,0,0,0,0
dexterity,1,dexterity=1,1,0,0,0,0,0,0,0
diachromatic,1,diachromatic=1,0,0,0,0,1,0,0,0
diagonal,1,diagonal=1,0,0,0,0,1,0,0,0
diagrams,1,diagrams=1,1,0,0,0,0,0,0,0
dial,1,dial=1,0,0,1,0,0,0,0,0
diamonds,1,diamonds=1,0,1,0,0,0,0,0,0
diaphragm,1,diaphragm=1,1,0,0,0,0,0,0,0
diarrhea,1,diarrhea=1,1,0,0,0,0,0,0,0
diatom,1,diatoms=1,1,0,0,0,0,0,0,0
dibamid,1,dibamids=1,1,0,0,0,0,0,0,0
dichotomy,1,dichotomy=1,1,0,0,0,0,0,0,0
dictator,1,dictator=1,1,0,0,0,0,0,0,0
diets,1,diets=1,0,1,0,0,0,0,0,0
differentiating,1,differentiating=1,1,0,0,0,0,0,0,0
differènt,1,differènt=1,1,0,0,0,0,0,0,0
difficulties,1,difficulties=1,0,1,0,0,0,0,0,0
diffused,1,diffused=1,0,0,0,0,1,0,0,0
diffusionist,1,diffusionist=1,1,0,0,0,0,0,0,0
diflerent,1,diflerent=1,1,0,0,0,0,0,0,0
digestibility,1,digestibility=1,1,0,0,0,0,0,0,0
digit,1,digits=1,1,0,0,0,0,0,0,0
digitizing,1,digitizing=1,1,0,0,0,0,0,0,0
digress,1,digressed=1,0,0,1,0,0,0,0,0
diluted,1,diluted=1,0,0,0,0,1,0,0,0
dilxide,1,dilxide=1,0,0,0,0,0,1,0,0
dimensionally,1,dimensionally=1,0,0,0,0,1,0,0,0
dimethyl,1,dimethyl=1,0,1,0,0,0,0,0,0
diminishe,1,diminishes=1,1,0,0,0,0,0,0,0
dimming,1,dimming=1,1,0,0,0,0,0,0,0
dingoe,1,dingoes=1,0,0,1,0,0,0,0,0
dinnertime,1,dinnertime=1,0,0,0,0,1,0,0,0
directing,1,directing=1,1,0,0,0,0,0,0,0
directorial,1,directorial=1,0,0,0,0,1,0,0,0
disadvantageous,1,disadvantageous=1,0,0,0,0,1,0,0,0
disadvantages,1,disadvantages=1,0,1,0,0,0,0,0,0
disagreements,1,disagreements=1,0,1,0,0,0,0,0,0
disappearing,1,disappearing=1,0,1,0,0,0,0,0,0
disarmament,1,disarmament=1,1,0,0,0,0,0,0,0
disarray,1,disarray=1,1,0,0,0,0,0,0,0
disbelief,1,disbelief=1,1,0,0,0,0,0,0,0
disbursement,1,disbursement=1,1,0,0,0,0,0,0,0
discomfort,1,discomfort=1,1,0,0,0,0,0,0,0
disconnected,1,disconnected=1,0,0,0,0,1,0,0,0
discounts,1,discounts=1,0,1,0,0,0,0,0,0
discouraging,1,discouraging=1,0,0,0,0,1,0,0,0
discovering,1,discovering=1,0,1,0,0,0,0,0,0
discredit,1,discredited=1,0,0,1,0,0,0,0,0
disdain,1,disdain=1,1,0,0,0,0,0,0,0
disdained,1,disdained=1,0,0,0,0,1,0,0,0
disgruntled,1,disgruntled=1,0,0,0,0,1,0,0,0
disgusted,1,disgusted=1,0,0,0,0,1,0,0,0
disillusion,1,disillusioned=1,0,0,1,0,0,0,0,0
disillusionment,1,disillusionment=1,1,0,0,0,0,0,0,0
disinformation,1,disinformation=1,1,0,0,0,0,0,0,0
disjointed,1,disjointed=1,0,0,0,0,1,0,0,0
disjunction,1,disjunction=1,1,0,0,0,0,0,0,0
dismutase,1,dismutase=1,1,0,0,0,0,0,0,0
disorderliness,1,disorderliness=1,1,0,0,0,0,0,0,0
disorderly,1,disorderly=1,0,0,0,0,1,0,0,0
disoriented,1,disoriented=1,0,0,0,0,1,0,0,0
disown,1,disown=1,0,0,1,0,0,0,0,0
disparity,1,disparities=1,1,0,0,0,0,0,0,0
dispassionate,1,dispassionate=1,0,0,0,0,1,0,0,0
dispatch,1,dispatched=1,0,0,1,0,0,0,0,0
dispense,1,dispense=1,0,0,1,0,0,0,0,0
displeased,1,displeased=1,0,1,0,0,0,0,0,0
displeasure,1,displeasure=1,1,0,0,0,0,0,0,0
disposing,1,disposing=1,1,0,0,0,0,0,0,0
disposition,1,disposition=1,1,0,0,0,0,0,0,0
disputed,1,disputed=1,0,0,0,0,1,0,0,0
disputes,1,disputes=1,0,1,0,0,0,0,0,0
disrepair,1,disrepair=1,1,0,0,0,0,0,0,0
disrespectful,1,disrespectful=1,0,0,0,0,1,0,0,0
disseminate,1,disseminating=1,0,0,1,0,0,0,0,0
dissemination,1,dissemination=1,1,0,0,0,0,0,0,0
dissertation,1,dissertations=1,1,0,0,0,0,0,0,0
dissident,1,dissidents=1,1,0,0,0,0,0,0,0
distancing,1,distancing=1,1,0,0,0,0,0,0,0
distantly,1,distantly=1,0,0,0,0,0,1,0,0
distinctions,1,distinctions=1,0,1,0,0,0,0,0,0
distinguishing,1,distinguishing=1,1,0,0,0,0,0,0,0
distressing,1,distressing=1,0,0,0,0,1,0,0,0
distrust,1,distrust=1,1,0,0,0,0,0,0,0
diverging,1,diverging=1,1,0,0,0,0,0,0,0
diversifying,1,diversifying=1,1,0,0,0,0,0,0,0
diverting,1,diverting=1,1,0,0,0,0,0,0,0
divider,1,dividers=1,1,0,0,0,0,0,0,0
divinity,1,divinity=1,1,0,0,0,0,0,0,0
divulge,1,divulge=1,0,0,1,0,0,0,0,0
djoser,1,djoser=1,0,1,0,0,0,0,0,0
doc,1,docs=1,0,0,1,0,0,0,0,0
docent,1,docent=1,1,0,0,0,0,0,0,0
docile,1,docile=1,0,0,0,0,1,0,0,0
dockstader,1,dockstader=1,0,1,0,0,0,0,0,0
doctoral,1,doctoral=1,0,0,0,0,1,0,0,0
doctorate,1,doctorate=1,1,0,0,0,0,0,0,0
documenting,1,documenting=1,1,0,0,0,0,0,0,0
doe,1,doe=1,1,0,0,0,0,0,0,0
dogma,1,dogma=1,1,0,0,0,0,0,0,0
dogwood,1,dogwood=1,1,0,0,0,0,0,0,0
dom,1,dom=1,1,0,0,0,0,0,0,0
domicile,1,domicile=1,1,0,0,0,0,0,0,0
dominanthunter,1,dominanthunters=1,1,0,0,0,0,0,0,0
dominating,1,dominating=1,0,1,0,0,0,0,0,0
domino,1,domino=1,1,0,0,0,0,0,0,0
donathan,1,donathan=1,0,1,0,0,0,0,0,0
donor,1,donor=1,1,0,0,0,0,0,0,0
donut,1,donut=1,1,0,0,0,0,0,0,0
doom,1,doomed=1,0,0,1,0,0,0,0,0
doomed,1,doomed=1,0,0,0,0,1,0,0,0
dorcas,1,dorcas=1,0,0,0,0,0,0,0,1
dormitories,1,dormitories=1,0,1,0,0,0,0,0,0
dorsata,1,dorsata=1,1,0,0,0,0,0,0,0
doryphoro,1,doryphoros=1,1,0,0,0,0,0,0,0
doubter,1,doubters=1,1,0,0,0,0,0,0,0
doubting,1,doubting=1,1,0,0,0,0,0,0,0
doug,1,doug=1,0,1,0,0,0,0,0,0
dough,1,dough=1,1,0,0,0,0,0,0,0
doughty,1,doughty=1,0,1,0,0,0,0,0,0
dowdy,1,dowdy=1,0,1,0,0,0,0,0,0
downdraft,1,downdraft=1,1,0,0,0,0,0,0,0
downer,1,downer=1,1,0,0,0,0,0,0,0
downsize,1,downsize=1,0,0,1,0,0,0,0,0
downwards,1,downwards=1,0,0,0,0,0,1,0,0
dows,1,dows=1,0,1,0,0,0,0,0,0
dr,1,dr=1,0,1,0,0,0,0,0,0
dragging,1,dragging=1,1,0,0,0,0,0,0,0
dragonflie,1,dragonflies=1,0,0,1,0,0,0,0,0
draining,1,draining=1,1,0,0,0,0,0,0,0
dramatization,1,dramatization=1,1,0,0,0,0,0,0,0
dramatized,1,dramatized=1,0,0,0,0,1,0,0,0
drapery,1,drapery=1,1,0,0,0,0,0,0,0
drawer,1,drawer=1,1,0,0,0,0,0,0,0
drawings,1,drawings=1,0,1,0,0,0,0,0,0
dray,1,dray=1,0,0,0,0,1,0,0,0
dreamlike,1,dreamlike=1,0,0,1,0,0,0,0,0
dresses,1,dresses=1,0,1,0,0,0,0,0,0
drier,1,drier=1,0,0,1,0,0,0,0,0
driest,1,driest=1,1,0,0,0,0,0,0,0
drifting,1,drifting=1,1,0,0,0,0,0,0,0
drile,1,driling=1,0,0,1,0,0,0,0,0
drinkable,1,drinkable=1,0,0,0,0,1,0,0,0
drinker,1,drinkers=1,1,0,0,0,0,0,0,0
drinks,1,drinks=1,0,1,0,0,0,0,0,0
dripping,1,dripping=1,0,0,0,0,1,0,0,0
drone,1,drone=1,1,0,0,0,0,0,0,0
drowsy,1,drowsy=1,1,0,0,0,0,0,0,0
drugstore,1,drugstores=1,1,0,0,0,0,0,0,0
drumstick,1,drumstick=1,0,0,0,0,1,0,0,0
drunk,1,drunk=1,0,0,0,0,1,0,0,0
drunken,1,drunken=1,0,0,0,0,1,0,0,0
dub,1,dubbed=1,0,0,1,0,0,0,0,0
dubious,1,dubious=1,0,0,0,0,1,0,0,0
dublin,1,dublin=1,0,1,0,0,0,0,0,0
duchy,1,duchy=1,0,1,0,0,0,0,0,0
dude,1,dudes=1,1,0,0,0,0,0,0,0
dugout,1,dugout=1,0,0,1,0,0,0,0,0
duly,1,duly=1,0,0,0,0,0,1,0,0
dumple,1,dumpling=1,0,0,1,0,0,0,0,0
dumpster,1,dumpster=1,1,0,0,0,0,0,0,0
dungeness,1,dungeness=1,0,1,0,0,0,0,0,0
duplicity,1,duplicity=1,1,0,0,0,0,0,0,0
duskin,1,duskin=1,1,0,0,0,0,0,0,0
dusking,1,dusking=1,1,0,0,0,0,0,0,0
dusty,1,dusty=1,0,0,0,0,1,0,0,0
dutifully,1,dutifully=1,0,0,0,0,0,1,0,0
dw,1,dw=1,0,1,0,0,0,0,0,0
dwight,1,dwight=1,0,1,0,0,0,0,0,0
dynasties,1,dynasties=1,0,1,0,0,0,0,0,0
dys,1,dys=1,1,0,0,0,0,0,0,0
dystopia,1,dystopia=1,1,0,0,0,0,0,0,0
décimas,1,décimas=1,0,1,0,0,0,0,0,0
eaf,1,eaf=1,1,0,0,0,0,0,0,0
eard,1,eard=1,0,1,0,0,0,0,0,0
eardrum,1,eardrums=1,1,0,0,0,0,0,0,0
earliest,1,earliest=1,0,0,1,0,0,0,0,0
earlobe,1,earlobes=1,1,0,0,0,0,0,0,0
earlycareer,1,earlycareer=1,1,0,0,0,0,0,0,0
earmark,1,earmarked=1,0,0,1,0,0,0,0,0
earner,1,earners=1,1,0,0,0,0,0,0,0
earning,1,earnings=1,1,0,0,0,0,0,0,0
eart,1,eart=1,0,1,0,0,0,0,0,0
earthen,1,earthen=1,0,0,0,0,1,0,0,0
earthshaking,1,earthshaking=1,0,0,0,0,1,0,0,0
earthwork,1,earthwork=1,1,0,0,0,0,0,0,0
easterly,1,easterly=1,0,0,0,0,0,1,0,0
easterner,1,easterners=1,1,0,0,0,0,0,0,0
easternmost,1,easternmost=1,1,0,0,0,0,0,0,0
eastview,1,eastview=1,0,1,0,0,0,0,0,0
eavesdropper,1,eavesdroppers=1,1,0,0,0,0,0,0,0
eccentric,1,eccentric=1,0,0,0,0,1,0,0,0
ecoeducator,1,ecoeducators=1,1,0,0,0,0,0,0,0
ecologists,1,ecologists=1,0,1,0,0,0,0,0,0
ecologičal,1,ecologičal=1,1,0,0,0,0,0,0,0
econologe,1,econologing=1,0,0,1,0,0,0,0,0
ecotypes,1,ecotypes=1,0,1,0,0,0,0,0,0
ecstatic,1,ecstatic=1,0,0,0,0,1,0,0,0
ectomycorrhiza,1,ectomycorrhizas=1,1,0,0,0,0,0,0,0
ecu,1,ecu=1,0,0,0,0,1,0,0,0
ecuadorian,1,ecuadorian=1,0,0,0,0,1,0,0,0
eddies,1,eddies=1,0,1,0,0,0,0,0,0
edges,1,edges=1,0,1,0,0,0,0,0,0
edgewise,1,edgewise=1,1,0,0,0,0,0,0,0
edict,1,edicts=1,1,0,0,0,0,0,0,0
edith,1,edith=1,0,1,0,0,0,0,0,0
edmonton,1,edmonton=1,0,1,0,0,0,0,0,0
educating,1,educating=1,0,1,0,0,0,0,0,0
educationally,1,educationally=1,0,0,0,0,0,1,0,0
edwin,1,edwin=1,0,1,0,0,0,0,0,0
ee,1,ee=1,0,1,0,0,0,0,0,0
eely,1,eely=1,0,0,0,0,0,1,0,0
eerily,1,eerily=1,0,0,0,0,0,1,0,0
efficacy,1,efficacy=1,1,0,0,0,0,0,0,0
effortlessly,1,effortlessly=1,0,0,0,0,0,1,0,0
eglace,1,eglaced=1,0,0,1,0,0,0,0,0
egocentrism,1,egocentrism=1,1,0,0,0,0,0,0,0
egyptologist,1,egyptologists=1,1,0,0,0,0,0,0,0
ei,1,ei=1,0,1,0,0,0,0,0,0
eiehth,1,eiehth=1,0,0,0,0,1,0,0,0
elapse,1,elapsed=1,0,0,1,0,0,0,0,0
elapsing,1,elapsing=1,1,0,0,0,0,0,0,0
eleanor,1,eleanor=1,0,1,0,0,0,0,0,0
eleanora,1,eleanora=1,0,1,0,0,0,0,0,0
electrified,1,electrified=1,0,0,0,0,1,0,0,0
electrocardiogram,1,electrocardiogram=1,1,0,0,0,0,0,0,0
electrochemistry,1,electrochemistry=1,1,0,0,0,0,0,0,0
eliciting,1,eliciting=1,0,1,0,0,0,0,0,0
eligibility,1,eligibility=1,1,0,0,0,0,0,0,0
elisabetta,1,elisabetta=1,0,1,0,0,0,0,0,0
ellen,1,ellen=1,0,1,0,0,0,0,0,0
ellesmere,1,ellesmere=1,0,1,0,0,0,0,0,0
elliot,1,elliot=1,0,1,0,0,0,0,0,0
elliptic,1,elliptic=1,0,0,0,0,1,0,0,0
eloquence,1,eloquence=1,1,0,0,0,0,0,0,0
elude,1,elude=1,0,0,1,0,0,0,0,0
elysium,1,elysium=1,0,1,0,0,0,0,0,0
embargo,1,embargoes=1,1,0,0,0,0,0,0,0
embark,1,embarked=1,0,0,1,0,0,0,0,0
embarrass,1,embarrassing=1,0,0,1,0,0,0,0,0
embodiment,1,embodiment=1,1,0,0,0,0,0,0,0
embroider,1,embroidered=1,0,0,1,0,0,0,0,0
embroidered,1,embroidered=1,0,1,0,0,0,0,0,0
embroiderer,1,embroiderers=1,1,0,0,0,0,0,0,0
embryos,1,embryos=1,1,0,0,0,0,0,0,0
emial,1,emial=1,0,0,0,0,1,0,0,0
emigrants,1,emigrants=1,0,1,0,0,0,0,0,0
emirates,1,emirates=1,0,1,0,0,0,0,0,0
emm,1,emm=1,0,1,0,0,0,0,0,0
emotive,1,emotive=1,0,0,0,0,1,0,0,0
empathetic,1,empathetic=1,0,0,0,0,1,0,0,0
empathize,1,empathize=1,0,0,1,0,0,0,0,0
empathy,1,empathy=1,0,0,0,0,1,0,0,0
empirically,1,empirically=1,0,0,0,0,0,1,0,0
empress,1,empress=1,1,0,0,0,0,0,0,0
encapsulate,1,encapsulated=1,0,0,1,0,0,0,0,0
encircle,1,encircling=1,0,0,1,0,0,0,0,0
encroachment,1,encroachments=1,1,0,0,0,0,0,0,0
encyclopedia,1,encyclopedias=1,1,0,0,0,0,0,0,0
endemic,1,endemic=1,0,0,0,0,1,0,0,0
endocrine,1,endocrine=1,1,0,0,0,0,0,0,0
engl,1,engl=1,0,1,0,0,0,0,0,0
engraved,1,engraved=1,0,0,0,0,1,0,0,0
enlightened,1,enlightened=1,0,0,0,0,1,0,0,0
enlist,1,enlisting=1,0,0,1,0,0,0,0,0
enormity,1,enormity=1,1,0,0,0,0,0,0,0
enriching,1,enriching=1,0,0,0,0,1,0,0,0
ensuring,1,ensuring=1,0,1,0,0,0,0,0,0
enthral,1,enthralling=1,0,0,1,0,0,0,0,0
enticing,1,enticing=1,0,0,0,0,1,0,0,0
entomology,1,entomology=1,1,0,0,0,0,0,0,0
enttle,1,enttled=1,0,0,1,0,0,0,0,0
enumerate,1,enumerated=1,0,0,1,0,0,0,0,0
envelop,1,enveloped=1,0,0,1,0,0,0,0,0
enviable,1,enviable=1,0,0,0,0,1,0,0,0
envoy,1,envoys=1,1,0,0,0,0,0,0,0
epa,1,epa=1,0,1,0,0,0,0,0,0
epi,1,epi=1,0,1,0,0,0,0,0,0
epichloé,1,epichloé=1,0,1,0,0,0,0,0,0
epicureans,1,epicureans=1,0,1,0,0,0,0,0,0
epiphytic,1,epiphytic=1,0,0,0,0,1,0,0,0
equalize,1,equalize=1,0,0,1,0,0,0,0,0
equate,1,equate=1,0,0,1,0,0,0,0,0
equivalence,1,equivalence=1,1,0,0,0,0,0,0,0
er,1,er=1,0,1,0,0,0,0,0,0
erall,1,erall=1,0,0,1,0,0,0,0,0
eratosthene,1,eratosthenes=1,1,0,0,0,0,0,0,0
erebus,1,erebus=1,0,1,0,0,0,0,0,0
erection,1,erection=1,1,0,0,0,0,0,0,0
erich,1,erich=1,0,1,0,0,0,0,0,0
erkenwald,1,erkenwald=1,0,1,0,0,0,0,0,0
erosional,1,erosional=1,0,0,0,0,1,0,0,0
erratically,1,erratically=1,0,0,0,0,0,1,0,0
erratics,1,erratics=1,0,1,0,0,0,0,0,0
erwin,1,erwin=1,0,1,0,0,0,0,0,0
esaias,1,esaias=1,0,1,0,0,0,0,0,0
esc,1,esc=1,1,0,0,0,0,0,0,0
escaped,1,escaped=1,0,0,0,0,1,0,0,0
escaping,1,escaping=1,1,0,0,0,0,0,0,0
escn,1,escn=1,0,0,0,0,1,0,0,0
escort,1,escort=1,0,0,1,0,0,0,0,0
esign,1,esign=1,1,0,0,0,0,0,0,0
essays,1,essays=1,0,1,0,0,0,0,0,0
essentialism,1,essentialism=1,1,0,0,0,0,0,0,0
esteemed,1,esteemed=1,0,0,0,0,1,0,0,0
estimates,1,estimates=1,0,1,0,0,0,0,0,0
estrogen,1,estrogen=1,0,1,0,0,0,0,0,0
etch,1,etched=1,0,0,1,0,0,0,0,0
ethano,1,ethano=1,1,0,0,0,0,0,0,0
ethereal,1,ethereal=1,0,0,0,0,1,0,0,0
ethically,1,ethically=1,0,0,0,0,0,1,0,0
ethics,1,ethics=1,0,1,0,0,0,0,0,0
ethiopian,1,ethiopian=1,0,1,0,0,0,0,0,0
ethno,1,ethno=1,1,0,0,0,0,0,0,0
ethnography,1,ethnography=1,1,0,0,0,0,0,0,0
ethnologist,1,ethnologists=1,1,0,0,0,0,0,0,0
ethnomusicology,1,ethnomusicology=1,1,0,0,0,0,0,0,0
ethology,1,ethology=1,1,0,0,0,0,0,0,0
etienne,1,etienne=1,0,1,0,0,0,0,0,0
eu,1,eu=1,0,1,0,0,0,0,0,0
eulogy,1,eulogies=1,1,0,0,0,0,0,0,0
eureka,1,eureka=1,0,1,0,0,0,0,0,0
ev,1,ev=1,0,0,0,0,1,0,0,0
evaluations,1,evaluations=1,0,1,0,0,0,0,0,0
evaluator,1,evaluators=1,1,0,0,0,0,0,0,0
evan,1,evan=1,0,1,0,0,0,0,0,0
evans,1,evans=1,0,1,0,0,0,0,0,0
evelyn,1,evelyn=1,0,1,0,0,0,0,0,0
evenness,1,evenness=1,1,0,0,0,0,0,0,0
evenren,1,evenren=1,1,0,0,0,0,0,0,0
events,1,events=1,0,1,0,0,0,0,0,0
evert,1,everted=1,0,0,1,0,0,0,0,0
eviction,1,evictions=1,1,0,0,0,0,0,0,0
evocative,1,evocative=1,0,0,0,0,1,0,0,0
evolutionarily,1,evolutionarily=1,0,0,0,0,0,1,0,0
evolved,1,evolved=1,0,0,0,0,1,0,0,0
evolving,1,evolving=1,0,1,0,0,0,0,0,0
eww,1,eww=1,0,1,0,0,0,0,0,0
ex,1,ex=1,0,1,0,0,0,0,0,0
exactness,1,exactness=1,1,0,0,0,0,0,0,0
examining,1,examining=1,0,1,0,0,0,0,0,0
exasperate,1,exasperating=1,0,0,1,0,0,0,0,0
excavated,1,excavated=1,0,0,0,0,1,0,0,0
excep,1,excep=1,0,1,0,0,0,0,0,0
exceptions,1,exceptions=1,0,1,0,0,0,0,0,0
exceрt,1,exceрt=1,0,1,0,0,0,0,0,0
exclamation,1,exclamation=1,1,0,0,0,0,0,0,0
exclusionary,1,exclusionary=1,0,0,0,0,1,0,0,0
exclusivity,1,exclusivity=1,1,0,0,0,0,0,0,0
executing,1,executing=1,1,0,0,0,0,0,0,0
exercising,1,exercising=1,0,0,0,0,1,0,0,0
exesert,1,exeserts=1,0,0,1,0,0,0,0,0
exeter,1,exeter=1,0,1,0,0,0,0,0,0
exfoliation,1,exfoliation=1,1,0,0,0,0,0,0,0
exhaustively,1,exhaustively=1,0,0,0,0,0,1,0,0
exhibitor,1,exhibitors=1,1,0,0,0,0,0,0,0
exile,1,exile=1,1,0,0,0,0,0,0,0
existing,1,existing=1,0,0,0,0,1,0,0,0
exorbitant,1,exorbitant=1,0,0,0,0,1,0,0,0
exotherm,1,exotherms=1,1,0,0,0,0,0,0,0
expandable,1,expandable=1,0,0,0,0,1,0,0,0
expected,1,expected=1,0,0,0,0,1,0,0,0
expelling,1,expelling=1,1,0,0,0,0,0,0,0
expensively,1,expensively=1,0,0,0,0,0,1,0,0
expertly,1,expertly=1,0,1,0,0,0,0,0,0
expiration,1,expiration=1,1,0,0,0,0,0,0,0
explaining,1,explaining=1,0,1,0,0,0,0,0,0
exploded,1,exploded=1,0,0,0,0,1,0,0,0
exploitative,1,exploitative=1,0,0,0,0,1,0,0,0
exploitive,1,exploitive=1,0,0,0,0,1,0,0,0
explorations,1,explorations=1,0,1,0,0,0,0,0,0
exponential,1,exponential=1,0,0,0,0,1,0,0,0
exponentially,1,exponentially=1,0,0,0,0,0,1,0,0
expressions,1,expressions=1,0,1,0,0,0,0,0,0
expressiveness,1,expressiveness=1,1,0,0,0,0,0,0,0
extant,1,extant=1,0,0,0,0,1,0,0,0
extender,1,extenders=1,1,0,0,0,0,0,0,0
exteriot,1,exteriot=1,0,0,0,0,1,0,0,0
extermination,1,extermination=1,1,0,0,0,0,0,0,0
extoll,1,extolling=1,0,0,1,0,0,0,0,0
extrapolate,1,extrapolated=1,0,0,1,0,0,0,0,0
extraregional,1,extraregional=1,0,0,0,0,1,0,0,0
extras,1,extras=1,0,1,0,0,0,0,0,0
extratransparent,1,extratransparent=1,1,0,0,0,0,0,0,0
extravagantly,1,extravagantly=1,0,0,0,0,0,1,0,0
exude,1,exuding=1,0,0,1,0,0,0,0,0
eyebrow,1,eyebrows=1,1,0,0,0,0,0,0,0
eyesore,1,eyesore=1,1,0,0,0,0,0,0,0
eyzies,1,eyzies=1,0,1,0,0,0,0,0,0
faced,1,faced=1,0,0,0,0,1,0,0,0
facelift,1,facelift=1,1,0,0,0,0,0,0,0
facetime,1,facetime=1,0,1,0,0,0,0,0,0
facilitators,1,facilitators=1,0,1,0,0,0,0,0,0
facing,1,facing=1,1,0,0,0,0,0,0,0
faction,1,factions=1,1,0,0,0,0,0,0,0
facto,1,facto=1,0,0,0,0,0,0,0,1
facts,1,facts=1,0,1,0,0,0,0,0,0
failed,1,failed=1,0,0,0,0,1,0,0,0
faithful,1,faithful=1,0,1,0,0,0,0,0,0
fallback,1,fallback=1,1,0,0,0,0,0,0,0
fallout,1,fallout=1,1,0,0,0,0,0,0,0
falsely,1,falsely=1,0,0,0,0,0,1,0,0
falseness,1,falseness=1,1,0,0,0,0,0,0,0
falsification,1,falsification=1,1,0,0,0,0,0,0,0
falsity,1,falsity=1,1,0,0,0,0,0,0,0
falsterbo,1,falsterbo=1,0,1,0,0,0,0,0,0
famed,1,famed=1,0,0,0,0,1,0,0,0
familiarly,1,familiarly=1,0,0,0,0,0,1,0,0
fanciful,1,fanciful=1,0,0,0,0,1,0,0,0
fanfare,1,fanfare=1,1,0,0,0,0,0,0,0
farfetched,1,farfetched=1,0,0,0,0,1,0,0,0
farmable,1,farmable=1,0,0,0,0,1,0,0,0
farmhand,1,farmhands=1,1,0,0,0,0,0,0,0
farmstead,1,farmstead=1,1,0,0,0,0,0,0,0
farmworker,1,farmworkers=1,1,0,0,0,0,0,0,0
farmyard,1,farmyard=1,0,1,0,0,0,0,0,0
farrington,1,farrington=1,0,1,0,0,0,0,0,0
faseri,1,faseri=1,1,0,0,0,0,0,0,0
fashioning,1,fashioning=1,1,0,0,0,0,0,0,0
fasten,1,fastened=1,0,0,1,0,0,0,0,0
fastener,1,fasteners=1,1,0,0,0,0,0,0,0
faucet,1,faucet=1,1,0,0,0,0,0,0,0
favela,1,favela=1,0,1,0,0,0,0,0,0
favored,1,favored=1,0,0,0,0,1,0,0,0
favourite,1,favourite=1,0,0,0,0,1,0,0,0
fe,1,fe=1,0,1,0,0,0,0,0,0
fearless,1,fearless=1,0,0,0,0,1,0,0,0
fearlessness,1,fearlessness=1,1,0,0,0,0,0,0,0
fearsome,1,fearsome=1,0,0,0,0,1,0,0,0
feathering,1,featherings=1,1,0,0,0,0,0,0,0
featured,1,featured=1,0,0,0,0,1,0,0,0
features,1,features=1,0,1,0,0,0,0,0,0
fedorova,1,fedorova=1,0,1,0,0,0,0,0,0
feeble,1,feeble=1,0,0,0,0,1,0,0,0
fencing,1,fencing=1,1,0,0,0,0,0,0,0
ferm,1,ferms=1,1,0,0,0,0,0,0,0
ferry,1,ferry=1,0,0,1,0,0,0,0,0
fertilizing,1,fertilizing=1,1,0,0,0,0,0,0,0
fete,1,fete=1,0,0,0,0,1,0,0,0
feudalism,1,feudalism=1,1,0,0,0,0,0,0,0
feverish,1,feverish=1,0,0,0,0,1,0,0,0
fictionalize,1,fictionalized=1,0,0,1,0,0,0,0,0
fiddl,1,fiddler=1,0,0,0,0,1,0,0,0
fiddle,1,fiddling=1,0,0,1,0,0,0,0,0
fideli,1,fideli=1,0,1,0,0,0,0,0,0
fields,1,fields=1,0,1,0,0,0,0,0,0
fiercely,1,fiercely=1,0,0,0,0,0,1,0,0
figurative,1,figurative=1,0,0,0,0,1,0,0,0
filial,1,filial=1,0,0,0,0,1,0,0,0
filler,1,filler=1,1,0,0,0,0,0,0,0
filmmakers,1,filmmakers=1,0,1,0,0,0,0,0,0
finals,1,finals=1,0,1,0,0,0,0,0,0
finches,1,finches=1,0,1,0,0,0,0,0,0
fineness,1,fineness=1,1,0,0,0,0,0,0,0
finery,1,finery=1,1,0,0,0,0,0,0,0
finnish,1,finnish=1,0,0,0,0,1,0,0,0
fins,1,fins=1,0,1,0,0,0,0,0,0
firearm,1,firearms=1,1,0,0,0,0,0,0,0
fireballs,1,fireballs=1,0,1,0,0,0,0,0,0
firefly,1,fireflies=1,1,0,0,0,0,0,0,0
firepower,1,firepower=1,1,0,0,0,0,0,0,0
firestorm,1,firestorms=1,1,0,0,0,0,0,0,0
fischeir,1,fischeir=1,1,0,0,0,0,0,0,0
fissel,1,fissel=1,1,0,0,0,0,0,0,0
fissile,1,fissile=1,1,0,0,0,0,0,0,0
fitter,1,fitter=1,1,0,0,0,0,0,0,0
fixed,1,fixed=1,0,0,0,0,1,0,0,0
fixity,1,fixity=1,1,0,0,0,0,0,0,0
flagella,1,flagella=1,1,0,0,0,0,0,0,0
flagrantly,1,flagrantly=1,0,0,0,0,0,1,0,0
flail,1,flail=1,1,0,0,0,0,0,0,0
flaked,1,flaked=1,0,0,0,0,1,0,0,0
flaky,1,flaky=1,0,0,0,0,1,0,0,0
flapping,1,flapping=1,1,0,0,0,0,0,0,0
flatboat,1,flatboat=1,0,0,0,0,1,0,0,0
flatiron,1,flatiron=1,0,1,0,0,0,0,0,0
flatland,1,flatland=1,1,0,0,0,0,0,0,0
flattery,1,flattery=1,0,1,0,0,0,0,0,0
flawless,1,flawless=1,0,0,0,0,1,0,0,0
flawlessly,1,flawlessly=1,0,0,0,0,0,1,0,0
flaws,1,flaws=1,0,1,0,0,0,0,0,0
flax,1,flax=1,0,1,0,0,0,0,0,0
fle,1,fling=1,0,0,1,0,0,0,0,0
flicker,1,flickered=1,0,0,1,0,0,0,0,0
flipped,1,flipped=1,0,1,0,0,0,0,0,0
flle,1,flled=1,0,0,1,0,0,0,0,0
flling,1,flling=1,0,0,0,0,1,0,0,0
floe,1,floes=1,1,0,0,0,0,0,0,0
floorboard,1,floorboards=1,1,0,0,0,0,0,0,0
flores,1,flores=1,0,1,0,0,0,0,0,0
flout,1,flout=1,0,0,1,0,0,0,0,0
flowow,1,flowow=1,0,0,1,0,0,0,0,0
fluctuations,1,fluctuations=1,0,1,0,0,0,0,0,0
fluency,1,fluency=1,1,0,0,0,0,0,0,0
fluff,1,fluffing=1,0,0,1,0,0,0,0,0
fluffy,1,fluffy=1,0,0,0,0,1,0,0,0
fluidity,1,fluidity=1,1,0,0,0,0,0,0,0
fluidly,1,fluidly=1,0,0,0,0,0,1,0,0
fluorescence,1,fluorescence=1,0,1,0,0,0,0,0,0
fluorine,1,fluorine=1,1,0,0,0,0,0,0,0
fluted,1,fluted=1,0,0,0,0,1,0,0,0
fluting,1,fluting=1,1,0,0,0,0,0,0,0
flutter,1,flutters=1,1,0,0,0,0,0,0,0
fo,1,fo=1,0,0,0,0,0,0,0,1
focal,1,focal=1,0,0,0,0,1,0,0,0
folic,1,folic=1,0,1,0,0,0,0,0,0
folktale,1,folktales=1,1,0,0,0,0,0,0,0
folktales,1,folktales=1,0,1,0,0,0,0,0,0
footed,1,footed=1,0,0,0,0,1,0,0,0
footstep,1,footsteps=1,1,0,0,0,0,0,0,0
forced,1,forced=1,0,0,0,0,1,0,0,0
forecasters,1,forecasters=1,0,1,0,0,0,0,0,0
foregut,1,foregut=1,1,0,0,0,0,0,0,0
forerunner,1,forerunner=1,1,0,0,0,0,0,0,0
forestall,1,forestalling=1,0,0,1,0,0,0,0,0
foresters,1,foresters=1,0,1,0,0,0,0,0,0
forests,1,forests=1,0,1,0,0,0,0,0,0
forged,1,forged=1,0,1,0,0,0,0,0,0
forsake,1,forsake=1,0,0,1,0,0,0,0,0
fortuitous,1,fortuitous=1,0,0,0,0,1,0,0,0
fought,1,fought=1,0,1,0,0,0,0,0,0
foundations,1,foundations=1,0,1,0,0,0,0,0,0
foundcother,1,foundcother=1,0,0,1,0,0,0,0,0
fountains,1,fountains=1,0,1,0,0,0,0,0,0
foy,1,foy=1,0,1,0,0,0,0,0,0
fractured,1,fractured=1,0,0,0,0,1,0,0,0
fragility,1,fragility=1,1,0,0,0,0,0,0,0
franchise,1,franchises=1,1,0,0,0,0,0,0,0
frankish,1,frankish=1,0,0,0,0,1,0,0,0
franz,1,franz=1,0,1,0,0,0,0,0,0
frederic,1,frederic=1,0,1,0,0,0,0,0,0
freehand,1,freehand=1,1,0,0,0,0,0,0,0
frenetic,1,frenetic=1,0,0,0,0,1,0,0,0
frenzied,1,frenzied=1,0,0,0,0,1,0,0,0
frenzy,1,frenzy=1,1,0,0,0,0,0,0,0
frescoed,1,frescoed=1,0,0,0,0,1,0,0,0
frescoes,1,frescoes=1,0,1,0,0,0,0,0,0
fridays,1,fridays=1,0,1,0,0,0,0,0,0
fried,1,fried=1,0,0,0,0,1,0,0,0
friendliness,1,friendliness=1,1,0,0,0,0,0,0,0
frieze,1,frieze=1,0,0,0,0,1,0,0,0
fright,1,fright=1,0,0,0,0,0,1,0,0
frosted,1,frosted=1,0,0,0,0,1,0,0,0
froth,1,froth=1,1,0,0,0,0,0,0,0
froze,1,froze=1,0,0,1,0,0,0,0,0
frt,1,frt=1,0,0,0,0,1,0,0,0
fruitful,1,fruitful=1,0,0,0,0,1,0,0,0
fruits,1,fruits=1,0,1,0,0,0,0,0,0
frying,1,frying=1,1,0,0,0,0,0,0,0
fugure,1,fugured=1,0,0,1,0,0,0,0,0
fulton,1,fulton=1,0,1,0,0,0,0,0,0
functions,1,functions=1,0,1,0,0,0,0,0,0
funston,1,funston=1,0,1,0,0,0,0,0,0
funu,1,funu=1,0,1,0,0,0,0,0,0
furrier,1,furrier=1,1,0,0,0,0,0,0,0
futile,1,futile=1,0,0,0,0,1,0,0,0
futility,1,futility=1,1,0,0,0,0,0,0,0
g,1,g=1,0,1,0,0,0,0,0,0
gainfully,1,gainfully=1,0,0,0,0,0,1,0,0
gains,1,gains=1,0,1,0,0,0,0,0,0
galaxies,1,galaxies=1,0,1,0,0,0,0,0,0
galleries,1,galleries=1,0,1,0,0,0,0,0,0
gallop,1,galloping=1,0,0,1,0,0,0,0,0
galt,1,galt=1,0,1,0,0,0,0,0,0
gambierdiscus,1,gambierdiscus=1,0,1,0,0,0,0,0,0
garb,1,garb=1,1,0,0,0,0,0,0,0
gardens,1,gardens=1,0,1,0,0,0,0,0,0
gastrointestinal,1,gastrointestinal=1,0,0,0,0,1,0,0,0
gastrolith,1,gastroliths=1,1,0,0,0,0,0,0,0
gateway,1,gateways=1,1,0,0,0,0,0,0,0
gaudy,1,gaudy=1,0,1,0,0,0,0,0,0
gault,1,gault=1,0,1,0,0,0,0,0,0
gaume,1,gaume=1,0,1,0,0,0,0,0,0
gaumo,1,gaumo=1,0,1,0,0,0,0,0,0
gauze,1,gauzes=1,1,0,0,0,0,0,0,0
gebel,1,gebel=1,0,1,0,0,0,0,0,0
gelatinous,1,gelatinous=1,0,0,0,0,1,0,0,0
gelosi,1,gelosi=1,0,1,0,0,0,0,0,0
generalized,1,generalized=1,0,0,0,0,1,0,0,0
generalizing,1,generalizing=1,0,1,0,0,0,0,0,0
generaly,1,generaly=1,1,0,0,0,0,0,0,0
generated,1,generated=1,0,1,0,0,0,0,0,0
generating,1,generating=1,0,1,0,0,0,0,0,0
generational,1,generational=1,0,0,0,0,1,0,0,0
generic,1,generic=1,0,0,0,0,1,0,0,0
genesis,1,genesis=1,1,0,0,0,0,0,0,0
gentler,1,gentler=1,0,0,0,0,1,0,0,0
gentry,1,gentry=1,0,1,0,0,0,0,0,0
genuinely,1,genuinely=1,0,0,0,0,0,1,0,0
genyomis,1,genyomis=1,0,1,0,0,0,0,0,0
geoarchaeologist,1,geoarchaeologists=1,1,0,0,0,0,0,0,0
geocentric,1,geocentric=1,0,0,0,0,1,0,0,0
geochemistry,1,geochemistry=1,1,0,0,0,0,0,0,0
geoffrey,1,geoffrey=1,0,1,0,0,0,0,0,0
geophysic,1,geophysics=1,1,0,0,0,0,0,0,0
geophysicist,1,geophysicists=1,1,0,0,0,0,0,0,0
geoscientist,1,geoscientist=1,1,0,0,0,0,0,0,0
geothermally,1,geothermally=1,0,0,0,0,0,1,0,0
gerardus,1,gerardus=1,0,1,0,0,0,0,0,0
gershund,1,gershund=1,1,0,0,0,0,0,0,0
getaway,1,getaways=1,1,0,0,0,0,0,0,0
geysa,1,geysa=1,1,0,0,0,0,0,0,0
geysers,1,geysers=1,0,1,0,0,0,0,0,0
geysir,1,geysir=1,0,1,0,0,0,0,0,0
ghaggar,1,ghaggar=1,0,1,0,0,0,0,0,0
ghent,1,ghent=1,0,1,0,0,0,0,0,0
ghetto,1,ghetto=1,1,0,0,0,0,0,0,0
ghostly,1,ghostly=1,0,0,0,0,0,1,0,0
gibraltar,1,gibraltar=1,0,1,0,0,0,0,0,0
gical,1,gical=1,0,0,0,0,1,0,0,0
gigabyte,1,gigabytes=1,0,0,1,0,0,0,0,0
gigaelectron,1,gigaelectron=1,0,0,0,0,1,0,0,0
gilmore,1,gilmore=1,0,1,0,0,0,0,0,0
gimmick,1,gimmick=1,1,0,0,0,0,0,0,0
gimosquitoe,1,gimosquitoes=1,1,0,0,0,0,0,0,0
gina,1,gina=1,0,1,0,0,0,0,0,0
ginkgo,1,ginkgo=1,1,0,0,0,0,0,0,0
git,1,gits=1,1,0,0,0,0,0,0,0
gizzard,1,gizzard=1,1,0,0,0,0,0,0,0
glaciated,1,glaciated=1,0,0,0,0,1,0,0,0
glaciers,1,glaciers=1,0,1,0,0,0,0,0,0
glacior,1,glaciors=1,1,0,0,0,0,0,0,0
glacler,1,glaclers=1,1,0,0,0,0,0,0,0
gladly,1,gladly=1,0,0,0,0,0,1,0,0
glamorize,1,glamorize=1,0,0,1,0,0,0,0,0
glaring,1,glaring=1,0,0,0,0,1,0,0,0
glasgow,1,glasgow=1,0,1,0,0,0,0,0,0
glassmakers,1,glassmakers=1,0,1,0,0,0,0,0,0
gleam,1,gleam=1,1,0,0,0,0,0,0,0
glimmer,1,glimmer=1,1,0,0,0,0,0,0,0
glitter,1,glittering=1,0,0,1,0,0,0,0,0
glob,1,glob=1,1,0,0,0,0,0,0,0
globalize,1,globalized=1,0,0,1,0,0,0,0,0
globule,1,globules=1,1,0,0,0,0,0,0,0
glop,1,glop=1,1,0,0,0,0,0,0,0
gloria,1,gloria=1,0,1,0,0,0,0,0,0
glorious,1,glorious=1,0,0,0,0,1,0,0,0
glory,1,glories=1,1,0,0,0,0,0,0,0
gloves,1,gloves=1,0,1,0,0,0,0,0,0
glowing,1,glowing=1,0,0,0,0,1,0,0,0
gluing,1,gluing=1,1,0,0,0,0,0,0,0
glycine,1,glycine=1,1,0,0,0,0,0,0,0
glycol,1,glycol=1,1,0,0,0,0,0,0,0
glyphosate,1,glyphosate=1,0,0,0,0,1,0,0,0
gobi,1,gobi=1,0,1,0,0,0,0,0,0
goblet,1,goblets=1,1,0,0,0,0,0,0,0
goldsmithing,1,goldsmithing=1,1,0,0,0,0,0,0,0
goldworker,1,goldworkers=1,1,0,0,0,0,0,0,0
golf,1,golf=1,1,0,0,0,0,0,0,0
gonzalez,1,gonzalez=1,0,1,0,0,0,0,0,0
goodbye,1,goodbye=1,1,0,0,0,0,0,0,0
goodness,1,goodness=1,1,0,0,0,0,0,0,0
goodwin,1,goodwin=1,0,1,0,0,0,0,0,0
gooey,1,gooey=1,1,0,0,0,0,0,0,0
gorries,1,gorries=1,0,1,0,0,0,0,0,0
goto,1,goto=1,1,0,0,0,0,0,0,0
gottfried,1,gottfried=1,0,1,0,0,0,0,0,0
gourd,1,gourds=1,1,0,0,0,0,0,0,0
gown,1,gown=1,1,0,0,0,0,0,0,0
graciously,1,graciously=1,0,0,0,0,0,1,0,0
graeme,1,graeme=1,0,1,0,0,0,0,0,0
grafting,1,grafting=1,1,0,0,0,0,0,0,0
grainy,1,grainy=1,0,0,0,0,1,0,0,0
grammatical,1,grammatical=1,0,0,0,0,1,0,0,0
granarius,1,granarius=1,1,0,0,0,0,0,0,0
granary,1,granaries=1,1,0,0,0,0,0,0,0
grandad,1,grandad=1,0,1,0,0,0,0,0,0
granddad,1,granddad=1,0,1,0,0,0,0,0,0
granddaughter,1,granddaughters=1,1,0,0,0,0,0,0,0
grander,1,grander=1,1,0,0,0,0,0,0,0
grandiose,1,grandiose=1,0,0,0,0,1,0,0,0
grandness,1,grandness=1,1,0,0,0,0,0,0,0
grandparents,1,grandparents=1,0,1,0,0,0,0,0,0
granola,1,granola=1,1,0,0,0,0,0,0,0
graphical,1,graphical=1,0,0,0,0,1,0,0,0
graphically,1,graphically=1,0,0,0,0,0,1,0,0
graphs,1,graphs=1,0,1,0,0,0,0,0,0
grasscarp,1,grasscarp=1,0,0,0,0,1,0,0,0
grasslands,1,grasslands=1,0,1,0,0,0,0,0,0
gratduate,1,gratduates=1,1,0,0,0,0,0,0,0
grated,1,grated=1,0,0,0,0,1,0,0,0
gratify,1,gratified=1,0,0,1,0,0,0,0,0
gratifying,1,gratifying=1,0,0,0,0,1,0,0,0
gratitude,1,gratitude=1,1,0,0,0,0,0,0,0
gravy,1,gravy=1,1,0,0,0,0,0,0,0
grays,1,grays=1,0,0,0,0,1,0,0,0
grayson,1,grayson=1,0,1,0,0,0,0,0,0
grazed,1,grazed=1,0,0,0,0,1,0,0,0
greck,1,greck=1,0,1,0,0,0,0,0,0
greedy,1,greedy=1,0,0,0,0,1,0,0,0
greenish,1,greenish=1,0,0,0,0,1,0,0,0
greenlander,1,greenlanders=1,1,0,0,0,0,0,0,0
greenlining,1,greenlining=1,1,0,0,0,0,0,0,0
greenstone,1,greenstone=1,1,0,0,0,0,0,0,0
greenworks,1,greenworks=1,0,1,0,0,0,0,0,0
greine,1,greine=1,0,1,0,0,0,0,0,0
grews,1,grews=1,1,0,0,0,0,0,0,0
gridde,1,gridded=1,0,0,1,0,0,0,0,0
gridline,1,gridlines=1,1,0,0,0,0,0,0,0
grids,1,grids=1,0,1,0,0,0,0,0,0
grierson,1,grierson=1,0,1,0,0,0,0,0,0
grim,1,grim=1,0,0,0,0,1,0,0,0
grime,1,grime=1,1,0,0,0,0,0,0,0
grimness,1,grimness=1,1,0,0,0,0,0,0,0
gritty,1,gritty=1,0,0,0,0,1,0,0,0
grocer,1,grocers=1,1,0,0,0,0,0,0,0
grotesque,1,grotesque=1,0,0,0,0,1,0,0,0
groundbreake,1,groundbreaking=1,0,0,1,0,0,0,0,0
groundfish,1,groundfish=1,1,0,0,0,0,0,0,0
growing,1,growing=1,1,0,0,0,0,0,0,0
grownup,1,grownups=1,1,0,0,0,0,0,0,0
grueling,1,grueling=1,0,0,0,0,1,0,0,0
gruff,1,gruff=1,0,0,0,0,1,0,0,0
grumble,1,grumbled=1,0,0,1,0,0,0,0,0
guan,1,guan=1,0,1,0,0,0,0,0,0
guaranteed,1,guaranteed=1,0,0,0,0,1,0,0,0
guarantor,1,guarantors=1,1,0,0,0,0,0,0,0
guards,1,guards=1,0,1,0,0,0,0,0,0
guessing,1,guessing=1,1,0,0,0,0,0,0,0
guests,1,guests=1,0,1,0,0,0,0,0,0
guglielmo,1,guglielmo=1,0,1,0,0,0,0,0,0
guidelines,1,guidelines=1,0,1,0,0,0,0,0,0
guilds,1,guilds=1,0,1,0,0,0,0,0,0
gully,1,gullies=1,1,0,0,0,0,0,0,0
gush,1,gush=1,1,0,0,0,0,0,0,0
gusii,1,gusii=1,0,1,0,0,0,0,0,0
gustav,1,gustav=1,0,1,0,0,0,0,0,0
gusty,1,gusty=1,1,0,0,0,0,0,0,0
gutenberg,1,gutenberg=1,0,1,0,0,0,0,0,0
gwain,1,gwain=1,0,1,0,0,0,0,0,0
gwen,1,gwen=1,0,1,0,0,0,0,0,0
gwinnett,1,gwinnett=1,0,1,0,0,0,0,0,0
gypsum,1,gypsum=1,1,0,0,0,0,0,0,0
habitats,1,habitats=1,0,1,0,0,0,0,0,0
habituate,1,habituated=1,0,0,1,0,0,0,0,0
haddon,1,haddon=1,0,1,0,0,0,0,0,0
hailey,1,hailey=1,0,1,0,0,0,0,0,0
haircut,1,haircut=1,1,0,0,0,0,0,0,0
hairdresser,1,hairdresser=1,1,0,0,0,0,0,0,0
haired,1,haired=1,0,0,0,0,1,0,0,0
hairlike,1,hairlike=1,0,0,0,0,1,0,0,0
hairs,1,hairs=1,0,1,0,0,0,0,0,0
haka,1,haka=1,1,0,0,0,0,0,0,0
hakra,1,hakra=1,0,1,0,0,0,0,0,0
halberd,1,halberds=1,1,0,0,0,0,0,0,0
hallstatt,1,hallstatt=1,0,1,0,0,0,0,0,0
hallucinogen,1,hallucinogens=1,1,0,0,0,0,0,0,0
halo,1,halo=1,1,0,0,0,0,0,0,0
hals,1,hals=1,0,1,0,0,0,0,0,0
halttunen,1,halttunen=1,0,1,0,0,0,0,0,0
halve,1,halved=1,0,0,1,0,0,0,0,0
hamle,1,hamle=1,0,1,0,0,0,0,0,0
hammerstone,1,hammerstones=1,1,0,0,0,0,0,0,0
hamza,1,hamza=1,1,0,0,0,0,0,0,0
handcraft,1,handcrafted=1,0,0,1,0,0,0,0,0
handing,1,handing=1,1,0,0,0,0,0,0,0
handiwork,1,handiwork=1,1,0,0,0,0,0,0,0
handlebar,1,handlebars=1,1,0,0,0,0,0,0,0
handloom,1,handloom=1,1,0,0,0,0,0,0,0
handsomely,1,handsomely=1,0,0,0,0,0,1,0,0
handwork,1,handwork=1,0,0,1,0,0,0,0,0
handwoven,1,handwoven=1,0,0,0,0,1,0,0,0
hangere,1,hangered=1,0,0,1,0,0,0,0,0
hanging,1,hangings=1,1,0,0,0,0,0,0,0
hanna,1,hanna=1,0,1,0,0,0,0,0,0
haphazard,1,haphazard=1,0,0,0,0,1,0,0,0
happening,1,happening=1,1,0,0,0,0,0,0,0
hapy,1,hapy=1,0,1,0,0,0,0,0,0
harald,1,harald=1,0,1,0,0,0,0,0,0
harappa,1,harappa=1,0,1,0,0,0,0,0,0
harborfield,1,harborfield=1,0,1,0,0,0,0,0,0
hardier,1,hardier=1,0,0,0,0,1,0,0,0
harmoniously,1,harmoniously=1,0,0,0,0,0,1,0,0
harmonize,1,harmonize=1,0,0,1,0,0,0,0,0
harnes,1,harness=1,0,0,1,0,0,0,0,0
harper,1,harper=1,0,1,0,0,0,0,0,0
harrow,1,harrows=1,1,0,0,0,0,0,0,0
harry,1,harry=1,0,1,0,0,0,0,0,0
hartebe,1,hartebeest=1,0,0,0,0,1,0,0,0
hartman,1,hartman=1,0,1,0,0,0,0,0,0
hartsfield,1,hartsfield=1,0,1,0,0,0,0,0,0
harvester,1,harvesters=1,1,0,0,0,0,0,0,0
harwood,1,harwood=1,0,1,0,0,0,0,0,0
hash,1,hashing=1,0,0,1,0,0,0,0,0
hassamfs,1,hassamfs=1,0,1,0,0,0,0,0,0
hastened,1,hastened=1,0,0,0,0,1,0,0,0
hastily,1,hastily=1,0,0,0,0,0,1,0,0
hasty,1,hasty=1,0,0,0,0,1,0,0,0
hatchet,1,hatchet=1,1,0,0,0,0,0,0,0
hath,1,hath=1,1,0,0,0,0,0,0,0
hatred,1,hatred=1,1,0,0,0,0,0,0,0
haven,1,haven=1,1,0,0,0,0,0,0,0
havingcontrol,1,havingcontrol=1,1,0,0,0,0,0,0,0
havoc,1,havoc=1,1,0,0,0,0,0,0,0
hawthorme,1,hawthorme=1,0,1,0,0,0,0,0,0
hayes,1,hayes=1,0,1,0,0,0,0,0,0
hayfield,1,hayfield=1,1,0,0,0,0,0,0,0
hazleton,1,hazleton=1,0,1,0,0,0,0,0,0
headbutting,1,headbutting=1,1,0,0,0,0,0,0,0
headed,1,headed=1,0,0,0,0,1,0,0,0
headwind,1,headwinds=1,1,0,0,0,0,0,0,0
healt,1,healt=1,1,0,0,0,0,0,0,0
healthfully,1,healthfully=1,0,0,0,0,0,1,0,0
hearted,1,hearted=1,0,0,0,0,1,0,0,0
heaviness,1,heaviness=1,1,0,0,0,0,0,0,0
heavyweight,1,heavyweight=1,1,0,0,0,0,0,0,0
hellas,1,hellas=1,0,1,0,0,0,0,0,0
helpless,1,helpless=1,0,0,0,0,1,0,0,0
hemingway,1,hemingway=1,0,1,0,0,0,0,0,0
hempen,1,hempen=1,0,0,0,0,1,0,0,0
henceforth,1,henceforth=1,0,0,0,0,0,1,0,0
hendrick,1,hendrick=1,0,1,0,0,0,0,0,0
herbaceous,1,herbaceous=1,0,0,0,0,1,0,0,0
herbert,1,herbert=1,0,1,0,0,0,0,0,0
herbivoree,1,herbivorees=1,1,0,0,0,0,0,0,0
herbivores,1,herbivores=1,0,1,0,0,0,0,0,0
herboloand,1,herboloand=1,1,0,0,0,0,0,0,0
herbory,1,herbory=1,1,0,0,0,0,0,0,0
herbs,1,herbs=1,0,1,0,0,0,0,0,0
hercules,1,hercules=1,0,1,0,0,0,0,0,0
herded,1,herded=1,0,0,0,0,1,0,0,0
heref,1,herefs=1,0,0,1,0,0,0,0,0
heretical,1,heretical=1,0,0,0,0,1,0,0,0
hernandez,1,hernandez=1,0,1,0,0,0,0,0,0
heroes,1,heroes=1,0,1,0,0,0,0,0,0
herringbone,1,herringbone=1,1,0,0,0,0,0,0,0
hesse,1,hesse=1,0,1,0,0,0,0,0,0
heston,1,heston=1,0,1,0,0,0,0,0,0
heterophony,1,heterophony=1,1,0,0,0,0,0,0,0
heyday,1,heyday=1,1,0,0,0,0,0,0,0
hierankonpolis,1,hierankonpolis=1,0,1,0,0,0,0,0,0
hierarchically,1,hierarchically=1,0,0,0,0,0,1,0,0
highness,1,highness=1,1,0,0,0,0,0,0,0
higner,1,higner=1,0,1,0,0,0,0,0,0
hilbert,1,hilbert=1,0,1,0,0,0,0,0,0
himalaya,1,himalaya=1,0,1,0,0,0,0,0,0
himalayan,1,himalayan=1,0,0,0,0,1,0,0,0
hindquarter,1,hindquarters=1,1,0,0,0,0,0,0,0
hindsight,1,hindsight=1,1,0,0,0,0,0,0,0
hippo,1,hippo=1,1,0,0,0,0,0,0,0
hippodrome,1,hippodrome=1,0,1,0,0,0,0,0,0
hippopotamus,1,hippopotamus=1,1,0,0,0,0,0,0,0
hippos,1,hippos=1,1,0,0,0,0,0,0,0
hippotragus,1,hippotragus=1,0,1,0,0,0,0,0,0
hips,1,hips=1,0,1,0,0,0,0,0,0
hiring,1,hiring=1,1,0,0,0,0,0,0,0
hitchhike,1,hitchhike=1,0,0,1,0,0,0,0,0
hitchhiker,1,hitchhiker=1,1,0,0,0,0,0,0,0
hoarding,1,hoarding=1,1,0,0,0,0,0,0,0
hohokam,1,hohokam=1,0,1,0,0,0,0,0,0
hoist,1,hoists=1,1,0,0,0,0,0,0,0
holdfast,1,holdfasts=1,1,0,0,0,0,0,0,0
holdover,1,holdover=1,1,0,0,0,0,0,0,0
homebuyer,1,homebuyers=1,1,0,0,0,0,0,0,0
homemade,1,homemade=1,0,0,0,0,1,0,0,0
homesick,1,homesick=1,0,0,0,0,1,0,0,0
homespun,1,homespun=1,1,0,0,0,0,0,0,0
homestead,1,homestead=1,0,1,0,0,0,0,0,0
homeward,1,homeward=1,0,0,0,0,1,0,0,0
homogenization,1,homogenization=1,1,0,0,0,0,0,0,0
homophony,1,homophony=1,0,1,0,0,0,0,0,0
hondura,1,honduras=1,1,0,0,0,0,0,0,0
honig,1,honig=1,0,1,0,0,0,0,0,0
hopefulness,1,hopefulness=1,1,0,0,0,0,0,0,0
hopeless,1,hopeless=1,0,0,0,0,1,0,0,0
hopi,1,hopi=1,0,1,0,0,0,0,0,0
hopkins,1,hopkins=1,0,1,0,0,0,0,0,0
hormonally,1,hormonally=1,0,0,0,0,0,1,0,0
horns,1,horns=1,0,1,0,0,0,0,0,0
horrendous,1,horrendous=1,0,0,0,0,1,0,0,0
horsefair,1,horsefair=1,0,1,0,0,0,0,0,0
horsemen,1,horsemen=1,0,1,0,0,0,0,0,0
horseplay,1,horseplay=1,1,0,0,0,0,0,0,0
horses,1,horses=1,0,1,0,0,0,0,0,0
hose,1,hose=1,1,0,0,0,0,0,0,0
hostage,1,hostages=1,1,0,0,0,0,0,0,0
hotels,1,hotels=1,0,1,0,0,0,0,0,0
hourly,1,hourly=1,0,0,0,0,1,0,0,0
hours,1,hours=1,0,1,0,0,0,0,0,0
housekeeping,1,housekeeping=1,1,0,0,0,0,0,0,0
houseplant,1,houseplants=1,1,0,0,0,0,0,0,0
howl,1,howling=1,0,0,1,0,0,0,0,0
huddling,1,huddling=1,0,1,0,0,0,0,0,0
hudsons,1,hudsons=1,0,1,0,0,0,0,0,0
hue,1,hue=1,1,0,0,0,0,0,0,0
hug,1,hug=1,1,0,0,0,0,0,0,0
humane,1,humane=1,0,0,0,0,1,0,0,0
humanize,1,humanized=1,0,0,1,0,0,0,0,0
humanly,1,humanly=1,0,0,0,0,0,1,0,0
humanoid,1,humanoids=1,1,0,0,0,0,0,0,0
hume,1,hume=1,1,0,0,0,0,0,0,0
hummingbirds,1,hummingbirds=1,0,1,0,0,0,0,0,0
hummock,1,hummocks=1,1,0,0,0,0,0,0,0
humongous,1,humongous=1,0,0,0,0,1,0,0,0
humoral,1,humoral=1,0,0,0,0,1,0,0,0
humorist,1,humorist=1,1,0,0,0,0,0,0,0
hump,1,hump=1,0,0,0,0,1,0,0,0
hundredfold,1,hundredfold=1,1,0,0,0,0,0,0,0
hundredth,1,hundredths=1,1,0,0,0,0,0,0,0
hunk,1,hunks=1,1,0,0,0,0,0,0,0
hurtle,1,hurtling=1,0,0,1,0,0,0,0,0
husbandry,1,husbandry=1,1,0,0,0,0,0,0,0
hustle,1,hustle=1,1,0,0,0,0,0,0,0
hydrocarbon,1,hydrocarbon=1,1,0,0,0,0,0,0,0
hydrological,1,hydrological=1,0,0,0,0,1,0,0,0
hydrolysi,1,hydrolysis=1,1,0,0,0,0,0,0,0
hydrophobia,1,hydrophobia=1,1,0,0,0,0,0,0,0
hygiene,1,hygiene=1,1,0,0,0,0,0,0,0
hymn,1,hymns=1,1,0,0,0,0,0,0,0
hyperactivity,1,hyperactivity=1,1,0,0,0,0,0,0,0
hyperventilating,1,hyperventilating=1,1,0,0,0,0,0,0,0
hypno,1,hypnos=1,1,0,0,0,0,0,0,0
hypnotizable,1,hypnotizable=1,0,0,0,0,1,0,0,0
hypothalamus,1,hypothalamus=1,1,0,0,0,0,0,0,0
hypothermia,1,hypothermia=1,1,0,0,0,0,0,0,0
hypothetically,1,hypothetically=1,0,0,0,0,0,1,0,0
hysteria,1,hysteria=1,0,1,0,0,0,0,0,0
hysterically,1,hysterically=1,0,0,0,0,0,1,0,0
ian,1,ian=1,0,1,0,0,0,0,0,0
icahn,1,icahn=1,0,1,0,0,0,0,0,0
icarin,1,icarin=1,1,0,0,0,0,0,0,0
icaronicterus,1,icaronicterus=1,1,0,0,0,0,0,0,0
icarus,1,icarus=1,0,1,0,0,0,0,0,0
iceburg,1,iceburg=1,0,1,0,0,0,0,0,0
iciness,1,iciness=1,1,0,0,0,0,0,0,0
icing,1,icing=1,1,0,0,0,0,0,0,0
iconic,1,iconic=1,0,0,0,0,1,0,0,0
icron,1,icron=1,0,1,0,0,0,0,0,0
identife,1,identifed=1,0,0,1,0,0,0,0,0
ideological,1,ideological=1,0,0,0,0,1,0,0,0
ideologically,1,ideologically=1,0,0,0,0,0,1,0,0
idh,1,idh=1,0,1,0,0,0,0,0,0
idiosyncrasy,1,idiosyncrasies=1,1,0,0,0,0,0,0,0
idleness,1,idleness=1,1,0,0,0,0,0,0,0
iffy,1,iffy=1,0,0,0,0,1,0,0,0
igneous,1,igneous=1,0,0,0,0,1,0,0,0
ignorant,1,ignorant=1,0,0,0,0,1,0,0,0
igor,1,igor=1,0,1,0,0,0,0,0,0
iguanas,1,iguanas=1,0,1,0,0,0,0,0,0
illegally,1,illegally=1,0,0,0,0,0,1,0,0
illegitimate,1,illegitimate=1,0,0,0,0,1,0,0,0
illuminator,1,illuminators=1,1,0,0,0,0,0,0,0
illustrating,1,illustrating=1,1,0,0,0,0,0,0,0
illustrations,1,illustrations=1,0,1,0,0,0,0,0,0
ilustrate,1,ilustrates=1,0,0,1,0,0,0,0,0
imagining,1,imaginings=1,1,0,0,0,0,0,0,0
imagists,1,imagists=1,0,1,0,0,0,0,0,0
imestone,1,imestone=1,1,0,0,0,0,0,0,0
imitating,1,imitating=1,1,0,0,0,0,0,0,0
immeasurable,1,immeasurable=1,0,0,0,0,1,0,0,0
immeasurably,1,immeasurably=1,0,0,0,0,0,1,0,0
immensity,1,immensity=1,1,0,0,0,0,0,0,0
immigrants,1,immigrants=1,0,1,0,0,0,0,0,0
immoral,1,immoral=1,0,0,0,0,1,0,0,0
immortal,1,immortal=1,0,0,0,0,1,0,0,0
immunological,1,immunological=1,0,0,0,0,1,0,0,0
impacting,1,impacting=1,1,0,0,0,0,0,0,0
impactor,1,impactor=1,1,0,0,0,0,0,0,0
impaired,1,impaired=1,0,0,0,0,1,0,0,0
impartial,1,impartial=1,0,0,0,0,1,0,0,0
impede,1,impeded=1,0,0,1,0,0,0,0,0
impending,1,impending=1,0,0,0,0,1,0,0,0
imperative,1,imperative=1,1,0,0,0,0,0,0,0
imperceptible,1,imperceptible=1,0,0,0,0,1,0,0,0
imperfections,1,imperfections=1,0,1,0,0,0,0,0,0
imperfectly,1,imperfectly=1,0,0,0,0,0,1,0,0
imperil,1,imperil=1,0,0,1,0,0,0,0,0
impersonate,1,impersonating=1,0,0,1,0,0,0,0,0
impervious,1,impervious=1,0,0,0,0,1,0,0,0
impolite,1,impolite=1,0,0,0,0,1,0,0,0
importan,1,importan=1,0,1,0,0,0,0,0,0
importantest,1,importantests=1,1,0,0,0,0,0,0,0
importing,1,importing=1,1,0,0,0,0,0,0,0
imposing,1,imposing=1,1,0,0,0,0,0,0,0
impossibility,1,impossibility=1,1,0,0,0,0,0,0,0
imposter,1,imposter=1,1,0,0,0,0,0,0,0
impound,1,impounded=1,0,0,1,0,0,0,0,0
impoverish,1,impoverished=1,0,0,1,0,0,0,0,0
impracticality,1,impracticality=1,1,0,0,0,0,0,0,0
imprecise,1,imprecise=1,1,0,0,0,0,0,0,0
improbable,1,improbable=1,0,0,0,0,1,0,0,0
impromptu,1,impromptu=1,0,0,0,0,1,0,0,0
improperly,1,improperly=1,0,0,0,0,0,1,0,0
impure,1,impure=1,1,0,0,0,0,0,0,0
impurities,1,impurities=1,0,1,0,0,0,0,0,0
inaccessibility,1,inaccessibility=1,1,0,0,0,0,0,0,0
inapplicable,1,inapplicable=1,0,0,0,0,1,0,0,0
incas,1,incas=1,1,0,0,0,0,0,0,0
incidental,1,incidental=1,0,0,0,0,1,0,0,0
incipient,1,incipient=1,0,0,0,0,1,0,0,0
incise,1,incised=1,0,0,1,0,0,0,0,0
incision,1,incisions=1,1,0,0,0,0,0,0,0
included,1,included=1,0,1,0,0,0,0,0,0
includina,1,includina=1,0,0,0,0,1,0,0,0
includine,1,includine=1,0,0,1,0,0,0,0,0
incompetence,1,incompetence=1,1,0,0,0,0,0,0,0
incompletely,1,incompletely=1,0,0,0,0,0,1,0,0
inconspicuously,1,inconspicuously=1,0,0,0,0,0,1,0,0
inconvenienced,1,inconvenienced=1,0,0,0,0,1,0,0,0
increasing,1,increasing=1,1,0,0,0,0,0,0,0
incremental,1,incremental=1,0,0,0,0,1,0,0,0
incrementally,1,incrementally=1,0,0,0,0,0,1,0,0
incubator,1,incubators=1,1,0,0,0,0,0,0,0
incude,1,incude=1,0,0,1,0,0,0,0,0
incurably,1,incurably=1,0,0,0,0,0,1,0,0
indebtedness,1,indebtedness=1,0,0,0,0,1,0,0,0
indecipherable,1,indecipherable=1,0,0,0,0,1,0,0,0
indicating,1,indicating=1,1,0,0,0,0,0,0,0
indignant,1,indignant=1,0,0,0,0,1,0,0,0
indonesian,1,indonesian=1,0,0,0,0,1,0,0,0
inducement,1,inducement=1,1,0,0,0,0,0,0,0
industrially,1,industrially=1,0,0,0,0,0,1,0,0
ineffectiveness,1,ineffectiveness=1,1,0,0,0,0,0,0,0
inelegant,1,inelegant=1,0,0,0,0,1,0,0,0
ineptly,1,ineptly=1,0,0,0,0,0,1,0,0
inertia,1,inertia=1,1,0,0,0,0,0,0,0
inessential,1,inessential=1,0,0,0,0,1,0,0,0
inexperience,1,inexperience=1,1,0,0,0,0,0,0,0
infallible,1,infallible=1,0,0,0,0,1,0,0,0
inferiority,1,inferiority=1,1,0,0,0,0,0,0,0
infinitesimal,1,infinitesimal=1,0,0,0,0,1,0,0,0
infinitesimally,1,infinitesimally=1,0,0,0,0,0,1,0,0
infirmary,1,infirmary=1,1,0,0,0,0,0,0,0
influencing,1,influencing=1,1,0,0,0,0,0,0,0
informality,1,informality=1,1,0,0,0,0,0,0,0
ingested,1,ingested=1,0,0,0,0,1,0,0,0
ingesting,1,ingesting=1,0,1,0,0,0,0,0,0
ingestion,1,ingestion=1,1,0,0,0,0,0,0,0
inhabitants,1,inhabitants=1,0,1,0,0,0,0,0,0
inhale,1,inhales=1,0,0,1,0,0,0,0,0
inhibitor,1,inhibitors=1,1,0,0,0,0,0,0,0
initiation,1,initiation=1,1,0,0,0,0,0,0,0
injection,1,injection=1,1,0,0,0,0,0,0,0
injured,1,injured=1,0,0,0,0,1,0,0,0
injustice,1,injustice=1,1,0,0,0,0,0,0,0
innately,1,innately=1,0,0,0,0,0,1,0,0
innocence,1,innocence=1,1,0,0,0,0,0,0,0
innovatively,1,innovatively=1,0,0,0,0,0,1,0,0
inoculate,1,inoculate=1,0,0,1,0,0,0,0,0
inorder,1,inorder=1,1,0,0,0,0,0,0,0
inrolled,1,inrolled=1,0,0,0,0,1,0,0,0
insane,1,insane=1,0,0,0,0,1,0,0,0
insectivore,1,insectivores=1,1,0,0,0,0,0,0,0
insectrepelle,1,insectrepelling=1,0,0,1,0,0,0,0,0
insecurity,1,insecurity=1,1,0,0,0,0,0,0,0
inseparable,1,inseparable=1,0,0,0,0,1,0,0,0
inserting,1,inserting=1,1,0,0,0,0,0,0,0
insider,1,insider=1,1,0,0,0,0,0,0,0
insignificance,1,insignificance=1,1,0,0,0,0,0,0,0
insisted,1,insisted=1,0,1,0,0,0,0,0,0
inspirational,1,inspirational=1,0,0,0,0,1,0,0,0
inspiring,1,inspiring=1,0,0,0,0,1,0,0,0
instalment,1,instalment=1,1,0,0,0,0,0,0,0
instigation,1,instigation=1,1,0,0,0,0,0,0,0
institutionalized,1,institutionalized=1,0,0,0,0,1,0,0,0
instructing,1,instructing=1,1,0,0,0,0,0,0,0
instructive,1,instructive=1,0,0,0,0,1,0,0,0
instructors,1,instructors=1,0,1,0,0,0,0,0,0
instrumentation,1,instrumentation=1,1,0,0,0,0,0,0,0
instruments,1,instruments=1,0,1,0,0,0,0,0,0
insufficiency,1,insufficiency=1,1,0,0,0,0,0,0,0
insult,1,insulting=1,0,0,1,0,0,0,0,0
intangible,1,intangible=1,0,0,0,0,1,0,0,0
intarcia,1,intarcia=1,0,1,0,0,0,0,0,0
intelligently,1,intelligently=1,0,0,0,0,0,1,0,0
intensified,1,intensified=1,0,0,0,0,1,0,0,0
inter,1,inter=1,0,1,0,0,0,0,0,0
interactions,1,interactions=1,0,1,0,0,0,0,0,0
interactivity,1,interactivity=1,1,0,0,0,0,0,0,0
intercellularly,1,intercellularly=1,0,0,0,0,0,1,0,0
interchangeability,1,interchangeability=1,1,0,0,0,0,0,0,0
intercommunity,1,intercommunity=1,1,0,0,0,0,0,0,0
interconnecting,1,interconnecting=1,1,0,0,0,0,0,0,0
interconnectivity,1,interconnectivity=1,1,0,0,0,0,0,0,0
intercultural,1,intercultural=1,0,0,0,0,1,0,0,0
interfamilial,1,interfamilial=1,0,0,0,0,1,0,0,0
interfering,1,interfering=1,0,1,0,0,0,0,0,0
intergenerational,1,intergenerational=1,0,0,0,0,1,0,0,0
intergovernmental,1,intergovernmental=1,0,1,0,0,0,0,0,0
interlibrary,1,interlibrary=1,0,0,0,0,1,0,0,0
interlinked,1,interlinked=1,0,0,0,0,1,0,0,0
interloan,1,interloan=1,0,1,0,0,0,0,0,0
interlude,1,interlude=1,1,0,0,0,0,0,0,0
intermediary,1,intermediary=1,0,0,0,0,1,0,0,0
intermix,1,intermix=1,1,0,0,0,0,0,0,0
internalize,1,internalize=1,0,0,1,0,0,0,0,0
internaltime,1,internaltiming=1,0,0,1,0,0,0,0,0
interns,1,interns=1,0,1,0,0,0,0,0,0
internships,1,internships=1,0,1,0,0,0,0,0,0
interpretations,1,interpretations=1,0,1,0,0,0,0,0,0
interpreters,1,interpreters=1,0,1,0,0,0,0,0,0
interrelationship,1,interrelationships=1,1,0,0,0,0,0,0,0
interrupting,1,interrupting=1,1,0,0,0,0,0,0,0
intersite,1,intersite=1,1,0,0,0,0,0,0,0
interspecific,1,interspecific=1,0,1,0,0,0,0,0,0
interstice,1,interstices=1,1,0,0,0,0,0,0,0
intertwine,1,intertwined=1,0,0,1,0,0,0,0,0
interviewing,1,interviewing=1,1,0,0,0,0,0,0,0
interviews,1,interviews=1,0,1,0,0,0,0,0,0
interweave,1,interwoven=1,0,0,1,0,0,0,0,0
intraspecific,1,intraspecific=1,1,0,0,0,0,0,0,0
intrigued,1,intrigued=1,0,0,0,0,1,0,0,0
intrinsically,1,intrinsically=1,0,0,0,0,0,1,0,0
introducedin,1,introducedin=1,0,0,0,0,1,0,0,0
introducing,1,introducing=1,0,1,0,0,0,0,0,0
introductive,1,introductive=1,0,0,0,0,1,0,0,0
intuit,1,intuited=1,0,0,1,0,0,0,0,0
intuitively,1,intuitively=1,0,0,0,0,0,1,0,0
inturn,1,inturn=1,1,0,0,0,0,0,0,0
inundate,1,inundated=1,0,0,1,0,0,0,0,0
invalid,1,invalid=1,0,0,0,0,1,0,0,0
invariable,1,invariable=1,0,0,0,0,1,0,0,0
invariant,1,invariant=1,0,0,0,0,1,0,0,0
invasions,1,invasions=1,0,1,0,0,0,0,0,0
inventions,1,inventions=1,0,1,0,0,0,0,0,0
invert,1,inverted=1,0,0,1,0,0,0,0,0
investors,1,investors=1,0,1,0,0,0,0,0,0
invigorate,1,invigorated=1,0,0,1,0,0,0,0,0
invoice,1,invoices=1,1,0,0,0,0,0,0,0
involuntary,1,involuntary=1,0,0,0,0,1,0,0,0
io,1,io=1,0,1,0,0,0,0,0,0
ionia,1,ionia=1,0,1,0,0,0,0,0,0
ionized,1,ionized=1,0,0,0,0,1,0,0,0
iowa,1,iowa=1,0,1,0,0,0,0,0,0
ipcc,1,ipcc=1,1,0,0,0,0,0,0,0
iq,1,iq=1,1,0,0,0,0,0,0,0
irene,1,irene=1,0,1,0,0,0,0,0,0
ironmaker,1,ironmakers=1,1,0,0,0,0,0,0,0
ironmaster,1,ironmaster=1,1,0,0,0,0,0,0,0
ironworke,1,ironworking=1,0,0,1,0,0,0,0,0
ironworking,1,ironworking=1,1,0,0,0,0,0,0,0
irrationality,1,irrationality=1,1,0,0,0,0,0,0,0
irrationally,1,irrationally=1,0,0,0,0,0,1,0,0
irrefutable,1,irrefutable=1,0,0,0,0,1,0,0,0
irregularities,1,irregularities=1,0,1,0,0,0,0,0,0
irreplaceable,1,irreplaceable=1,0,0,0,0,1,0,0,0
irrespective,1,irrespective=1,0,0,0,0,0,1,0,0
irresponsibly,1,irresponsibly=1,0,0,0,0,0,1,0,0
irreversibly,1,irreversibly=1,0,0,0,0,0,1,0,0
irrevocably,1,irrevocably=1,0,0,0,0,0,1,0,0
irrigating,1,irrigating=1,1,0,0,0,0,0,0,0
irritable,1,irritable=1,0,0,0,0,1,0,0,0
irritant,1,irritant=1,0,0,0,0,1,0,0,0
irène,1,irène=1,0,1,0,0,0,0,0,0
isa,1,isa=1,0,1,0,0,0,0,0,0
isotopic,1,isotopic=1,0,0,0,0,1,0,0,0
issues,1,issues=1,0,1,0,0,0,0,0,0
istanbul,1,istanbul=1,0,1,0,0,0,0,0,0
italians,1,italians=1,0,1,0,0,0,0,0,0
itchy,1,itchy=1,1,0,0,0,0,0,0,0
items,1,items=1,0,1,0,0,0,0,0,0
iteru,1,iteru=1,0,1,0,0,0,0,0,0
ived,1,ived=1,0,0,0,0,1,0,0,0
ix,1,ix=1,0,1,0,0,0,0,0,0
j,1,j=1,0,1,0,0,0,0,0,0
jab,1,jabbing=1,0,0,1,0,0,0,0,0
jabbing,1,jabbing=1,0,1,0,0,0,0,0,0
jackal,1,jackal=1,1,0,0,0,0,0,0,0
jackrabbit,1,jackrabbit=1,1,0,0,0,0,0,0,0
jacqueline,1,jacqueline=1,0,1,0,0,0,0,0,0
janice,1,janice=1,0,1,0,0,0,0,0,0
jannet,1,jannet=1,0,1,0,0,0,0,0,0
janson,1,janson=1,0,1,0,0,0,0,0,0
japonica,1,japonica=1,0,1,0,0,0,0,0,0
java,1,java=1,0,1,0,0,0,0,0,0
javel,1,javel=1,1,0,0,0,0,0,0,0
jealous,1,jealous=1,0,0,0,0,1,0,0,0
jeanine,1,jeanine=1,0,1,0,0,0,0,0,0
jeez,1,jeez=1,0,1,0,0,0,0,0,0
jeffries,1,jeffries=1,0,1,0,0,0,0,0,0
jenness,1,jenness=1,0,1,0,0,0,0,0,0
jenson,1,jenson=1,0,1,0,0,0,0,0,0
jeremy,1,jeremy=1,1,0,0,0,0,0,0,0
jesko,1,jesko=1,0,1,0,0,0,0,0,0
jesuit,1,jesuit=1,0,1,0,0,0,0,0,0
jewelers,1,jewelers=1,0,1,0,0,0,0,0,0
jewelweed,1,jewelweed=1,0,1,0,0,0,0,0,0
jews,1,jews=1,0,1,0,0,0,0,0,0
jmt,1,jmt=1,0,1,0,0,0,0,0,0
joachim,1,joachim=1,0,1,0,0,0,0,0,0
joan,1,joan=1,0,1,0,0,0,0,0,0
joanna,1,joanna=1,0,1,0,0,0,0,0,0
jobperformance,1,jobperformance=1,1,0,0,0,0,0,0,0
joel,1,joel=1,0,1,0,0,0,0,0,0
johns,1,johns=1,0,1,0,0,0,0,0,0
jonah,1,jonah=1,0,1,0,0,0,0,0,0
jordan,1,jordan=1,0,1,0,0,0,0,0,0
jos,1,jos=1,0,1,0,0,0,0,0,0
josep,1,josep=1,0,1,0,0,0,0,0,0
joshua,1,joshua=1,0,1,0,0,0,0,0,0
josias,1,josias=1,0,1,0,0,0,0,0,0
jot,1,jot=1,0,0,1,0,0,0,0,0
journale,1,journaling=1,0,0,1,0,0,0,0,0
joust,1,joust=1,0,0,1,0,0,0,0,0
ju,1,ju=1,0,1,0,0,0,0,0,0
judicial,1,judicial=1,0,0,0,0,1,0,0,0
judy,1,judy=1,0,1,0,0,0,0,0,0
jug,1,jug=1,1,0,0,0,0,0,0,0
juggling,1,juggling=1,0,0,0,0,1,0,0,0
juke,1,juke=1,0,1,0,0,0,0,0,0
juliette,1,juliette=1,0,1,0,0,0,0,0,0
jumble,1,jumble=1,1,0,0,0,0,0,0,0
jumbo,1,jumbo=1,0,0,0,0,1,0,0,0
jungte,1,jungte=1,1,0,0,0,0,0,0,0
juniors,1,juniors=1,0,1,0,0,0,0,0,0
justifiably,1,justifiably=1,0,0,0,0,0,1,0,0
justifications,1,justifications=1,0,1,0,0,0,0,0,0
justified,1,justified=1,0,0,0,0,1,0,0,0
jute,1,jutes=1,1,0,0,0,0,0,0,0
jutes,1,jutes=1,0,1,0,0,0,0,0,0
juxtapose,1,juxtaposing=1,0,0,1,0,0,0,0,0
juxtaposed,1,juxtaposed=1,0,0,0,0,1,0,0,0
juxtaposition,1,juxtaposition=1,1,0,0,0,0,0,0,0
kaci,1,kaci=1,0,1,0,0,0,0,0,0
kalahari,1,kalahari=1,0,1,0,0,0,0,0,0
kang,1,kang=1,0,1,0,0,0,0,0,0
kangaroos,1,kangaroos=1,0,1,0,0,0,0,0,0
kaolin,1,kaolin=1,0,1,0,0,0,0,0,0
karamojong,1,karamojong=1,0,1,0,0,0,0,0,0
karyon,1,karyon=1,0,0,1,0,0,0,0,0
kasparoy,1,kasparoy=1,0,1,0,0,0,0,0,0
kathleen,1,kathleen=1,0,1,0,0,0,0,0,0
kay,1,kay=1,0,1,0,0,0,0,0,0
kazoo,1,kazoo=1,1,0,0,0,0,0,0,0
keeley,1,keeley=1,0,1,0,0,0,0,0,0
keenly,1,keenly=1,0,0,0,0,0,1,0,0
keg,1,keg=1,1,0,0,0,0,0,0,0
keller,1,keller=1,0,1,0,0,0,0,0,0
kells,1,kells=1,0,1,0,0,0,0,0,0
kelp,1,kelp=1,1,0,0,0,0,0,0,0
kenel,1,kenels=1,1,0,0,0,0,0,0,0
kenneth,1,kenneth=1,0,1,0,0,0,0,0,0
kent,1,kent=1,0,1,0,0,0,0,0,0
kentucky,1,kentucky=1,0,1,0,0,0,0,0,0
kenyan,1,kenyan=1,0,1,0,0,0,0,0,0
kern,1,kern=1,0,0,1,0,0,0,0,0
kerry,1,kerry=1,0,1,0,0,0,0,0,0
kesha,1,kesha=1,0,1,0,0,0,0,0,0
kestrels,1,kestrels=1,0,1,0,0,0,0,0,0
khafre,1,khafre=1,0,1,0,0,0,0,0,0
khnum,1,khnum=1,0,1,0,0,0,0,0,0
khoisan,1,khoisan=1,0,1,0,0,0,0,0,0
khotan,1,khotan=1,0,1,0,0,0,0,0,0
khufu,1,khufu=1,0,1,0,0,0,0,0,0
kidtrideomicosis,1,kidtrideomicosis=1,1,0,0,0,0,0,0,0
killing,1,killing=1,1,0,0,0,0,0,0,0
kilocalorie,1,kilocalories=1,1,0,0,0,0,0,0,0
kim,1,kim=1,0,1,0,0,0,0,0,0
kimberly,1,kimberly=1,0,0,0,0,0,1,0,0
kimi,1,kimi=1,0,1,0,0,0,0,0,0
kinesthetic,1,kinesthetic=1,0,0,0,0,1,0,0,0
kinetic,1,kinetic=1,0,0,0,0,1,0,0,0
kingdoms,1,kingdoms=1,0,1,0,0,0,0,0,0
kingly,1,kingly=1,1,0,0,0,0,0,0,0
kinguktuk,1,kinguktuk=1,0,1,0,0,0,0,0,0
kink,1,kinks=1,1,0,0,0,0,0,0,0
kinsbergen,1,kinsbergen=1,0,1,0,0,0,0,0,0
kirmin,1,kirmin=1,0,1,0,0,0,0,0,0
kitchens,1,kitchens=1,0,1,0,0,0,0,0,0
kivas,1,kivas=1,0,1,0,0,0,0,0,0
klepto,1,klepto=1,1,0,0,0,0,0,0,0
kllifish,1,kllifish=1,0,0,0,0,1,0,0,0
knap,1,knapping=1,0,0,1,0,0,0,0,0
knipus,1,knipus=1,1,0,0,0,0,0,0,0
knowable,1,knowable=1,0,0,0,0,1,0,0,0
knowhow,1,knowhow=1,1,0,0,0,0,0,0,0
knowing,1,knowing=1,0,1,0,0,0,0,0,0
koch,1,koch=1,0,1,0,0,0,0,0,0
korean,1,korean=1,0,0,0,0,1,0,0,0
koryfi,1,koryfi=1,0,1,0,0,0,0,0,0
kristin,1,kristin=1,0,1,0,0,0,0,0,0
krypton,1,krypton=1,0,1,0,0,0,0,0,0
kuala,1,kuala=1,0,1,0,0,0,0,0,0
kuril,1,kuril=1,0,1,0,0,0,0,0,0
laboratories,1,laboratories=1,0,1,0,0,0,0,0,0
laborers,1,laborers=1,0,1,0,0,0,0,0,0
laboriously,1,laboriously=1,0,0,0,0,0,1,0,0
labour,1,labour=1,1,0,0,0,0,0,0,0
labs,1,labs=1,0,1,0,0,0,0,0,0
lacking,1,lacking=1,0,0,0,0,1,0,0,0
lakebed,1,lakebeds=1,1,0,0,0,0,0,0,0
laman,1,lamen=1,1,0,0,0,0,0,0,0
lamb,1,lamb=1,0,1,0,0,0,0,0,0
lamplight,1,lamplight=1,1,0,0,0,0,0,0,0
lamppost,1,lampposts=1,1,0,0,0,0,0,0,0
lancashire,1,lancashire=1,0,1,0,0,0,0,0,0
landen,1,landen=1,0,1,0,0,0,0,0,0
landholde,1,landholding=1,0,0,1,0,0,0,0,0
landlocke,1,landlocked=1,0,0,1,0,0,0,0,0
landlordism,1,landlordism=1,1,0,0,0,0,0,0,0
landon,1,landon=1,0,1,0,0,0,0,0,0
landowne,1,landowning=1,0,0,1,0,0,0,0,0
landowning,1,landowning=1,1,0,0,0,0,0,0,0
lang,1,lang=1,0,1,0,0,0,0,0,0
lanka,1,lanka=1,0,1,0,0,0,0,0,0
laos,1,laos=1,0,1,0,0,0,0,0,0
lapanese,1,lapanese=1,0,0,0,0,1,0,0,0
lapis,1,lapis=1,0,0,0,0,1,0,0,0
laquerware,1,laquerware=1,1,0,0,0,0,0,0,0
larvea,1,larvea=1,1,0,0,0,0,0,0,0
lass,1,lasses=1,1,0,0,0,0,0,0,0
lateness,1,lateness=1,1,0,0,0,0,0,0,0
lattice,1,lattices=1,1,0,0,0,0,0,0,0
latvia,1,latvia=1,0,1,0,0,0,0,0,0
laud,1,lauded=1,0,0,1,0,0,0,0,0
laughter,1,laughter=1,1,0,0,0,0,0,0,0
launches,1,launches=1,0,1,0,0,0,0,0,0
laurie,1,laurie=1,0,1,0,0,0,0,0,0
laut,1,laut=1,0,1,0,0,0,0,0,0
laying,1,laying=1,1,0,0,0,0,0,0,0
lazuli,1,lazuli=1,1,0,0,0,0,0,0,0
lcaronycteris,1,lcaronycteris=1,0,1,0,0,0,0,0,0
leading,1,leading=1,0,0,0,0,1,0,0,0
leafing,1,leafing=1,1,0,0,0,0,0,0,0
leafless,1,leafless=1,0,0,0,0,1,0,0,0
leafminers,1,leafminers=1,0,1,0,0,0,0,0,0
leah,1,leah=1,1,0,0,0,0,0,0,0
leaky,1,leaky=1,0,0,0,0,1,0,0,0
leaping,1,leaping=1,1,0,0,0,0,0,0,0
learns,1,learns=1,0,1,0,0,0,0,0,0
leatherstocke,1,leatherstocking=1,0,0,1,0,0,0,0,0
leatherstocking,1,leatherstocking=1,0,1,0,0,0,0,0,0
lebanon,1,lebanon=1,0,1,0,0,0,0,0,0
lecherous,1,lecherous=1,0,0,0,0,1,0,0,0
lector,1,lector=1,0,0,1,0,0,0,0,0
leggedness,1,leggedness=1,1,0,0,0,0,0,0,0
legibility,1,legibility=1,1,0,0,0,0,0,0,0
leguminous,1,leguminous=1,0,0,0,0,1,0,0,0
legwork,1,legwork=1,1,0,0,0,0,0,0,0
lehners,1,lehners=1,0,1,0,0,0,0,0,0
leidyi,1,leidyi=1,0,1,0,0,0,0,0,0
lemur,1,lemurs=1,1,0,0,0,0,0,0,0
lender,1,lenders=1,1,0,0,0,0,0,0,0
lengthened,1,lengthened=1,0,0,0,0,1,0,0,0
leroy,1,leroy=1,0,1,0,0,0,0,0,0
lesbian,1,lesbian=1,0,0,0,0,1,0,0,0
lessening,1,lessening=1,1,0,0,0,0,0,0,0
lesser,1,lesser=1,0,0,0,0,0,1,0,0
lessons,1,lessons=1,0,1,0,0,0,0,0,0
lethargy,1,lethargy=1,1,0,0,0,0,0,0,0
letterform,1,letterforms=1,1,0,0,0,0,0,0,0
levant,1,levant=1,0,1,0,0,0,0,0,0
levees,1,levees=1,0,1,0,0,0,0,0,0
levy,1,levied=1,0,0,1,0,0,0,0,0
ley,1,ley=1,0,1,0,0,0,0,0,0
lf,1,lf=1,0,0,0,0,0,0,0,1
liaison,1,liaison=1,1,0,0,0,0,0,0,0
liberally,1,liberally=1,0,0,0,0,0,1,0,0
liberating,1,liberating=1,0,0,0,0,1,0,0,0
libray,1,libray=1,1,0,0,0,0,0,0,0
lidde,1,lidded=1,0,0,1,0,0,0,0,0
lidless,1,lidless=1,0,0,0,0,1,0,0,0
lifeform,1,lifeforms=1,1,0,0,0,0,0,0,0
lifestyles,1,lifestyles=1,0,1,0,0,0,0,0,0
lifeway,1,lifeways=1,1,0,0,0,0,0,0,0
lifting,1,lifting=1,1,0,0,0,0,0,0,0
lighten,1,lighten=1,0,0,1,0,0,0,0,0
lightfast,1,lightfast=1,1,0,0,0,0,0,0,0
lighthouses,1,lighthouses=1,0,1,0,0,0,0,0,0
lightlessness,1,lightlessness=1,1,0,0,0,0,0,0,0
lightne,1,lightning=1,0,0,1,0,0,0,0,0
likeable,1,likeable=1,0,0,0,0,1,0,0,0
lila,1,lila=1,0,1,0,0,0,0,0,0
limbe,1,limbed=1,0,0,1,0,0,0,0,0
limbed,1,limbed=1,0,0,0,0,1,0,0,0
limitations,1,limitations=1,0,1,0,0,0,0,0,0
limitless,1,limitless=1,0,0,0,0,1,0,0,0
limits,1,limits=1,0,1,0,0,0,0,0,0
linden,1,linden=1,0,1,0,0,0,0,0,0
linen,1,linen=1,1,0,0,0,0,0,0,0
linguistically,1,linguistically=1,0,0,0,0,0,1,0,0
linguists,1,linguists=1,0,1,0,0,0,0,0,0
linking,1,linking=1,1,0,0,0,0,0,0,0
linseed,1,linseed=1,1,0,0,0,0,0,0,0
liquified,1,liquified=1,0,0,0,0,1,0,0,0
lisen,1,lisen=1,1,0,0,0,0,0,0,0
liseten,1,liseten=1,0,1,0,0,0,0,0,0
listenership,1,listenership=1,1,0,0,0,0,0,0,0
listing,1,listings=1,1,0,0,0,0,0,0,0
lists,1,lists=1,0,1,0,0,0,0,0,0
literarily,1,literarily=1,0,0,0,0,0,1,0,0
lithuania,1,lithuania=1,0,1,0,0,0,0,0,0
littering,1,littering=1,0,0,0,0,1,0,0,0
littlefield,1,littlefield=1,0,1,0,0,0,0,0,0
livable,1,livable=1,0,0,0,0,1,0,0,0
liverworts,1,liverworts=1,0,1,0,0,0,0,0,0
livingston,1,livingston=1,0,1,0,0,0,0,0,0
lly,1,lly=1,0,0,0,0,0,1,0,0
lmpact,1,lmpact=1,1,0,0,0,0,0,0,0
lmpressionist,1,lmpressionist=1,0,0,0,0,1,0,0,0
lnuit,1,lnuit=1,1,0,0,0,0,0,0,0
lobbying,1,lobbying=1,1,0,0,0,0,0,0,0
locking,1,locking=1,1,0,0,0,0,0,0,0
lockwood,1,lockwood=1,0,1,0,0,0,0,0,0
lodging,1,lodging=1,1,0,0,0,0,0,0,0
loft,1,loft=1,1,0,0,0,0,0,0,0
lofty,1,lofty=1,0,0,0,0,1,0,0,0
loggers,1,loggers=1,0,1,0,0,0,0,0,0
logistic,1,logistics=1,1,0,0,0,0,0,0,0
loner,1,loner=1,1,0,0,0,0,0,0,0
longquan,1,longquan=1,0,1,0,0,0,0,0,0
looting,1,looting=1,1,0,0,0,0,0,0,0
lopsided,1,lopsided=1,0,0,0,0,1,0,0,0
lords,1,lords=1,0,1,0,0,0,0,0,0
lothal,1,lothal=1,0,1,0,0,0,0,0,0
lothar,1,lothar=1,0,1,0,0,0,0,0,0
loudness,1,loudness=1,1,0,0,0,0,0,0,0
louisa,1,louisa=1,0,1,0,0,0,0,0,0
louisiana,1,louisiana=1,0,1,0,0,0,0,0,0
loving,1,loving=1,1,0,0,0,0,0,0,0
lowering,1,lowering=1,1,0,0,0,0,0,0,0
lowest,1,lowest=1,0,0,0,0,0,1,0,0
lowly,1,lowly=1,0,0,0,0,1,0,0,0
lowness,1,lowness=1,1,0,0,0,0,0,0,0
lrag,1,lrag=1,0,0,0,0,1,0,0,0
lran,1,lran=1,0,1,0,0,0,0,0,0
lttle,1,lttle=1,0,0,0,0,1,0,0,0
lucas,1,lucas=1,0,1,0,0,0,0,0,0
lucie,1,lucie=1,0,1,0,0,0,0,0,0
ludwig,1,ludwig=1,0,1,0,0,0,0,0,0
luke,1,luke=1,0,1,0,0,0,0,0,0
lukewarm,1,lukewarm=1,0,0,0,0,1,0,0,0
luminesce,1,luminescing=1,0,0,1,0,0,0,0,0
luminescent,1,luminescent=1,1,0,0,0,0,0,0,0
lumpur,1,lumpur=1,0,1,0,0,0,0,0,0
lumpy,1,lumpy=1,0,0,0,0,1,0,0,0
lungs,1,lungs=1,0,1,0,0,0,0,0,0
lurk,1,lurk=1,1,0,0,0,0,0,0,0
luster,1,luster=1,1,0,0,0,0,0,0,0
luther,1,luther=1,0,1,0,0,0,0,0,0
luxur,1,luxur=1,1,0,0,0,0,0,0,0
luxuriousness,1,luxuriousness=1,0,0,0,0,1,0,0,0
lydia,1,lydia=1,0,1,0,0,0,0,0,0
lydian,1,lydian=1,0,0,0,0,1,0,0,0
lyel,1,lyel=1,0,1,0,0,0,0,0,0
lyman,1,lyman=1,0,1,0,0,0,0,0,0
lyons,1,lyons=1,0,1,0,0,0,0,0,0
lyrical,1,lyrical=1,0,0,0,0,1,0,0,0
lyrics,1,lyrics=1,0,1,0,0,0,0,0,0
lysol,1,lysol=1,0,1,0,0,0,0,0,0
maal,1,maal=1,1,0,0,0,0,0,0,0
macassans,1,macassans=1,0,1,0,0,0,0,0,0
macaw,1,macaws=1,1,0,0,0,0,0,0,0
macca,1,macca=1,1,0,0,0,0,0,0,0
mace,1,mace=1,1,0,0,0,0,0,0,0
mache,1,mache=1,1,0,0,0,0,0,0,0
machines,1,machines=1,0,1,0,0,0,0,0,0
madder,1,madder=1,1,0,0,0,0,0,0,0
maddow,1,maddow=1,0,1,0,0,0,0,0,0
made,1,made=1,1,0,0,0,0,0,0,0
magelan,1,magelan=1,0,1,0,0,0,0,0,0
maggie,1,maggie=1,0,1,0,0,0,0,0,0
magically,1,magically=1,0,0,0,0,0,1,0,0
magician,1,magician=1,1,0,0,0,0,0,0,0
magnetically,1,magnetically=1,0,0,0,0,0,1,0,0
mahale,1,mahale=1,0,1,0,0,0,0,0,0
maiden,1,maiden=1,1,0,0,0,0,0,0,0
mailroom,1,mailroom=1,1,0,0,0,0,0,0,0
mainstay,1,mainstays=1,1,0,0,0,0,0,0,0
maint,1,maint=1,1,0,0,0,0,0,0,0
majoring,1,majoring=1,1,0,0,0,0,0,0,0
majors,1,majors=1,0,1,0,0,0,0,0,0
makeshift,1,makeshift=1,0,0,0,0,1,0,0,0
maley,1,maley=1,0,1,0,0,0,0,0,0
mali,1,mali=1,0,1,0,0,0,0,0,0
malicious,1,malicious=1,0,0,0,0,1,0,0,0
malign,1,maligned=1,0,0,1,0,0,0,0,0
mallaha,1,mallaha=1,0,1,0,0,0,0,0,0
mallefoul,1,mallefoul=1,1,0,0,0,0,0,0,0
mallephone,1,mallephone=1,1,0,0,0,0,0,0,0
malnutrition,1,malnutrition=1,1,0,0,0,0,0,0,0
mamet,1,mamet=1,0,1,0,0,0,0,0,0
mammoths,1,mammoths=1,0,1,0,0,0,0,0,0
manageably,1,manageably=1,0,0,0,0,0,1,0,0
manatees,1,manatees=1,0,1,0,0,0,0,0,0
mancetter,1,mancetter=1,0,1,0,0,0,0,0,0
mandarin,1,mandarin=1,0,1,0,0,0,0,0,0
mandrill,1,mandrill=1,1,0,0,0,0,0,0,0
mandé,1,mandé=1,0,1,0,0,0,0,0,0
mangales,1,mangales=1,0,1,0,0,0,0,0,0
mania,1,mania=1,1,0,0,0,0,0,0,0
manifesto,1,manifesto=1,1,0,0,0,0,0,0,0
manifold,1,manifold=1,0,0,0,0,1,0,0,0
manipulative,1,manipulative=1,0,0,0,0,1,0,0,0
manned,1,manned=1,0,0,0,0,1,0,0,0
manpower,1,manpower=1,1,0,0,0,0,0,0,0
mansa,1,mansa=1,0,1,0,0,0,0,0,0
mapmakers,1,mapmakers=1,0,1,0,0,0,0,0,0
maps,1,maps=1,0,1,0,0,0,0,0,0
marathon,1,marathon=1,1,0,0,0,0,0,0,0
marc,1,marc=1,0,1,0,0,0,0,0,0
marco,1,marco=1,0,1,0,0,0,0,0,0
marga,1,marga=1,1,0,0,0,0,0,0,0
marginalize,1,marginalized=1,0,0,1,0,0,0,0,0
marguerite,1,marguerite=1,0,0,0,0,1,0,0,0
marian,1,marian=1,0,1,0,0,0,0,0,0
mariana,1,mariana=1,0,1,0,0,0,0,0,0
markham,1,markham=1,0,1,0,0,0,0,0,0
marquess,1,marquess=1,0,1,0,0,0,0,0,0
marric,1,marric=1,0,1,0,0,0,0,0,0
marsuwial,1,marsuwials=1,1,0,0,0,0,0,0,0
marta,1,marta=1,0,1,0,0,0,0,0,0
martina,1,martina=1,0,1,0,0,0,0,0,0
mas,1,mas=1,1,0,0,0,0,0,0,0
maska,1,maska=1,0,1,0,0,0,0,0,0
mason,1,masons=1,1,0,0,0,0,0,0,0
masses,1,masses=1,0,1,0,0,0,0,0,0
massively,1,massively=1,0,0,0,0,0,1,0,0
massiveness,1,massiveness=1,1,0,0,0,0,0,0,0
masted,1,masted=1,0,0,0,0,1,0,0,0
masterfully,1,masterfully=1,0,0,0,0,0,1,0,0
masterly,1,masterly=1,0,0,0,0,1,0,0,0
masterwork,1,masterworks=1,1,0,0,0,0,0,0,0
matenial,1,matenials=1,1,0,0,0,0,0,0,0
materialism,1,materialism=1,1,0,0,0,0,0,0,0
mathematically,1,mathematically=1,0,0,0,0,0,1,0,0
mathew,1,mathew=1,0,1,0,0,0,0,0,0
matine,1,matine=1,1,0,0,0,0,0,0,0
matinee,1,matinee=1,1,0,0,0,0,0,0,0
matriarch,1,matriarch=1,1,0,0,0,0,0,0,0
matsutake,1,matsutake=1,1,0,0,0,0,0,0,0
matte,1,matte=1,1,0,0,0,0,0,0,0
matthews,1,matthews=1,0,1,0,0,0,0,0,0
mattress,1,mattresses=1,1,0,0,0,0,0,0,0
mauritania,1,mauritania=1,0,1,0,0,0,0,0,0
maven,1,maven=1,0,1,0,0,0,0,0,0
maxim,1,maxim=1,0,1,0,0,0,0,0,0
maximumly,1,maximumly=1,0,0,0,0,0,1,0,0
mayanist,1,mayanist=1,0,1,0,0,0,0,0,0
maynard,1,maynard=1,0,1,0,0,0,0,0,0
mc,1,mc=1,0,1,0,0,0,0,0,0
mccaw,1,mccaws=1,1,0,0,0,0,0,0,0
mcclintock,1,mcclintock=1,0,1,0,0,0,0,0,0
mcdonald,1,mcdonald=1,0,1,0,0,0,0,0,0
mcpherson,1,mcpherson=1,0,1,0,0,0,0,0,0
me,1,med=1,0,0,1,0,0,0,0,0
meals,1,meals=1,0,1,0,0,0,0,0,0
mealtime,1,mealtime=1,1,0,0,0,0,0,0,0
meand,1,meander=1,0,0,0,0,1,0,0,0
meander,1,meandering=1,0,0,1,0,0,0,0,0
meandering,1,meandering=1,1,0,0,0,0,0,0,0
meaner,1,meaner=1,1,0,0,0,0,0,0,0
meaningfully,1,meaningfully=1,0,0,0,0,0,1,0,0
meaninglessness,1,meaninglessness=1,1,0,0,0,0,0,0,0
measures,1,measures=1,0,1,0,0,0,0,0,0
meaty,1,meaty=1,0,1,0,0,0,0,0,0
mechanisms,1,mechanisms=1,0,1,0,0,0,0,0,0
mechanizing,1,mechanizing=1,1,0,0,0,0,0,0,0
medial,1,medial=1,0,0,0,0,1,0,0,0
medically,1,medically=1,0,0,0,0,0,1,0,0
medicin,1,medicin=1,0,1,0,0,0,0,0,0
medieyal,1,medieyal=1,0,0,0,0,1,0,0,0
mediocrity,1,mediocrity=1,1,0,0,0,0,0,0,0
mediterrancan,1,mediterrancan=1,0,1,0,0,0,0,0,0
meek,1,meek=1,0,1,0,0,0,0,0,0
meerkat,1,meerkats=1,1,0,0,0,0,0,0,0
mega,1,mega=1,0,0,0,0,1,0,0,0
megafuana,1,megafuana=1,0,0,0,0,1,0,0,0
megan,1,megan=1,0,1,0,0,0,0,0,0
mehitable,1,mehitable=1,0,1,0,0,0,0,0,0
melanesia,1,melanesia=1,0,1,0,0,0,0,0,0
melatonin,1,melatonin=1,0,1,0,0,0,0,0,0
melbourne,1,melbourne=1,0,1,0,0,0,0,0,0
melon,1,melons=1,1,0,0,0,0,0,0,0
meltdown,1,meltdown=1,1,0,0,0,0,0,0,0
melted,1,melted=1,0,0,0,0,1,0,0,0
meltwater,1,meltwater=1,1,0,0,0,0,0,0,0
melville,1,melville=1,0,1,0,0,0,0,0,0
melvin,1,melvin=1,0,1,0,0,0,0,0,0
memoirs,1,memoirs=1,0,1,0,0,0,0,0,0
memorialize,1,memorialize=1,0,0,1,0,0,0,0,0
memorized,1,memorized=1,0,0,0,0,1,0,0,0
memorizing,1,memorizing=1,0,1,0,0,0,0,0,0
memphis,1,memphis=1,0,1,0,0,0,0,0,0
menagerie,1,menagerie=1,1,0,0,0,0,0,0,0
mend,1,mending=1,0,0,1,0,0,0,0,0
mendoza,1,mendoza=1,0,1,0,0,0,0,0,0
menkaure,1,menkaure=1,1,0,0,0,0,0,0,0
mentality,1,mentality=1,1,0,0,0,0,0,0,0
menz,1,menz=1,0,1,0,0,0,0,0,0
merging,1,merging=1,1,0,0,0,0,0,0,0
merial,1,merials=1,1,0,0,0,0,0,0,0
meritocracy,1,meritocracy=1,1,0,0,0,0,0,0,0
meroite,1,meroites=1,1,0,0,0,0,0,0,0
meroěand,1,meroěand=1,0,1,0,0,0,0,0,0
meroěas,1,meroěas=1,0,1,0,0,0,0,0,0
meso,1,meso=1,0,0,0,0,1,0,0,0
mesoamenica,1,mesoamenica=1,0,1,0,0,0,0,0,0
mesocosms,1,mesocosms=1,0,1,0,0,0,0,0,0
mesopotam,1,mesopotam=1,0,1,0,0,0,0,0,0
messina,1,messina=1,0,1,0,0,0,0,0,0
messner,1,messner=1,0,1,0,0,0,0,0,0
metabolize,1,metabolize=1,0,0,1,0,0,0,0,0
metalling,1,metalling=1,1,0,0,0,0,0,0,0
metallurgical,1,metallurgical=1,0,0,0,0,1,0,0,0
metals,1,metals=1,0,1,0,0,0,0,0,0
metalworkers,1,metalworkers=1,0,1,0,0,0,0,0,0
methanogens,1,methanogens=1,0,1,0,0,0,0,0,0
methodically,1,methodically=1,0,0,0,0,0,1,0,0
methodologies,1,methodologies=1,0,1,0,0,0,0,0,0
methylmercury,1,methylmercury=1,1,0,0,0,0,0,0,0
metropolis,1,metropolis=1,1,0,0,0,0,0,0,0
mgm,1,mgm=1,0,0,0,0,1,0,0,0
mi,1,mi=1,1,0,0,0,0,0,0,0
miami,1,miami=1,0,1,0,0,0,0,0,0
mice,1,mice=1,0,0,1,0,0,0,0,0
micheal,1,micheal=1,1,0,0,0,0,0,0,0
microfiber,1,microfibers=1,1,0,0,0,0,0,0,0
micronesia,1,micronesia=1,0,1,0,0,0,0,0,0
microplastics,1,microplastics=1,0,1,0,0,0,0,0,0
microradioactivity,1,microradioactivity=1,1,0,0,0,0,0,0,0
microsecond,1,microseconds=1,1,0,0,0,0,0,0,0
microwear,1,microwear=1,1,0,0,0,0,0,0,0
middleman,1,middleman=1,1,0,0,0,0,0,0,0
midoceanic,1,midoceanic=1,0,0,0,0,1,0,0,0
midsummer,1,midsummer=1,1,0,0,0,0,0,0,0
midway,1,midway=1,0,0,0,0,0,1,0,0
midwestem,1,midwestem=1,1,0,0,0,0,0,0,0
midwinter,1,midwinter=1,1,0,0,0,0,0,0,0
mightiest,1,mightiest=1,1,0,0,0,0,0,0,0
migrations,1,migrations=1,0,1,0,0,0,0,0,0
mii,1,mii=1,1,0,0,0,0,0,0,0
militarily,1,militarily=1,0,0,0,0,0,1,0,0
militia,1,militia=1,1,0,0,0,0,0,0,0
millefleur,1,millefleurs=1,1,0,0,0,0,0,0,0
milliliter,1,milliliters=1,1,0,0,0,0,0,0,0
millionaire,1,millionaires=1,1,0,0,0,0,0,0,0
millions,1,millions=1,0,1,0,0,0,0,0,0
millionth,1,millionth=1,1,0,0,0,0,0,0,0
mills,1,mills=1,0,1,0,0,0,0,0,0
milwaukee,1,milwaukee=1,0,1,0,0,0,0,0,0
mimicked,1,mimicked=1,0,0,0,0,1,0,0,0
mimicking,1,mimicking=1,1,0,0,0,0,0,0,0
mimosas,1,mimosas=1,0,1,0,0,0,0,0,0
mineralize,1,mineralized=1,0,0,1,0,0,0,0,0
minerallexplorer,1,minerallexplorers=1,1,0,0,0,0,0,0,0
miniserie,1,miniseries=1,1,0,0,0,0,0,0,0
minister,1,minister=1,1,0,0,0,0,0,0,0
minnesota,1,minnesota=1,0,1,0,0,0,0,0,0
mint,1,mints=1,1,0,0,0,0,0,0,0
miocine,1,miocine=1,0,1,0,0,0,0,0,0
misapply,1,misapplied=1,0,0,1,0,0,0,0,0
misbehave,1,misbehave=1,0,0,1,0,0,0,0,0
misbehavior,1,misbehavior=1,1,0,0,0,0,0,0,0
miscalculation,1,miscalculation=1,1,0,0,0,0,0,0,0
misclassification,1,misclassifications=1,1,0,0,0,0,0,0,0
misclassify,1,misclassify=1,0,0,1,0,0,0,0,0
misconceptions,1,misconceptions=1,0,1,0,0,0,0,0,0
misdirect,1,misdirecting=1,0,0,1,0,0,0,0,0
miserly,1,miserly=1,0,0,0,0,0,1,0,0
misfortune,1,misfortune=1,1,0,0,0,0,0,0,0
misguided,1,misguided=1,0,0,0,0,1,0,0,0
misnomer,1,misnomer=1,1,0,0,0,0,0,0,0
misperception,1,misperception=1,1,0,0,0,0,0,0,0
misreading,1,misreading=1,1,0,0,0,0,0,0,0
misrepresent,1,misrepresents=1,0,0,1,0,0,0,0,0
misrepresented,1,misrepresented=1,0,0,0,0,1,0,0,0
misshapen,1,misshapen=1,0,0,0,0,1,0,0,0
mistook,1,mistook=1,1,0,0,0,0,0,0,0
mistranslate,1,mistranslated=1,0,0,1,0,0,0,0,0
mistress,1,mistress=1,1,0,0,0,0,0,0,0
mitchell,1,mitchell=1,0,1,0,0,0,0,0,0
mitochondrion,1,mitochondrion=1,1,0,0,0,0,0,0,0
mitten,1,mitten=1,1,0,0,0,0,0,0,0
miximatch,1,miximatch=1,1,0,0,0,0,0,0,0
mnemiopsis,1,mnemiopsis=1,0,1,0,0,0,0,0,0
mnemonic,1,mnemonic=1,0,0,0,0,1,0,0,0
mo,1,mo=1,0,1,0,0,0,0,0,0
moai,1,moai=1,1,0,0,0,0,0,0,0
mocha,1,mocha=1,1,0,0,0,0,0,0,0
mocking,1,mocking=1,1,0,0,0,0,0,0,0
modality,1,modalities=1,1,0,0,0,0,0,0,0
models,1,models=1,0,1,0,0,0,0,0,0
moderation,1,moderation=1,1,0,0,0,0,0,0,0
modernized,1,modernized=1,0,0,0,0,1,0,0,0
modestly,1,modestly=1,0,0,0,0,0,1,0,0
modifie,1,modifies=1,1,0,0,0,0,0,0,0
mohican,1,mohican=1,0,1,0,0,0,0,0,0
moistening,1,moistening=1,1,0,0,0,0,0,0,0
molar,1,molars=1,1,0,0,0,0,0,0,0
moldboard,1,moldboards=1,1,0,0,0,0,0,0,0
molds,1,molds=1,0,1,0,0,0,0,0,0
molnar,1,molnar=1,0,1,0,0,0,0,0,0
molton,1,molton=1,1,0,0,0,0,0,0,0
momentarily,1,momentarily=1,0,0,0,0,0,1,0,0
monarchy,1,monarchy=1,1,0,0,0,0,0,0,0
mondays,1,mondays=1,0,1,0,0,0,0,0,0
mongolian,1,mongolian=1,0,0,0,0,1,0,0,0
monica,1,monica=1,0,1,0,0,0,0,0,0
monkeys,1,monkeys=1,0,1,0,0,0,0,0,0
monkeysand,1,monkeysand=1,1,0,0,0,0,0,0,0
monocultural,1,monocultural=1,0,0,0,0,1,0,0,0
monopolize,1,monopolizing=1,0,0,1,0,0,0,0,0
monsoonal,1,monsoonal=1,0,0,0,0,1,0,0,0
montefeltro,1,montefeltro=1,1,0,0,0,0,0,0,0
montmartre,1,montmartre=1,0,1,0,0,0,0,0,0
moonless,1,moonless=1,0,0,0,0,1,0,0,0
moonquake,1,moonquakes=1,1,0,0,0,0,0,0,0
mooren,1,mooren=1,0,1,0,0,0,0,0,0
moose,1,moose=1,1,0,0,0,0,0,0,0
morally,1,morally=1,0,0,0,0,0,1,0,0
morbid,1,morbid=1,0,0,0,0,1,0,0,0
mori,1,mori=1,1,0,0,0,0,0,0,0
morisot,1,morisot=1,0,1,0,0,0,0,0,0
morran,1,morran=1,0,1,0,0,0,0,0,0
morris,1,morris=1,0,1,0,0,0,0,0,0
morrison,1,morrison=1,0,1,0,0,0,0,0,0
morton,1,morton=1,0,1,0,0,0,0,0,0
mortuary,1,mortuary=1,1,0,0,0,0,0,0,0
moscow,1,moscow=1,0,1,0,0,0,0,0,0
mosquitoes,1,mosquitoes=1,0,1,0,0,0,0,0,0
mothering,1,mothering=1,1,0,0,0,0,0,0,0
motivational,1,motivational=1,0,0,0,0,1,0,0,0
motivator,1,motivators=1,1,0,0,0,0,0,0,0
motorcycle,1,motorcycle=1,1,0,0,0,0,0,0,0
motorized,1,motorized=1,0,0,0,0,1,0,0,0
mould,1,mould=1,1,0,0,0,0,0,0,0
mourn,1,mourning=1,0,0,1,0,0,0,0,0
movements,1,movements=1,0,1,0,0,0,0,0,0
moviegoe,1,moviegoing=1,0,0,1,0,0,0,0,0
moviegoer,1,moviegoers=1,1,0,0,0,0,0,0,0
movies,1,movies=1,0,1,0,0,0,0,0,0
mp,1,mp=1,0,1,0,0,0,0,0,0
mployee,1,mployee=1,0,0,0,0,0,1,0,0
mr,1,mr=1,0,1,0,0,0,0,0,0
mucous,1,mucous=1,0,0,0,0,1,0,0,0
mudbank,1,mudbank=1,1,0,0,0,0,0,0,0
mudflat,1,mudflats=1,1,0,0,0,0,0,0,0
muffin,1,muffin=1,1,0,0,0,0,0,0,0
muir,1,muir=1,0,1,0,0,0,0,0,0
mulch,1,mulching=1,0,0,1,0,0,0,0,0
mulching,1,mulching=1,1,0,0,0,0,0,0,0
mull,1,mulled=1,0,0,1,0,0,0,0,0
multiblock,1,multiblock=1,0,1,0,0,0,0,0,0
multicolored,1,multicolored=1,0,0,0,0,1,0,0,0
multicroppe,1,multicropping=1,0,0,1,0,0,0,0,0
multifaceted,1,multifaceted=1,0,0,0,0,1,0,0,0
multifunctional,1,multifunctional=1,0,0,0,0,1,0,0,0
multiplicity,1,multiplicity=1,1,0,0,0,0,0,0,0
multiplying,1,multiplying=1,1,0,0,0,0,0,0,0
multisensory,1,multisensory=1,0,0,0,0,1,0,0,0
multistory,1,multistory=1,0,0,0,0,1,0,0,0
mumbling,1,mumbling=1,1,0,0,0,0,0,0,0
mummify,1,mummified=1,0,0,1,0,0,0,0,0
munich,1,munich=1,0,1,0,0,0,0,0,0
municipal,1,municipal=1,0,0,0,0,1,0,0,0
municipality,1,municipalities=1,1,0,0,0,0,0,0,0
munition,1,munitions=1,1,0,0,0,0,0,0,0
murano,1,murano=1,0,1,0,0,0,0,0,0
murex,1,murex=1,0,1,0,0,0,0,0,0
muscles,1,muscles=1,0,1,0,0,0,0,0,0
musgrove,1,musgrove=1,0,1,0,0,0,0,0,0
musicality,1,musicality=1,1,0,0,0,0,0,0,0
musically,1,musically=1,0,0,0,0,0,1,0,0
muslims,1,muslims=1,0,1,0,0,0,0,0,0
mustangs,1,mustangs=1,0,1,0,0,0,0,0,0
mutabilis,1,mutabilis=1,0,1,0,0,0,0,0,0
muted,1,muted=1,0,1,0,0,0,0,0,0
mutter,1,muttering=1,0,0,1,0,0,0,0,0
mutualist,1,mutualists=1,1,0,0,0,0,0,0,0
muzzle,1,muzzles=1,1,0,0,0,0,0,0,0
mya,1,mya=1,1,0,0,0,0,0,0,0
mycelia,1,mycelia=1,0,1,0,0,0,0,0,0
mykonos,1,mykonos=1,0,1,0,0,0,0,0,0
myopia,1,myopia=1,1,0,0,0,0,0,0,0
mysteriously,1,mysteriously=1,0,0,0,0,0,1,0,0
mystify,1,mystified=1,0,0,1,0,0,0,0,0
mystifying,1,mystifying=1,0,0,0,0,1,0,0,0
mérimée,1,mérimée=1,0,1,0,0,0,0,0,0
nabweed,1,nabweed=1,1,0,0,0,0,0,0,0
naively,1,naively=1,0,0,0,0,0,1,0,0
naming,1,naming=1,0,0,0,0,1,0,0,0
nanodiamonds,1,nanodiamonds=1,0,1,0,0,0,0,0,0
nanometer,1,nanometers=1,1,0,0,0,0,0,0,0
nanoscale,1,nanoscale=1,0,1,0,0,0,0,0,0
naomi,1,naomi=1,0,1,0,0,0,0,0,0
nape,1,nape=1,1,0,0,0,0,0,0,0
naphweed,1,naphweed=1,1,0,0,0,0,0,0,0
narrower,1,narrower=1,0,0,0,0,0,1,0,0
narrowing,1,narrowing=1,0,0,0,0,1,0,0,0
nascent,1,nascent=1,0,0,0,0,1,0,0,0
nasco,1,nasco=1,0,1,0,0,0,0,0,0
nash,1,nash=1,0,1,0,0,0,0,0,0
nassau,1,nassau=1,0,1,0,0,0,0,0,0
nasty,1,nasty=1,0,0,0,0,1,0,0,0
nathaniel,1,nathaniel=1,0,1,0,0,0,0,0,0
natively,1,natively=1,0,0,0,0,0,1,0,0
naturalness,1,naturalness=1,1,0,0,0,0,0,0,0
natured,1,natured=1,0,0,0,0,1,0,0,0
naughty,1,naughty=1,0,0,0,0,1,0,0,0
navacov,1,navacov=1,0,1,0,0,0,0,0,0
navigating,1,navigating=1,1,0,0,0,0,0,0,0
nay,1,nay=1,0,1,0,0,0,0,0,0
neal,1,neal=1,0,1,0,0,0,0,0,0
nearest,1,nearest=1,0,0,0,0,0,0,0,1
nearshore,1,nearshore=1,0,1,0,0,0,0,0,0
neater,1,neater=1,1,0,0,0,0,0,0,0
necessitating,1,necessitating=1,1,0,0,0,0,0,0,0
nectarist,1,nectarist=1,1,0,0,0,0,0,0,0
necteris,1,necteris=1,0,1,0,0,0,0,0,0
needlelike,1,needlelike=1,0,0,0,0,1,0,0,0
needlessly,1,needlessly=1,0,0,0,0,0,1,0,0
neferirkare,1,neferirkare=1,0,1,0,0,0,0,0,0
negate,1,negates=1,0,0,1,0,0,0,0,0
negligence,1,negligence=1,1,0,0,0,0,0,0,0
negotiating,1,negotiating=1,1,0,0,0,0,0,0,0
neocolonialism,1,neocolonialism=1,1,0,0,0,0,0,0,0
neoptera,1,neoptera=1,1,0,0,0,0,0,0,0
neopteran,1,neopterans=1,1,0,0,0,0,0,0,0
nepidae,1,nepidae=1,0,1,0,0,0,0,0,0
nero,1,nero=1,0,1,0,0,0,0,0,0
nestle,1,nestled=1,0,0,1,0,0,0,0,0
netherlandish,1,netherlandish=1,0,0,0,0,1,0,0,0
netting,1,netting=1,1,0,0,0,0,0,0,0
nettle,1,nettles=1,1,0,0,0,0,0,0,0
networks,1,networks=1,0,1,0,0,0,0,0,0
neurobiology,1,neurobiology=1,1,0,0,0,0,0,0,0
neurological,1,neurological=1,0,0,0,0,1,0,0,0
neuropsychologist,1,neuropsychologists=1,1,0,0,0,0,0,0,0
neuroscientist,1,neuroscientist=1,1,0,0,0,0,0,0,0
newer,1,newer=1,0,1,0,0,0,0,0,0
newness,1,newness=1,1,0,0,0,0,0,0,0
newshour,1,newshour=1,0,1,0,0,0,0,0,0
newspapers,1,newspapers=1,0,1,0,0,0,0,0,0
newsroom,1,newsroom=1,1,0,0,0,0,0,0,0
niaux,1,niaux=1,1,0,0,0,0,0,0,0
nibble,1,nibbling=1,0,0,1,0,0,0,0,0
niccolò,1,niccolò=1,0,1,0,0,0,0,0,0
nicéphore,1,nicéphore=1,0,1,0,0,0,0,0,0
nifty,1,nifty=1,0,0,0,0,1,0,0,0
nightlife,1,nightlife=1,1,0,0,0,0,0,0,0
nightly,1,nightly=1,0,0,0,0,0,1,0,0
nights,1,nights=1,0,1,0,0,0,0,0,0
nightside,1,nightside=1,0,0,0,0,1,0,0,0
nijinsky,1,nijinsky=1,0,1,0,0,0,0,0,0
nilly,1,nilly=1,0,0,0,0,0,1,0,0
nilometer,1,nilometers=1,1,0,0,0,0,0,0,0
nilometers,1,nilometers=1,0,1,0,0,0,0,0,0
nineteen,1,nineteen=1,0,0,0,0,0,0,0,1
ninurta,1,ninurta=1,0,1,0,0,0,0,0,0
niova,1,niova=1,0,1,0,0,0,0,0,0
nixon,1,nixon=1,0,1,0,0,0,0,0,0
nliterature,1,nliterature=1,1,0,0,0,0,0,0,0
noblemen,1,noblemen=1,0,1,0,0,0,0,0,0
nobly,1,nobly=1,0,0,0,0,0,1,0,0
nod,1,nodding=1,0,0,1,0,0,0,0,0
nodule,1,nodules=1,1,0,0,0,0,0,0,0
nok,1,nok=1,0,1,0,0,0,0,0,0
nonacademic,1,nonacademic=1,0,0,0,0,1,0,0,0
nonadditive,1,nonadditive=1,0,0,0,0,1,0,0,0
nonagricultural,1,nonagricultural=1,0,0,0,0,1,0,0,0
nonart,1,nonart=1,0,0,1,0,0,0,0,0
nonbulky,1,nonbulky=1,0,0,0,0,1,0,0,0
noncatch,1,noncatch=1,1,0,0,0,0,0,0,0
nonchemical,1,nonchemical=1,0,0,0,0,1,0,0,0
noncredit,1,noncredit=1,1,0,0,0,0,0,0,0
noneconomic,1,noneconomic=1,0,0,0,0,1,0,0,0
nonessential,1,nonessential=1,0,0,0,0,1,0,0,0
nonfluoridated,1,nonfluoridated=1,0,0,0,0,1,0,0,0
nonflying,1,nonflying=1,0,0,0,0,1,0,0,0
nonglacial,1,nonglacial=1,0,0,0,0,1,0,0,0
nonhierarchical,1,nonhierarchical=1,0,0,0,0,1,0,0,0
nonhunter,1,nonhunter=1,1,0,0,0,0,0,0,0
nonhunting,1,nonhunting=1,1,0,0,0,0,0,0,0
nonliterate,1,nonliterate=1,1,0,0,0,0,0,0,0
nonmember,1,nonmembers=1,1,0,0,0,0,0,0,0
nonmutualistic,1,nonmutualistic=1,0,0,0,0,1,0,0,0
nonnatural,1,nonnatural=1,0,0,0,0,1,0,0,0
nonpaleontologists,1,nonpaleontologists=1,0,1,0,0,0,0,0,0
nonpaternal,1,nonpaternal=1,0,0,0,0,1,0,0,0
nonperishable,1,nonperishable=1,0,0,0,0,1,0,0,0
nonpersonal,1,nonpersonal=1,0,0,0,0,1,0,0,0
nonpollute,1,nonpolluting=1,0,0,1,0,0,0,0,0
nonprimate,1,nonprimates=1,0,0,1,0,0,0,0,0
nonreligious,1,nonreligious=1,0,0,0,0,1,0,0,0
nonrewarde,1,nonrewarding=1,0,0,1,0,0,0,0,0
nonscientist,1,nonscientists=1,1,0,0,0,0,0,0,0
nonsense,1,nonsense=1,1,0,0,0,0,0,0,0
nonspecialist,1,nonspecialists=1,1,0,0,0,0,0,0,0
nonspinne,1,nonspinning=1,0,0,1,0,0,0,0,0
nontenure,1,nontenured=1,0,0,1,0,0,0,0,0
nontenured,1,nontenured=1,0,0,0,0,1,0,0,0
nontrivial,1,nontrivial=1,1,0,0,0,0,0,0,0
nook,1,nooks=1,1,0,0,0,0,0,0,0
nope,1,nope=1,0,1,0,0,0,0,0,0
norfolk,1,norfolk=1,0,1,0,0,0,0,0,0
norma,1,norma=1,0,1,0,0,0,0,0,0
normalize,1,normalize=1,0,0,1,0,0,0,0,0
northamptonshire,1,northamptonshire=1,0,1,0,0,0,0,0,0
northdale,1,northdale=1,0,1,0,0,0,0,0,0
northeastward,1,northeastward=1,1,0,0,0,0,0,0,0
norwich,1,norwich=1,0,1,0,0,0,0,0,0
notoriety,1,notoriety=1,1,0,0,0,0,0,0,0
notorious,1,notorious=1,0,0,0,0,1,0,0,0
nottingham,1,nottingham=1,0,1,0,0,0,0,0,0
notwithstanding,1,notwithstanding=1,0,0,0,0,0,0,0,1
nourished,1,nourished=1,0,0,0,0,1,0,0,0
novels,1,novels=1,0,1,0,0,0,0,0,0
novices,1,novices=1,0,1,0,0,0,0,0,0
noway,1,noway=1,0,1,0,0,0,0,0,0
noxious,1,noxious=1,0,0,0,0,1,0,0,0
ns,1,ns=1,1,0,0,0,0,0,0,0
nuanced,1,nuanced=1,0,0,0,0,1,0,0,0
nubia,1,nubia=1,0,1,0,0,0,0,0,0
num,1,num=1,1,0,0,0,0,0,0,0
numbingly,1,numbingly=1,0,0,0,0,0,1,0,0
numbness,1,numbness=1,1,0,0,0,0,0,0,0
numerically,1,numerically=1,0,0,0,0,0,1,0,0
nun,1,nuns=1,1,0,0,0,0,0,0,0
nunatak,1,nunataks=1,1,0,0,0,0,0,0,0
nutmeg,1,nutmeg=1,1,0,0,0,0,0,0,0
nutria,1,nutria=1,1,0,0,0,0,0,0,0
nutritionist,1,nutritionists=1,1,0,0,0,0,0,0,0
nuts,1,nuts=1,0,0,0,0,1,0,0,0
nutty,1,nutty=1,0,0,0,0,1,0,0,0
oaks,1,oaks=1,0,1,0,0,0,0,0,0
oat,1,oats=1,1,0,0,0,0,0,0,0
ob,1,ob=1,0,1,0,0,0,0,0,0
obiect,1,obiects=1,1,0,0,0,0,0,0,0
objectionable,1,objectionable=1,0,0,0,0,1,0,0,0
objects,1,objects=1,0,1,0,0,0,0,0,0
obliged,1,obliged=1,0,0,0,0,1,0,0,0
observant,1,observant=1,0,0,0,0,1,0,0,0
obsess,1,obsessed=1,0,0,1,0,0,0,0,0
obstinacy,1,obstinacy=1,1,0,0,0,0,0,0,0
obtainable,1,obtainable=1,0,0,0,0,1,0,0,0
obtaining,1,obtaining=1,0,1,0,0,0,0,0,0
ocal,1,ocal=1,0,0,0,0,1,0,0,0
occupancy,1,occupancy=1,1,0,0,0,0,0,0,0
occupations,1,occupations=1,0,1,0,0,0,0,0,0
occupier,1,occupiers=1,1,0,0,0,0,0,0,0
oceanfront,1,oceanfront=1,1,0,0,0,0,0,0,0
oculist,1,oculist=1,1,0,0,0,0,0,0,0
od,1,od=1,0,1,0,0,0,0,0,0
oddly,1,oddly=1,0,0,0,0,0,1,0,0
odorless,1,odorless=1,0,0,0,0,1,0,0,0
offender,1,offenders=1,1,0,0,0,0,0,0,0
offense,1,offense=1,1,0,0,0,0,0,0,0
officials,1,officials=1,0,1,0,0,0,0,0,0
offspre,1,offspring=1,0,0,1,0,0,0,0,0
ofindirect,1,ofindirect=1,1,0,0,0,0,0,0,0
ofinfection,1,ofinfection=1,1,0,0,0,0,0,0,0
oflapanese,1,oflapanese=1,0,0,0,0,1,0,0,0
oft,1,oft=1,0,0,0,0,0,1,0,0
oftenseen,1,oftenseen=1,0,0,0,0,1,0,0,0
ofthe,1,ofthe=1,1,0,0,0,0,0,0,0
oit,1,oit=1,0,1,0,0,0,0,0,0
ola,1,ola=1,0,1,0,0,0,0,0,0
olden,1,olden=1,0,1,0,0,0,0,0,0
olga,1,olga=1,0,1,0,0,0,0,0,0
oligarchic,1,oligarchic=1,0,0,0,0,1,0,0,0
oligarchy,1,oligarchy=1,1,0,0,0,0,0,0,0
olin,1,olin=1,0,1,0,0,0,0,0,0
olives,1,olives=1,0,1,0,0,0,0,0,0
ollide,1,ollided=1,0,0,1,0,0,0,0,0
olympics,1,olympics=1,0,1,0,0,0,0,0,0
omelet,1,omelets=1,1,0,0,0,0,0,0,0
omic,1,omic=1,0,0,0,0,1,0,0,0
omithologists,1,omithologists=1,0,1,0,0,0,0,0,0
oncoming,1,oncoming=1,0,0,0,0,1,0,0,0
onehundre,1,onehundred=1,0,0,1,0,0,0,0,0
onslaught,1,onslaught=1,1,0,0,0,0,0,0,0
ontario,1,ontario=1,0,1,0,0,0,0,0,0
onthophagus,1,onthophagus=1,0,1,0,0,0,0,0,0
onustus,1,onustus=1,1,0,0,0,0,0,0,0
onversation,1,onversation=1,1,0,0,0,0,0,0,0
oo,1,oo=1,0,0,0,0,0,0,0,1
oop,1,oops=1,1,0,0,0,0,0,0,0
oops,1,oops=1,0,0,0,0,0,1,0,0
op,1,op=1,1,0,0,0,0,0,0,0
openings,1,openings=1,0,1,0,0,0,0,0,0
operative,1,operative=1,0,0,0,0,1,0,0,0
opossum,1,opossums=1,1,0,0,0,0,0,0,0
opposed,1,opposed=1,0,0,0,0,1,0,0,0
optics,1,optics=1,0,1,0,0,0,0,0,0
optimally,1,optimally=1,0,0,0,0,0,1,0,0
optimism,1,optimism=1,1,0,0,0,0,0,0,0
opulently,1,opulently=1,0,0,0,0,0,1,0,0
orang,1,orang=1,0,1,0,0,0,0,0,0
orator,1,orator=1,1,0,0,0,0,0,0,0
orbiting,1,orbiting=1,1,0,0,0,0,0,0,0
orca一nicknamed,1,orca一nicknamed=1,0,0,0,0,1,0,0,0
orchestrated,1,orchestrated=1,0,0,0,0,1,0,0,0
orchids,1,orchids=1,0,1,0,0,0,0,0,0
ordering,1,ordering=1,1,0,0,0,0,0,0,0
oreferre,1,oreferred=1,0,0,1,0,0,0,0,0
organisation,1,organisation=1,1,0,0,0,0,0,0,0
organizing,1,organizing=1,1,0,0,0,0,0,0,0
orientalizing,1,orientalizing=1,1,0,0,0,0,0,0,0
originating,1,originating=1,1,0,0,0,0,0,0,0
origination,1,origination=1,1,0,0,0,0,0,0,0
ork,1,ork=1,1,0,0,0,0,0,0,0
orozco,1,orozco=1,0,1,0,0,0,0,0,0
orthodoxy,1,orthodoxy=1,1,0,0,0,0,0,0,0
orville,1,orville=1,0,1,0,0,0,0,0,0
osborne,1,osborne=1,0,1,0,0,0,0,0,0
oscillate,1,oscillating=1,0,0,1,0,0,0,0,0
osi,1,osi=1,0,1,0,0,0,0,0,0
osis,1,osis=1,1,0,0,0,0,0,0,0
ost,1,ost=1,0,0,0,0,0,1,0,0
ostentatious,1,ostentatious=1,0,0,0,0,1,0,0,0
ostrom,1,ostrom=1,0,1,0,0,0,0,0,0
otto,1,otto=1,0,1,0,0,0,0,0,0
outcrop,1,outcrops=1,1,0,0,0,0,0,0,0
outdo,1,outdone=1,0,0,1,0,0,0,0,0
outflow,1,outflow=1,1,0,0,0,0,0,0,0
outgrown,1,outgrown=1,0,0,1,0,0,0,0,0
outlaw,1,outlawed=1,0,0,1,0,0,0,0,0
outlines,1,outlines=1,0,1,0,0,0,0,0,0
outrage,1,outraged=1,0,0,1,0,0,0,0,0
outshoot,1,outshoot=1,0,0,1,0,0,0,0,0
outsiders,1,outsiders=1,0,1,0,0,0,0,0,0
outsmart,1,outsmart=1,0,0,1,0,0,0,0,0
outstretche,1,outstretched=1,0,0,1,0,0,0,0,0
ovary,1,ovaries=1,1,0,0,0,0,0,0,0
overabundance,1,overabundance=1,1,0,0,0,0,0,0,0
overact,1,overacted=1,0,0,1,0,0,0,0,0
overactive,1,overactive=1,0,0,0,0,1,0,0,0
overal,1,overal=1,0,0,0,0,1,0,0,0
overbearing,1,overbearing=1,0,0,0,0,1,0,0,0
overburden,1,overburdened=1,0,0,1,0,0,0,0,0
overbury,1,overbury=1,0,1,0,0,0,0,0,0
overcast,1,overcast=1,0,0,0,0,1,0,0,0
overclaim,1,overclaim=1,0,0,1,0,0,0,0,0
overconfident,1,overconfident=1,1,0,0,0,0,0,0,0
overconsumption,1,overconsumption=1,1,0,0,0,0,0,0,0
overcrowd,1,overcrowding=1,0,0,1,0,0,0,0,0
overcultivation,1,overcultivation=1,1,0,0,0,0,0,0,0
overextend,1,overextended=1,0,0,1,0,0,0,0,0
overgeneralize,1,overgeneralizing=1,0,0,1,0,0,0,0,0
overgrown,1,overgrown=1,0,0,0,0,1,0,0,0
overgrowth,1,overgrowths=1,1,0,0,0,0,0,0,0
overhang,1,overhangs=1,1,0,0,0,0,0,0,0
overhear,1,overhear=1,0,0,1,0,0,0,0,0
overheated,1,overheated=1,0,0,0,0,1,0,0,0
overhunte,1,overhunting=1,0,0,1,0,0,0,0,0
overinterpretation,1,overinterpretation=1,0,0,0,0,1,0,0,0
overjoy,1,overjoyed=1,0,0,1,0,0,0,0,0
overlain,1,overlain=1,0,0,0,0,1,0,0,0
overlay,1,overlay=1,1,0,0,0,0,0,0,0
overpainte,1,overpainting=1,0,0,1,0,0,0,0,0
overpopulate,1,overpopulated=1,0,0,1,0,0,0,0,0
overproduce,1,overproduce=1,0,0,1,0,0,0,0,0
overproduction,1,overproduction=1,1,0,0,0,0,0,0,0
overrepresente,1,overrepresented=1,0,0,1,0,0,0,0,0
oversimplify,1,oversimplify=1,0,0,1,0,0,0,0,0
oversized,1,oversized=1,0,0,0,0,1,0,0,0
overspending,1,overspending=1,1,0,0,0,0,0,0,0
overstep,1,overstepping=1,0,0,1,0,0,0,0,0
oversupply,1,oversupply=1,1,0,0,0,0,0,0,0
overtake,1,overtook=1,0,0,1,0,0,0,0,0
overtrappe,1,overtrapped=1,0,0,1,0,0,0,0,0
overturning,1,overturning=1,1,0,0,0,0,0,0,0
overwork,1,overwork=1,1,0,0,0,0,0,0,0
overworking,1,overworking=1,1,0,0,0,0,0,0,0
owen,1,owen=1,0,1,0,0,0,0,0,0
owher,1,owher=1,1,0,0,0,0,0,0,0
owls,1,owls=1,0,1,0,0,0,0,0,0
owning,1,owning=1,1,0,0,0,0,0,0,0
oxdye,1,oxdying=1,0,0,1,0,0,0,0,0
oxides,1,oxides=1,0,1,0,0,0,0,0,0
oxyger,1,oxyger=1,1,0,0,0,0,0,0,0
pablo,1,pablo=1,0,1,0,0,0,0,0,0
pacify,1,pacifying=1,0,0,1,0,0,0,0,0
pacing,1,pacing=1,1,0,0,0,0,0,0,0
packer,1,packers=1,1,0,0,0,0,0,0,0
padding,1,padding=1,1,0,0,0,0,0,0,0
paddy,1,paddies=1,1,0,0,0,0,0,0,0
pages,1,pages=1,0,1,0,0,0,0,0,0
painfully,1,painfully=1,0,0,0,0,0,1,0,0
painterly,1,painterly=1,0,0,0,0,0,1,0,0
paints,1,paints=1,0,1,0,0,0,0,0,0
pajama,1,pajamas=1,1,0,0,0,0,0,0,0
palaeoptera,1,palaeoptera=1,0,1,0,0,0,0,0,0
palaeopteran,1,palaeopteran=1,0,0,0,0,1,0,0,0
palate,1,palates=1,1,0,0,0,0,0,0,0
paleness,1,paleness=1,1,0,0,0,0,0,0,0
palenque,1,palenque=1,1,0,0,0,0,0,0,0
paleobotanist,1,paleobotanists=1,1,0,0,0,0,0,0,0
paleontologists,1,paleontologists=1,0,1,0,0,0,0,0,0
palpable,1,palpable=1,0,0,0,0,1,0,0,0
palve,1,palve=1,0,0,1,0,0,0,0,0
panamanian,1,panamanian=1,0,0,0,0,1,0,0,0
pandas,1,pandas=1,0,1,0,0,0,0,0,0
paneling,1,paneling=1,1,0,0,0,0,0,0,0
paperclip,1,paperclips=1,1,0,0,0,0,0,0,0
papermake,1,papermaking=1,0,0,1,0,0,0,0,0
papers,1,papers=1,0,1,0,0,0,0,0,0
papua,1,papua=1,0,1,0,0,0,0,0,0
parado,1,parados=1,1,0,0,0,0,0,0,0
paradoxical,1,paradoxical=1,0,0,0,0,1,0,0,0
parakeets,1,parakeets=1,0,1,0,0,0,0,0,0
paralyze,1,paralyze=1,0,0,1,0,0,0,0,0
parameter,1,parameters=1,1,0,0,0,0,0,0,0
parasitoid,1,parasitoid=1,1,0,0,0,0,0,0,0
parcel,1,parceling=1,0,0,1,0,0,0,0,0
pare,1,pare=1,0,0,1,0,0,0,0,0
parenthesis,1,parentheses=1,1,0,0,0,0,0,0,0
parents,1,parents=1,0,1,0,0,0,0,0,0
parkes,1,parkes=1,0,1,0,0,0,0,0,0
paro,1,paro=1,0,1,0,0,0,0,0,0
partake,1,partake=1,0,0,1,0,0,0,0,0
parthey,1,parthey=1,0,0,0,0,0,0,1,0
particles,1,particles=1,0,1,0,0,0,0,0,0
partitioning,1,partitioning=1,0,1,0,0,0,0,0,0
partners,1,partners=1,0,1,0,0,0,0,0,0
partway,1,partway=1,0,0,0,0,0,1,0,0
partying,1,partying=1,1,0,0,0,0,0,0,0
pascal,1,pascal=1,0,1,0,0,0,0,0,0
passersby,1,passersby=1,1,0,0,0,0,0,0,0
passkey,1,passkey=1,1,0,0,0,0,0,0,0
passthrough,1,passthrough=1,0,0,1,0,0,0,0,0
pastels,1,pastels=1,0,1,0,0,0,0,0,0
pastime,1,pastimes=1,1,0,0,0,0,0,0,0
patchily,1,patchily=1,0,0,0,0,0,1,0,0
patchy,1,patchy=1,0,0,0,0,1,0,0,0
patently,1,patently=1,0,0,0,0,0,1,0,0
pater,1,pater=1,0,1,0,0,0,0,0,0
pathogens,1,pathogens=1,0,1,0,0,0,0,0,0
pathologically,1,pathologically=1,0,0,0,0,0,1,0,0
patients,1,patients=1,0,1,0,0,0,0,0,0
patriotic,1,patriotic=1,0,0,0,0,1,0,0,0
patronise,1,patronising=1,0,0,1,0,0,0,0,0
patrons,1,patrons=1,0,1,0,0,0,0,0,0
patten,1,pattens=1,1,0,0,0,0,0,0,0
patter,1,pattering=1,0,0,1,0,0,0,0,0
pauli,1,pauli=1,0,1,0,0,0,0,0,0
paulo,1,paulo=1,0,1,0,0,0,0,0,0
pavilion,1,pavilion=1,1,0,0,0,0,0,0,0
paving,1,paving=1,1,0,0,0,0,0,0,0
paxton,1,paxton=1,0,1,0,0,0,0,0,0
payments,1,payments=1,0,1,0,0,0,0,0,0
payout,1,payout=1,1,0,0,0,0,0,0,0
payrment,1,payrment=1,1,0,0,0,0,0,0,0
payroll,1,payroll=1,1,0,0,0,0,0,0,0
pd,1,pd=1,0,1,0,0,0,0,0,0
peatlands,1,peatlands=1,0,1,0,0,0,0,0,0
peck,1,pecked=1,0,0,1,0,0,0,0,0
peculiarity,1,peculiarities=1,1,0,0,0,0,0,0,0
pedant,1,pedant=1,1,0,0,0,0,0,0,0
peek,1,peeking=1,0,0,1,0,0,0,0,0
peels,1,peels=1,0,1,0,0,0,0,0,0
peep,1,peeps=1,1,0,0,0,0,0,0,0
peeper,1,peeper=1,1,0,0,0,0,0,0,0
peeps,1,peeps=1,0,1,0,0,0,0,0,0
pegasus,1,pegasus=1,0,1,0,0,0,0,0,0
penalize,1,penalizing=1,0,0,1,0,0,0,0,0
pende,1,pending=1,0,0,1,0,0,0,0,0
pendulum,1,pendulum=1,1,0,0,0,0,0,0,0
penfold,1,penfold=1,0,1,0,0,0,0,0,0
penn,1,penn=1,0,1,0,0,0,0,0,0
pennant,1,pennants=1,1,0,0,0,0,0,0,0
pentekonter,1,pentekonters=1,1,0,0,0,0,0,0,0
penu,1,penu=1,0,1,0,0,0,0,0,0
peopling,1,peopling=1,1,0,0,0,0,0,0,0
pepi,1,pepi=1,0,1,0,0,0,0,0,0
perasiveness,1,perasiveness=1,1,0,0,0,0,0,0,0
perceptive,1,perceptive=1,0,0,0,0,1,0,0,0
percolate,1,percolated=1,0,0,1,0,0,0,0,0
percussionist,1,percussionist=1,1,0,0,0,0,0,0,0
pere,1,pere=1,0,1,0,0,0,0,0,0
perfectible,1,perfectible=1,0,0,0,0,1,0,0,0
performers,1,performers=1,0,1,0,0,0,0,0,0
peril,1,peril=1,1,0,0,0,0,0,0,0
perilously,1,perilously=1,0,0,0,0,0,1,0,0
perishe,1,perishes=1,1,0,0,0,0,0,0,0
perk,1,perk=1,0,0,1,0,0,0,0,0
perkel,1,perkel=1,1,0,0,0,0,0,0,0
perkin,1,perkins=1,1,0,0,0,0,0,0,0
permeability,1,permeability=1,1,0,0,0,0,0,0,0
permutation,1,permutation=1,1,0,0,0,0,0,0,0
perpetual,1,perpetual=1,0,0,0,0,1,0,0,0
perpetually,1,perpetually=1,0,0,0,0,0,1,0,0
perpetuation,1,perpetuation=1,1,0,0,0,0,0,0,0
perplex,1,perplexing=1,0,0,1,0,0,0,0,0
personification,1,personification=1,1,0,0,0,0,0,0,0
perturbation,1,perturbations=1,1,0,0,0,0,0,0,0
pesky,1,pesky=1,0,0,0,0,1,0,0,0
pessimism,1,pessimism=1,1,0,0,0,0,0,0,0
pests,1,pests=1,0,1,0,0,0,0,0,0
petals,1,petals=1,0,1,0,0,0,0,0,0
petersen,1,petersen=1,0,1,0,0,0,0,0,0
petronas,1,petronas=1,0,1,0,0,0,0,0,0
pets,1,pets=1,0,1,0,0,0,0,0,0
petén,1,petén=1,0,1,0,0,0,0,0,0
pewter,1,pewter=1,1,0,0,0,0,0,0,0
pewterware,1,pewterware=1,1,0,0,0,0,0,0,0
phaedrus,1,phaedrus=1,0,1,0,0,0,0,0,0
phantom,1,phantom=1,0,0,0,0,1,0,0,0
pharaohs,1,pharaohs=1,0,1,0,0,0,0,0,0
pharmacy,1,pharmacy=1,1,0,0,0,0,0,0,0
phenol,1,phenols=1,1,0,0,0,0,0,0,0
phenolic,1,phenolic=1,0,0,0,0,1,0,0,0
phenomenally,1,phenomenally=1,0,0,0,0,0,1,0,0
pheromones,1,pheromones=1,0,1,0,0,0,0,0,0
phil,1,phil=1,0,1,0,0,0,0,0,0
philactheat,1,philactheat=1,0,0,0,0,1,0,0,0
phillip,1,phillip=1,0,1,0,0,0,0,0,0
phillips,1,phillips=1,0,1,0,0,0,0,0,0
phoebe,1,phoebe=1,1,0,0,0,0,0,0,0
phoeniciansan,1,phoeniciansan=1,0,1,0,0,0,0,0,0
phosphorous,1,phosphorous=1,0,0,0,0,1,0,0,0
photoreceptor,1,photoreceptors=1,1,0,0,0,0,0,0,0
photos,1,photos=1,0,1,0,0,0,0,0,0
photosynthates,1,photosynthates=1,0,1,0,0,0,0,0,0
photosynthesizing,1,photosynthesizing=1,1,0,0,0,0,0,0,0
phy,1,phy=1,1,0,0,0,0,0,0,0
physicall,1,physicall=1,1,0,0,0,0,0,0,0
physicists,1,physicists=1,0,1,0,0,0,0,0,0
physiologist,1,physiologists=1,1,0,0,0,0,0,0,0
physique,1,physique=1,1,0,0,0,0,0,0,0
pickle,1,pickle=1,1,0,0,0,0,0,0,0
pieter,1,pieter=1,0,1,0,0,0,0,0,0
pigments,1,pigments=1,0,1,0,0,0,0,0,0
pigs,1,pigs=1,0,1,0,0,0,0,0,0
pillare,1,pillared=1,0,0,1,0,0,0,0,0
pinewood,1,pinewoods=1,1,0,0,0,0,0,0,0
pinging,1,pinging=1,1,0,0,0,0,0,0,0
pinpointing,1,pinpointing=1,1,0,0,0,0,0,0,0
pinto,1,pinto=1,0,1,0,0,0,0,0,0
pip,1,piped=1,0,0,1,0,0,0,0,0
pisa,1,pisa=1,0,1,0,0,0,0,0,0
pistachio,1,pistachios=1,1,0,0,0,0,0,0,0
pita,1,pita=1,1,0,0,0,0,0,0,0
pitched,1,pitched=1,0,0,0,0,1,0,0,0
pitfall,1,pitfalls=1,1,0,0,0,0,0,0,0
pitiful,1,pitiful=1,0,0,0,0,1,0,0,0
pixel,1,pixels=1,1,0,0,0,0,0,0,0
pl,1,pl=1,0,1,0,0,0,0,0,0
placate,1,placate=1,0,0,1,0,0,0,0,0
places,1,places=1,0,1,0,0,0,0,0,0
plagiarism,1,plagiarism=1,1,0,0,0,0,0,0,0
planetwide,1,planetwide=1,0,0,0,0,1,0,0,0
plantlike,1,plantlike=1,0,0,0,0,1,0,0,0
plast,1,plaster=1,0,0,0,0,1,0,0,0
plastically,1,plastically=1,0,0,0,0,0,1,0,0
plateaus,1,plateaus=1,1,0,0,0,0,0,0,0
plausibility,1,plausibility=1,1,0,0,0,0,0,0,0
plavthing,1,plavthings=1,1,0,0,0,0,0,0,0
playable,1,playable=1,0,0,0,0,1,0,0,0
playact,1,playacting=1,0,0,1,0,0,0,0,0
playacting,1,playacting=1,1,0,0,0,0,0,0,0
playback,1,playback=1,1,0,0,0,0,0,0,0
playhouse,1,playhouse=1,0,1,0,0,0,0,0,0
plaything,1,playthings=1,1,0,0,0,0,0,0,0
playwriting,1,playwriting=1,1,0,0,0,0,0,0,0
plead,1,pleads=1,1,0,0,0,0,0,0,0
pliable,1,pliable=1,0,0,0,0,1,0,0,0
pliny,1,pliny=1,0,1,0,0,0,0,0,0
plower,1,plowers=1,1,0,0,0,0,0,0,0
plows,1,plows=1,0,1,0,0,0,0,0,0
plowshare,1,plowshares=1,1,0,0,0,0,0,0,0
plural,1,plural=1,0,0,0,0,1,0,0,0
plywood,1,plywood=1,1,0,0,0,0,0,0,0
pneumatic,1,pneumatic=1,0,0,0,0,1,0,0,0
pockmarked,1,pockmarked=1,0,0,0,0,1,0,0,0
podcast,1,podcast=1,1,0,0,0,0,0,0,0
poef,1,poef=1,0,1,0,0,0,0,0,0
poems,1,poems=1,0,1,0,0,0,0,0,0
poets,1,poets=1,0,1,0,0,0,0,0,0
pointer,1,pointers=1,1,0,0,0,0,0,0,0
pointi,1,pointier=1,0,0,0,0,1,0,0,0
pointing,1,pointing=1,1,0,0,0,0,0,0,0
poking,1,poking=1,1,0,0,0,0,0,0,0
poles,1,poles=1,0,1,0,0,0,0,0,0
poleward,1,poleward=1,0,0,0,0,1,0,0,0
policies,1,policies=1,0,1,0,0,0,0,0,0
polishing,1,polishing=1,1,0,0,0,0,0,0,0
pollinaator,1,pollinaators=1,1,0,0,0,0,0,0,0
pollinators,1,pollinators=1,0,1,0,0,0,0,0,0
polls,1,polls=1,0,1,0,0,0,0,0,0
polymerity,1,polymerity=1,1,0,0,0,0,0,0,0
polynya,1,polynya=1,0,1,0,0,0,0,0,0
polyommatus,1,polyommatus=1,1,0,0,0,0,0,0,0
polyvert,1,polyvert=1,1,0,0,0,0,0,0,0
poma,1,poma=1,0,1,0,0,0,0,0,0
pong,1,pong=1,0,1,0,0,0,0,0,0
pont,1,pont=1,0,1,0,0,0,0,0,0
pooling,1,pooling=1,1,0,0,0,0,0,0,0
pools,1,pools=1,0,1,0,0,0,0,0,0
popcorn,1,popcorn=1,0,0,0,0,1,0,0,0
popkin,1,popkin=1,0,1,0,0,0,0,0,0
popularize,1,popularized=1,0,0,1,0,0,0,0,0
populous,1,populous=1,0,0,0,0,1,0,0,0
porcini,1,porcini=1,1,0,0,0,0,0,0,0
porosity,1,porosity=1,1,0,0,0,0,0,0,0
porridge,1,porridge=1,1,0,0,0,0,0,0,0
porter,1,porter=1,1,0,0,0,0,0,0,0
portón,1,portón=1,0,1,0,0,0,0,0,0
positioned,1,positioned=1,0,0,0,0,1,0,0,0
positivity,1,positivity=1,1,0,0,0,0,0,0,0
postage,1,postage=1,1,0,0,0,0,0,0,0
postcards,1,postcards=1,0,1,0,0,0,0,0,0
postdate,1,postdated=1,0,0,1,0,0,0,0,0
posterior,1,posterior=1,0,0,0,0,1,0,0,0
posterity,1,posterity=1,1,0,0,0,0,0,0,0
postgraduate,1,postgraduate=1,1,0,0,0,0,0,0,0
postgraduation,1,postgraduation=1,1,0,0,0,0,0,0,0
posthole,1,postholes=1,1,0,0,0,0,0,0,0
postmortem,1,postmortem=1,1,0,0,0,0,0,0,0
postsecondary,1,postsecondary=1,0,0,0,0,1,0,0,0
postulation,1,postulations=1,1,0,0,0,0,0,0,0
potatoes,1,potatoes=1,0,1,0,0,0,0,0,0
potluck,1,potluck=1,1,0,0,0,0,0,0,0
potomac,1,potomac=1,0,1,0,0,0,0,0,0
pouched,1,pouched=1,0,0,0,0,1,0,0,0
pounding,1,poundings=1,1,0,0,0,0,0,0,0
powdery,1,powdery=1,1,0,0,0,0,0,0,0
powered,1,powered=1,0,0,0,0,1,0,0,0
powerhouse,1,powerhouse=1,1,0,0,0,0,0,0,0
powerless,1,powerless=1,0,0,0,0,1,0,0,0
powerlessness,1,powerlessness=1,1,0,0,0,0,0,0,0
practicable,1,practicable=1,0,0,0,0,1,0,0,0
practiced,1,practiced=1,0,0,0,0,1,0,0,0
practicum,1,practicum=1,1,0,0,0,0,0,0,0
praffall,1,praffall=1,1,0,0,0,0,0,0,0
preadapte,1,preadapted=1,0,0,1,0,0,0,0,0
preagricultural,1,preagricultural=1,1,0,0,0,0,0,0,0
preblocking,1,preblocking=1,1,0,0,0,0,0,0,0
precarious,1,precarious=1,0,0,0,0,1,0,0,0
precedence,1,precedence=1,1,0,0,0,0,0,0,0
precept,1,precepts=1,1,0,0,0,0,0,0,0
precipitant,1,precipitant=1,1,0,0,0,0,0,0,0
precipitous,1,precipitous=1,0,0,0,0,1,0,0,0
precipitously,1,precipitously=1,0,0,0,0,0,1,0,0
preclassic,1,preclassic=1,0,1,0,0,0,0,0,0
precocious,1,precocious=1,0,0,0,0,1,0,0,0
preconceive,1,preconceived=1,0,0,1,0,0,0,0,0
preconception,1,preconceptions=1,1,0,0,0,0,0,0,0
predetermined,1,predetermined=1,0,0,0,0,1,0,0,0
predicament,1,predicament=1,1,0,0,0,0,0,0,0
predictor,1,predictor=1,1,0,0,0,0,0,0,0
predinosaur,1,predinosaurs=1,1,0,0,0,0,0,0,0
predmcsti,1,predmcsti=1,0,1,0,0,0,0,0,0
predominance,1,predominance=1,1,0,0,0,0,0,0,0
preeminence,1,preeminence=1,1,0,0,0,0,0,0,0
preen,1,preening=1,0,0,1,0,0,0,0,0
preexist,1,preexisting=1,0,0,1,0,0,0,0,0
preface,1,preface=1,1,0,0,0,0,0,0,0
pregiving,1,pregiving=1,0,1,0,0,0,0,0,0
prelinguistic,1,prelinguistic=1,0,0,0,0,1,0,0,0
preliterate,1,preliterate=1,1,0,0,0,0,0,0,0
premiere,1,premiere=1,0,0,0,0,1,0,0,0
prep,1,prep=1,0,0,1,0,0,0,0,0
preparatory,1,preparatory=1,0,0,0,0,1,0,0,0
preponderance,1,preponderance=1,1,0,0,0,0,0,0,0
preposterous,1,preposterous=1,0,0,0,0,1,0,0,0
preprogram,1,preprogram=1,0,1,0,0,0,0,0,0
preprogrammed,1,preprogrammed=1,0,0,0,0,1,0,0,0
prerecording,1,prerecordings=1,1,0,0,0,0,0,0,0
prerevolutionary,1,prerevolutionary=1,0,0,0,0,1,0,0,0
presenting,1,presenting=1,1,0,0,0,0,0,0,0
preserved,1,preserved=1,0,0,0,0,1,0,0,0
pressing,1,pressing=1,0,0,0,0,1,0,0,0
pretension,1,pretensions=1,1,0,0,0,0,0,0,0
pretoria,1,pretoria=1,0,1,0,0,0,0,0,0
prettiest,1,prettiest=1,0,0,0,0,1,0,0,0
preventing,1,preventing=1,1,0,0,0,0,0,0,0
prick,1,pricked=1,0,0,1,0,0,0,0,0
pricy,1,pricier=1,0,0,0,0,1,0,0,0
prim,1,primed=1,0,0,1,0,0,0,0,0
primacy,1,primacy=1,1,0,0,0,0,0,0,0
primal,1,primal=1,0,0,0,0,1,0,0,0
primates,1,primates=1,0,1,0,0,0,0,0,0
princeton,1,princeton=1,0,1,0,0,0,0,0,0
principes,1,principes=1,0,1,0,0,0,0,0,0
proactive,1,proactive=1,0,0,0,0,1,0,0,0
proactively,1,proactively=1,0,0,0,0,0,1,0,0
probing,1,probings=1,1,0,0,0,0,0,0,0
processed,1,processed=1,0,0,0,0,1,0,0,0
procrastinate,1,procrastinating=1,0,0,1,0,0,0,0,0
procurement,1,procurement=1,1,0,0,0,0,0,0,0
prodding,1,prodding=1,1,0,0,0,0,0,0,0
professionalization,1,professionalization=1,0,1,0,0,0,0,0,0
profitability,1,profitability=1,1,0,0,0,0,0,0,0
profitably,1,profitably=1,0,0,0,0,0,1,0,0
progenitor,1,progenitor=1,1,0,0,0,0,0,0,0
progeny,1,progeny=1,1,0,0,0,0,0,0,0
prognostic,1,prognostic=1,0,0,0,0,1,0,0,0
prohibition,1,prohibition=1,1,0,0,0,0,0,0,0
prohibitive,1,prohibitive=1,0,0,0,0,1,0,0,0
projec,1,projec=1,1,0,0,0,0,0,0,0
prokaryotes,1,prokaryotes=1,0,1,0,0,0,0,0,0
prompter,1,prompter=1,0,0,1,0,0,0,0,0
pronged,1,pronged=1,0,0,0,0,1,0,0,0
pronunciation,1,pronunciation=1,1,0,0,0,0,0,0,0
proofread,1,proofread=1,0,0,1,0,0,0,0,0
propaganda,1,propaganda=1,1,0,0,0,0,0,0,0
propagandistic,1,propagandistic=1,0,0,0,0,1,0,0,0
propensity,1,propensity=1,1,0,0,0,0,0,0,0
properties,1,properties=1,0,1,0,0,0,0,0,0
proplyds,1,proplyds=1,0,1,0,0,0,0,0,0
proportionate,1,proportionate=1,0,0,0,0,1,0,0,0
propulsion,1,propulsion=1,1,0,0,0,0,0,0,0
prosaic,1,prosaic=1,0,0,0,0,1,0,0,0
prosecute,1,prosecute=1,0,0,1,0,0,0,0,0
prosimian,1,prosimians=1,1,0,0,0,0,0,0,0
proteinthat,1,proteinthat=1,1,0,0,0,0,0,0,0
protestant,1,protestant=1,0,0,0,0,1,0,0,0
protestants,1,protestants=1,0,1,0,0,0,0,0,0
protocell,1,protocell=1,1,0,0,0,0,0,0,0
protofeather,1,protofeathers=1,1,0,0,0,0,0,0,0
protégé,1,protégé=1,1,0,0,0,0,0,0,0
proved,1,proved=1,0,1,0,0,0,0,0,0
proverbial,1,proverbial=1,0,0,0,0,1,0,0,0
provocative,1,provocative=1,0,0,0,0,1,0,0,0
provoking,1,provoking=1,0,0,0,0,1,0,0,0
prowl,1,prowling=1,0,0,1,0,0,0,0,0
prudent,1,prudent=1,0,0,0,0,1,0,0,0
pseudonym,1,pseudonym=1,1,0,0,0,0,0,0,0
psychophysic,1,psychophysics=1,1,0,0,0,0,0,0,0
psycology,1,psycology=1,1,0,0,0,0,0,0,0
pterosaurs,1,pterosaurs=1,0,1,0,0,0,0,0,0
pterygote,1,pterygotes=1,1,0,0,0,0,0,0,0
pu,1,pu=1,0,1,0,0,0,0,0,0
puff,1,puffs=1,1,0,0,0,0,0,0,0
puffy,1,puffy=1,0,0,0,0,1,0,0,0
pukao,1,pukao=1,1,0,0,0,0,0,0,0
pulitzer,1,pulitzer=1,0,1,0,0,0,0,0,0
puller,1,puller=1,1,0,0,0,0,0,0,0
pulpy,1,pulpy=1,1,0,0,0,0,0,0,0
pulsars,1,pulsars=1,0,1,0,0,0,0,0,0
pulverize,1,pulverized=1,0,0,1,0,0,0,0,0
pumping,1,pumping=1,1,0,0,0,0,0,0,0
pumpkin,1,pumpkins=1,1,0,0,0,0,0,0,0
punctuate,1,punctuated=1,0,0,1,0,0,0,0,0
punic,1,punic=1,0,1,0,0,0,0,0,0
pup,1,pup=1,1,0,0,0,0,0,0,0
pupae,1,pupae=1,1,0,0,0,0,0,0,0
pupal,1,pupal=1,1,0,0,0,0,0,0,0
pupate,1,pupates=1,1,0,0,0,0,0,0,0
pupation,1,pupation=1,1,0,0,0,0,0,0,0
puppy,1,puppies=1,1,0,0,0,0,0,0,0
purdue,1,purdue=1,0,1,0,0,0,0,0,0
purebre,1,purebred=1,0,0,1,0,0,0,0,0
purebred,1,purebreds=1,1,0,0,0,0,0,0,0
purer,1,purer=1,1,0,0,0,0,0,0,0
purifying,1,purifying=1,0,1,0,0,0,0,0,0
purity,1,purity=1,1,0,0,0,0,0,0,0
purposefully,1,purposefully=1,0,0,0,0,0,1,0,0
puteoli,1,puteoli=1,0,1,0,0,0,0,0,0
puttkamer,1,puttkamer=1,0,1,0,0,0,0,0,0
père,1,père=1,0,1,0,0,0,0,0,0
q,1,q=1,1,0,0,0,0,0,0,0
qi,1,qi=1,0,1,0,0,0,0,0,0
quaint,1,quaint=1,1,0,0,0,0,0,0,0
quakers,1,quakers=1,0,1,0,0,0,0,0,0
quarried,1,quarried=1,0,0,0,0,1,0,0,0
quell,1,quelled=1,0,0,1,0,0,0,0,0
quenching,1,quenching=1,1,0,0,0,0,0,0,0
query,1,query=1,1,0,0,0,0,0,0,0
questionably,1,questionably=1,0,0,0,0,0,1,0,0
questionnare,1,questionnares=1,1,0,0,0,0,0,0,0
quetzal,1,quetzal=1,1,0,0,0,0,0,0,0
quicken,1,quickened=1,0,0,1,0,0,0,0,0
quintuple,1,quintuple=1,0,0,0,0,1,0,0,0
quota,1,quota=1,1,0,0,0,0,0,0,0
quotes,1,quotes=1,0,1,0,0,0,0,0,0
rab,1,rab=1,1,0,0,0,0,0,0,0
rabbits,1,rabbits=1,0,1,0,0,0,0,0,0
rabidly,1,rabidly=1,0,0,0,0,0,1,0,0
racemization,1,racemization=1,1,0,0,0,0,0,0,0
rada,1,rada=1,0,1,0,0,0,0,0,0
radially,1,radially=1,0,0,0,0,0,1,0,0
radiating,1,radiating=1,0,0,0,0,1,0,0,0
radioactively,1,radioactively=1,0,0,0,0,0,1,0,0
ragtime,1,ragtime=1,1,0,0,0,0,0,0,0
ragwort,1,ragwort=1,1,0,0,0,0,0,0,0
railroads,1,railroads=1,0,1,0,0,0,0,0,0
rainless,1,rainless=1,1,0,0,0,0,0,0,0
raised,1,raised=1,0,1,0,0,0,0,0,0
rajesh,1,rajesh=1,0,0,1,0,0,0,0,0
rally,1,rally=1,0,0,0,0,1,0,0,0
rammer,1,rammer=1,1,0,0,0,0,0,0,0
rampage,1,rampage=1,0,0,1,0,0,0,0,0
rampant,1,rampant=1,0,0,0,0,1,0,0,0
rana,1,rana=1,0,1,0,0,0,0,0,0
rand,1,rand=1,0,1,0,0,0,0,0,0
randi,1,randi=1,0,1,0,0,0,0,0,0
randomized,1,randomized=1,0,0,0,0,1,0,0,0
ranging,1,ranging=1,0,1,0,0,0,0,0,0
ranking,1,ranking=1,0,1,0,0,0,0,0,0
ranson,1,ranson=1,0,1,0,0,0,0,0,0
raphael,1,raphael=1,0,1,0,0,0,0,0,0
rapids,1,rapids=1,0,1,0,0,0,0,0,0
rappahannock,1,rappahannock=1,0,1,0,0,0,0,0,0
rar,1,rar=1,0,0,0,0,1,0,0,0
rarer,1,rarer=1,0,1,0,0,0,0,0,0
ras,1,ras=1,0,1,0,0,0,0,0,0
raspberry,1,raspberry=1,1,0,0,0,0,0,0,0
rater,1,raters=1,1,0,0,0,0,0,0,0
rates,1,rates=1,0,1,0,0,0,0,0,0
ration,1,ration=1,1,0,0,0,0,0,0,0
rationalization,1,rationalization=1,1,0,0,0,0,0,0,0
rats,1,rats=1,0,1,0,0,0,0,0,0
rave,1,rave=1,1,0,0,0,0,0,0,0
ravens,1,ravens=1,0,1,0,0,0,0,0,0
ravi,1,ravi=1,0,1,0,0,0,0,0,0
ravine,1,ravines=1,1,0,0,0,0,0,0,0
rea,1,rea=1,0,0,1,0,0,0,0,0
reachable,1,reachable=1,0,0,0,0,1,0,0,0
reaching,1,reaching=1,0,0,0,0,1,0,0,0
reactions,1,reactions=1,0,1,0,0,0,0,0,0
readable,1,readable=1,0,0,0,0,1,0,0,0
readiness,1,readiness=1,1,0,0,0,0,0,0,0
readjust,1,readjust=1,0,0,1,0,0,0,0,0
realists,1,realists=1,0,1,0,0,0,0,0,0
reaping,1,reaping=1,1,0,0,0,0,0,0,0
reappearance,1,reappearance=1,1,0,0,0,0,0,0,0
rearrangement,1,rearrangement=1,1,0,0,0,0,0,0,0
reasoned,1,reasoned=1,0,0,0,0,1,0,0,0
reassign,1,reassigned=1,0,0,1,0,0,0,0,0
reauthenticate,1,reauthenticating=1,0,0,1,0,0,0,0,0
rebate,1,rebates=1,1,0,0,0,0,0,0,0
rebuttal,1,rebuttal=1,1,0,0,0,0,0,0,0
recalling,1,recalling=1,1,0,0,0,0,0,0,0
receivers,1,receivers=1,0,1,0,0,0,0,0,0
recess,1,recess=1,1,0,0,0,0,0,0,0
reckless,1,reckless=1,0,0,0,0,1,0,0,0
recklessly,1,recklessly=1,0,0,0,0,0,1,0,0
recline,1,reclining=1,0,0,1,0,0,0,0,0
recommence,1,recommence=1,1,0,0,0,0,0,0,0
recommendations,1,recommendations=1,0,1,0,0,0,0,0,0
reconnecte,1,reconnecting=1,0,0,1,0,0,0,0,0
reconsideration,1,reconsideration=1,1,0,0,0,0,0,0,0
reconvert,1,reconverted=1,0,0,1,0,0,0,0,0
recourse,1,recourses=1,1,0,0,0,0,0,0,0
recruiting,1,recruiting=1,1,0,0,0,0,0,0,0
recuperate,1,recuperate=1,0,0,1,0,0,0,0,0
redbird,1,redbird=1,0,1,0,0,0,0,0,0
redeem,1,redeem=1,0,0,1,0,0,0,0,0
redefinition,1,redefinition=1,1,0,0,0,0,0,0,0
redistributing,1,redistributing=1,0,1,0,0,0,0,0,0
redone,1,redone=1,1,0,0,0,0,0,0,0
redundancy,1,redundancy=1,1,0,0,0,0,0,0,0
redwinge,1,redwinged=1,0,0,1,0,0,0,0,0
reefs,1,reefs=1,0,1,0,0,0,0,0,0
reemerge,1,reemerging=1,0,0,1,0,0,0,0,0
reemit,1,reemit=1,0,0,1,0,0,0,0,0
reengineer,1,reengineer=1,0,0,1,0,0,0,0,0
reenter,1,reenter=1,0,0,1,0,0,0,0,0
reentere,1,reentering=1,0,0,1,0,0,0,0,0
reentry,1,reentry=1,1,0,0,0,0,0,0,0
reevaluation,1,reevaluation=1,1,0,0,0,0,0,0,0
referee,1,referees=1,1,0,0,0,0,0,0,0
referral,1,referral=1,1,0,0,0,0,0,0,0
refinery,1,refinery=1,1,0,0,0,0,0,0,0
refinings,1,refinings=1,0,1,0,0,0,0,0,0
reflectance,1,reflectance=1,1,0,0,0,0,0,0,0
reflections,1,reflections=1,0,1,0,0,0,0,0,0
reflectively,1,reflectively=1,0,0,0,0,0,1,0,0
reflectivity,1,reflectivity=1,1,0,0,0,0,0,0,0
refract,1,refracted=1,0,0,1,0,0,0,0,0
refrain,1,refrain=1,0,0,1,0,0,0,0,0
refreshed,1,refreshed=1,0,0,0,0,1,0,0,0
refreshing,1,refreshing=1,0,0,0,0,1,0,0,0
refrigerated,1,refrigerated=1,0,0,0,0,1,0,0,0
refrigerators,1,refrigerators=1,0,1,0,0,0,0,0,0
refuel,1,refuel=1,0,0,1,0,0,0,0,0
refueling,1,refueling=1,1,0,0,0,0,0,0,0
regal,1,regal=1,0,1,0,0,0,0,0,0
regalia,1,regalia=1,1,0,0,0,0,0,0,0
regenerating,1,regenerating=1,1,0,0,0,0,0,0,0
regent,1,regent=1,1,0,0,0,0,0,0,0
regiman,1,regimen=1,1,0,0,0,0,0,0,0
regimen,1,regimens=1,1,0,0,0,0,0,0,0
regretful,1,regretful=1,0,1,0,0,0,0,0,0
regrown,1,regrown=1,0,0,1,0,0,0,0,0
regulator,1,regulators=1,1,0,0,0,0,0,0,0
regulatory,1,regulatory=1,0,0,0,0,1,0,0,0
rehash,1,rehash=1,0,0,1,0,0,0,0,0
reherse,1,rehersing=1,0,0,1,0,0,0,0,0
rehydration,1,rehydration=1,1,0,0,0,0,0,0,0
rein,1,rein=1,1,0,0,0,0,0,0,0
reinvest,1,reinvest=1,0,0,1,0,0,0,0,0
reinvigorate,1,reinvigorated=1,0,0,1,0,0,0,0,0
reinvigorator,1,reinvigorators=1,1,0,0,0,0,0,0,0
rejuvenate,1,rejuvenate=1,0,0,1,0,0,0,0,0
relatedness,1,relatedness=1,1,0,0,0,0,0,0,0
relationships,1,relationships=1,0,1,0,0,0,0,0,0
relearn,1,relearned=1,0,0,1,0,0,0,0,0
releasing,1,releasing=1,0,1,0,0,0,0,0,0
relegate,1,relegated=1,0,0,1,0,0,0,0,0
relentless,1,relentless=1,0,0,0,0,1,0,0,0
relentlessly,1,relentlessly=1,0,0,0,0,0,1,0,0
relie,1,relies=1,1,0,0,0,0,0,0,0
relish,1,relish=1,0,0,1,0,0,0,0,0
relive,1,relive=1,0,0,1,0,0,0,0,0
relocating,1,relocating=1,1,0,0,0,0,0,0,0
remarks,1,remarks=1,0,1,0,0,0,0,0,0
remediation,1,remediation=1,1,0,0,0,0,0,0,0
remelte,1,remelted=1,0,0,1,0,0,0,0,0
remem,1,remem=1,0,0,1,0,0,0,0,0
reminisce,1,reminisce=1,0,0,1,0,0,0,0,0
reminiscence,1,reminiscence=1,1,0,0,0,0,0,0,0
remodeling,1,remodeling=1,1,0,0,0,0,0,0,0
removes,1,removes=1,0,1,0,0,0,0,0,0
removing,1,removing=1,0,1,0,0,0,0,0,0
rene,1,rene=1,0,1,0,0,0,0,0,0
renegotiate,1,renegotiate=1,0,0,1,0,0,0,0,0
renewed,1,renewed=1,0,1,0,0,0,0,0,0
renowned,1,renowned=1,0,0,0,0,1,0,0,0
renter,1,renters=1,1,0,0,0,0,0,0,0
rentier,1,rentiers=1,1,0,0,0,0,0,0,0
renzi,1,renzi=1,0,1,0,0,0,0,0,0
reoccupation,1,reoccupation=1,1,0,0,0,0,0,0,0
reoccupie,1,reoccupied=1,0,0,1,0,0,0,0,0
reoccurre,1,reoccurred=1,0,0,1,0,0,0,0,0
reorganization,1,reorganization=1,1,0,0,0,0,0,0,0
reorientation,1,reorientation=1,1,0,0,0,0,0,0,0
repainting,1,repainting=1,1,0,0,0,0,0,0,0
repare,1,reparing=1,0,0,1,0,0,0,0,0
repave,1,repaved=1,0,0,1,0,0,0,0,0
repellant,1,repellant=1,1,0,0,0,0,0,0,0
repetitively,1,repetitively=1,0,0,0,0,0,1,0,0
repetitiveness,1,repetitiveness=1,0,0,0,0,1,0,0,0
rephrase,1,rephrase=1,0,0,1,0,0,0,0,0
replanting,1,replanting=1,1,0,0,0,0,0,0,0
replicas,1,replicas=1,0,1,0,0,0,0,0,0
reportedly,1,reportedly=1,0,0,0,0,0,1,0,0
reports,1,reports=1,0,1,0,0,0,0,0,0
repository,1,repository=1,1,0,0,0,0,0,0,0
repressive,1,repressive=1,0,0,0,0,1,0,0,0
reproducer,1,reproducers=1,1,0,0,0,0,0,0,0
reproducible,1,reproducible=1,0,0,0,0,1,0,0,0
reproductively,1,reproductively=1,0,0,0,0,0,1,0,0
reptiles,1,reptiles=1,0,1,0,0,0,0,0,0
repulsive,1,repulsive=1,0,0,0,0,1,0,0,0
repute,1,reputed=1,0,0,1,0,0,0,0,0
rerecord,1,rerecords=1,1,0,0,0,0,0,0,0
reroute,1,rerouted=1,0,0,1,0,0,0,0,0
rescheduling,1,rescheduling=1,1,0,0,0,0,0,0,0
rescind,1,rescinded=1,0,0,1,0,0,0,0,0
reseeding,1,reseeding=1,1,0,0,0,0,0,0,0
reshaping,1,reshaping=1,1,0,0,0,0,0,0,0
reshoot,1,reshoot=1,0,0,1,0,0,0,0,0
resign,1,resigning=1,0,0,1,0,0,0,0,0
resignation,1,resignation=1,1,0,0,0,0,0,0,0
resinous,1,resinous=1,0,0,0,0,1,0,0,0
resisting,1,resisting=1,0,0,0,0,1,0,0,0
resourceful,1,resourceful=1,0,0,0,0,1,0,0,0
respire,1,respire=1,0,0,1,0,0,0,0,0
resplendent,1,resplendent=1,0,0,0,0,1,0,0,0
respondent,1,respondents=1,1,0,0,0,0,0,0,0
responsiveness,1,responsiveness=1,1,0,0,0,0,0,0,0
restart,1,restart=1,0,0,1,0,0,0,0,0
restaurants,1,restaurants=1,0,1,0,0,0,0,0,0
restless,1,restless=1,0,0,0,0,1,0,0,0
restorer,1,restorer=1,1,0,0,0,0,0,0,0
restraint,1,restraints=1,1,0,0,0,0,0,0,0
restrictions,1,restrictions=1,0,1,0,0,0,0,0,0
resumé,1,resumé=1,1,0,0,0,0,0,0,0
resumés,1,resumés=1,1,0,0,0,0,0,0,0
resupplie,1,resupplied=1,0,0,1,0,0,0,0,0
resurge,1,resurges=1,1,0,0,0,0,0,0,0
resurrect,1,resurrected=1,0,0,1,0,0,0,0,0
retaliate,1,retaliated=1,0,0,1,0,0,0,0,0
retarding,1,retarding=1,1,0,0,0,0,0,0,0
reteste,1,retested=1,0,0,1,0,0,0,0,0
reticence,1,reticence=1,1,0,0,0,0,0,0,0
retool,1,retooled=1,0,0,1,0,0,0,0,0
retract,1,retracting=1,0,0,1,0,0,0,0,0
retraction,1,retraction=1,1,0,0,0,0,0,0,0
retreats,1,retreats=1,0,1,0,0,0,0,0,0
retroactively,1,retroactively=1,0,0,0,0,0,1,0,0
retrofit,1,retrofitted=1,0,0,1,0,0,0,0,0
retrospect,1,retrospect=1,1,0,0,0,0,0,0,0
reunion,1,reunion=1,1,0,0,0,0,0,0,0
revealing,1,revealing=1,0,0,0,0,1,0,0,0
revelation,1,revelation=1,1,0,0,0,0,0,0,0
reverend,1,reverend=1,0,1,0,0,0,0,0,0
reversibility,1,reversibility=1,1,0,0,0,0,0,0,0
reviewing,1,reviewing=1,1,0,0,0,0,0,0,0
reviews,1,reviews=1,0,1,0,0,0,0,0,0
revised,1,revised=1,0,0,0,0,1,0,0,0
revitalize,1,revitalize=1,0,0,1,0,0,0,0,0
revoke,1,revoke=1,0,0,1,0,0,0,0,0
revolutionizing,1,revolutionizing=1,1,0,0,0,0,0,0,0
revolutions,1,revolutions=1,0,1,0,0,0,0,0,0
revolving,1,revolving=1,0,0,0,0,1,0,0,0
rewire,1,rewiring=1,0,0,1,0,0,0,0,0
reworking,1,reworkings=1,1,0,0,0,0,0,0,0
rewriting,1,rewriting=1,1,0,0,0,0,0,0,0
rh,1,rh=1,0,1,0,0,0,0,0,0
rhapsody,1,rhapsody=1,1,0,0,0,0,0,0,0
rhein,1,rhein=1,0,1,0,0,0,0,0,0
rhineland,1,rhineland=1,0,1,0,0,0,0,0,0
rhinocerose,1,rhinoceroses=1,0,0,1,0,0,0,0,0
rhizome,1,rhizomes=1,1,0,0,0,0,0,0,0
rhododendron,1,rhododendrons=1,1,0,0,0,0,0,0,0
rhythmically,1,rhythmically=1,0,0,0,0,0,1,0,0
rhythms,1,rhythms=1,0,1,0,0,0,0,0,0
ribcage,1,ribcage=1,1,0,0,0,0,0,0,0
richer,1,richer=1,0,1,0,0,0,0,0,0
richly,1,richly=1,0,0,0,0,0,1,0,0
rick,1,rick=1,0,1,0,0,0,0,0,0
ridesharing,1,ridesharing=1,1,0,0,0,0,0,0,0
ridges,1,ridges=1,0,1,0,0,0,0,0,0
ridiculously,1,ridiculously=1,0,0,0,0,0,1,0,0
riff,1,riffs=1,1,0,0,0,0,0,0,0
rifts,1,rifts=1,0,1,0,0,0,0,0,0
riggman,1,riggman=1,0,1,0,0,0,0,0,0
rightfully,1,rightfully=1,0,0,0,0,0,1,0,0
rightness,1,rightness=1,1,0,0,0,0,0,0,0
rigorously,1,rigorously=1,0,0,0,0,0,1,0,0
rihanna,1,rihanna=1,0,1,0,0,0,0,0,0
rinascita,1,rinascita=1,0,1,0,0,0,0,0,0
ringing,1,ringing=1,1,0,0,0,0,0,0,0
rinsing,1,rinsing=1,1,0,0,0,0,0,0,0
ripening,1,ripening=1,1,0,0,0,0,0,0,0
ritually,1,ritually=1,0,0,0,0,0,1,0,0
rituals,1,rituals=1,0,1,0,0,0,0,0,0
riven,1,riven=1,0,0,0,0,1,0,0,0
riveting,1,riveting=1,0,0,0,0,1,0,0,0
rmoregulation,1,rmoregulation=1,1,0,0,0,0,0,0,0
roadwey,1,roadweys=1,1,0,0,0,0,0,0,0
roald,1,roald=1,0,1,0,0,0,0,0,0
roaring,1,roaring=1,1,0,0,0,0,0,0,0
roasting,1,roasting=1,1,0,0,0,0,0,0,0
robber,1,robbers=1,1,0,0,0,0,0,0,0
robbery,1,robbery=1,1,0,0,0,0,0,0,0
robigus,1,robigus=1,0,1,0,0,0,0,0,0
robins,1,robins=1,0,1,0,0,0,0,0,0
robs,1,robs=1,1,0,0,0,0,0,0,0
roby,1,roby=1,0,1,0,0,0,0,0,0
rocca,1,rocca=1,0,1,0,0,0,0,0,0
rochester,1,rochester=1,0,1,0,0,0,0,0,0
rockies,1,rockies=1,0,1,0,0,0,0,0,0
rogue,1,rogue=1,1,0,0,0,0,0,0,0
roil,1,roiling=1,0,0,1,0,0,0,0,0
roles,1,roles=1,0,1,0,0,0,0,0,0
rom,1,rom=1,1,0,0,0,0,0,0,0
romano,1,romano=1,0,0,0,0,1,0,0,0
ronald,1,ronald=1,0,1,0,0,0,0,0,0
roofed,1,roofed=1,0,0,0,0,1,0,0,0
roomed,1,roomed=1,0,0,0,0,1,0,0,0
roomy,1,roomier=1,0,0,0,0,1,0,0,0
rootlet,1,rootlets=1,1,0,0,0,0,0,0,0
roots,1,roots=1,0,1,0,0,0,0,0,0
rory,1,rory=1,0,1,0,0,0,0,0,0
roseate,1,roseate=1,0,0,1,0,0,0,0,0
roster,1,roster=1,1,0,0,0,0,0,0,0
rotjan,1,rotjan=1,0,1,0,0,0,0,0,0
rotting,1,rotting=1,1,0,0,0,0,0,0,0
rouffignac,1,rouffignac=1,0,1,0,0,0,0,0,0
roughage,1,roughage=1,1,0,0,0,0,0,0,0
roughen,1,roughen=1,0,0,1,0,0,0,0,0
roughness,1,roughness=1,1,0,0,0,0,0,0,0
roundish,1,roundish=1,0,0,0,0,1,0,0,0
routinized,1,routinized=1,0,0,0,0,1,0,0,0
rower,1,rowers=1,1,0,0,0,0,0,0,0
rowing,1,rowing=1,1,0,0,0,0,0,0,0
rpm,1,rpm=1,1,0,0,0,0,0,0,0
rseaciss,1,rseaciss=1,1,0,0,0,0,0,0,0
rubbing,1,rubbing=1,1,0,0,0,0,0,0,0
rudely,1,rudely=1,0,0,0,0,0,1,0,0
rue,1,rue=1,1,0,0,0,0,0,0,0
rug,1,rugs=1,1,0,0,0,0,0,0,0
rugosa,1,rugosa=1,1,0,0,0,0,0,0,0
ruinous,1,ruinous=1,0,0,0,0,1,0,0,0
rulers,1,rulers=1,0,1,0,0,0,0,0,0
rum,1,rum=1,1,0,0,0,0,0,0,0
rump,1,rumps=1,1,0,0,0,0,0,0,0
rundown,1,rundown=1,0,0,0,0,1,0,0,0
runny,1,runny=1,0,0,0,0,1,0,0,0
runway,1,runway=1,1,0,0,0,0,0,0,0
ruse,1,ruse=1,1,0,0,0,0,0,0,0
rustle,1,rustling=1,0,0,1,0,0,0,0,0
rutting,1,rutting=1,1,0,0,0,0,0,0,0
ruysdael,1,ruysdael=1,0,1,0,0,0,0,0,0
ryan,1,ryan=1,0,1,0,0,0,0,0,0
ryman,1,ryman=1,0,1,0,0,0,0,0,0
sable,1,sable=1,1,0,0,0,0,0,0,0
sacking,1,sacking=1,1,0,0,0,0,0,0,0
saddle,1,saddle=1,1,0,0,0,0,0,0,0
saddlebrook,1,saddlebrook=1,0,1,0,0,0,0,0,0
safaris,1,safaris=1,0,1,0,0,0,0,0,0
saffron,1,saffron=1,0,1,0,0,0,0,0,0
sagal,1,sagal=1,0,1,0,0,0,0,0,0
saggy,1,saggy=1,0,0,0,0,1,0,0,0
saguaro,1,saguaro=1,0,0,0,0,1,0,0,0
sahure,1,sahure=1,0,1,0,0,0,0,0,0
said,1,said=1,0,1,0,0,0,0,0,0
sailcloth,1,sailcloth=1,1,0,0,0,0,0,0,0
sails,1,sails=1,0,1,0,0,0,0,0,0
salama,1,salama=1,0,1,0,0,0,0,0,0
saleem,1,saleem=1,0,1,0,0,0,0,0,0
salem,1,salem=1,0,1,0,0,0,0,0,0
salisbury,1,salisbury=1,0,1,0,0,0,0,0,0
sally,1,sally=1,0,1,0,0,0,0,0,0
salp,1,salps=1,1,0,0,0,0,0,0,0
salute,1,salutes=1,1,0,0,0,0,0,0,0
saluterian,1,saluterian=1,0,0,0,0,1,0,0,0
salutine,1,salutines=1,1,0,0,0,0,0,0,0
salvage,1,salvaged=1,0,0,1,0,0,0,0,0
samoan,1,samoan=1,0,1,0,0,0,0,0,0
sanatose,1,sanatose=1,1,0,0,0,0,0,0,0
sandbar,1,sandbars=1,1,0,0,0,0,0,0,0
sanderson,1,sanderson=1,0,1,0,0,0,0,0,0
sandpaper,1,sandpaper=1,1,0,0,0,0,0,0,0
sandstorm,1,sandstorms=1,1,0,0,0,0,0,0,0
saniosis,1,saniosis=1,0,0,0,0,1,0,0,0
sanitation,1,sanitation=1,1,0,0,0,0,0,0,0
sanskrit,1,sanskrit=1,0,1,0,0,0,0,0,0
sansui,1,sansui=1,1,0,0,0,0,0,0,0
santiago,1,santiago=1,0,1,0,0,0,0,0,0
sapanac,1,sapanac=1,0,1,0,0,0,0,0,0
saqia,1,saqia=1,1,0,0,0,0,0,0,0
sasha,1,sasha=1,0,1,0,0,0,0,0,0
sate,1,sate=1,0,1,0,0,0,0,0,0
satellites,1,satellites=1,0,1,0,0,0,0,0,0
sates,1,sates=1,0,1,0,0,0,0,0,0
satirize,1,satirized=1,0,0,1,0,0,0,0,0
satisficer,1,satisficer=1,1,0,0,0,0,0,0,0
satisficing,1,satisficing=1,1,0,0,0,0,0,0,0
saturated,1,saturated=1,0,0,0,0,1,0,0,0
saurian,1,saurian=1,1,0,0,0,0,0,0,0
sausage,1,sausages=1,1,0,0,0,0,0,0,0
savage,1,savage=1,0,0,0,0,1,0,0,0
savannah,1,savannahs=1,1,0,0,0,0,0,0,0
savings,1,savings=1,0,1,0,0,0,0,0,0
savor,1,savor=1,0,0,1,0,0,0,0,0
savvy,1,savvy=1,0,0,0,0,1,0,0,0
sawlike,1,sawlike=1,0,0,0,0,1,0,0,0
sawteeth,1,sawteeth=1,1,0,0,0,0,0,0,0
sc,1,sc=1,0,1,0,0,0,0,0,0
scalelike,1,scalelike=1,0,0,0,0,1,0,0,0
scalp,1,scalp=1,1,0,0,0,0,0,0,0
scandal,1,scandal=1,1,0,0,0,0,0,0,0
scandalize,1,scandalized=1,0,0,1,0,0,0,0,0
scandalous,1,scandalous=1,0,0,0,0,1,0,0,0
scant,1,scant=1,0,0,0,0,1,0,0,0
scanty,1,scantiest=1,0,0,0,0,1,0,0,0
scapegoat,1,scapegoat=1,0,1,0,0,0,0,0,0
scarcely,1,scarcely=1,0,0,0,0,0,1,0,0
scarlet,1,scarlet=1,0,0,0,0,1,0,0,0
scattered,1,scattered=1,0,0,0,0,1,0,0,0
scented,1,scented=1,0,0,0,0,1,0,0,0
scheduled,1,scheduled=1,0,0,0,0,1,0,0,0
scholarships,1,scholarships=1,0,1,0,0,0,0,0,0
schoolmate,1,schoolmates=1,1,0,0,0,0,0,0,0
schoolyard,1,schoolyard=1,1,0,0,0,0,0,0,0
scofield,1,scofield=1,0,1,0,0,0,0,0,0
scornfully,1,scornfully=1,0,0,0,0,0,1,0,0
scotch,1,scotch=1,0,1,0,0,0,0,0,0
scour,1,scouring=1,0,0,1,0,0,0,0,0
scourge,1,scourges=1,1,0,0,0,0,0,0,0
scraggly,1,scraggly=1,0,0,0,0,0,1,0,0
scramble,1,scrambling=1,0,0,1,0,0,0,0,0
screaming,1,screaming=1,1,0,0,0,0,0,0,0
screeching,1,screeching=1,0,0,0,0,1,0,0,0
screenwriters,1,screenwriters=1,0,1,0,0,0,0,0,0
scripted,1,scripted=1,0,0,0,0,1,0,0,0
scriptwriter,1,scriptwriters=1,1,0,0,0,0,0,0,0
scuff,1,scuff=1,0,0,0,0,1,0,0,0
sculpted,1,sculpted=1,0,0,0,0,1,0,0,0
sculpting,1,sculpting=1,0,0,0,0,1,0,0,0
scum,1,scum=1,1,0,0,0,0,0,0,0
scurry,1,scurry=1,0,0,1,0,0,0,0,0
seagra,1,seagras=1,1,0,0,0,0,0,0,0
seahorse,1,seahorses=1,1,0,0,0,0,0,0,0
sealer,1,sealer=1,1,0,0,0,0,0,0,0
seals,1,seals=1,0,1,0,0,0,0,0,0
seamlessly,1,seamlessly=1,0,0,0,0,0,1,0,0
searcher,1,searcher=1,1,0,0,0,0,0,0,0
searching,1,searching=1,1,0,0,0,0,0,0,0
seasons,1,seasons=1,0,1,0,0,0,0,0,0
seater,1,seater=1,1,0,0,0,0,0,0,0
seats,1,seats=1,0,1,0,0,0,0,0,0
seaworthiness,1,seaworthiness=1,1,0,0,0,0,0,0,0
sec,1,sec=1,0,1,0,0,0,0,0,0
secession,1,secession=1,1,0,0,0,0,0,0,0
seclude,1,secluded=1,0,0,1,0,0,0,0,0
seclusion,1,seclusion=1,1,0,0,0,0,0,0,0
secondarily,1,secondarily=1,0,0,0,0,0,1,0,0
secretes,1,secretes=1,0,1,0,0,0,0,0,0
secretive,1,secretive=1,0,0,0,0,1,0,0,0
sedate,1,sedated=1,0,0,1,0,0,0,0,0
seeker,1,seekers=1,1,0,0,0,0,0,0,0
seeming,1,seeming=1,0,1,0,0,0,0,0,0
seepage,1,seepage=1,1,0,0,0,0,0,0,0
seesaw,1,seesaw=1,1,0,0,0,0,0,0,0
segall,1,segall=1,0,0,1,0,0,0,0,0
segmented,1,segmented=1,0,0,0,0,1,0,0,0
segregated,1,segregated=1,0,0,0,0,1,0,0,0
sehel,1,sehel=1,0,1,0,0,0,0,0,0
seitz,1,seitz=1,0,1,0,0,0,0,0,0
selfishly,1,selfishly=1,0,0,0,0,0,1,0,0
selfishness,1,selfishness=1,1,0,0,0,0,0,0,0
selfless,1,selfless=1,0,0,0,0,1,0,0,0
selfmanagement,1,selfmanagement=1,1,0,0,0,0,0,0,0
selkirk,1,selkirk=1,0,1,0,0,0,0,0,0
semifluid,1,semifluid=1,0,0,0,0,1,0,0,0
semisedentary,1,semisedentary=1,0,0,0,0,1,0,0,0
senegal,1,senegal=1,0,1,0,0,0,0,0,0
senegalese,1,senegalese=1,0,0,0,0,1,0,0,0
sensational,1,sensational=1,0,0,0,0,1,0,0,0
sensible,1,sensible=1,0,0,0,0,1,0,0,0
sensibly,1,sensibly=1,0,0,0,0,0,1,0,0
sensors,1,sensors=1,0,1,0,0,0,0,0,0
sensuous,1,sensuous=1,0,0,0,0,1,0,0,0
sepal,1,sepals=1,1,0,0,0,0,0,0,0
sequential,1,sequential=1,0,0,0,0,1,0,0,0
sequentially,1,sequentially=1,0,0,0,0,0,1,0,0
serbia,1,serbia=1,0,1,0,0,0,0,0,0
sere,1,seres=1,1,0,0,0,0,0,0,0
serene,1,serene=1,0,0,0,0,1,0,0,0
serenely,1,serenely=1,1,0,0,0,0,0,0,0
serenity,1,serenity=1,1,0,0,0,0,0,0,0
serf,1,serves=1,1,0,0,0,0,0,0,0
serially,1,serially=1,0,0,0,0,0,1,0,0
serica,1,serica=1,0,1,0,0,0,0,0,0
serpents,1,serpents=1,0,1,0,0,0,0,0,0
serving,1,servings=1,1,0,0,0,0,0,0,0
sessile,1,sessile=1,1,0,0,0,0,0,0,0
sets,1,sets=1,0,1,0,0,0,0,0,0
settlers,1,settlers=1,0,1,0,0,0,0,0,0
sever,1,sever=1,0,0,1,0,0,0,0,0
severa,1,severa=1,1,0,0,0,0,0,0,0
sewn,1,sewn=1,0,1,0,0,0,0,0,0
sexually,1,sexually=1,0,0,0,0,0,1,0,0
shack,1,shacks=1,1,0,0,0,0,0,0,0
shadowgraphs,1,shadowgraphs=1,0,1,0,0,0,0,0,0
shadowing,1,shadowing=1,0,0,0,0,1,0,0,0
shafer,1,shafer=1,0,1,0,0,0,0,0,0
shafts,1,shafts=1,0,0,0,0,1,0,0,0
shahr,1,shahr=1,0,1,0,0,0,0,0,0
shalmaneser,1,shalmaneser=1,0,1,0,0,0,0,0,0
sham,1,sham=1,1,0,0,0,0,0,0,0
shamanism,1,shamanism=1,1,0,0,0,0,0,0,0
shameless,1,shameless=1,0,0,0,0,1,0,0,0
shansi,1,shansi=1,0,1,0,0,0,0,0,0
shaping,1,shaping=1,1,0,0,0,0,0,0,0
shapiro,1,shapiro=1,0,1,0,0,0,0,0,0
sharks,1,sharks=1,0,1,0,0,0,0,0,0
shauna,1,shauna=1,0,1,0,0,0,0,0,0
shave,1,shaving=1,0,0,1,0,0,0,0,0
sheathe,1,sheathed=1,0,0,1,0,0,0,0,0
sheen,1,sheen=1,1,0,0,0,0,0,0,0
sheepherder,1,sheepherders=1,1,0,0,0,0,0,0,0
shells,1,shells=1,0,1,0,0,0,0,0,0
shelve,1,shelved=1,0,0,1,0,0,0,0,0
shensi,1,shensi=1,0,1,0,0,0,0,0,0
shepherd,1,shepherd=1,1,0,0,0,0,0,0,0
shi,1,shi=1,0,1,0,0,0,0,0,0
shifton,1,shifton=1,0,1,0,0,0,0,0,0
shifts,1,shifts=1,0,1,0,0,0,0,0,0
shinier,1,shinier=1,1,0,0,0,0,0,0,0
shinto,1,shinto=1,0,1,0,0,0,0,0,0
shipments,1,shipments=1,0,1,0,0,0,0,0,0
shipwright,1,shipwrights=1,1,0,0,0,0,0,0,0
shipyard,1,shipyard=1,1,0,0,0,0,0,0,0
shockingly,1,shockingly=1,0,0,0,0,0,1,0,0
shockwave,1,shockwaves=1,1,0,0,0,0,0,0,0
shoelace,1,shoelaces=1,1,0,0,0,0,0,0,0
shooting,1,shooting=1,1,0,0,0,0,0,0,0
shopkeeper,1,shopkeepers=1,1,0,0,0,0,0,0,0
shortening,1,shortening=1,1,0,0,0,0,0,0,0
shortness,1,shortness=1,1,0,0,0,0,0,0,0
shortsighted,1,shortsighted=1,0,0,0,0,1,0,0,0
showcasing,1,showcasing=1,1,0,0,0,0,0,0,0
showdown,1,showdowns=1,1,0,0,0,0,0,0,0
shrinkage,1,shrinkage=1,1,0,0,0,0,0,0,0
shrivel,1,shrivel=1,0,0,1,0,0,0,0,0
shroud,1,shrouded=1,0,0,1,0,0,0,0,0
shrunk,1,shrunk=1,1,0,0,0,0,0,0,0
shuffle,1,shuffle=1,1,0,0,0,0,0,0,0
shun,1,shunned=1,0,0,1,0,0,0,0,0
shyness,1,shyness=1,1,0,0,0,0,0,0,0
sicilian,1,sicilian=1,0,0,0,0,1,0,0,0
sicken,1,sicken=1,0,0,1,0,0,0,0,0
sicklaid,1,sicklaid=1,1,0,0,0,0,0,0,0
sicklet,1,sicklet=1,1,0,0,0,0,0,0,0
sicklid,1,sicklids=1,1,0,0,0,0,0,0,0
sicklids,1,sicklids=1,0,1,0,0,0,0,0,0
sided,1,sided=1,0,0,0,0,1,0,0,0
sidedness,1,sidedness=1,1,0,0,0,0,0,0,0
sideshow,1,sideshows=1,0,0,1,0,0,0,0,0
siegel,1,siegel=1,0,1,0,0,0,0,0,0
sigel,1,sigel=1,0,1,0,0,0,0,0,0
sightings,1,sightings=1,0,1,0,0,0,0,0,0
sightseeing,1,sightseeing=1,1,0,0,0,0,0,0,0
sigmund,1,sigmund=1,0,1,0,0,0,0,0,0
signals,1,signals=1,0,1,0,0,0,0,0,0
signatures,1,signatures=1,0,1,0,0,0,0,0,0
signer,1,signers=1,1,0,0,0,0,0,0,0
signficant,1,signficant=1,0,0,0,0,1,0,0,0
signpost,1,signposts=1,1,0,0,0,0,0,0,0
signup,1,signup=1,0,0,0,0,1,0,0,0
silkworms,1,silkworms=1,0,1,0,0,0,0,0,0
silky,1,silky=1,0,0,0,0,1,0,0,0
sill,1,sills=1,1,0,0,0,0,0,0,0
silliness,1,silliness=1,1,0,0,0,0,0,0,0
silo,1,silos=1,1,0,0,0,0,0,0,0
silsila,1,silsila=1,0,1,0,0,0,0,0,0
silverfish,1,silverfish=1,1,0,0,0,0,0,0,0
silverman,1,silverman=1,0,1,0,0,0,0,0,0
simms,1,simms=1,0,1,0,0,0,0,0,0
simpler,1,simpler=1,0,1,0,0,0,0,0,0
simplifie,1,simplifies=1,1,0,0,0,0,0,0,0
simulating,1,simulating=1,1,0,0,0,0,0,0,0
sincere,1,sincere=1,0,0,0,0,1,0,0,0
singh,1,singh=1,0,1,0,0,0,0,0,0
sinter,1,sinter=1,0,1,0,0,0,0,0,0
sip,1,sip=1,0,0,1,0,0,0,0,0
sire,1,sire=1,1,0,0,0,0,0,0,0
sisters,1,sisters=1,0,1,0,0,0,0,0,0
sitophilus,1,sitophilus=1,0,1,0,0,0,0,0,0
situational,1,situational=1,0,0,0,0,1,0,0,0
sixfold,1,sixfold=1,0,0,0,0,0,1,0,0
sizeable,1,sizeable=1,0,0,0,0,1,0,0,0
sjetie,1,sjeties=1,1,0,0,0,0,0,0,0
skew,1,skewing=1,0,0,1,0,0,0,0,0
skid,1,skid=1,0,0,1,0,0,0,0,0
skil,1,skils=1,1,0,0,0,0,0,0,0
skille,1,skilled=1,0,0,1,0,0,0,0,0
skitter,1,skitters=1,1,0,0,0,0,0,0,0
skydiving,1,skydiving=1,1,0,0,0,0,0,0,0
skywatching,1,skywatching=1,0,0,0,0,1,0,0,0
skyway,1,skyway=1,0,1,0,0,0,0,0,0
slam,1,slamming=1,0,0,1,0,0,0,0,0
slant,1,slanted=1,0,0,1,0,0,0,0,0
slanted,1,slanted=1,0,0,0,0,1,0,0,0
slat,1,slats=1,1,0,0,0,0,0,0,0
slates,1,slates=1,0,1,0,0,0,0,0,0
slavic,1,slavic=1,0,0,0,0,1,0,0,0
sleeveless,1,sleeveless=1,0,0,0,0,1,0,0,0
slick,1,slick=1,0,0,0,0,1,0,0,0
sliding,1,sliding=1,0,1,0,0,0,0,0,0
slighter,1,slighter=1,1,0,0,0,0,0,0,0
slipper,1,slippers=1,1,0,0,0,0,0,0,0
slips,1,slips=1,0,1,0,0,0,0,0,0
sloss,1,sloss=1,1,0,0,0,0,0,0,0
slum,1,slums=1,1,0,0,0,0,0,0,0
smallness,1,smallness=1,1,0,0,0,0,0,0,0
smelling,1,smelling=1,1,0,0,0,0,0,0,0
smithsonian,1,smithsonian=1,0,1,0,0,0,0,0,0
smokeless,1,smokeless=1,0,0,0,0,1,0,0,0
smoker,1,smokers=1,1,0,0,0,0,0,0,0
smokestack,1,smokestacks=1,1,0,0,0,0,0,0,0
smoothed,1,smoothed=1,0,0,0,0,1,0,0,0
smoothing,1,smoothing=1,1,0,0,0,0,0,0,0
smother,1,smother=1,0,0,1,0,0,0,0,0
smudge,1,smudge=1,0,0,1,0,0,0,0,0
snacks,1,snacks=1,0,1,0,0,0,0,0,0
snakebite,1,snakebite=1,1,0,0,0,0,0,0,0
snatch,1,snatch=1,0,0,1,0,0,0,0,0
sncs,1,sncs=1,0,1,0,0,0,0,0,0
sneer,1,sneer=1,0,0,1,0,0,0,0,0
sneezing,1,sneezing=1,1,0,0,0,0,0,0,0
snofru,1,snofru=1,0,1,0,0,0,0,0,0
snowboarding,1,snowboarding=1,1,0,0,0,0,0,0,0
snowflake,1,snowflakes=1,1,0,0,0,0,0,0,0
sobering,1,sobering=1,0,0,0,0,1,0,0,0
socal,1,socal=1,0,0,0,0,1,0,0,0
socia,1,socia=1,1,0,0,0,0,0,0,0
sociable,1,sociable=1,0,0,0,0,1,0,0,0
socializing,1,socializing=1,1,0,0,0,0,0,0,0
socio,1,socio=1,0,0,1,0,0,0,0,0
sociocultural,1,sociocultural=1,0,0,0,0,1,0,0,0
sociopolitical,1,sociopolitical=1,0,0,0,0,1,0,0,0
softly,1,softly=1,0,0,0,0,0,1,0,0
softwood,1,softwoods=1,1,0,0,0,0,0,0,0
sojourn,1,sojourn=1,1,0,0,0,0,0,0,0
sokhta,1,sokhta=1,0,1,0,0,0,0,0,0
solder,1,solder=1,1,0,0,0,0,0,0,0
solidity,1,solidity=1,1,0,0,0,0,0,0,0
solidly,1,solidly=1,0,0,0,0,0,1,0,0
solu,1,solu=1,0,1,0,0,0,0,0,0
solubility,1,solubility=1,1,0,0,0,0,0,0,0
somethine,1,somethine=1,1,0,0,0,0,0,0,0
songs,1,songs=1,0,1,0,0,0,0,0,0
songwriter,1,songwriters=1,1,0,0,0,0,0,0,0
songwriting,1,songwriting=1,0,0,0,0,1,0,0,0
sonia,1,sonia=1,0,1,0,0,0,0,0,0
sonifye,1,sonifying=1,0,0,1,0,0,0,0,0
sonora,1,sonora=1,0,1,0,0,0,0,0,0
sonya,1,sonya=1,0,1,0,0,0,0,0,0
soothe,1,soothe=1,0,0,1,0,0,0,0,0
soothing,1,soothing=1,0,0,0,0,1,0,0,0
sopa,1,sopa=1,0,1,0,0,0,0,0,0
sophomore,1,sophomore=1,1,0,0,0,0,0,0,0
sore,1,sore=1,0,0,0,0,1,0,0,0
sorrow,1,sorrow=1,1,0,0,0,0,0,0,0
sorrowful,1,sorrowful=1,0,0,0,0,1,0,0,0
sorta,1,sorta=1,0,1,0,0,0,0,0,0
sorting,1,sorting=1,1,0,0,0,0,0,0,0
soundly,1,soundly=1,0,0,0,0,0,1,0,0
soundproof,1,soundproof=1,0,0,0,0,1,0,0,0
sources,1,sources=1,0,1,0,0,0,0,0,0
southerner,1,southerners=1,1,0,0,0,0,0,0,0
southernmost,1,southernmost=1,0,0,0,0,1,0,0,0
southside,1,southside=1,1,0,0,0,0,0,0,0
soviet,1,soviet=1,0,1,0,0,0,0,0,0
soy,1,soy=1,1,0,0,0,0,0,0,0
spaced,1,spaced=1,0,0,0,0,1,0,0,0
spaceship,1,spaceships=1,1,0,0,0,0,0,0,0
spadefoot,1,spadefoot=1,1,0,0,0,0,0,0,0
spaniard,1,spaniard=1,0,1,0,0,0,0,0,0
sparkling,1,sparkling=1,0,0,0,0,1,0,0,0
sparks,1,sparks=1,0,1,0,0,0,0,0,0
sparser,1,sparser=1,1,0,0,0,0,0,0,0
spatialy,1,spatialy=1,0,1,0,0,0,0,0,0
spatter,1,spatters=1,1,0,0,0,0,0,0,0
speakeasy,1,speakeasies=1,1,0,0,0,0,0,0,0
speckle,1,speckles=1,1,0,0,0,0,0,0,0
speckled,1,speckled=1,0,0,0,0,1,0,0,0
speculations,1,speculations=1,0,1,0,0,0,0,0,0
speechwrite,1,speechwriting=1,0,0,1,0,0,0,0,0
speeder,1,speeders=1,1,0,0,0,0,0,0,0
speight,1,speight=1,1,0,0,0,0,0,0,0
spencer,1,spencer=1,0,1,0,0,0,0,0,0
spiked,1,spiked=1,0,0,0,0,1,0,0,0
spillage,1,spillage=1,1,0,0,0,0,0,0,0
spindly,1,spindly=1,0,0,0,0,1,0,0,0
spirits,1,spirits=1,0,1,0,0,0,0,0,0
splicing,1,splicing=1,1,0,0,0,0,0,0,0
spoilage,1,spoilage=1,1,0,0,0,0,0,0,0
spongelike,1,spongelike=1,0,0,0,0,1,0,0,0
spongy,1,spongy=1,0,0,0,0,1,0,0,0
sponsorship,1,sponsorship=1,1,0,0,0,0,0,0,0
sporelike,1,sporelike=1,0,0,0,0,1,0,0,0
spotting,1,spotting=1,1,0,0,0,0,0,0,0
spraying,1,spraying=1,1,0,0,0,0,0,0,0
spreading,1,spreading=1,1,0,0,0,0,0,0,0
springboard,1,springboard=1,1,0,0,0,0,0,0,0
springdale,1,springdale=1,0,1,0,0,0,0,0,0
springfield,1,springfield=1,0,1,0,0,0,0,0,0
springlike,1,springlike=1,0,0,0,0,0,0,0,1
springtail,1,springtails=1,1,0,0,0,0,0,0,0
sprinkling,1,sprinkling=1,1,0,0,0,0,0,0,0
sprinting,1,sprinting=1,1,0,0,0,0,0,0,0
sprouting,1,sprouting=1,1,0,0,0,0,0,0,0
sputnik,1,sputnik=1,0,1,0,0,0,0,0,0
spy,1,spying=1,0,0,1,0,0,0,0,0
squad,1,squad=1,0,0,0,0,1,0,0,0
squander,1,squandering=1,0,0,1,0,0,0,0,0
squawk,1,squawking=1,0,0,1,0,0,0,0,0
squawroot,1,squawroot=1,1,0,0,0,0,0,0,0
squeaky,1,squeaky=1,0,0,0,0,1,0,0,0
squeal,1,squeals=1,1,0,0,0,0,0,0,0
squealing,1,squealing=1,1,0,0,0,0,0,0,0
squishy,1,squishy=1,0,0,0,0,1,0,0,0
sri,1,sri=1,0,1,0,0,0,0,0,0
stabilizing,1,stabilizing=1,1,0,0,0,0,0,0,0
stackable,1,stackable=1,0,0,0,0,1,0,0,0
stagnate,1,stagnated=1,0,0,1,0,0,0,0,0
stained,1,stained=1,0,0,0,0,1,0,0,0
stairwells,1,stairwells=1,0,1,0,0,0,0,0,0
stakeholder,1,stakeholders=1,1,0,0,0,0,0,0,0
stale,1,stale=1,0,0,0,0,1,0,0,0
stall,1,stall=1,0,0,1,0,0,0,0,0
stamen,1,stamens=1,1,0,0,0,0,0,0,0
stan,1,stan=1,0,1,0,0,0,0,0,0
standby,1,standby=1,1,0,0,0,0,0,0,0
starches,1,starches=1,0,1,0,0,0,0,0,0
stare,1,stare=1,0,0,1,0,0,0,0,0
starfish,1,starfish=1,0,0,0,0,1,0,0,0
stargaze,1,stargazing=1,0,0,1,0,0,0,0,0
stargazer,1,stargazer=1,1,0,0,0,0,0,0,0
stasis,1,stasis=1,1,0,0,0,0,0,0,0
stater,1,staters=1,1,0,0,0,0,0,0,0
statesman,1,statesman=1,1,0,0,0,0,0,0,0
stationery,1,stationery=1,1,0,0,0,0,0,0,0
stations,1,stations=1,0,1,0,0,0,0,0,0
statues,1,statues=1,0,1,0,0,0,0,0,0
statuette,1,statuettes=1,1,0,0,0,0,0,0,0
staying,1,staying=1,1,0,0,0,0,0,0,0
steadfast,1,steadfast=1,0,0,0,0,1,0,0,0
stealanother,1,stealanother=1,0,0,1,0,0,0,0,0
stealth,1,stealth=1,0,1,0,0,0,0,0,0
stealthy,1,stealthy=1,0,0,0,0,1,0,0,0
steckel,1,steckel=1,0,1,0,0,0,0,0,0
steelworker,1,steelworkers=1,1,0,0,0,0,0,0,0
stelae,1,stelae=1,0,1,0,0,0,0,0,0
stele,1,steles=1,1,0,0,0,0,0,0,0
stench,1,stench=1,1,0,0,0,0,0,0,0
stereotype,1,stereotyped=1,0,0,1,0,0,0,0,0
stern,1,stern=1,0,0,0,0,1,0,0,0
steven,1,steven=1,0,1,0,0,0,0,0,0
stevenson,1,stevenson=1,0,1,0,0,0,0,0,0
steward,1,steward=1,0,1,0,0,0,0,0,0
stickiness,1,stickiness=1,1,0,0,0,0,0,0,0
sticking,1,sticking=1,1,0,0,0,0,0,0,0
stierle,1,stierle=1,0,1,0,0,0,0,0,0
stimulated,1,stimulated=1,0,0,0,0,1,0,0,0
stingless,1,stingless=1,0,0,0,0,1,0,0,0
stink,1,stinks=1,0,0,1,0,0,0,0,0
stockham,1,stockham=1,0,1,0,0,0,0,0,0
stocking,1,stocking=1,1,0,0,0,0,0,0,0
stoic,1,stoic=1,0,0,0,0,1,0,0,0
stoke,1,stoked=1,0,0,1,0,0,0,0,0
stole,1,stole=1,0,0,1,0,0,0,0,0
stomata,1,stomata=1,1,0,0,0,0,0,0,0
stonchenge,1,stonchenge=1,0,1,0,0,0,0,0,0
stonecutter,1,stonecutters=1,1,0,0,0,0,0,0,0
stonehouse,1,stonehouse=1,0,1,0,0,0,0,0,0
stonework,1,stonework=1,1,0,0,0,0,0,0,0
stony,1,stony=1,0,0,0,0,1,0,0,0
stoplight,1,stoplights=1,1,0,0,0,0,0,0,0
stopover,1,stopover=1,1,0,0,0,0,0,0,0
stoppage,1,stoppages=1,1,0,0,0,0,0,0,0
stops,1,stops=1,0,1,0,0,0,0,0,0
storable,1,storable=1,0,0,0,0,1,0,0,0
storehouse,1,storehouses=1,1,0,0,0,0,0,0,0
storer,1,storers=1,1,0,0,0,0,0,0,0
stowaway,1,stowaways=1,1,0,0,0,0,0,0,0
straighteners,1,straighteners=1,0,1,0,0,0,0,0,0
strained,1,strained=1,0,0,0,0,1,0,0,0
stranded,1,stranded=1,0,0,0,0,1,0,0,0
strangeness,1,strangeness=1,1,0,0,0,0,0,0,0
strangers,1,strangers=1,0,1,0,0,0,0,0,0
strategies,1,strategies=1,0,1,0,0,0,0,0,0
stratford,1,stratford=1,0,1,0,0,0,0,0,0
stratigraphy,1,stratigraphy=1,1,0,0,0,0,0,0,0
streamlining,1,streamlining=1,1,0,0,0,0,0,0,0
streetcars,1,streetcars=1,0,1,0,0,0,0,0,0
streetlight,1,streetlights=1,1,0,0,0,0,0,0,0
stressor,1,stressors=1,1,0,0,0,0,0,0,0
stricken,1,stricken=1,0,0,1,0,0,0,0,0
stringing,1,stringing=1,1,0,0,0,0,0,0,0
stringy,1,stringy=1,0,0,0,0,1,0,0,0
stripes,1,stripes=1,0,1,0,0,0,0,0,0
striving,1,strivings=1,1,0,0,0,0,0,0,0
strongman,1,strongman=1,0,1,0,0,0,0,0,0
strum,1,strumming=1,0,0,1,0,0,0,0,0
stub,1,stubs=1,1,0,0,0,0,0,0,0
stubbornly,1,stubbornly=1,0,0,0,0,0,1,0,0
studentorganization,1,studentorganization=1,1,0,0,0,0,0,0,0
stuewe,1,stuewe=1,0,0,0,0,0,0,0,1
stun,1,stunned=1,0,0,1,0,0,0,0,0
stunned,1,stunned=1,0,0,0,0,1,0,0,0
suarez,1,suarez=1,0,1,0,0,0,0,0,0
subarctic,1,subarctic=1,0,0,0,0,1,0,0,0
subclassification,1,subclassification=1,1,0,0,0,0,0,0,0
subconsciously,1,subconsciously=1,0,0,0,0,0,1,0,0
subcutaneous,1,subcutaneous=1,0,0,0,0,1,0,0,0
subfreeze,1,subfreezing=1,0,0,1,0,0,0,0,0
subfreezing,1,subfreezing=1,1,0,0,0,0,0,0,0
subgroups,1,subgroups=1,0,1,0,0,0,0,0,0
subjectivity,1,subjectivity=1,1,0,0,0,0,0,0,0
submerged,1,submerged=1,0,0,0,0,1,0,0,0
submergence,1,submergence=1,1,0,0,0,0,0,0,0
submitting,1,submitting=1,0,1,0,0,0,0,0,0
suboptimal,1,suboptimal=1,0,0,0,0,1,0,0,0
subscriber,1,subscribers=1,1,0,0,0,0,0,0,0
substantiate,1,substantiating=1,0,0,1,0,0,0,0,0
substructure,1,substructures=1,1,0,0,0,0,0,0,0
subsume,1,subsumed=1,0,0,1,0,0,0,0,0
subtitle,1,subtitles=1,1,0,0,0,0,0,0,0
subtleties,1,subtleties=1,0,1,0,0,0,0,0,0
subtraction,1,subtraction=1,1,0,0,0,0,0,0,0
subzero,1,subzero=1,1,0,0,0,0,0,0,0
successional,1,successional=1,0,0,0,0,1,0,0,0
suddenness,1,suddenness=1,1,0,0,0,0,0,0,0
suffice,1,suffice=1,0,0,1,0,0,0,0,0
sufficent,1,sufficent=1,1,0,0,0,0,0,0,0
suffocate,1,suffocate=1,0,0,1,0,0,0,0,0
suggesting,1,suggesting=1,1,0,0,0,0,0,0,0
suggost,1,suggost=1,1,0,0,0,0,0,0,0
suicidal,1,suicidal=1,0,0,0,0,1,0,0,0
suitably,1,suitably=1,0,0,0,0,0,1,0,0
suite,1,suite=1,1,0,0,0,0,0,0,0
sulphate,1,sulphate=1,1,0,0,0,0,0,0,0
sulphur,1,sulphur=1,0,1,0,0,0,0,0,0
sulphuric,1,sulphuric=1,0,0,0,0,1,0,0,0
suminoe,1,suminoe=1,0,1,0,0,0,0,0,0
summarise,1,summarise=1,0,0,1,0,0,0,0,0
summarizing,1,summarizing=1,1,0,0,0,0,0,0,0
summon,1,summoned=1,0,0,1,0,0,0,0,0
sunbake,1,sunbaked=1,0,0,1,0,0,0,0,0
sunless,1,sunless=1,0,0,0,0,1,0,0,0
sunlike,1,sunlike=1,0,0,0,0,1,0,0,0
sunnier,1,sunnier=1,1,0,0,0,0,0,0,0
sunscreen,1,sunscreen=1,1,0,0,0,0,0,0,0
sunshine,1,sunshine=1,1,0,0,0,0,0,0,0
sunup,1,sunup=1,0,0,0,0,1,0,0,0
supercritica,1,supercritica=1,0,1,0,0,0,0,0,0
superimpose,1,superimposed=1,0,0,1,0,0,0,0,0
supermodel,1,supermodel=1,1,0,0,0,0,0,0,0
superoxide,1,superoxide=1,1,0,0,0,0,0,0,0
superposition,1,superposition=1,1,0,0,0,0,0,0,0
superrotation,1,superrotation=1,1,0,0,0,0,0,0,0
supersaturated,1,supersaturated=1,0,0,0,0,1,0,0,0
superstar,1,superstar=1,1,0,0,0,0,0,0,0
superstitious,1,superstitious=1,0,0,0,0,1,0,0,0
supplant,1,supplant=1,0,0,1,0,0,0,0,0
supplementary,1,supplementary=1,0,0,0,0,1,0,0,0
supportable,1,supportable=1,0,0,0,0,1,0,0,0
supposed,1,supposed=1,0,1,0,0,0,0,0,0
suprachiasmatic,1,suprachiasmatic=1,0,0,0,0,1,0,0,0
supremely,1,supremely=1,0,0,0,0,0,1,0,0
surmmary,1,surmmary=1,0,0,0,0,1,0,0,0
surmount,1,surmounting=1,0,0,1,0,0,0,0,0
surpluses,1,surpluses=1,0,1,0,0,0,0,0,0
surreptitiously,1,surreptitiously=1,0,0,0,0,0,1,0,0
surveys,1,surveys=1,0,1,0,0,0,0,0,0
survivability,1,survivability=1,1,0,0,0,0,0,0,0
sushi,1,sushi=1,1,0,0,0,0,0,0,0
susie,1,susie=1,0,1,0,0,0,0,0,0
suspected,1,suspected=1,0,1,0,0,0,0,0,0
suspension,1,suspension=1,1,0,0,0,0,0,0,0
sustainably,1,sustainably=1,0,0,0,0,0,1,0,0
suzanna,1,suzanna=1,0,1,0,0,0,0,0,0
suzanne,1,suzanne=1,0,1,0,0,0,0,0,0
swap,1,swapped=1,0,0,1,0,0,0,0,0
swapping,1,swapping=1,1,0,0,0,0,0,0,0
swaying,1,swaying=1,1,0,0,0,0,0,0,0
swear,1,swear=1,0,0,1,0,0,0,0,0
sweater,1,sweater=1,1,0,0,0,0,0,0,0
sweaty,1,sweaty=1,1,0,0,0,0,0,0,0
sweeter,1,sweeter=1,1,0,0,0,0,0,0,0
swerve,1,swerve=1,0,0,1,0,0,0,0,0
swhis,1,swhis=1,0,0,0,0,1,0,0,0
swifter,1,swifter=1,1,0,0,0,0,0,0,0
swimsuit,1,swimsuit=1,1,0,0,0,0,0,0,0
swirling,1,swirling=1,1,0,0,0,0,0,0,0
swollen,1,swollen=1,0,0,0,0,1,0,0,0
swoop,1,swoop=1,0,0,1,0,0,0,0,0
swooping,1,swooping=1,1,0,0,0,0,0,0,0
sydney,1,sydney=1,0,1,0,0,0,0,0,0
symbiose,1,symbioses=1,1,0,0,0,0,0,0,0
sympathize,1,sympathizes=1,0,0,1,0,0,0,0,0
synapse,1,synapse=1,1,0,0,0,0,0,0,0
sync,1,sync=1,1,0,0,0,0,0,0,0
synchronization,1,synchronization=1,1,0,0,0,0,0,0,0
synchrony,1,synchrony=1,1,0,0,0,0,0,0,0
synergy,1,synergy=1,1,0,0,0,0,0,0,0
synopsis,1,synopsis=1,1,0,0,0,0,0,0,0
synthetically,1,synthetically=1,0,0,0,0,0,1,0,0
syrphid,1,syrphids=1,1,0,0,0,0,0,0,0
syrup,1,syrup=1,1,0,0,0,0,0,0,0
systemic,1,systemic=1,0,0,0,0,1,0,0,0
systems,1,systems=1,0,1,0,0,0,0,0,0
sérusier,1,sérusier=1,0,1,0,0,0,0,0,0
tabulate,1,tabulate=1,0,0,1,0,0,0,0,0
tacky,1,tacky=1,0,0,0,0,1,0,0,0
tad,1,tad=1,0,1,0,0,0,0,0,0
taiga,1,taiga=1,1,0,0,0,0,0,0,0
tailism,1,tailism=1,1,0,0,0,0,0,0,0
takashi,1,takashi=1,0,1,0,0,0,0,0,0
takeaway,1,takeaway=1,1,0,0,0,0,0,0,0
tales,1,tales=1,0,1,0,0,0,0,0,0
talking,1,talking=1,1,0,0,0,0,0,0,0
tallest,1,tallest=1,0,0,0,0,1,0,0,0
talon,1,talons=1,1,0,0,0,0,0,0,0
tamarine,1,tamarines=1,1,0,0,0,0,0,0,0
taming,1,taming=1,1,0,0,0,0,0,0,0
tamp,1,tamp=1,0,0,1,0,0,0,0,0
tamper,1,tampering=1,0,0,1,0,0,0,0,0
tandem,1,tandem=1,1,0,0,0,0,0,0,0
tangible,1,tangible=1,0,0,0,0,1,0,0,0
tanker,1,tankers=1,1,0,0,0,0,0,0,0
tannenwald,1,tannenwald=1,0,1,0,0,0,0,0,0
tannery,1,tanneries=1,1,0,0,0,0,0,0,0
tansy,1,tansy=1,0,0,0,0,1,0,0,0
tapir,1,tapirs=1,1,0,0,0,0,0,0,0
tarantula,1,tarantulas=1,1,0,0,0,0,0,0,0
targeted,1,targeted=1,0,0,0,0,1,0,0,0
tarim,1,tarim=1,0,1,0,0,0,0,0,0
tarnish,1,tarnished=1,0,0,1,0,0,0,0,0
tarot,1,tarot=1,0,0,0,0,1,0,0,0
tarsier,1,tarsiers=1,1,0,0,0,0,0,0,0
tassel,1,tassels=1,0,0,1,0,0,0,0,0
tasteless,1,tasteless=1,0,0,0,0,1,0,0,0
tat,1,tat=1,1,0,0,0,0,0,0,0
tattooed,1,tattooed=1,1,0,0,0,0,0,0,0
tattooing,1,tattooing=1,1,0,0,0,0,0,0,0
taunt,1,taunt=1,0,0,1,0,0,0,0,0
taxes,1,taxes=1,0,1,0,0,0,0,0,0
taxi,1,taxis=1,1,0,0,0,0,0,0,0
taxonomist,1,taxonomist=1,1,0,0,0,0,0,0,0
taxpayer,1,taxpayer=1,1,0,0,0,0,0,0,0
tbt,1,tbt=1,0,1,0,0,0,0,0,0
te,1,te=1,0,1,0,0,0,0,0,0
teacup,1,teacups=1,1,0,0,0,0,0,0,0
teahouse,1,teahouses=1,1,0,0,0,0,0,0,0
teammate,1,teammates=1,1,0,0,0,0,0,0,0
teaser,1,teasers=1,1,0,0,0,0,0,0,0
technocrat,1,technocrats=1,1,0,0,0,0,0,0,0
technologies,1,technologies=1,0,1,0,0,0,0,0,0
technologist,1,technologists=1,1,0,0,0,0,0,0,0
tectonics,1,tectonics=1,0,1,0,0,0,0,0,0
teddy,1,teddy=1,0,1,0,0,0,0,0,0
teem,1,teeming=1,0,0,1,0,0,0,0,0
teepees,1,teepees=1,0,1,0,0,0,0,0,0
telecommunication,1,telecommunications=1,1,0,0,0,0,0,0,0
telecommute,1,telecommuting=1,0,0,1,0,0,0,0,0
telegraphic,1,telegraphic=1,0,0,0,0,1,0,0,0
telescopes,1,telescopes=1,0,1,0,0,0,0,0,0
televise,1,televised=1,0,0,1,0,0,0,0,0
telling,1,telling=1,1,0,0,0,0,0,0,0
telltale,1,telltale=1,0,0,0,0,1,0,0,0
temenggung,1,temenggung=1,1,0,0,0,0,0,0,0
temp,1,tempest=1,0,0,0,0,1,0,0,0
temperance,1,temperance=1,1,0,0,0,0,0,0,0
tenacious,1,tenacious=1,0,0,0,0,1,0,0,0
tenderness,1,tenderness=1,1,0,0,0,0,0,0,0
tending,1,tending=1,1,0,0,0,0,0,0,0
tendon,1,tendons=1,1,0,0,0,0,0,0,0
tenement,1,tenements=1,1,0,0,0,0,0,0,0
tentatively,1,tentatively=1,0,0,0,0,0,1,0,0
tenuous,1,tenuous=1,0,0,0,0,1,0,0,0
tenured,1,tenured=1,0,0,0,0,1,0,0,0
ter,1,ter=1,1,0,0,0,0,0,0,0
termites,1,termites=1,0,1,0,0,0,0,0,0
terra,1,terra=1,1,0,0,0,0,0,0,0
terrestris,1,terrestris=1,0,1,0,0,0,0,0,0
terrifying,1,terrifying=1,0,0,0,0,1,0,0,0
territories,1,territories=1,0,1,0,0,0,0,0,0
terrorist,1,terrorist=1,0,0,0,0,1,0,0,0
tertiary,1,tertiary=1,0,0,0,0,1,0,0,0
testable,1,testable=1,0,0,0,0,1,0,0,0
testart,1,testart=1,0,1,0,0,0,0,0,0
testimony,1,testimony=1,1,0,0,0,0,0,0,0
testosterone,1,testosterone=1,1,0,0,0,0,0,0,0
tetrodotoxin,1,tetrodotoxin=1,1,0,0,0,0,0,0,0
texte,1,texting=1,0,0,1,0,0,0,0,0
texting,1,texting=1,1,0,0,0,0,0,0,0
texturing,1,texturing=1,0,0,0,0,1,0,0,0
tfieory,1,tfieory=1,1,0,0,0,0,0,0,0
thames,1,thames=1,0,1,0,0,0,0,0,0
thamus,1,thamus=1,0,1,0,0,0,0,0,0
thankful,1,thankful=1,0,0,0,0,1,0,0,0
thankfully,1,thankfully=1,0,0,0,0,0,1,0,0
thar,1,thar=1,0,1,0,0,0,0,0,0
tharsis,1,tharsis=1,0,1,0,0,0,0,0,0
thawing,1,thawing=1,1,0,0,0,0,0,0,0
thaws,1,thaws=1,0,0,0,0,0,1,0,0
theatergoer,1,theatergoers=1,1,0,0,0,0,0,0,0
theatrically,1,theatrically=1,0,0,0,0,0,1,0,0
theatron,1,theatron=1,1,0,0,0,0,0,0,0
thematic,1,thematic=1,0,0,0,0,1,0,0,0
themes,1,themes=1,0,1,0,0,0,0,0,0
thence,1,thence=1,0,0,1,0,0,0,0,0
theodor,1,theodor=1,0,1,0,0,0,0,0,0
theodore,1,theodore=1,0,1,0,0,0,0,0,0
theorise,1,theorised=1,0,0,1,0,0,0,0,0
theorizing,1,theorizing=1,1,0,0,0,0,0,0,0
theoty,1,theoty=1,0,1,0,0,0,0,0,0
theraphosid,1,theraphosid=1,0,0,0,0,1,0,0,0
therapod,1,therapod=1,0,0,0,0,1,0,0,0
therein,1,therein=1,0,0,0,0,0,1,0,0
thermometer,1,thermometer=1,1,0,0,0,0,0,0,0
thermoregulate,1,thermoregulate=1,0,0,1,0,0,0,0,0
thery,1,thery=1,0,1,0,0,0,0,0,0
thickener,1,thickeners=1,1,0,0,0,0,0,0,0
thievery,1,thievery=1,1,0,0,0,0,0,0,0
thira,1,thira=1,0,1,0,0,0,0,0,0
thirdly,1,thirdly=1,0,0,0,0,0,1,0,0
thiunen,1,thiunen=1,0,1,0,0,0,0,0,0
tho,1,tho=1,0,0,0,0,0,0,1,0
thomisus,1,thomisus=1,0,1,0,0,0,0,0,0
thorium,1,thorium=1,1,0,0,0,0,0,0,0
thorny,1,thorny=1,0,0,0,0,1,0,0,0
thoth,1,thoth=1,0,1,0,0,0,0,0,0
thresher,1,threshers=1,1,0,0,0,0,0,0,0
throwers,1,throwers=1,0,1,0,0,0,0,0,0
thylacoleo,1,thylacoleo=1,0,1,0,0,0,0,0,0
théry,1,théry=1,0,1,0,0,0,0,0,0
ti,1,ti=1,1,0,0,0,0,0,0,0
tibetan,1,tibetan=1,0,0,0,0,1,0,0,0
tick,1,ticks=1,1,0,0,0,0,0,0,0
tickle,1,tickles=1,0,0,1,0,0,0,0,0
tidy,1,tidied=1,0,0,1,0,0,0,0,0
tigersare,1,tigersare=1,1,0,0,0,0,0,0,0
tightening,1,tightening=1,1,0,0,0,0,0,0,0
tighter,1,tighter=1,0,0,0,0,0,1,0,0
tiie,1,tiie=1,0,0,1,0,0,0,0,0
tilapia,1,tilapia=1,1,0,0,0,0,0,0,0
tillage,1,tillage=1,1,0,0,0,0,0,0,0
tiller,1,tiller=1,1,0,0,0,0,0,0,0
timbre,1,timbre=1,1,0,0,0,0,0,0,0
timescale,1,timescale=1,1,0,0,0,0,0,0,0
timesheet,1,timesheet=1,1,0,0,0,0,0,0,0
timetable,1,timetable=1,1,0,0,0,0,0,0,0
tina,1,tina=1,0,1,0,0,0,0,0,0
tinker,1,tinkering=1,0,0,1,0,0,0,0,0
tion,1,tions=1,1,0,0,0,0,0,0,0
titans,1,titans=1,0,1,0,0,0,0,0,0
tits,1,tits=1,0,1,0,0,0,0,0,0
tliere,1,tliere=1,0,0,0,0,0,1,0,0
toba,1,toba=1,0,1,0,0,0,0,0,0
tofoumban,1,tofoumban=1,1,0,0,0,0,0,0,0
toga,1,toga=1,1,0,0,0,0,0,0,0
togetherness,1,togetherness=1,1,0,0,0,0,0,0,0
toil,1,toil=1,0,0,1,0,0,0,0,0
toilet,1,toilets=1,1,0,0,0,0,0,0,0
tok,1,tok=1,1,0,0,0,0,0,0,0
tomake,1,tomake=1,0,0,1,0,0,0,0,0
toned,1,toned=1,0,0,0,0,1,0,0,0
toolbox,1,toolbox=1,1,0,0,0,0,0,0,0
toolmake,1,toolmaking=1,0,0,1,0,0,0,0,0
toophic,1,toophic=1,0,1,0,0,0,0,0,0
topknot,1,topknots=1,1,0,0,0,0,0,0,0
topmost,1,topmost=1,0,0,0,0,1,0,0,0
topographical,1,topographical=1,0,0,0,0,1,0,0,0
toronto,1,toronto=1,0,1,0,0,0,0,0,0
torture,1,tortured=1,0,0,1,0,0,0,0,0
tothe,1,tothe=1,0,0,0,0,0,0,0,1
totocalli,1,totocalli=1,0,1,0,0,0,0,0,0
touching,1,touching=1,0,0,0,0,1,0,0,0
towers,1,towers=1,0,1,0,0,0,0,0,0
towns,1,towns=1,0,1,0,0,0,0,0,0
townsend,1,townsend=1,0,1,0,0,0,0,0,0
towrope,1,towropes=1,1,0,0,0,0,0,0,0
toxicus,1,toxicus=1,1,0,0,0,0,0,0,0
toymaker,1,toymaker=1,1,0,0,0,0,0,0,0
tracer,1,tracers=1,1,0,0,0,0,0,0,0
trachtenberg,1,trachtenberg=1,0,1,0,0,0,0,0,0
tracing,1,tracing=1,1,0,0,0,0,0,0,0
tracy,1,tracy=1,0,1,0,0,0,0,0,0
trademark,1,trademark=1,1,0,0,0,0,0,0,0
tradeoff,1,tradeoffs=1,1,0,0,0,0,0,0,0
traders,1,traders=1,0,1,0,0,0,0,0,0
tradesman,1,tradesmen=1,1,0,0,0,0,0,0,0
trailer,1,trailers=1,1,0,0,0,0,0,0,0
trainable,1,trainable=1,0,0,0,0,1,0,0,0
tramp,1,tramps=1,1,0,0,0,0,0,0,0
tranquility,1,tranquility=1,1,0,0,0,0,0,0,0
transaltantic,1,transaltantic=1,0,0,0,0,1,0,0,0
transcend,1,transcend=1,0,0,1,0,0,0,0,0
transcontinental,1,transcontinental=1,0,0,0,0,1,0,0,0
transfect,1,transfect=1,0,0,1,0,0,0,0,0
transferring,1,transferring=1,1,0,0,0,0,0,0,0
transitions,1,transitions=1,0,1,0,0,0,0,0,0
transitory,1,transitory=1,0,0,0,0,1,0,0,0
translations,1,translations=1,0,1,0,0,0,0,0,0
translocate,1,translocated=1,0,0,1,0,0,0,0,0
transmitting,1,transmitting=1,1,0,0,0,0,0,0,0
transmute,1,transmuted=1,0,0,1,0,0,0,0,0
transportable,1,transportable=1,0,0,0,0,1,0,0,0
transshipment,1,transshipments=1,1,0,0,0,0,0,0,0
trauma,1,trauma=1,1,0,0,0,0,0,0,0
travelers,1,travelers=1,0,1,0,0,0,0,0,0
traveling,1,traveling=1,1,0,0,0,0,0,0,0
treachery,1,treachery=1,1,0,0,0,0,0,0,0
treasurer,1,treasurer=1,1,0,0,0,0,0,0,0
treasury,1,treasury=1,1,0,0,0,0,0,0,0
tremble,1,tremble=1,0,1,0,0,0,0,0,0
trendsette,1,trendsetting=1,0,0,1,0,0,0,0,0
trendsetter,1,trendsetters=1,1,0,0,0,0,0,0,0
trendy,1,trendy=1,0,0,0,0,1,0,0,0
trevor,1,trevor=1,0,1,0,0,0,0,0,0
tri,1,tri=1,0,0,0,0,1,0,0,0
triad,1,triad=1,0,1,0,0,0,0,0,0
triakonter,1,triakonters=1,1,0,0,0,0,0,0,0
tributyl,1,tributyl=1,1,0,0,0,0,0,0,0
tricarico,1,tricarico=1,0,1,0,0,0,0,0,0
trigo,1,trigo=1,0,1,0,0,0,0,0,0
trilete,1,trilete=1,0,0,0,0,1,0,0,0
trilobozoa,1,trilobozoa=1,0,1,0,0,0,0,0,0
trim,1,trims=1,0,0,1,0,0,0,0,0
trivium,1,trivia=1,1,0,0,0,0,0,0,0
trocto,1,trocto=1,0,0,0,0,1,0,0,0
troctolite,1,troctolite=1,0,1,0,0,0,0,0,0
trolling,1,trolling=1,1,0,0,0,0,0,0,0
trongly,1,trongly=1,0,0,0,0,0,1,0,0
tronie,1,tronies=1,1,0,0,0,0,0,0,0
tropics,1,tropics=1,0,1,0,0,0,0,0,0
trova,1,trova=1,0,1,0,0,0,0,0,0
troy,1,troy=1,0,1,0,0,0,0,0,0
trucking,1,trucking=1,1,0,0,0,0,0,0,0
truer,1,truer=1,1,0,0,0,0,0,0,0
truncate,1,truncates=1,0,0,1,0,0,0,0,0
truthfulness,1,truthfulness=1,1,0,0,0,0,0,0,0
tryout,1,tryouts=1,1,0,0,0,0,0,0,0
ts,1,ts=1,0,0,0,0,0,0,0,1
tub,1,tub=1,1,0,0,0,0,0,0,0
tubes,1,tubes=1,0,1,0,0,0,0,0,0
tuesdays,1,tuesdays=1,0,1,0,0,0,0,0,0
tumbleweed,1,tumbleweed=1,1,0,0,0,0,0,0,0
tumor,1,tumors=1,1,0,0,0,0,0,0,0
tumulimound,1,tumulimounds=1,1,0,0,0,0,0,0,0
tunneling,1,tunneling=1,1,0,0,0,0,0,0,0
turbination,1,turbination=1,1,0,0,0,0,0,0,0
turbo,1,turbo=1,1,0,0,0,0,0,0,0
turin,1,turin=1,0,1,0,0,0,0,0,0
turnaround,1,turnaround=1,1,0,0,0,0,0,0,0
turnip,1,turnips=1,1,0,0,0,0,0,0,0
turnips,1,turnips=1,0,1,0,0,0,0,0,0
turret,1,turrets=1,1,0,0,0,0,0,0,0
turtledove,1,turtledove=1,0,0,1,0,0,0,0,0
turtles,1,turtles=1,0,1,0,0,0,0,0,0
tuscan,1,tuscan=1,0,1,0,0,0,0,0,0
tusking,1,tusking=1,1,0,0,0,0,0,0,0
tutu,1,tutu=1,1,0,0,0,0,0,0,0
twee,1,twee=1,1,0,0,0,0,0,0,0
twisted,1,twisted=1,0,0,0,0,1,0,0,0
twit,1,twit=1,1,0,0,0,0,0,0,0
typewriter,1,typewriter=1,1,0,0,0,0,0,0,0
typhoon,1,typhoons=1,1,0,0,0,0,0,0,0
typography,1,typography=1,1,0,0,0,0,0,0,0
ubiquitously,1,ubiquitously=1,0,0,0,0,0,1,0,0
ue,1,ue=1,0,1,0,0,0,0,0,0
ugh,1,ugh=1,0,1,0,0,0,0,0,0
ugliness,1,ugliness=1,1,0,0,0,0,0,0,0
uhhh,1,uhhh=1,0,1,0,0,0,0,0,0
uhn,1,uhn=1,0,1,0,0,0,0,0,0
ultrasonic,1,ultrasonic=1,0,0,0,0,1,0,0,0
umiak,1,umiaks=1,1,0,0,0,0,0,0,0
un,1,un=1,0,1,0,0,0,0,0,0
unaccounte,1,unaccounted=1,0,0,1,0,0,0,0,0
unaffordable,1,unaffordable=1,0,0,0,0,1,0,0,0
unafraid,1,unafraid=1,0,0,0,0,1,0,0,0
unaggressive,1,unaggressive=1,0,0,0,0,1,0,0,0
unaided,1,unaided=1,0,0,0,0,1,0,0,0
unalterable,1,unalterable=1,0,0,0,0,1,0,0,0
unanticipated,1,unanticipated=1,0,0,0,0,1,0,0,0
unappetizing,1,unappetizing=1,0,0,0,0,1,0,0,0
unattainable,1,unattainable=1,0,0,0,0,1,0,0,0
unbiased,1,unbiased=1,0,0,0,0,1,0,0,0
unblended,1,unblended=1,0,0,0,0,1,0,0,0
unburned,1,unburned=1,0,0,0,0,1,0,0,0
uncarnivorous,1,uncarnivorous=1,0,0,0,0,1,0,0,0
unceasing,1,unceasing=1,0,0,0,0,1,0,0,0
uncertainties,1,uncertainties=1,0,1,0,0,0,0,0,0
unclaimed,1,unclaimed=1,0,0,0,0,1,0,0,0
uncomfortably,1,uncomfortably=1,0,0,0,0,0,1,0,0
uncompleted,1,uncompleted=1,0,0,0,0,1,0,0,0
unconcerned,1,unconcerned=1,0,1,0,0,0,0,0,0
unconfirmed,1,unconfirmed=1,0,0,0,0,1,0,0,0
unconstraine,1,unconstrained=1,0,0,1,0,0,0,0,0
uncontested,1,uncontested=1,0,0,0,0,1,0,0,0
uncontrolled,1,uncontrolled=1,0,0,0,0,1,0,0,0
unconvince,1,unconvinced=1,0,0,1,0,0,0,0,0
unconvinced,1,unconvinced=1,0,0,0,0,1,0,0,0
uncooked,1,uncooked=1,0,0,0,0,1,0,0,0
uncorrected,1,uncorrected=1,0,0,0,0,1,0,0,0
uncountable,1,uncountable=1,0,0,0,0,1,0,0,0
uncremated,1,uncremated=1,0,0,0,0,1,0,0,0
uncritically,1,uncritically=1,0,0,0,0,0,1,0,0
unction,1,unction=1,1,0,0,0,0,0,0,0
uncultivate,1,uncultivated=1,0,0,1,0,0,0,0,0
undamaged,1,undamaged=1,0,0,0,0,1,0,0,0
undependable,1,undependable=1,0,0,0,0,1,0,0,0
underfed,1,underfed=1,0,0,0,0,1,0,0,0
underglazing,1,underglazing=1,1,0,0,0,0,0,0,0
undergraduates,1,undergraduates=1,0,1,0,0,0,0,0,0
undergrowth,1,undergrowth=1,1,0,0,0,0,0,0,0
underpart,1,underparts=1,1,0,0,0,0,0,0,0
underpass,1,underpasses=1,1,0,0,0,0,0,0,0
underrepresente,1,underrepresenting=1,0,0,1,0,0,0,0,0
underscore,1,underscore=1,0,0,1,0,0,0,0,0
undertook,1,undertook=1,0,0,0,0,1,0,0,0
underutilize,1,underutilized=1,0,0,1,0,0,0,0,0
undervalue,1,undervalued=1,0,0,1,0,0,0,0,0
underwa,1,underwa=1,0,0,0,0,1,0,0,0
underwrote,1,underwrote=1,0,1,0,0,0,0,0,0
undesired,1,undesired=1,0,0,0,0,1,0,0,0
undiscovere,1,undiscovered=1,0,0,1,0,0,0,0,0
undisputed,1,undisputed=1,0,0,0,0,1,0,0,0
undistorted,1,undistorted=1,0,0,0,0,1,0,0,0
undocumente,1,undocumented=1,0,0,1,0,0,0,0,0
unduly,1,unduly=1,0,0,0,0,0,1,0,0
undying,1,undying=1,0,0,0,0,1,0,0,0
uneconomical,1,uneconomical=1,0,0,0,0,1,0,0,0
unedited,1,unedited=1,0,0,0,0,1,0,0,0
uneducated,1,uneducated=1,0,0,0,0,1,0,0,0
unending,1,unending=1,0,0,0,0,1,0,0,0
unevenness,1,unevenness=1,1,0,0,0,0,0,0,0
unexplainable,1,unexplainable=1,0,0,0,0,1,0,0,0
unexplaine,1,unexplained=1,0,0,1,0,0,0,0,0
unexplained,1,unexplained=1,0,0,0,0,1,0,0,0
unfailing,1,unfailing=1,0,0,0,0,1,0,0,0
unfarme,1,unfarmed=1,0,0,1,0,0,0,0,0
unfeasible,1,unfeasible=1,0,0,0,0,1,0,0,0
unfinishe,1,unfinished=1,0,0,1,0,0,0,0,0
unfit,1,unfit=1,0,0,0,0,1,0,0,0
unfocused,1,unfocused=1,0,0,0,0,1,0,0,0
unfounded,1,unfounded=1,0,0,0,0,1,0,0,0
unfragmented,1,unfragmented=1,0,0,0,0,1,0,0,0
unfunded,1,unfunded=1,0,0,0,0,1,0,0,0
unhampere,1,unhampered=1,0,0,1,0,0,0,0,0
unhappiness,1,unhappiness=1,1,0,0,0,0,0,0,0
unhealthful,1,unhealthful=1,0,0,0,0,1,0,0,0
unilaterally,1,unilaterally=1,0,0,0,0,0,1,0,0
unimaginable,1,unimaginable=1,0,0,0,0,1,0,0,0
unimpeded,1,unimpeded=1,0,0,0,0,1,0,0,0
unimplemented,1,unimplemented=1,0,0,0,0,1,0,0,0
unimpressive,1,unimpressive=1,0,0,0,0,1,0,0,0
uninfected,1,uninfected=1,0,0,0,0,1,0,0,0
uninformed,1,uninformed=1,0,0,0,0,1,0,0,0
uninhabitable,1,uninhabitable=1,0,0,0,0,1,0,0,0
uninterested,1,uninterested=1,0,0,0,0,1,0,0,0
uninviting,1,uninviting=1,0,0,0,0,1,0,0,0
universalis,1,universalis=1,0,1,0,0,0,0,0,0
universalistic,1,universalistic=1,0,0,0,0,1,0,0,0
universities,1,universities=1,0,1,0,0,0,0,0,0
unjust,1,unjust=1,0,0,0,0,1,0,0,0
unjustified,1,unjustified=1,0,0,0,0,1,0,0,0
unknowable,1,unknowable=1,0,0,0,0,1,0,0,0
unlabeled,1,unlabeled=1,0,0,0,0,1,0,0,0
unmanageable,1,unmanageable=1,0,0,0,0,1,0,0,0
unmarried,1,unmarried=1,0,0,0,0,1,0,0,0
unmatched,1,unmatched=1,0,0,0,0,1,0,0,0
unmet,1,unmet=1,1,0,0,0,0,0,0,0
unmistakably,1,unmistakably=1,0,0,0,0,0,1,0,0
unmove,1,unmoved=1,0,0,1,0,0,0,0,0
unmoved,1,unmoved=1,0,0,0,0,1,0,0,0
unmoving,1,unmoving=1,1,0,0,0,0,0,0,0
unofficial,1,unofficial=1,0,0,0,0,1,0,0,0
unofficially,1,unofficially=1,0,0,0,0,0,1,0,0
unorthodox,1,unorthodox=1,0,0,0,0,1,0,0,0
unparalleled,1,unparalleled=1,0,0,0,0,1,0,0,0
unpaved,1,unpaved=1,0,0,0,0,1,0,0,0
unplante,1,unplanted=1,0,0,1,0,0,0,0,0
unpleasantly,1,unpleasantly=1,0,0,0,0,0,1,0,0
unpollute,1,unpolluted=1,0,0,1,0,0,0,0,0
unprepared,1,unprepared=1,0,0,0,0,1,0,0,0
unproblematic,1,unproblematic=1,0,0,0,0,1,0,0,0
unpublished,1,unpublished=1,0,0,0,0,1,0,0,0
unquestione,1,unquestione=1,0,0,0,0,0,1,0,0
unreadable,1,unreadable=1,0,0,0,0,1,0,0,0
unreal,1,unreal=1,0,0,0,0,1,0,0,0
unrealistically,1,unrealistically=1,0,0,0,0,0,1,0,0
unreasonably,1,unreasonably=1,0,0,0,0,0,1,0,0
unrecognisable,1,unrecognisable=1,0,0,0,0,1,0,0,0
unrecognized,1,unrecognized=1,0,0,0,0,1,0,0,0
unregulated,1,unregulated=1,0,0,0,0,1,0,0,0
unreliability,1,unreliability=1,1,0,0,0,0,0,0,0
unremarkable,1,unremarkable=1,0,0,0,0,1,0,0,0
unrepaire,1,unrepaired=1,0,0,1,0,0,0,0,0
unreported,1,unreported=1,0,0,0,0,1,0,0,0
unresolved,1,unresolved=1,0,0,0,0,1,0,0,0
unrestricted,1,unrestricted=1,0,0,0,0,1,0,0,0
unrewarding,1,unrewarding=1,0,0,0,0,1,0,0,0
unrivale,1,unrivaled=1,0,0,1,0,0,0,0,0
unsanitary,1,unsanitary=1,0,0,0,0,1,0,0,0
unsatisfactory,1,unsatisfactory=1,1,0,0,0,0,0,0,0
unsatisfie,1,unsatisfied=1,0,0,1,0,0,0,0,0
unscientific,1,unscientific=1,0,0,0,0,1,0,0,0
unscrupulous,1,unscrupulous=1,0,0,0,0,1,0,0,0
unsettle,1,unsettled=1,0,0,1,0,0,0,0,0
unsettled,1,unsettled=1,0,0,0,0,1,0,0,0
unsigned,1,unsigned=1,0,0,0,0,1,0,0,0
unsold,1,unsold=1,0,0,0,0,1,0,0,0
unsolved,1,unsolved=1,0,0,0,0,1,0,0,0
unsophisticated,1,unsophisticated=1,0,0,0,0,1,0,0,0
unspecified,1,unspecified=1,0,0,0,0,1,0,0,0
unspoile,1,unspoiled=1,0,0,1,0,0,0,0,0
unspoiled,1,unspoiled=1,0,0,0,0,1,0,0,0
unsteadily,1,unsteadily=1,0,0,0,0,0,1,0,0
unstressed,1,unstressed=1,0,0,0,0,1,0,0,0
unstriped,1,unstriped=1,0,0,0,0,1,0,0,0
unsubstantiated,1,unsubstantiated=1,0,0,0,0,1,0,0,0
unsuccessfully,1,unsuccessfully=1,0,0,0,0,0,1,0,0
unsupported,1,unsupported=1,0,0,0,0,1,0,0,0
unsurpassed,1,unsurpassed=1,0,0,0,0,1,0,0,0
unsweetened,1,unsweetened=1,0,0,0,0,1,0,0,0
unsystematic,1,unsystematic=1,0,0,0,0,1,0,0,0
untamed,1,untamed=1,0,0,0,0,1,0,0,0
untestable,1,untestable=1,0,0,0,0,1,0,0,0
untouche,1,untouched=1,0,0,1,0,0,0,0,0
untraine,1,untrained=1,0,0,1,0,0,0,0,0
unvarying,1,unvarying=1,0,1,0,0,0,0,0,0
unveil,1,unveiled=1,0,0,1,0,0,0,0,0
unvisited,1,unvisited=1,0,0,0,0,1,0,0,0
unwelcome,1,unwelcome=1,0,0,1,0,0,0,0,0
unwind,1,unwind=1,0,0,1,0,0,0,0,0
unwise,1,unwise=1,0,0,0,0,1,0,0,0
unworke,1,unworked=1,0,0,1,0,0,0,0,0
unworldly,1,unworldly=1,0,0,0,0,0,1,0,0
unwrap,1,unwrapping=1,0,0,1,0,0,0,0,0
unwritten,1,unwritten=1,0,0,0,0,1,0,0,0
upbeat,1,upbeat=1,0,0,0,0,1,0,0,0
upfront,1,upfront=1,1,0,0,0,0,0,0,0
upperclassmen,1,upperclassmen=1,0,0,0,0,0,0,1,0
uproar,1,uproar=1,1,0,0,0,0,0,0,0
upshot,1,upshot=1,1,0,0,0,0,0,0,0
upstroke,1,upstroke=1,1,0,0,0,0,0,0,0
upsurge,1,upsurge=1,1,0,0,0,0,0,0,0
upwardly,1,upwardly=1,0,0,0,0,0,1,0,0
ur,1,ur=1,0,0,1,0,0,0,0,0
urea,1,urea=1,1,0,0,0,0,0,0,0
urgently,1,urgently=1,0,0,0,0,0,1,0,0
uric,1,uric=1,0,0,0,0,1,0,0,0
urinary,1,urinary=1,0,0,0,0,1,0,0,0
urumchi,1,urumchi=1,0,1,0,0,0,0,0,0
usability,1,usability=1,1,0,0,0,0,0,0,0
using,1,using=1,1,0,0,0,0,0,0,0
ust,1,ust=1,1,0,0,0,0,0,0,0
usurp,1,usurped=1,0,0,1,0,0,0,0,0
uterus,1,uterus=1,1,0,0,0,0,0,0,0
utter,1,utter=1,0,0,1,0,0,0,0,0
uuh,1,uuh=1,1,0,0,0,0,0,0,0
uum,1,uum=1,0,1,0,0,0,0,0,0
uzbekistan,1,uzbekistan=1,0,1,0,0,0,0,0,0
va,1,va=1,0,1,0,0,0,0,0,0
vadosus,1,vadosus=1,1,0,0,0,0,0,0,0
vagabond,1,vagabonds=1,1,0,0,0,0,0,0,0
vagary,1,vagaries=1,1,0,0,0,0,0,0,0
valis,1,valis=1,0,1,0,0,0,0,0,0
vanishing,1,vanishing=1,1,0,0,0,0,0,0,0
vantage,1,vantage=1,1,0,0,0,0,0,0,0
variously,1,variously=1,0,0,0,0,0,1,0,0
varma,1,varma=1,0,1,0,0,0,0,0,0
vasili,1,vasilis=1,1,0,0,0,0,0,0,0
veer,1,veering=1,0,0,1,0,0,0,0,0
vege,1,veges=1,1,0,0,0,0,0,0,0
vehicular,1,vehicular=1,0,0,0,0,1,0,0,0
vend,1,vending=1,0,0,1,0,0,0,0,0
vents,1,vents=1,1,0,0,0,0,0,0,0
ventures,1,ventures=1,0,1,0,0,0,0,0,0
verb,1,verbs=1,1,0,0,0,0,0,0,0
verdant,1,verdant=1,0,0,0,0,1,0,0,0
verifiable,1,verifiable=1,0,0,0,0,1,0,0,0
verifying,1,verifying=1,0,1,0,0,0,0,0,0
vermont,1,vermont=1,0,1,0,0,0,0,0,0
vernacular,1,vernacular=1,0,0,0,0,1,0,0,0
vernal,1,vernal=1,0,0,0,0,1,0,0,0
vessels,1,vessels=1,0,1,0,0,0,0,0,0
vested,1,vested=1,0,0,0,0,1,0,0,0
vestige,1,vestiges=1,1,0,0,0,0,0,0,0
vesuvius,1,vesuvius=1,0,1,0,0,0,0,0,0
vetch,1,vetches=1,1,0,0,0,0,0,0,0
vexing,1,vexing=1,0,0,0,0,1,0,0,0
viability,1,viability=1,1,0,0,0,0,0,0,0
vibrios,1,vibrios=1,0,1,0,0,0,0,0,0
viceroys,1,viceroys=1,0,1,0,0,0,0,0,0
victorious,1,victorious=1,0,0,0,0,1,0,0,0
vicus,1,vicus=1,1,0,0,0,0,0,0,0
vie,1,vying=1,0,0,1,0,0,0,0,0
viewable,1,viewable=1,0,0,0,0,1,0,0,0
viewers,1,viewers=1,0,1,0,0,0,0,0,0
vigilance,1,vigilance=1,1,0,0,0,0,0,0,0
villas,1,villas=1,0,1,0,0,0,0,0,0
vines,1,vines=1,0,1,0,0,0,0,0,0
violator,1,violators=1,1,0,0,0,0,0,0,0
violets,1,violets=1,0,1,0,0,0,0,0,0
viper,1,viper=1,1,0,0,0,0,0,0,0
virtues,1,virtues=1,0,1,0,0,0,0,0,0
virtuosic,1,virtuosic=1,0,0,0,0,1,0,0,0
virtuosos,1,virtuosos=1,0,0,0,0,0,0,0,1
visibly,1,visibly=1,0,0,0,0,0,1,0,0
visigoth,1,visigoths=1,1,0,0,0,0,0,0,0
visited,1,visited=1,0,0,0,0,1,0,0,0
visitors,1,visitors=1,0,1,0,0,0,0,0,0
vista,1,vistas=1,1,0,0,0,0,0,0,0
vitality,1,vitality=1,1,0,0,0,0,0,0,0
vitally,1,vitally=1,0,0,0,0,0,1,0,0
vitelline,1,vitelline=1,1,0,0,0,0,0,0,0
vitriolic,1,vitriolic=1,0,0,0,0,1,0,0,0
vo,1,vo=1,1,0,0,0,0,0,0,0
vocalist,1,vocalists=1,0,0,1,0,0,0,0,0
vogue,1,vogue=1,1,0,0,0,0,0,0,0
volcanologist,1,volcanologists=1,1,0,0,0,0,0,0,0
volt,1,volts=1,1,0,0,0,0,0,0,0
voltaire,1,voltaire=1,1,0,0,0,0,0,0,0
voluntarily,1,voluntarily=1,0,0,0,0,0,1,0,0
volunteering,1,volunteering=1,1,0,0,0,0,0,0,0
vorism,1,vorism=1,0,1,0,0,0,0,0,0
vow,1,vowing=1,0,0,1,0,0,0,0,0
voyages,1,voyages=1,0,1,0,0,0,0,0,0
vroom,1,vroom=1,1,0,0,0,0,0,0,0
vygodsky,1,vygodsky=1,0,1,0,0,0,0,0,0
wack,1,wack=1,0,1,0,0,0,0,0,0
wade,1,wade=1,0,0,1,0,0,0,0,0
wafer,1,wafer=1,0,0,1,0,0,0,0,0
wagonload,1,wagonload=1,1,0,0,0,0,0,0,0
wair,1,wair=1,0,1,0,0,0,0,0,0
waite,1,waite=1,0,1,0,0,0,0,0,0
wakefulness,1,wakefulness=1,1,0,0,0,0,0,0,0
waldorf,1,waldorf=1,0,1,0,0,0,0,0,0
waldseemoler,1,waldseemoler=1,0,1,0,0,0,0,0,0
waley,1,waley=1,0,1,0,0,0,0,0,0
wallabies,1,wallabies=1,0,1,0,0,0,0,0,0
walls,1,walls=1,0,1,0,0,0,0,0,0
walruse,1,walruses=1,0,0,1,0,0,0,0,0
wanderer,1,wanderer=1,1,0,0,0,0,0,0,0
wann,1,wann=1,0,1,0,0,0,0,0,0
wanning,1,wanning=1,1,0,0,0,0,0,0,0
wanting,1,wanting=1,1,0,0,0,0,0,0,0
wapiti,1,wapiti=1,1,0,0,0,0,0,0,0
wardrobe,1,wardrobe=1,1,0,0,0,0,0,0,0
warhol,1,warhol=1,0,1,0,0,0,0,0,0
warped,1,warped=1,0,0,0,0,1,0,0,0
warwickshire,1,warwickshire=1,0,1,0,0,0,0,0,0
washable,1,washable=1,0,0,0,0,1,0,0,0
wastage,1,wastage=1,1,0,0,0,0,0,0,0
wasteland,1,wasteland=1,1,0,0,0,0,0,0,0
wasthe,1,wasthe=1,0,0,1,0,0,0,0,0
watchman,1,watchmen=1,1,0,0,0,0,0,0,0
waterfront,1,waterfront=1,1,0,0,0,0,0,0,0
waterline,1,waterline=1,1,0,0,0,0,0,0,0
waterpow,1,waterpower=1,0,0,0,0,1,0,0,0
watershed,1,watershed=1,0,0,0,0,1,0,0,0
watertime,1,watertime=1,1,0,0,0,0,0,0,0
waterwheel,1,waterwheels=1,1,0,0,0,0,0,0,0
watling,1,watling=1,0,1,0,0,0,0,0,0
watson,1,watson=1,0,1,0,0,0,0,0,0
wavering,1,wavering=1,1,0,0,0,0,0,0,0
waviness,1,waviness=1,1,0,0,0,0,0,0,0
wayne,1,wayne=1,0,1,0,0,0,0,0,0
weakened,1,weakened=1,0,0,0,0,1,0,0,0
weakening,1,weakening=1,1,0,0,0,0,0,0,0
weakfish,1,weakfish=1,1,0,0,0,0,0,0,0
weakling,1,weaklings=1,1,0,0,0,0,0,0,0
weaknesse,1,weaknesses=1,0,0,1,0,0,0,0,0
wearable,1,wearable=1,0,0,0,0,1,0,0,0
weavers,1,weavers=1,0,1,0,0,0,0,0,0
webpage,1,webpage=1,1,0,0,0,0,0,0,0
wed,1,wedded=1,0,0,1,0,0,0,0,0
wednesdays,1,wednesdays=1,0,1,0,0,0,0,0,0
weeklong,1,weeklong=1,0,0,0,0,1,0,0,0
wegeners,1,wegeners=1,0,1,0,0,0,0,0,0
weighting,1,weighting=1,1,0,0,0,0,0,0,0
weightless,1,weightless=1,0,0,0,0,1,0,0,0
weilburg,1,weilburg=1,0,1,0,0,0,0,0,0
weimar,1,weimar=1,0,1,0,0,0,0,0,0
weirdly,1,weirdly=1,0,0,0,0,0,1,0,0
weisman,1,weisman=1,0,1,0,0,0,0,0,0
welb,1,welb=1,0,1,0,0,0,0,0,0
weld,1,welded=1,0,0,1,0,0,0,0,0
welle,1,welles=1,1,0,0,0,0,0,0,0
welltrained,1,welltrained=1,0,0,0,0,1,0,0,0
wetness,1,wetness=1,1,0,0,0,0,0,0,0
wettable,1,wettable=1,0,0,0,0,1,0,0,0
weyl,1,weyl=1,0,0,1,0,0,0,0,0
wheezing,1,wheezing=1,1,0,0,0,0,0,0,0
wherein,1,wherein=1,0,0,0,0,0,0,0,1
whimsical,1,whimsical=1,0,0,0,0,1,0,0,0
whip,1,whipping=1,0,0,1,0,0,0,0,0
whirlpool,1,whirlpools=1,1,0,0,0,0,0,0,0
whisker,1,whiskers=1,1,0,0,0,0,0,0,0
whiter,1,whiter=1,1,0,0,0,0,0,0,0
whiz,1,whizzing=1,0,0,1,0,0,0,0,0
whoa,1,whoa=1,0,0,0,0,0,0,0,1
wholeheartedly,1,wholeheartedly=1,0,0,0,0,0,1,0,0
wholesome,1,wholesome=1,0,0,0,0,1,0,0,0
whoosh,1,whoosh=1,1,0,0,0,0,0,0,0
wickerwork,1,wickerwork=1,1,0,0,0,0,0,0,0
widening,1,widening=1,1,0,0,0,0,0,0,0
widle,1,widle=1,1,0,0,0,0,0,0,0
wifi,1,wifi=1,0,1,0,0,0,0,0,0
wiggins,1,wiggins=1,0,1,0,0,0,0,0,0
wiggling,1,wiggling=1,1,0,0,0,0,0,0,0
williamson,1,williamson=1,0,1,0,0,0,0,0,0
willy,1,willy=1,0,0,0,0,0,1,0,0
winch,1,winches=1,1,0,0,0,0,0,0,0
windmill,1,windmills=1,1,0,0,0,0,0,0,0
windpipe,1,windpipe=1,1,0,0,0,0,0,0,0
windstorm,1,windstorms=1,1,0,0,0,0,0,0,0
wink,1,winking=1,0,0,1,0,0,0,0,0
wireless,1,wireless=1,0,0,0,0,1,0,0,0
wishful,1,wishful=1,0,0,0,0,1,0,0,0
withdrew,1,withdrew=1,0,1,0,0,0,0,0,0
withtin,1,withtin=1,0,1,0,0,0,0,0,0
wives,1,wives=1,0,1,0,0,0,0,0,0
wo,1,wo=1,1,0,0,0,0,0,0,0
wok,1,wok=1,1,0,0,0,0,0,0,0
wolcott,1,wolcott=1,0,1,0,0,0,0,0,0
wolfattack,1,wolfattack=1,0,0,1,0,0,0,0,0
wolves,1,wolves=1,0,1,0,0,0,0,0,0
wonderfully,1,wonderfully=1,0,0,0,0,0,1,0,0
wonderous,1,wonderous=1,0,0,0,0,1,0,0,0
wondrous,1,wondrous=1,0,0,0,0,1,0,0,0
woodcarver,1,woodcarvers=1,1,0,0,0,0,0,0,0
woodlands,1,woodlands=1,0,1,0,0,0,0,0,0
woodlot,1,woodlots=1,1,0,0,0,0,0,0,0
woodlouse,1,woodlouse=1,1,0,0,0,0,0,0,0
woodsman,1,woodsmen=1,1,0,0,0,0,0,0,0
woodwind,1,woodwinds=1,1,0,0,0,0,0,0,0
woodwork,1,woodwork=1,1,0,0,0,0,0,0,0
woodworke,1,woodworking=1,0,0,1,0,0,0,0,0
woodworking,1,woodworking=1,0,1,0,0,0,0,0,0
woric,1,woric=1,0,0,1,0,0,0,0,0
workbook,1,workbooks=1,1,0,0,0,0,0,0,0
workbooks,1,workbooks=1,0,1,0,0,0,0,0,0
workshops,1,workshops=1,0,1,0,0,0,0,0,0
workweek,1,workweek=1,1,0,0,0,0,0,0,0
worldview,1,worldview=1,1,0,0,0,0,0,0,0
worryingly,1,worryingly=1,0,0,0,0,0,1,0,0
worse,1,worse=1,0,0,0,0,0,1,0,0
worsening,1,worsening=1,1,0,0,0,0,0,0,0
worthless,1,worthless=1,0,0,0,0,1,0,0,0
wove,1,wove=1,0,0,1,0,0,0,0,0
woven,1,woven=1,0,0,0,0,1,0,0,0
wrack,1,wracking=1,0,0,1,0,0,0,0,0
wriggle,1,wriggling=1,0,0,1,0,0,0,0,0
wrist,1,wrist=1,1,0,0,0,0,0,0,0
writers,1,writers=1,0,1,0,0,0,0,0,0
wrongdoing,1,wrongdoing=1,1,0,0,0,0,0,0,0
wrongness,1,wrongness=1,1,0,0,0,0,0,0,0
wwa,1,wwas=1,0,0,1,0,0,0,0,0
xenolith,1,xenoliths=1,1,0,0,0,0,0,0,0
xenon,1,xenon=1,0,1,0,0,0,0,0,0
xi,1,xi=1,0,1,0,0,0,0,0,0
xiv,1,xiv=1,0,1,0,0,0,0,0,0
xvi,1,xvi=1,0,1,0,0,0,0,0,0
yak,1,yaks=1,1,0,0,0,0,0,0,0
yakima,1,yakima=1,0,1,0,0,0,0,0,0
yam,1,yams=1,1,0,0,0,0,0,0,0
yangtze,1,yangtze=1,0,1,0,0,0,0,0,0
yankee,1,yankee=1,0,1,0,0,0,0,0,0
yawn,1,yawning=1,0,0,1,0,0,0,0,0
yearlong,1,yearlong=1,0,0,0,0,1,0,0,0
yeavering,1,yeavering=1,0,1,0,0,0,0,0,0
yellowed,1,yellowed=1,0,0,0,0,1,0,0,0
yeoman,1,yeoman=1,0,1,0,0,0,0,0,0
yielding,1,yielding=1,1,0,0,0,0,0,0,0
yifei,1,yifei=1,0,1,0,0,0,0,0,0
yourselves,1,yourselves=1,0,0,0,0,0,0,1,0
youthful,1,youthful=1,0,0,0,0,1,0,0,0
yuanperiod,1,yuanperiod=1,0,1,0,0,0,0,0,0
yugoslav,1,yugoslav=1,0,0,0,0,1,0,0,0
yum,1,yum=1,0,0,0,0,0,0,0,1
zanne,1,zanne=1,0,1,0,0,0,0,0,0
zanni,1,zanni=1,1,0,0,0,0,0,0,0
zauner,1,zauner=1,0,1,0,0,0,0,0,0
zazen,1,zazen=1,0,1,0,0,0,0,0,0
zealanders,1,zealanders=1,0,1,0,0,0,0,0,0
zealous,1,zealous=1,0,1,0,0,0,0,0,0
zen,1,zen=1,0,1,0,0,0,0,0,0
zibaldoni,1,zibaldoni=1,0,1,0,0,0,0,0,0
zimbabwe,1,zimbabwe=1,0,1,0,0,0,0,0,0
zine,1,zine=1,1,0,0,0,0,0,0,0
zip,1,zip=1,1,0,0,0,0,0,0,0
zirconium,1,zirconium=1,1,0,0,0,0,0,0,0
zircons,1,zircons=1,0,1,0,0,0,0,0,0
zoe,1,zoe=1,1,0,0,0,0,0,0,0
zonation,1,zonation=1,1,0,0,0,0,0,0,0
zooarchaeologist,1,zooarchaeologists=1,1,0,0,0,0,0,0,0
zoologist,1,zoologists=1,1,0,0,0,0,0,0,0
утter,1,утter=1,1,0,0,0,0,0,0,0
