lemma,count,observed_forms,noun,proper_noun,verb,auxiliary,adjective,adverb,pronoun,other
the,127283,the=127283,0,2,0,0,0,0,0,127281
be,76267,be=21511; is=19864; are=12287; was=10625; were=7075; been=3535; being=1289; am=79; bees=2,0,0,31,76236,0,0,0,0
to,64684,to=64535; na=143; ta=6,0,0,0,0,0,0,0,64684
of,57086,of=57086,0,0,0,0,0,404,0,56682
a,44330,a=44330,344,180,0,0,0,2,0,43804
in,40968,in=40966; ins=2,6,2,0,0,0,131,0,40829
and,38429,and=38429,0,0,0,0,0,0,0,38429
that,31993,that=31993,0,0,0,0,0,143,12050,19800
have,20652,have=12904; had=3656; has=3623; having=468; haves=1,2,0,468,20182,0,0,0,0
it,20267,it=20267,2,3,0,0,0,0,20262,0
they,18231,they=14732; them=3499,0,0,0,0,0,0,18231,0
for,17114,for=17114,0,0,1,0,0,0,0,17113
do,16095,do=6438; does=5507; did=3329; doing=426; done=395,2,0,822,15271,0,0,0,0
not,14370,not=14368; nt=2,0,0,0,0,0,0,0,14370
i,13444,i=12317; me=1127,1,12,0,0,0,0,13431,0
on,12703,on=12703,1,2,0,0,0,164,0,12536
you,12212,you=12212,0,2,0,0,0,0,12210,0
student,10327,student=7396; students=2931,9431,890,5,0,1,0,0,0
about,9771,about=9771,0,2,0,0,25,689,0,9055
with,9655,with=9655,0,0,0,0,0,0,0,9655
as,9382,as=9382,0,0,0,0,0,1495,0,7887
what,9360,what=9360,1,0,0,0,0,0,8413,946
from,9357,from=9357,0,0,0,0,0,0,0,9357
professor,9110,professor=8904; professors=206,6674,2435,1,0,0,0,0,0
by,9075,by=9075,3,0,0,0,0,27,0,9045
this,9055,this=9055,0,0,0,0,0,0,0,9055
an,8652,an=8652,0,0,0,0,0,0,0,8652
can,7804,can=7307; ca=483; cans=13; canned=1,20,0,1,7783,0,0,0,0
but,7735,but=7735,0,0,0,0,0,0,0,7735
their,7727,their=7727,0,0,0,0,0,0,7726,1
so,7710,so=7710,0,0,0,0,1,6571,0,1138
at,7012,at=7012,0,0,0,0,0,293,0,6719
or,6532,or=6532,0,0,0,0,0,0,0,6532
use,6522,use=2647; used=2434; using=1272; uses=169,939,15,5568,0,0,0,0,0
we,6483,we=5680; us=803,0,0,0,0,0,0,6483,0
make,6279,make=2705; made=2207; making=737; makes=630,7,0,6272,0,0,0,0,0
more,6187,more=6187,0,0,0,0,2694,3493,0,0
some,6091,some=6091,0,0,0,0,0,3,0,6088
will,5976,will=5752; wo=221; wills=3,11,1,0,5964,0,0,0,0
would,5692,would=5692,0,0,0,5692,0,0,0,0
other,5609,other=4906; others=703,703,2,0,0,4904,0,0,0
well,5591,well=3961; better=939; best=675; wells=15; welling=1,32,6,1,0,588,2634,0,2330
one,5408,one=5073; ones=335,722,16,1,0,0,0,89,4580
time,5377,time=4816; times=552; timing=5; timed=4,5357,10,10,0,0,0,0,0
there,5300,there=5300,0,0,0,0,0,1139,4161,0
how,5282,how=5282,1,0,0,0,0,0,0,5281
he,5230,he=4653; him=577,0,4,0,0,0,0,5226,0
when,5086,when=5086,0,0,0,0,0,0,0,5086
passage,5006,passage=4987; passages=19,4641,365,0,0,0,0,0,0
which,4979,which=4979,0,0,0,0,0,0,0,4979
why,4713,why=4713,0,0,0,0,0,0,0,4713
than,4709,than=4709,0,0,0,0,0,0,0,4709
people,4610,people=4486; peoples=124,4550,60,0,0,0,0,0,0
like,4540,like=4431; liked=59; likes=45; liking=5,4,0,807,0,114,1,0,3614
these,3910,these=3910,0,1,0,0,0,0,0,3909
could,3799,could=3799,0,0,0,3799,0,0,0,0
all,3776,all=3773; alls=3,3,2,0,0,0,550,0,3221
your,3720,your=3710; yours=10,10,0,0,0,0,0,3710,0
she,3708,she=3325; her=383,0,0,0,0,0,0,3708,0
think,3651,think=2465; thought=706; thinking=250; thinks=230,2,0,3649,0,0,0,0,0
know,3646,know=2431; known=900; knew=156; knows=103; knowing=56,1,0,3643,0,0,0,0,2
if,3600,if=3598; ifs=2,0,0,2,0,0,0,0,3598
work,3554,work=2229; working=592; works=491; worked=242,1703,13,1836,0,2,0,0,0
because,3431,because=3431,0,0,0,0,0,6,0,3425
get,3410,get=2149; got=555; getting=399; gets=261; gotten=46,3,1,3406,0,0,0,0,0
out,3409,out=3406; outing=2; outs=1,1,0,2,0,3,160,0,3243
new,3398,new=3351; newer=38; newest=9,0,422,0,0,2976,0,0,0
water,3378,water=3170; waters=195; watered=10; watering=3,3285,66,26,0,1,0,0,0
class,3345,class=2807; classes=538,3324,17,4,0,0,0,0,0
where,3251,where=3251,1,0,0,0,0,0,0,3250
most,3239,most=3239,0,6,0,0,1566,1667,0,0
different,3209,different=3209,0,3,0,0,3206,0,0,0
its,3151,its=3151,0,0,0,0,0,0,3151,0
see,3118,see=2308; seen=376; saw=275; seeing=140; sees=19,3,0,3111,0,0,0,0,4
year,3090,years=1905; year=1185,3080,10,0,0,0,0,0,0
find,3078,found=1577; find=1242; finding=186; finds=73,35,0,3043,0,0,0,0,0
way,3075,way=2121; ways=954,3032,9,0,0,0,34,0,0
good,3057,good=1616; best=966; goods=475,496,59,0,0,2495,3,0,4
lecture,3047,lecture=2996; lectures=49; lecturing=2,3029,8,9,0,1,0,0,0
many,2976,many=2976,0,2,0,0,2974,0,0,0
sentence,2968,sentence=2438; sentences=530,2956,12,0,0,0,0,0,0
animal,2942,animals=2074; animal=868,2920,16,2,0,4,0,0,0
plant,2870,plants=1684; plant=1083; planted=56; planting=47,2660,17,193,0,0,0,0,0
up,2853,up=2839; ups=14,33,0,0,0,2,157,0,2661
take,2839,take=1475; took=447; taking=407; taken=318; takes=192,3,0,2836,0,0,0,0,0
now,2806,now=2806,0,0,0,0,0,2796,0,10
into,2763,into=2763,0,0,0,0,0,0,0,2763
need,2759,need=1754; needed=553; needs=443; needing=9,431,1,2323,4,0,0,0,0
change,2749,change=1330; changes=788; changed=388; changing=243,1440,24,1285,0,0,0,0,0
help,2738,help=1876; helps=371; helped=332; helping=159,276,10,2451,1,0,0,0,0
his,2731,his=2731,0,0,0,0,0,0,2731,0
just,2724,just=2724,0,0,0,0,5,2719,0,0
first,2677,first=2677,0,57,0,0,1421,1198,0,1
go,2675,go=1146; going=846; went=306; goes=150; gon=143; gone=84,13,6,2656,0,0,0,0,0
question,2645,question=1831; questions=795; questioned=15; questioning=4,2552,2,91,0,0,0,0,0
large,2632,large=1923; larger=570; largest=139,0,4,0,0,2626,2,0,0
item,2618,item=2383; items=235,2118,500,0,0,0,0,0,0
woman,2587,woman=2431; women=156,2587,0,0,0,0,0,0,0
example,2563,example=2050; examples=513,2563,0,0,0,0,0,0,0
explain,2556,explain=2286; explains=117; explained=80; explaining=73,2,1,2553,0,0,0,0,0
only,2545,only=2545,0,2,0,0,355,2188,0,0
man,2540,man=2433; men=106; manned=1,2533,6,1,0,0,0,0,0
idea,2521,ideas=1497; idea=1024,2519,1,1,0,0,0,0,0
also,2510,also=2510,0,0,0,0,0,2510,0,0
listen,2507,listen=2220; listening=271; listened=11; listens=5,1,0,2506,0,0,0,0,0
part,2503,part=2006; parts=497,2465,7,2,0,29,0,0,0
point,2484,point=1402; points=1029; pointed=34; pointing=19,1887,12,585,0,0,0,0,0
study,2454,study=1507; studies=405; studying=353; studied=189,1547,12,895,0,0,0,0,0
food,2410,food=2227; foods=183,2377,31,1,0,1,0,0,0
may,2316,may=2316,0,28,0,2288,0,0,0,0
response,2301,response=2221; responses=80,2282,18,1,0,0,0,0,0
who,2299,who=2299,0,0,0,0,0,0,2299,0
say,2266,say=1141; said=512; says=454; saying=159,5,1,2168,0,0,0,0,92
art,2257,art=2132; arts=125,2158,97,1,0,1,0,0,0
provide,2199,provide=1103; provided=664; provides=256; providing=176,0,2,2197,0,0,0,0,0
area,2195,areas=1269; area=926,2189,5,1,0,0,0,0,0
between,2168,between=2168,1,0,0,0,0,0,0,2167
much,2162,much=2162,0,2,0,0,1070,1090,0,0
transcript,2150,transcript=2148; transcripts=2,740,1410,0,0,0,0,0,0
look,2137,look=1267; looking=476; looked=229; looks=165,117,2,2018,0,0,0,0,0
specie,2134,species=2134,2133,0,1,0,0,0,0,0
early,2127,early=1465; earlier=476; earliest=186,0,17,0,0,1617,493,0,0
paragraph,2106,paragraph=2067; paragraphs=39,1751,331,20,0,4,0,0,0
accord,2104,according=2098; accord=4; accorded=2,4,0,2100,0,0,0,0,0
very,2081,very=2081,0,0,0,0,41,2040,0,0
important,2074,important=2074,0,2,0,0,2072,0,0,0
no,2067,no=2067,15,68,0,0,0,304,0,1680
two,2043,two=2042; twos=1,1,4,0,0,0,0,0,2038
long,2040,long=1527; longer=497; longest=16,0,10,1,0,1089,940,0,0
over,2004,over=2004,1,0,0,0,2,134,0,1867
then,1959,then=1959,0,0,0,0,0,1959,0,0
become,1947,became=827; become=783; becomes=174; becoming=163,0,0,1947,0,0,0,0,0
such,1940,such=1940,0,0,0,0,1666,0,0,274
right,1938,right=1911; rights=27,99,5,0,0,874,459,0,501
even,1937,even=1937,0,0,0,0,4,1933,0,0
give,1917,give=898; given=328; gives=316; gave=221; giving=154,0,1,1916,0,0,0,0,0
my,1902,my=1902,0,0,0,0,0,0,1885,17
earth,1888,earth=1877; earths=11,232,1656,0,0,0,0,0,0
form,1876,form=954; formed=447; forms=376; forming=99,903,6,967,0,0,0,0,0
really,1793,really=1793,0,0,0,0,0,1793,0,0
during,1790,during=1790,0,0,0,0,0,0,0,1790
write,1789,write=795; writing=462; written=321; wrote=191; writes=20,1,1,1787,0,0,0,0,0
live,1777,live=835; living=524; lived=334; lives=84,1,2,1665,0,100,9,0,0
small,1741,small=1265; smaller=447; smallest=29,1,4,0,0,1736,0,0,0
should,1738,should=1738,0,0,0,1738,0,0,0,0
group,1728,group=1051; groups=654; grouped=14; grouping=9,1681,21,26,0,0,0,0,0
might,1727,might=1727,1,0,0,1726,0,0,0,0
want,1725,want=970; wanted=497; wants=248; wanting=10,1,0,1724,0,0,0,0,0
lot,1663,lot=1352; lots=311,1659,4,0,0,0,0,0,0
great,1654,great=1209; greater=354; greatest=91,0,153,0,0,1492,0,0,9
mean,1653,mean=940; means=470; meant=152; meaning=91,96,7,1541,0,9,0,0,0
her,1645,her=1643; hers=2,2,0,0,0,0,0,1643,0
come,1639,come=635; came=523; comes=251; coming=230,0,0,1637,0,2,0,0,0
produce,1638,produce=733; produced=565; producing=198; produces=142,43,2,1593,0,0,0,0,0
word,1617,word=1141; words=474; worded=2,1254,361,2,0,0,0,0,0
before,1609,before=1609,0,0,1,0,0,234,0,1374
same,1595,same=1595,0,2,0,0,1593,0,0,0
those,1595,those=1595,0,0,0,0,0,0,0,1595
show,1583,show=829; shows=273; showed=197; shown=180; showing=104,167,3,1413,0,0,0,0,0
high,1561,high=1134; higher=367; highest=60,3,26,1,0,1494,37,0,0
researcher,1558,researchers=1246; researcher=312,1556,2,0,0,0,0,0,0
another,1557,another=1557,0,0,0,0,0,0,0,1557
call,1554,called=1095; call=322; calls=109; calling=28,124,2,1428,0,0,0,0,0
fill,1543,fill=1404; filled=111; filling=20; fills=8,221,1082,240,0,0,0,0,0
information,1543,information=1543,1508,35,0,0,0,0,0,0
create,1537,create=642; created=485; creating=271; creates=139,0,2,1535,0,0,0,0,0
our,1533,our=1529; ours=4,4,0,0,0,0,0,1529,0
place,1533,place=853; places=481; placed=153; placing=46,1248,4,281,0,0,0,0,0
discuss,1532,discuss=757; discussing=394; discusses=193; discussed=188,0,12,1520,0,0,0,0,0
increase,1531,increase=578; increased=543; increasing=233; increases=177,314,4,1213,0,0,0,0,0
tree,1529,trees=970; tree=559,1512,14,3,0,0,0,0,0
research,1525,research=1470; researching=30; researched=20; researches=5,1372,68,85,0,0,0,0,0
second,1525,second=775; seconds=750,783,28,1,0,587,91,0,35
after,1524,after=1524,0,0,0,0,0,70,0,1454
suggest,1523,suggest=770; suggests=487; suggested=180; suggesting=86,2,1,1520,0,0,0,0,0
university,1514,university=1436; universities=78,1369,144,0,0,1,0,0,0
type,1491,type=760; types=725; typing=5; typed=1,1480,1,10,0,0,0,0,0
reading,1486,reading=1457; readings=29,1320,166,0,0,0,0,0,0
system,1486,system=1043; systems=443,1475,11,0,0,0,0,0,0
often,1469,often=1469,0,0,0,0,0,1469,0,0
express,1468,express=1004; expresses=382; expressed=60; expressing=22,2,21,1441,0,4,0,0,0
human,1462,human=880; humans=582,629,14,1,0,817,1,0,0
bird,1454,birds=1030; bird=424,1434,11,4,0,5,0,0,0
close,1453,closest=699; close=441; closer=186; closed=89; closes=21; closing=17,10,3,172,0,1033,235,0,0
actually,1434,actually=1434,0,0,0,0,0,1434,0,0
grow,1429,grow=582; growing=418; grew=178; grown=148; grows=103,4,1,1424,0,0,0,0,0
each,1415,each=1415,0,0,0,0,0,1,0,1414
mention,1413,mention=838; mentioned=349; mentions=211; mentioning=15,22,3,1388,0,0,0,0,0
through,1407,through=1407,0,0,0,0,0,41,0,1366
life,1379,life=1207; lives=164; lifes=8,1354,21,4,0,0,0,0,0
century,1373,century=1094; centuries=279,1359,13,0,0,1,0,0,0
female,1371,female=1185; females=186,241,838,2,0,290,0,0,0
talk,1364,talk=801; talking=365; talked=118; talks=80,357,2,1005,0,0,0,0,0
cause,1358,caused=502; cause=494; causes=222; causing=140,210,1,1145,0,0,0,0,2
too,1355,too=1355,0,1,0,0,0,1354,0,0
thing,1352,things=754; thing=598,1352,0,0,0,0,0,0,0
play,1341,play=718; plays=288; played=202; playing=133,597,6,734,0,4,0,0,0
male,1328,male=1131; males=197,265,788,0,0,275,0,0,0
start,1328,start=562; started=491; starting=179; starts=96,76,2,1250,0,0,0,0,0
read,1326,read=733; reading=587; reads=6,6,13,1307,0,0,0,0,0
less,1322,less=1311; lesser=11,0,0,0,0,557,765,0,0
problem,1315,problem=866; problems=449,1313,2,0,0,0,0,0,0
conversation,1308,conversation=1272; conversations=36,1303,5,0,0,0,0,0,0
present,1305,presented=583; present=458; presents=221; presenting=43,43,4,958,0,300,0,0,0
course,1295,course=1027; courses=267; coursing=1,1173,2,1,0,0,119,0,0
any,1294,any=1294,0,0,0,0,0,4,0,1290
material,1290,materials=701; material=589,1272,1,1,0,16,0,0,0
select,1290,select=845; selecting=383; selected=61; selects=1,0,3,923,0,364,0,0,0
painting,1283,paintings=690; painting=593,1276,7,0,0,0,0,0,0
following,1277,following=1277,717,0,0,0,560,0,0,0
city,1272,city=731; cities=541,1188,84,0,0,0,0,0,0
choice,1263,choices=1108; choice=155,1261,2,0,0,0,0,0,0
while,1249,while=1249,118,0,0,0,0,0,0,1131
surface,1226,surface=1112; surfaces=109; surfaced=3; surfacing=2,1212,5,9,0,0,0,0,0
narrator,1222,narrator=1221; narrators=1,1222,0,0,0,0,0,0,0
population,1220,population=758; populations=462,1207,13,0,0,0,0,0,0
few,1218,few=996; fewer=221; fewest=1,0,0,0,0,1218,0,0,0
space,1217,space=674; spaces=531; spaced=12,1185,19,13,0,0,0,0,0
around,1208,around=1208,0,0,0,0,0,320,0,888
begin,1203,began=634; begin=294; beginning=119; begun=81; begins=75,0,3,1200,0,0,0,0,0
sure,1203,sure=1202; surest=1,0,36,0,0,931,26,0,210
blank,1197,blank=1087; blanks=110,110,0,0,0,1087,0,0,0
light,1190,light=980; lights=105; lighter=62; lit=33; lighting=8; lighted=1; lightest=1,738,18,60,0,373,1,0,0
number,1185,number=921; numbers=261; numbered=3,1179,2,4,0,0,0,0,0
develop,1184,developed=625; develop=362; developing=150; develops=47,2,0,1182,0,0,0,0,0
ocean,1184,ocean=940; oceans=244,1026,144,4,0,10,0,0,0
process,1175,process=897; processes=236; processed=24; processing=18,1068,1,106,0,0,0,0,0
answer,1172,answer=1009; answers=103; answered=35; answering=25,705,0,467,0,0,0,0,0
lead,1171,led=529; lead=375; leading=157; leads=110,50,0,1111,0,10,0,0,0
theory,1171,theory=920; theories=251,1159,11,1,0,0,0,0,0
support,1168,support=777; supported=161; supports=155; supporting=75,214,4,950,0,0,0,0,0
learn,1165,learn=565; learning=315; learned=265; learns=20,2,2,1161,0,0,0,0,0
result,1160,result=567; results=337; resulted=160; resulting=96,770,0,390,0,0,0,0,0
complete,1158,complete=662; completed=468; completing=27; completes=1,0,6,1015,0,137,0,0,0
move,1157,move=509; moving=303; moved=259; moves=86,83,4,1070,0,0,0,0,0
square,1154,square=787; squares=365; squared=2,742,0,3,0,409,0,0,0
kind,1147,kind=773; kinds=373; kinder=1,928,0,0,0,6,213,0,0
today,1145,today=1145,1145,0,0,0,0,0,0,0
evidence,1144,evidence=1141; evidenced=3,1090,51,3,0,0,0,0,0
able,1137,able=1137,0,0,0,0,1137,0,0,0
plan,1135,plan=748; plans=189; planning=144; planned=54,609,8,518,0,0,0,0,0
period,1132,period=860; periods=272,1104,28,0,0,0,0,0,0
add,1130,add=511; added=510; adding=85; adds=24,0,1,1129,0,0,0,0,0
company,1118,company=671; companies=447,1107,11,0,0,0,0,0,0
site,1116,site=605; sites=511,1107,8,1,0,0,0,0,0
opinion,1101,opinion=1003; opinions=98,1101,0,0,0,0,0,0,0
include,1098,including=398; include=385; included=199; includes=116,0,3,1095,0,0,0,0,0
campus,1094,campus=1088; campuses=6,1037,55,1,0,1,0,0,0
day,1094,day=823; days=271,1082,12,0,0,0,0,0,0
both,1092,both=1092,0,0,0,0,0,3,0,1089
still,1084,still=1083; stilling=1,0,0,1,0,1,1082,0,0
summary,1082,summary=1082,1082,0,0,0,0,0,0,0
ancient,1068,ancient=1068,4,58,0,0,1006,0,0,0
land,1068,land=971; lands=63; landed=18; landing=16,996,20,52,0,0,0,0,0
back,1065,back=1037; backs=17; backed=8; backing=3,74,1,30,0,20,892,0,48
temperature,1065,temperature=577; temperatures=488,1058,6,1,0,0,0,0,0
effect,1064,effect=607; effects=456; effected=1,1045,16,3,0,0,0,0,0
allow,1059,allowed=361; allow=337; allows=228; allowing=133,0,0,1059,0,0,0,0,0
reason,1057,reasons=528; reason=515; reasoned=13; reasoning=1,1042,0,15,0,0,0,0,0
something,1054,something=1053; somethings=1,1,0,0,0,0,0,1053,0
ask,1052,ask=706; asked=228; asking=91; asks=27,3,1,1048,0,0,0,0,0
enough,1047,enough=1047,0,0,0,0,615,432,0,0
probably,1041,probably=1041,0,0,0,0,0,1041,0,0
yeah,1038,yeah=1038,0,2,0,0,0,0,0,1036
fish,1035,fish=1002; fishes=17; fishing=11; fished=5,970,23,42,0,0,0,0,0
world,1028,world=1018; worlds=10,853,175,0,0,0,0,0,0
music,1026,music=1025; musics=1,992,31,1,0,2,0,0,0
product,1026,products=588; product=438,1024,1,1,0,0,0,0,0
okay,1023,okay=1023,0,3,0,0,104,5,0,911
next,1021,next=1021,0,4,0,0,841,158,0,18
social,1018,social=1018,1,31,0,0,985,1,0,0
eat,1012,eat=521; eating=267; eaten=109; ate=70; eats=45,4,0,1008,0,0,0,0,0
let,1007,let=947; lets=30; letting=30,7,4,996,0,0,0,0,0
location,1002,location=781; locations=221,1000,2,0,0,0,0,0,0
last,998,last=863; lasting=57; lasted=53; lasts=25,1,3,199,0,777,18,0,0
old,996,old=666; older=238; oldest=82; olds=10,10,141,0,0,845,0,0,0
since,996,since=996,0,0,0,0,0,17,0,979
believe,991,believe=627; believed=230; believes=127; believing=7,0,0,991,0,0,0,0,0
certain,990,certain=990,0,4,0,0,986,0,0,0
soil,989,soil=884; soils=105,978,11,0,0,0,0,0,0
choose,987,choose=759; chose=91; choosing=68; chosen=61; chooses=8,0,4,983,0,0,0,0,0
artist,982,artists=668; artist=314,976,5,0,0,1,0,0,0
leave,981,leave=428; left=347; leaving=127; leaves=67; leaved=12,4,2,975,0,0,0,0,0
own,981,own=875; owned=78; owning=16; owns=12,0,0,138,0,843,0,0,0
end,980,end=738; ended=149; ends=73; ending=20,566,0,414,0,0,0,0,0
environment,979,environment=744; environments=235,973,5,1,0,0,0,0,0
however,976,however=976,0,0,0,0,0,975,0,1
meaning,976,meaning=958; meanings=18,975,1,0,0,0,0,0,0
planet,969,planet=565; planets=404,966,3,0,0,0,0,0,0
indicate,958,indicate=749; indicates=117; indicated=59; indicating=33,0,0,958,0,0,0,0,0
require,956,required=412; require=254; requires=242; requiring=48,0,1,954,0,1,0,0,0
design,951,design=506; designed=232; designs=172; designing=41,587,7,357,0,0,0,0,0
amount,949,amount=659; amounts=288; amounted=2,941,0,8,0,0,0,0,0
energy,947,energy=940; energies=7,937,10,0,0,0,0,0,0
keep,944,keep=595; kept=160; keeping=118; keeps=71,0,0,944,0,0,0,0,0
describe,938,describe=424; described=291; describes=184; describing=39,1,0,937,0,0,0,0,0
here,920,here=920,0,0,0,0,0,920,0,0
experience,917,experience=569; experiences=193; experienced=125; experiencing=30,655,1,261,0,0,0,0,0
history,917,history=897; histories=20,906,11,0,0,0,0,0,0
yes,911,yes=911,0,47,0,0,0,0,0,864
building,908,building=499; buildings=409,890,18,0,0,0,0,0,0
scientist,906,scientists=838; scientist=68,901,2,2,0,1,0,0,0
field,905,field=540; fields=364; fielding=1,897,7,1,0,0,0,0,0
view,905,view=728; views=83; viewed=51; viewing=42; viewer=1,379,361,164,0,1,0,0,0
three,904,three=904,0,3,0,0,0,0,0,901
follow,897,following=560; follow=198; followed=114; follows=25,7,0,890,0,0,0,0,0
technology,890,technology=717; technologies=173,871,19,0,0,0,0,0,0
activity,888,activities=444; activity=444,884,4,0,0,0,0,0,0
behavior,888,behavior=713; behaviors=175,878,10,0,0,0,0,0,0
try,887,try=391; trying=312; tried=163; tries=21,11,0,876,0,0,0,0,0
build,885,built=405; build=285; building=173; builds=22,8,0,877,0,0,0,0,0
event,880,event=457; events=423,875,4,1,0,0,0,0,0
body,877,body=589; bodies=288,875,1,1,0,0,0,0,0
source,877,source=482; sources=394; sourced=1,875,1,1,0,0,0,0,0
down,876,down=874; downs=2,3,0,0,0,4,120,0,749
employee,875,employee=597; employees=278,861,14,0,0,0,0,0,0
paper,873,paper=772; papers=101,866,7,0,0,0,0,0,0
likely,869,likely=869,0,0,0,0,651,218,0,0
book,867,book=490; books=356; booked=20; booking=1,803,25,39,0,0,0,0,0
seem,866,seems=396; seem=332; seemed=136; seeming=2,0,0,866,0,0,0,0,0
occur,862,occurred=325; occur=267; occurs=186; occurring=84,3,0,859,0,0,0,0,0
heat,856,heat=770; heated=58; heats=15; heating=13,699,19,138,0,0,0,0,0
rock,855,rock=486; rocks=369,838,15,2,0,0,0,0,0
color,845,color=455; colors=327; colored=52; coloring=11,763,14,68,0,0,0,0,0
job,839,job=616; jobs=223,837,2,0,0,0,0,0,0
predator,834,predators=610; predator=224,833,1,0,0,0,0,0,0
far,832,far=608; further=125; farther=99,0,6,0,0,10,816,0,0
school,829,school=661; schools=160; schooling=8,786,35,8,0,0,0,0,0
imply,824,imply=796; implies=18; implied=7; implying=3,0,0,824,0,0,0,0,0
sound,819,sounds=429; sound=365; sounded=17; sounding=8,382,8,377,0,52,0,0,0
benefit,817,benefits=383; benefit=373; benefited=49; benefiting=12,525,0,292,0,0,0,0,0
climate,815,climate=677; climates=138,783,26,6,0,0,0,0,0
belong,812,belong=745; belonged=32; belonging=20; belongs=15,0,0,812,0,0,0,0,0
fact,812,fact=751; facts=61,811,0,1,0,0,0,0,0
happen,811,happened=272; happens=229; happen=215; happening=95,0,0,811,0,0,0,0,0
oh,811,oh=811,0,2,0,0,0,0,0,809
paint,810,paint=349; painted=199; paints=133; painting=129,381,4,425,0,0,0,0,0
project,808,project=580; projects=209; projected=16; projecting=3,770,6,32,0,0,0,0,0
several,806,several=806,0,1,0,0,805,0,0,0
speaker,806,speaker=594; speakers=212,781,25,0,0,0,0,0,0
true,805,true=805,1,2,0,0,802,0,0,0
atmosphere,803,atmosphere=774; atmospheres=29,799,4,0,0,0,0,0,0
without,801,without=801,0,0,0,0,0,1,0,800
size,796,size=719; sizes=72; sized=3; sizing=2,785,5,6,0,0,0,0,0
base,791,based=699; base=86; basing=4; bases=2,76,1,714,0,0,0,0,0
possible,786,possible=786,0,2,0,0,784,0,0,0
air,784,air=780; airs=3; aired=1,758,20,6,0,0,0,0,0
region,784,regions=395; region=389,784,0,0,0,0,0,0,0
consider,781,consider=329; considered=323; considering=109; considers=20,0,0,781,0,0,0,0,0
understand,780,understand=515; understanding=120; understood=105; understands=40,0,0,780,0,0,0,0,0
method,775,methods=403; method=372,768,7,0,0,0,0,0,0
ago,774,ago=774,0,0,0,0,0,762,0,12
remain,769,remains=333; remain=229; remained=135; remaining=72,148,0,621,0,0,0,0,0
specific,767,specific=764; specifics=3,6,5,0,0,756,0,0,0
available,763,available=763,0,1,0,0,762,0,0,0
once,761,once=761,0,0,0,0,0,563,0,198
reduce,760,reduce=325; reduced=193; reducing=157; reduces=85,1,1,758,0,0,0,0,0
business,759,business=548; businesses=211,746,13,0,0,0,0,0,0
tell,759,tell=480; told=159; tells=66; telling=54,0,12,747,0,0,0,0,0
affect,755,affect=308; affected=260; affects=124; affecting=63,5,0,750,0,0,0,0,0
little,755,little=755,0,34,0,0,683,38,0,0
production,755,production=727; productions=28,750,5,0,0,0,0,0,0
center,750,center=563; centers=146; centered=41,624,82,42,0,2,0,0,0
click,749,click=728; clicks=12; clicking=8; clicked=1,16,0,733,0,0,0,0,0
low,748,low=447; lower=278; lowest=22; lows=1,2,5,0,0,722,19,0,0
week,747,week=590; weeks=157,744,3,0,0,0,0,0,0
sea,745,sea=703; seas=42,625,119,0,0,1,0,0,0
off,742,off=735; offs=7,19,1,0,0,8,36,0,678
condition,739,conditions=662; condition=77,738,0,1,0,0,0,0,0
development,737,development=669; developments=68,724,13,0,0,0,0,0,0
ice,734,ice=731; ices=2; icing=1,675,58,1,0,0,0,0,0
mainly,733,mainly=733,0,0,0,0,0,733,0,0
similar,731,similar=731,0,2,0,0,729,0,0,0
young,728,young=619; younger=100; youngest=9,6,9,0,0,713,0,0,0
object,725,objects=537; object=182; objected=6,698,1,26,0,0,0,0,0
forest,722,forest=364; forests=332; forested=26,673,23,26,0,0,0,0,0
relationship,721,relationship=548; relationships=173,721,0,0,0,0,0,0,0
society,716,society=376; societies=340,706,10,0,0,0,0,0,0
below,714,below=714,0,0,0,0,0,388,0,326
individual,711,individual=394; individuals=317,416,13,0,0,282,0,0,0
contain,710,contain=273; contained=183; contains=180; containing=74,1,0,709,0,0,0,0,0
focus,709,focus=417; focused=147; focusing=81; focuses=64,186,8,515,0,0,0,0,0
major,708,major=630; majors=53; majoring=23; majored=2,134,14,29,0,531,0,0,0
modern,707,modern=707,2,22,0,0,683,0,0,0
state,707,state=510; states=166; stated=16; stating=15,463,19,225,0,0,0,0,0
structure,706,structure=342; structures=340; structured=22; structuring=2,679,1,26,0,0,0,0,0
topic,705,topic=619; topics=86,705,0,0,0,0,0,0,0
culture,704,culture=446; cultures=258,694,10,0,0,0,0,0,0
level,704,levels=376; level=325; leveled=3,697,0,6,0,1,0,0,0
child,702,children=573; child=129,698,4,0,0,0,0,0,0
involve,701,involved=316; involves=208; involve=92; involving=85,2,0,699,0,0,0,0,0
age,697,age=578; ages=96; aging=12; aged=11,484,189,24,0,0,0,0,0
natural,696,natural=696,1,11,0,0,684,0,0,0
impact,695,impact=578; impacts=95; impacted=14; impacting=8,624,6,65,0,0,0,0,0
already,694,already=694,0,0,0,0,0,694,0,0
influence,691,influence=378; influenced=213; influences=78; influencing=22,330,6,355,0,0,0,0,0
must,684,must=684,2,0,0,682,0,0,0,0
near,683,near=656; nearest=17; nearer=5; nears=3; neared=1; nearing=1,0,25,5,0,52,23,0,578
away,682,away=682,1,0,0,0,1,631,0,49
hold,682,holding=233; held=195; hold=193; holds=61,23,0,659,0,0,0,0,0
main,679,main=676; mains=3,4,8,0,0,667,0,0,0
offer,679,offer=286; offered=185; offers=124; offering=84,30,2,647,0,0,0,0,0
united,677,united=677,0,676,0,0,1,0,0,0
usually,677,usually=677,0,0,0,0,0,677,0,0
role,673,role=577; roles=96,666,7,0,0,0,0,0,0
challenge,670,challenge=346; challenges=238; challenging=47; challenged=39,348,2,320,0,0,0,0,0
difficult,667,difficult=667,0,0,0,0,667,0,0,0
together,666,together=666,0,0,0,0,0,663,0,3
program,665,program=455; programs=192; programmed=15; programming=2; programed=1,627,20,18,0,0,0,0,0
carbon,663,carbon=663,641,18,4,0,0,0,0,0
experiment,662,experiment=417; experiments=189; experimenting=32; experimented=24,574,1,86,0,1,0,0,0
states,662,states=662,0,662,0,0,0,0,0,0
wind,662,wind=523; winds=135; winding=2; wound=2,626,8,28,0,0,0,0,0
quality,660,quality=608; qualities=52,658,1,0,0,1,0,0,0
sometimes,656,sometimes=656,0,0,0,0,0,656,0,0
technique,656,techniques=393; technique=263,655,0,1,0,0,0,0,0
bring,655,brought=252; bring=248; brings=80; bringing=75,0,2,653,0,0,0,0,0
sun,655,sun=653; suns=2,260,395,0,0,0,0,0,0
always,654,always=654,0,0,0,0,0,654,0,0
control,654,control=459; controlled=116; controlling=51; controls=28,315,11,328,0,0,0,0,0
europe,653,europe=653,0,653,0,0,0,0,0,0
store,651,store=358; stores=139; stored=103; storing=51,371,2,278,0,0,0,0,0
insect,650,insects=473; insect=177,626,7,17,0,0,0,0,0
later,648,later=648,0,0,0,0,131,517,0,0
room,648,room=492; rooms=155; roomed=1,622,24,2,0,0,0,0,0
whether,648,whether=648,0,0,0,0,0,0,0,648
author,645,author=553; authors=83; authored=9,636,0,9,0,0,0,0,0
common,644,common=634; commons=10,12,5,0,0,627,0,0,0
ability,641,ability=560; abilities=81,641,0,0,0,0,0,0,0
short,639,short=555; shorter=80; shortest=4,1,0,0,0,622,16,0,0
gas,637,gas=451; gases=181; gasses=3; gassing=2,627,5,5,0,0,0,0,0
term,634,term=471; terms=151; termed=12,620,1,13,0,0,0,0,0
cost,633,cost=359; costs=269; costing=5,542,1,90,0,0,0,0,0
direction,632,directions=421; direction=211,632,0,0,0,0,0,0,0
money,625,money=625,623,2,0,0,0,0,0,0
order,624,order=566; ordered=27; orders=21; ordering=10,557,2,65,0,0,0,0,0
organism,624,organisms=492; organism=132,624,0,0,0,0,0,0,0
until,622,until=622,0,0,0,0,0,0,0,622
big,621,big=464; bigger=100; biggest=57,0,13,0,0,607,1,0,0
turn,621,turn=272; turned=149; turns=147; turning=53,129,0,492,0,0,0,0,0
set,620,set=468; sets=86; setting=66,205,4,403,0,8,0,0,0
chemical,619,chemical=423; chemicals=196,443,14,2,0,160,0,0,0
four,615,four=615,0,2,0,0,0,0,0,613
spread,615,spread=534; spreading=55; spreads=26,175,1,436,0,3,0,0,0
easy,614,easy=304; easier=296; easiest=14,0,1,0,0,608,4,0,1
protect,614,protect=347; protected=148; protecting=85; protects=34,3,0,611,0,0,0,0,0
though,613,though=613,0,2,0,0,0,243,0,368
teach,612,teaching=344; teach=129; taught=118; teaches=21,0,0,612,0,0,0,0,0
purpose,609,purpose=485; purposes=124,607,0,0,0,2,0,0,0
record,601,record=264; records=219; recorded=104; recording=14,437,1,163,0,0,0,0,0
survive,601,survive=440; survived=96; surviving=60; survives=5,7,0,592,0,2,0,0,0
local,600,local=597; locals=3,3,7,0,0,590,0,0,0
public,598,public=598,188,4,0,0,406,0,0,0
solar,596,solar=596,0,12,0,0,583,1,0,0
travel,596,travel=377; traveling=85; traveled=84; travels=46; travelled=2; travelling=2,181,6,409,0,0,0,0,0
environmental,594,environmental=594,0,30,0,0,564,0,0,0
growth,592,growth=589; growths=3,588,4,0,0,0,0,0,0
among,590,among=590,0,0,0,0,0,0,0,590
open,588,open=464; opened=77; opening=27; opens=20,4,4,207,0,368,4,0,1
feel,587,feel=354; felt=102; feels=80; feeling=51,12,0,575,0,0,0,0,0
feature,586,features=357; feature=174; featured=36; featuring=19,478,1,107,0,0,0,0,0
within,586,within=586,0,0,0,0,0,0,0,586
community,585,community=358; communities=227,571,14,0,0,0,0,0,0
speak,584,speaking=338; speak=151; spoken=58; spoke=30; speaks=7,1,13,570,0,0,0,0,0
pattern,583,patterns=387; pattern=194; patterned=2,580,1,2,0,0,0,0,0
practice,583,practice=280; practices=209; practiced=61; practicing=33,430,5,148,0,0,0,0,0
especially,579,especially=579,0,0,0,0,0,579,0,0
difference,578,difference=321; differences=257,574,4,0,0,0,0,0,0
improve,578,improve=329; improved=140; improving=76; improves=33,1,0,577,0,0,0,0,0
late,578,late=514; latest=39; later=25,0,32,0,0,427,119,0,0
repeat,578,repeat=494; repeated=58; repeating=23; repeats=3,5,0,573,0,0,0,0,0
pay,577,pay=346; paid=153; paying=64; pays=14,22,6,549,0,0,0,0,0
movement,575,movement=424; movements=151,562,13,0,0,0,0,0,0
essential,573,essential=566; essentials=7,7,1,0,0,565,0,0,0
iron,569,iron=566; ironed=1; ironing=1; irons=1,507,56,6,0,0,0,0,0
buy,568,buy=351; buying=121; bought=87; buys=9,1,18,549,0,0,0,0,0
determine,568,determine=334; determined=129; determining=75; determines=30,2,5,561,0,0,0,0,0
member,568,members=468; member=100,568,0,0,0,0,0,0,0
case,567,case=410; cases=157,567,0,0,0,0,0,0,0
friend,567,friend=304; friends=263,489,78,0,0,0,0,0,0
maybe,567,maybe=567,0,0,0,0,0,567,0,0
seed,567,seeds=450; seed=112; seeded=3; seeding=2,555,1,11,0,0,0,0,0
factor,566,factors=377; factor=187; factored=2,562,0,4,0,0,0,0,0
tool,566,tools=411; tool=155,566,0,0,0,0,0,0,0
american,565,american=565,0,92,0,0,473,0,0,0
film,564,film=353; films=195; filming=11; filmed=5,533,9,22,0,0,0,0,0
particular,564,particular=564,0,0,0,0,564,0,0,0
prompt,564,prompt=530; prompted=19; prompting=8; prompts=7,173,348,42,0,1,0,0,0
identify,560,identify=361; identified=135; identifying=52; identifies=12,0,1,559,0,0,0,0,0
star,559,stars=296; star=256; staring=3; starred=2; stared=1; starring=1,542,6,11,0,0,0,0,0
trade,559,trade=473; traded=55; trading=16; trades=15,450,16,93,0,0,0,0,0
cover,554,covered=271; cover=176; covering=55; covers=52,54,3,497,0,0,0,0,0
person,553,person=543; persons=10,500,53,0,0,0,0,0,0
listening,552,listening=552,552,0,0,0,0,0,0,0
themselves,551,themselves=551,0,0,0,0,0,0,551,0
warm,551,warm=342; warmer=151; warming=29; warmed=20; warms=9,9,9,76,0,456,1,0,0
effective,549,effective=549,0,0,0,0,549,0,0,0
break,548,break=311; broken=77; breaks=65; broke=51; breaking=44,136,9,403,0,0,0,0,0
north,548,north=548,79,352,0,0,76,41,0,0
strong,548,strong=391; stronger=136; strongest=21,0,1,0,0,547,0,0,0
image,546,images=330; image=215; imaging=1,540,1,5,0,0,0,0,0
instead,546,instead=546,0,0,0,0,0,546,0,0
writing,546,writing=520; writings=26,524,22,0,0,0,0,0,0
date,545,date=228; dating=155; dates=97; dated=65,268,0,277,0,0,0,0,0
computer,543,computer=412; computers=131,534,9,0,0,0,0,0,0
layer,543,layer=342; layers=193; layered=8,533,0,10,0,0,0,0,0
spend,543,spend=316; spent=138; spending=65; spends=24,0,0,543,0,0,0,0,0
rather,542,rather=542,0,0,0,0,0,542,0,0
fit,541,fit=493; fits=35; fitted=8; fitting=5,15,0,157,0,369,0,0,0
pretty,540,pretty=540,0,3,0,0,10,527,0,0
various,540,various=540,0,2,0,0,538,0,0,0
appear,539,appear=218; appeared=157; appears=148; appearing=16,0,0,539,0,0,0,0,0
approach,539,approach=390; approaches=92; approaching=34; approached=23,431,0,108,0,0,0,0,0
government,539,government=415; governments=124,529,10,0,0,0,0,0,0
put,538,put=424; putting=86; puts=28,3,1,531,0,3,0,0,0
every,537,every=537,0,0,0,0,0,0,0,537
interesting,535,interesting=535,0,73,0,0,462,0,0,0
library,535,library=484; libraries=51,518,17,0,0,0,0,0,0
compare,534,compare=250; compared=192; comparing=65; compares=27,2,5,527,0,0,0,0,0
online,534,online=534,10,7,0,0,303,214,0,0
emphasize,533,emphasize=456; emphasized=34; emphasizes=22; emphasizing=21,0,0,533,0,0,0,0,0
model,533,model=289; models=220; modeled=18; modeling=6,499,3,31,0,0,0,0,0
egg,532,eggs=395; egg=137,528,2,0,0,2,0,0,0
hard,532,hard=407; harder=120; hardest=5,0,3,0,0,434,95,0,0
bacteria,531,bacteria=531,524,7,0,0,0,0,0,0
power,531,power=468; powered=43; powers=15; powering=5,460,6,65,0,0,0,0,0
hear,525,heard=275; hear=212; hearing=29; hears=9,0,0,525,0,0,0,0,0
resource,522,resources=415; resource=107,516,4,2,0,0,0,0,0
economic,520,economic=436; economics=84,84,9,0,0,427,0,0,0
story,519,story=335; stories=183; storied=1,516,1,2,0,0,0,0,0
review,518,review=455; reviews=37; reviewed=18; reviewing=8,62,11,445,0,0,0,0,0
traditional,518,traditional=518,4,6,0,0,508,0,0,0
club,517,club=444; clubs=73,453,64,0,0,0,0,0,0
illustrate,517,illustrate=325; illustrates=167; illustrated=20; illustrating=5,5,0,512,0,0,0,0,0
leaf,517,leaves=390; leaf=127,506,8,3,0,0,0,0,0
science,516,science=483; sciences=33,482,33,0,0,1,0,0,0
style,516,style=355; styles=161,514,1,1,0,0,0,0,0
dry,512,dry=338; dried=80; drying=34; dries=31; drier=29,2,3,189,0,318,0,0,0
summarize,512,summarize=502; summarizes=6; summarized=2; summarizing=2,0,0,512,0,0,0,0,0
home,509,home=351; homes=151; homing=7,420,4,7,0,0,78,0,0
subject,506,subject=311; subjects=184; subjected=10; subjecting=1,413,0,13,0,80,0,0,0
damage,505,damage=316; damaged=146; damaging=28; damages=15,279,0,226,0,0,0,0,0
river,505,river=311; rivers=194,360,144,1,0,0,0,0,0
sell,505,sell=178; sold=175; selling=117; sells=35,4,0,501,0,0,0,0,0
shape,505,shape=237; shapes=120; shaped=116; shaping=32,311,0,194,0,0,0,0,0
name,503,name=290; named=130; names=74; naming=9,332,0,171,0,0,0,0,0
sense,502,sense=473; sensing=23; senses=4; sensed=2,431,0,71,0,0,0,0,0
family,501,family=381; families=120,494,7,0,0,0,0,0,0
recent,500,recent=500,1,6,0,0,493,0,0,0
popular,499,popular=499,0,1,0,0,498,0,0,0
quickly,498,quickly=498,0,1,0,0,0,497,0,0
deep,497,deep=401; deeper=80; deepest=16,0,29,0,0,391,77,0,0
habitat,497,habitat=286; habitats=211,465,30,0,0,2,0,0,0
prey,494,prey=479; preyed=6; preying=5; preys=4,376,74,44,0,0,0,0,0
reach,493,reach=228; reached=122; reaching=90; reaches=53,19,0,474,0,0,0,0,0
exist,489,exist=163; existed=132; existing=132; exists=62,3,0,486,0,0,0,0,0
uh,489,uh=489,0,0,0,0,0,0,0,489
hypothesis,488,hypothesis=419; hypotheses=69,486,2,0,0,0,0,0,0
crop,485,crops=313; crop=170; cropped=1; cropping=1,477,4,4,0,0,0,0,0
prevent,484,prevent=287; prevents=68; preventing=66; prevented=63,3,2,479,0,0,0,0,0
um,484,um=484,0,0,0,0,0,0,0,484
agree,481,agree=341; agreed=83; agrees=29; agreeing=28,0,0,481,0,0,0,0,0
hour,481,hours=356; hour=125,477,4,0,0,0,0,0,0
piece,480,pieces=249; piece=228; piecing=2; pieced=1,473,1,6,0,0,0,0,0
yet,480,yet=480,0,0,0,0,0,398,0,82
advantage,479,advantage=310; advantages=168; advantaged=1,475,1,3,0,0,0,0,0
language,477,language=346; languages=131,471,5,1,0,0,0,0,0
cool,476,cool=248; cooler=93; cooling=71; cooled=40; cools=24,7,11,191,0,258,0,0,9
respond,471,responding=239; respond=189; responded=32; responds=11,7,2,462,0,0,0,0,0
america,470,america=465; americas=5,5,465,0,0,0,0,0,0
receive,470,receive=227; received=187; receiving=33; receives=23,0,0,470,0,0,0,0,0
recently,470,recently=470,0,0,0,0,0,470,0,0
remember,468,remember=431; remembered=17; remembering=14; remembers=6,1,0,467,0,0,0,0,0
fall,467,fall=251; fell=75; falling=63; falls=55; fallen=23,136,6,325,0,0,0,0,0
please,467,please=462; pleased=3; pleasing=2,2,0,14,0,0,0,0,451
under,467,under=467,0,0,0,0,0,4,0,463
feed,462,feed=275; feeding=82; fed=70; feeds=33; feeder=2,40,0,420,0,2,0,0,0
although,461,although=461,0,0,0,0,0,0,0,461
country,460,country=245; countries=215,457,3,0,0,0,0,0,0
mars,460,mars=460,0,460,0,0,0,0,0,0
article,458,article=361; articles=97,456,0,2,0,0,0,0,0
apply,457,apply=200; applied=140; applying=92; applies=25,0,3,454,0,0,0,0,0
appropriate,457,appropriate=457,3,2,1,0,451,0,0,0
native,457,native=455; natives=2,3,84,0,0,370,0,0,0
release,456,released=174; release=171; releasing=60; releases=51,71,1,384,0,0,0,0,0
stay,456,stay=337; stayed=45; staying=37; stays=37,15,1,440,0,0,0,0,0
significant,455,significant=455,0,3,0,0,452,0,0,0
ground,454,ground=398; grounds=55; grounded=1,446,4,4,0,0,0,0,0
introduce,453,introduced=207; introduce=179; introducing=48; introduces=19,0,2,451,0,0,0,0,0
never,453,never=453,0,0,0,0,0,453,0,0
typically,453,typically=453,0,1,0,0,0,452,0,0
along,452,along=452,0,0,0,0,0,38,0,414
past,452,past=451; pasts=1,248,1,0,0,165,0,0,38
department,451,department=409; departments=42,411,40,0,0,0,0,0,0
run,451,run=220; running=124; ran=64; runs=43,32,1,418,0,0,0,0,0
biology,449,biology=449,428,21,0,0,0,0,0,0
meet,449,meet=284; met=73; meeting=52; meets=40,1,5,443,0,0,0,0,0
weather,449,weather=421; weathering=17; weathered=9; weathers=2,412,7,30,0,0,0,0,0
complex,448,complex=441; complexes=7,42,7,0,0,399,0,0,0
force,447,force=161; forces=152; forced=104; forcing=30,277,1,169,0,0,0,0,0
million,447,million=316; millions=131,131,0,0,0,0,0,0,316
office,447,office=432; offices=15,405,41,1,0,0,0,0,0
farmer,446,farmers=413; farmer=33,445,1,0,0,0,0,0,0
lose,445,lost=211; lose=154; losing=48; loses=32,1,0,444,0,0,0,0,0
rise,445,rise=199; rising=100; rises=78; rose=55; risen=13,153,0,292,0,0,0,0,0
free,443,free=423; freed=13; freer=4; freeing=2; frees=1,0,16,32,0,381,14,0,0
prefer,442,prefer=322; preferred=73; prefers=43; preferring=4,2,0,440,0,0,0,0,0
variety,442,variety=406; varieties=36,442,0,0,0,0,0,0,0
island,441,island=263; islands=178,377,64,0,0,0,0,0,0
stone,441,stone=310; stones=131,413,28,0,0,0,0,0,0
across,438,across=438,0,1,0,0,0,14,0,423
service,438,service=248; services=188; serviced=1; servicing=1,423,12,3,0,0,0,0,0
summer,437,summer=414; summers=23,432,5,0,0,0,0,0,0
minute,436,minutes=333; minute=103,433,0,0,0,3,0,0,0
datum,435,data=435,435,0,0,0,0,0,0,0
skill,435,skills=327; skill=108,430,0,5,0,0,0,0,0
continue,434,continue=220; continued=125; continues=61; continuing=28,0,1,433,0,0,0,0,0
town,433,town=233; towns=200,420,11,2,0,0,0,0,0
encourage,430,encourage=236; encouraged=114; encourages=42; encouraging=38,1,1,428,0,0,0,0,0
european,430,european=429; europeans=1,1,35,0,0,394,0,0,0
text,428,text=377; texts=51,114,2,183,0,0,0,0,129
clear,427,clear=349; cleared=37; clearer=20; clearing=18; clearest=2; clears=1,0,3,79,0,340,5,0,0
discover,427,discovered=358; discover=55; discovering=13; discovers=1,1,0,426,0,0,0,0,0
drag,427,drag=413; dragged=9; dragging=4; drags=1,42,2,376,0,0,0,0,7
oxygen,427,oxygen=427,412,15,0,0,0,0,0,0
assignment,426,assignment=315; assignments=111,425,1,0,0,0,0,0,0
fossil,426,fossil=254; fossils=172,379,8,0,0,39,0,0,0
argue,425,argue=311; argued=76; argues=26; arguing=12,1,0,424,0,0,0,0,0
fly,425,fly=182; flying=140; flies=79; flew=16; flown=8,80,2,343,0,0,0,0,0
infer,425,inferred=407; infer=16; inferring=2,2,0,423,0,0,0,0,0
supply,425,supply=245; supplies=131; supplied=38; supplying=11,339,0,86,0,0,0,0,0
task,425,task=249; tasks=175; tasked=1,310,110,5,0,0,0,0,0
agriculture,423,agriculture=423,400,23,0,0,0,0,0,0
industry,423,industry=319; industries=104,421,2,0,0,0,0,0,0
carry,422,carry=183; carried=152; carrying=58; carries=29,0,0,422,0,0,0,0,0
evolve,422,evolved=310; evolve=75; evolving=27; evolves=10,5,0,417,0,0,0,0,0
museum,422,museum=282; museums=140,374,48,0,0,0,0,0,0
visit,421,visit=231; visited=93; visiting=77; visits=20,77,15,329,0,0,0,0,0
future,420,future=415; futures=5,220,5,0,0,195,0,0,0
market,419,market=291; markets=115; marketed=7; marketing=6,391,4,24,0,0,0,0,0
relatively,417,relatively=417,0,0,0,0,0,417,0,0
urban,417,urban=417,0,23,0,0,394,0,0,0
night,416,night=370; nights=46,411,5,0,0,0,0,0,0
cold,415,cold=372; colder=32; coldest=11,24,5,1,0,384,1,0,0
current,415,current=306; currents=109,135,5,1,0,274,0,0,0
decline,415,decline=246; declined=74; declines=48; declining=47,229,4,182,0,0,0,0,0
rate,415,rate=275; rates=140,405,0,10,0,0,0,0,0
ship,415,ships=222; ship=164; shipped=23; shipping=6,375,1,39,0,0,0,0,0
fire,414,fire=243; fires=110; fired=47; firing=14,331,7,76,0,0,0,0,0
bank,413,bank=389; banks=24,407,6,0,0,0,0,0,0
moon,413,moon=334; moons=79,223,190,0,0,0,0,0,0
tend,413,tend=274; tended=73; tends=60; tending=6,0,0,413,0,0,0,0,0
almost,412,almost=412,0,0,0,0,0,412,0,0
decision,412,decision=214; decisions=198,412,0,0,0,0,0,0,0
fast,412,fast=202; faster=195; fastest=13; fasting=2,1,5,5,0,147,254,0,0
perform,412,perform=166; performed=152; performing=75; performs=19,3,1,408,0,0,0,0,0
quite,410,quite=410,0,0,0,0,4,321,0,85
title,410,title=388; titles=12; titled=10,400,0,10,0,0,0,0,0
marine,409,marine=409,32,51,0,0,326,0,0,0
single,409,single=408; singles=1,2,4,1,0,396,6,0,0
thank,409,thanks=255; thank=152; thanking=2,256,0,153,0,0,0,0,0
minor,408,minor=407; minors=1,6,3,0,0,399,0,0,0
avoid,407,avoid=311; avoiding=46; avoided=42; avoids=8,4,5,398,0,0,0,0,0
exactly,407,exactly=407,0,0,0,0,0,407,0,0
expect,407,expected=197; expect=165; expecting=24; expects=21,0,0,407,0,0,0,0,0
grass,407,grass=290; grasses=117,397,7,3,0,0,0,0,0
function,405,function=228; functions=138; functioning=20; functioned=19,302,0,103,0,0,0,0,0
again,404,again=404,0,0,0,0,0,404,0,0
issue,403,issue=192; issues=186; issued=17; issuing=8,374,0,29,0,0,0,0,0
share,402,share=230; shared=105; sharing=49; shares=18,30,2,370,0,0,0,0,0
easily,396,easily=396,0,0,0,0,0,396,0,0
worker,396,workers=321; worker=75,387,9,0,0,0,0,0,0
brain,395,brain=351; brains=44,393,1,1,0,0,0,0,0
brief,395,brief=395,2,1,0,0,392,0,0,0
depend,395,depends=126; depending=100; depend=91; depended=78,1,0,394,0,0,0,0,0
hand,395,hand=289; hands=84; handed=17; handing=5,361,2,32,0,0,0,0,0
month,395,months=198; month=197,395,0,0,0,0,0,0,0
nature,395,nature=395,388,7,0,0,0,0,0,0
raise,394,raised=141; raise=126; raising=74; raises=53,5,1,388,0,0,0,0,0
archaeologist,393,archaeologists=351; archaeologist=42,387,5,1,0,0,0,0,0
line,392,line=196; lines=175; lined=16; lining=5,356,4,32,0,0,0,0,0
eventually,391,eventually=391,0,1,0,0,0,390,0,0
concept,389,concept=334; concepts=55,387,1,1,0,0,0,0,0
dioxide,388,dioxide=388,386,2,0,0,0,0,0,0
attend,387,attend=240; attending=81; attended=63; attends=3,0,1,386,0,0,0,0,0
detail,387,details=300; detail=81; detailed=3; detailing=3,380,0,7,0,0,0,0,0
least,387,least=387,0,0,0,0,275,112,0,0
maintain,387,maintain=203; maintaining=101; maintained=69; maintains=14,0,0,387,0,0,0,0,0
car,385,car=218; cars=167,380,5,0,0,0,0,0,0
semester,385,semester=379; semesters=6,383,1,0,0,1,0,0,0
special,385,special=384; specials=1,2,4,0,0,379,0,0,0
against,384,against=384,0,2,0,0,0,0,0,382
claim,384,claim=274; claimed=54; claims=52; claiming=4,271,0,113,0,0,0,0,0
outside,384,outside=382; outsides=2,19,2,0,0,37,84,0,242
interested,383,interested=383,0,0,0,0,383,0,0,0
post,383,post=302; posted=42; posts=21; posting=18,265,7,94,0,17,0,0,0
opportunity,381,opportunity=217; opportunities=164,377,4,0,0,0,0,0,0
introductory,380,introductory=380,0,2,0,0,378,0,0,0
locate,380,located=277; locate=75; locating=28,0,1,378,0,1,0,0,0
hot,378,hot=348; hotter=24; hottest=6,0,7,0,0,370,1,0,0
performance,378,performance=268; performances=110,374,2,2,0,0,0,0,0
schedule,378,schedule=266; scheduled=80; schedules=30; scheduling=2,258,6,114,0,0,0,0,0
wild,378,wild=378,84,4,0,0,290,0,0,0
price,377,price=209; prices=144; priced=24,350,3,24,0,0,0,0,0
wall,377,walls=236; wall=138; walled=3,366,7,4,0,0,0,0,0
value,376,value=253; values=75; valued=46; valuing=2,307,2,67,0,0,0,0,0
hunt,375,hunt=148; hunting=137; hunted=81; hunts=9,66,2,307,0,0,0,0,0
insert,375,insert=368; inserting=4; inserted=2; inserts=1,0,358,16,0,1,0,0,0
flower,374,flowers=207; flower=126; flowering=41,324,2,48,0,0,0,0,0
nest,373,nest=211; nests=152; nesting=9; nested=1,353,1,19,0,0,0,0,0
teacher,373,teachers=199; teacher=174,371,2,0,0,0,0,0,0
hall,372,hall=325; halls=47,271,100,1,0,0,0,0,0
customer,371,customers=247; customer=124,369,2,0,0,0,0,0,0
observe,369,observed=202; observe=94; observing=69; observes=4,0,2,367,0,0,0,0,0
pass,369,pass=162; passed=92; passing=69; passes=46,36,14,318,0,1,0,0,0
cultural,367,cultural=367,0,6,0,0,361,0,0,0
matter,367,matter=335; matters=28; mattered=4,286,3,43,0,0,35,0,0
guess,366,guess=333; guessing=13; guesses=12; guessed=8,30,0,336,0,0,0,0,0
sculpture,366,sculpture=203; sculptures=163,359,7,0,0,0,0,0,0
third,365,third=358; thirds=7,33,19,0,0,209,104,0,0
contribute,363,contributed=163; contribute=124; contributes=38; contributing=38,6,1,356,0,0,0,0,0
except,363,except=363,6,246,0,0,0,0,0,111
house,362,house=190; houses=153; housed=19,308,23,31,0,0,0,0,0
south,361,south=361,56,190,0,0,55,60,0,0
throughout,360,throughout=360,0,0,0,0,0,0,0,360
decide,359,decided=179; decide=127; deciding=37; decides=16,1,0,358,0,0,0,0,0
grain,359,grain=209; grains=146; grained=4,341,10,8,0,0,0,0,0
concern,358,concerns=149; concern=131; concerned=52; concerning=26,260,2,96,0,0,0,0,0
interest,358,interest=274; interests=77; interested=7,329,2,27,0,0,0,0,0
discovery,357,discovery=252; discoveries=105,344,13,0,0,0,0,0,0
root,356,roots=252; root=94; rooted=8; rooting=2,344,1,11,0,0,0,0,0
theater,356,theater=304; theaters=52,323,33,0,0,0,0,0,0
cell,355,cells=205; cell=150,354,1,0,0,0,0,0,0
construction,355,construction=348; constructions=7,352,3,0,0,0,0,0,0
establish,355,established=209; establish=95; establishing=47; establishes=4,1,0,353,0,1,0,0,0
pottery,355,pottery=354; potteries=1,345,9,0,0,1,0,0,0
characteristic,352,characteristics=252; characteristic=100,313,0,0,0,39,0,0,0
sign,352,sign=163; signs=109; signed=55; signing=25,164,6,182,0,0,0,0,0
figure,351,figure=162; figures=124; figured=51; figuring=14,169,0,182,0,0,0,0,0
lack,351,lack=238; lacked=52; lacks=37; lacking=24,180,8,162,0,1,0,0,0
position,351,position=247; positions=80; positioned=20; positioning=4,318,0,33,0,0,0,0,0
relate,351,related=294; relate=29; relates=21; relating=7,1,0,350,0,0,0,0,0
salt,351,salt=314; salts=37,329,16,6,0,0,0,0,0
transport,351,transport=172; transported=117; transporting=56; transports=6,91,2,258,0,0,0,0,0
return,350,return=209; returned=72; returning=47; returns=22,73,7,270,0,0,0,0,0
strategy,350,strategy=180; strategies=170,349,1,0,0,0,0,0,0
access,349,access=342; accessed=3; accessing=3; accesses=1,289,3,57,0,0,0,0,0
agricultural,349,agricultural=349,0,11,0,0,338,0,0,0
pressure,349,pressure=310; pressures=38; pressured=1,343,4,2,0,0,0,0,0
decrease,348,decrease=168; decreased=95; decreases=44; decreasing=41,115,0,233,0,0,0,0,0
face,348,face=172; faced=74; facing=61; faces=41,113,0,235,0,0,0,0,0
itself,348,itself=348,0,0,0,0,0,0,348,0
orbit,348,orbit=194; orbits=92; orbiting=54; orbited=8,242,1,105,0,0,0,0,0
thousand,348,thousands=232; thousand=116,232,1,0,0,0,0,0,115
interview,347,interview=293; interviews=31; interviewed=14; interviewing=9,299,1,47,0,0,0,0,0
letter,347,letter=276; letters=70; lettering=1,345,0,2,0,0,0,0,0
stop,346,stop=186; stopped=91; stopping=37; stops=26; stoped=5; stoping=1,20,0,326,0,0,0,0,0
someone,345,someone=344; someones=1,1,0,0,0,0,0,344,0
ant,344,ants=239; ant=105,281,0,0,0,63,0,0,0
limit,343,limited=125; limit=109; limits=68; limiting=41,83,8,252,0,0,0,0,0
painter,343,painters=231; painter=112,342,0,1,0,0,0,0,0
highlight,342,highlighted=194; highlight=115; highlights=22; highlighting=11,9,0,333,0,0,0,0,0
mammal,341,mammals=291; mammal=50,293,2,0,0,46,0,0,0
distance,340,distance=201; distances=137; distanced=2,329,2,9,0,0,0,0,0
lake,339,lake=180; lakes=159,309,30,0,0,0,0,0,0
england,338,england=338,0,338,0,0,0,0,0,0
expensive,338,expensive=338,0,1,0,0,337,0,0,0
check,337,check=247; checked=46; checking=35; checks=9,24,12,301,0,0,0,0,0
rain,336,rain=253; rains=57; rained=18; raining=8,285,2,49,0,0,0,0,0
core,335,core=272; cores=63,329,2,0,0,4,0,0,0
ecosystem,335,ecosystems=182; ecosystem=153,327,1,7,0,0,0,0,0
everyone,335,everyone=335,0,3,0,0,0,0,332,0
stage,334,stage=224; stages=110,330,0,4,0,0,0,0,0
attract,332,attract=176; attracted=101; attracting=29; attracts=26,2,0,330,0,0,0,0,0
disease,331,disease=191; diseases=139; diseased=1,322,3,6,0,0,0,0,0
due,331,due=327; dues=4,4,0,0,0,177,0,0,150
real,331,real=331,0,0,0,0,326,5,0,0
collect,330,collected=135; collect=109; collecting=68; collects=18,8,3,319,0,0,0,0,0
generally,330,generally=330,0,0,0,0,0,330,0,0
inside,328,inside=324; insides=4,24,0,0,0,7,55,0,242
health,327,health=327,311,16,0,0,0,0,0,0
parent,327,parents=260; parent=65; parenting=2,324,1,2,0,0,0,0,0
thus,325,thus=325,0,0,0,0,0,325,0,0
magnetic,324,magnetic=324,0,5,0,0,319,0,0,0
propose,324,proposed=222; propose=76; proposes=18; proposing=8,0,1,323,0,0,0,0,0
represent,324,represent=139; represented=97; representing=44; represents=44,0,0,323,0,1,0,0,0
road,324,road=167; roads=157,289,35,0,0,0,0,0,0
roman,324,roman=324,0,94,0,0,230,0,0,0
side,324,side=245; sides=78; sided=1,318,0,4,0,2,0,0,0
cave,323,cave=214; caves=109,275,20,28,0,0,0,0,0
toward,323,toward=323,0,0,0,0,0,0,0,323
farm,322,farms=150; farm=131; farming=24; farmed=17,265,3,54,0,0,0,0,0
artifact,321,artifacts=279; artifact=42,316,0,4,0,1,0,0,0
explanation,321,explanation=238; explanations=83,319,1,1,0,0,0,0,0
original,320,original=314; originals=6,12,1,0,0,307,0,0,0
signal,320,signals=185; signal=128; signaling=5; signaled=1; signalling=1,280,1,37,0,2,0,0,0
act,318,act=151; acting=90; acts=48; acted=29,71,14,233,0,0,0,0,0
highly,318,highly=318,0,0,0,0,0,318,0,0
announcement,317,announcement=314; announcements=3,316,1,0,0,0,0,0,0
effort,317,efforts=163; effort=154,316,1,0,0,0,0,0,0
element,317,elements=247; element=70,317,0,0,0,0,0,0,0
park,317,park=231; parks=71; parked=10; parking=5,201,62,54,0,0,0,0,0
serve,317,serve=147; served=94; serves=44; serving=32,8,0,309,0,0,0,0,0
global,316,global=316,0,13,0,0,303,0,0,0
middle,316,middle=316,96,126,0,0,94,0,0,0
dark,315,dark=270; darker=42; darkest=2; darks=1,33,18,2,0,258,4,0,0
drive,315,drive=126; driving=84; driven=65; drove=21; drives=19,26,6,283,0,0,0,0,0
mostly,315,mostly=315,0,0,0,0,1,314,0,0
moth,315,moths=182; moth=133,288,24,3,0,0,0,0,0
remove,315,removed=117; remove=112; removing=71; removes=15,0,0,315,0,0,0,0,0
rule,315,rules=130; rule=117; ruled=48; ruling=20,227,1,87,0,0,0,0,0
physical,313,physical=313,0,3,0,0,310,0,0,0
send,313,send=139; sent=114; sending=45; sends=15,0,0,313,0,0,0,0,0
range,312,range=250; ranges=33; ranging=26; ranged=3,256,0,54,0,2,0,0,0
aspect,311,aspect=171; aspects=140,311,0,0,0,0,0,0,0
demonstrate,310,demonstrate=192; demonstrated=80; demonstrates=24; demonstrating=14,1,1,308,0,0,0,0,0
mass,310,mass=286; masses=24,223,23,2,0,53,9,0,0
potential,310,potential=310,87,2,0,0,221,0,0,0
formation,309,formation=270; formations=39,304,5,0,0,0,0,0,0
oil,309,oil=294; oils=13; oiled=2,300,7,2,0,0,0,0,0
proposal,309,proposal=287; proposals=22,309,0,0,0,0,0,0,0
useful,308,useful=308,0,0,0,0,308,0,0,0
basis,307,basis=305; bases=2,307,0,0,0,0,0,0,0
bat,307,bats=195; bat=112,297,9,1,0,0,0,0,0
email,307,email=285; emails=12; emailed=8; emailing=2,258,1,47,0,0,1,0,0
consumer,306,consumers=225; consumer=81,306,0,0,0,0,0,0,0
hundred,306,hundreds=173; hundred=133,173,3,0,0,0,0,0,130
independent,306,independent=306,1,2,0,0,125,0,0,178
metal,306,metal=216; metals=88; metalling=2,299,5,2,0,0,0,0,0
rely,306,rely=165; relied=73; relying=36; relies=32,1,0,305,0,0,0,0,0
blue,305,blue=264; blues=41,63,54,2,0,185,1,0,0
greek,305,greek=304; greeks=1,1,34,0,0,270,0,0,0
measure,305,measure=118; measured=71; measuring=66; measures=50,75,0,230,0,0,0,0,0
whole,305,whole=305,59,0,0,0,246,0,0,0
particularly,304,particularly=304,0,0,0,0,0,304,0,0
manager,303,manager=260; managers=43,250,53,0,0,0,0,0,0
northern,303,northern=303,0,32,0,0,271,0,0,0
surround,303,surrounding=225; surrounded=57; surrounds=12; surround=9,0,0,303,0,0,0,0,0
wait,303,wait=192; waiting=87; waited=15; waits=9,9,3,289,0,0,0,0,2
enjoy,302,enjoy=178; enjoyed=73; enjoying=28; enjoys=23,0,0,302,0,0,0,0,0
note,302,notes=155; note=83; noted=56; noting=8,167,0,135,0,0,0,0,0
winter,302,winter=271; winters=28; wintering=2; wintered=1,294,5,3,0,0,0,0,0
cloud,301,cloud=166; clouds=135,275,6,8,0,12,0,0,0
sleep,301,sleep=269; sleeping=26; sleeps=3; slept=3,217,8,76,0,0,0,0,0
print,300,prints=97; print=88; printed=87; printing=28,137,5,158,0,0,0,0,0
reflect,300,reflect=122; reflected=82; reflects=55; reflecting=41,0,1,299,0,0,0,0,0
slow,300,slow=168; slower=47; slowed=36; slowing=26; slows=23,0,0,145,0,148,7,0,0
wide,300,wide=236; wider=62; widest=2,0,2,0,0,289,9,0,0
either,298,either=298,0,0,0,0,0,70,0,228
flow,298,flow=175; flows=60; flowing=33; flowed=30,150,1,147,0,0,0,0,0
heavy,298,heavy=252; heavier=40; heaviest=6,0,10,0,0,288,0,0,0
western,298,western=296; westerns=2,4,50,0,0,244,0,0,0
landscape,297,landscape=224; landscapes=71; landscaping=2,287,8,2,0,0,0,0,0
fungus,296,fungus=191; fungi=101; funguses=4,293,2,0,0,1,0,0,0
replace,296,replaced=154; replace=101; replacing=37; replaces=4,3,0,293,0,0,0,0,0
dinosaur,295,dinosaurs=204; dinosaur=91,290,4,1,0,0,0,0,0
else,295,else=295,0,0,0,0,0,295,0,0
speed,295,speed=237; speeds=42; speeding=11; speeded=3; sped=2,251,2,42,0,0,0,0,0
volunteer,295,volunteer=106; volunteered=85; volunteers=77; volunteering=27,145,4,146,0,0,0,0,0
associate,294,associated=248; associate=35; associating=6; associates=5,10,0,284,0,0,0,0,0
literature,294,literature=294,275,18,1,0,0,0,0,0
chance,293,chance=232; chances=60; chancing=1,292,0,1,0,0,0,0,0
simple,293,simple=240; simpler=39; simplest=14,5,0,0,0,288,0,0,0
sunlight,293,sunlight=293,290,0,0,0,3,0,0,0
train,293,train=144; trained=88; training=44; trains=17,121,5,167,0,0,0,0,0
attention,292,attention=292,288,4,0,0,0,0,0,0
shell,292,shells=148; shell=143; shelled=1,265,0,3,0,24,0,0,0
sort,292,sort=244; sorts=30; sorted=12; sorting=6,179,0,33,0,0,80,0,0
soon,291,soon=251; sooner=40,0,0,0,0,0,291,0,0
bone,290,bones=192; bone=98,289,1,0,0,0,0,0,0
contrast,290,contrast=250; contrasts=23; contrasted=9; contrasting=8,153,1,136,0,0,0,0,0
africa,289,africa=289,0,289,0,0,0,0,0,0
famous,289,famous=289,1,6,0,0,282,0,0,0
coral,288,coral=195; corals=93,134,22,0,0,132,0,0,0
interviewer,288,interviewer=284; interviewers=4,288,0,0,0,0,0,0,0
floor,286,floor=263; floors=22; flooring=1,285,0,1,0,0,0,0,0
arctic,285,arctic=285,0,237,0,0,48,0,0,0
successful,285,successful=285,0,6,0,0,279,0,0,0
fuel,284,fuel=191; fuels=72; fueled=17; fueling=3; fuelled=1,254,2,28,0,0,0,0,0
wood,284,wood=262; woods=22,278,6,0,0,0,0,0,0
mountain,283,mountain=156; mountains=127,257,25,1,0,0,0,0,0
refer,283,refers=123; refer=71; referred=59; referring=30,4,0,279,0,0,0,0,0
diet,282,diet=209; diets=73,276,5,0,0,1,0,0,0
farming,282,farming=282,274,8,0,0,0,0,0,0
anyway,281,anyway=280; anyways=1,1,0,0,0,0,272,0,8
prepare,281,prepare=158; preparing=65; prepared=50; prepares=8,1,1,279,0,0,0,0,0
glass,280,glass=267; glasses=13,272,6,2,0,0,0,0,0
notice,280,noticed=143; notice=120; noticing=9; notices=8,47,1,232,0,0,0,0,0
nutrient,280,nutrients=233; nutrient=47,244,1,0,0,34,1,0,0
preserve,280,preserved=106; preserve=91; preserving=73; preserves=10,8,2,270,0,0,0,0,0
generate,279,generate=123; generated=93; generates=38; generating=25,2,1,275,0,1,0,0,0
situation,279,situation=188; situations=91,278,1,0,0,0,0,0,0
green,278,green=267; greens=10; greener=1,20,36,0,0,222,0,0,0
mind,278,mind=254; minds=23; minded=1,226,5,47,0,0,0,0,0
empire,277,empire=265; empires=12,136,141,0,0,0,0,0,0
necessary,277,necessary=277,0,0,0,0,277,0,0,0
song,277,songs=168; song=109,237,36,1,0,3,0,0,0
adapt,276,adapted=159; adapt=95; adapting=18; adapts=4,5,1,270,0,0,0,0,0
britain,276,britain=276,0,276,0,0,0,0,0,0
importance,276,importance=276,276,0,0,0,0,0,0,0
king,276,king=189; kings=87,208,68,0,0,0,0,0,0
block,275,block=131; blocks=99; blocking=29; blocked=16,166,2,107,0,0,0,0,0
archaeological,274,archaeological=274,0,3,0,0,271,0,0,0
extinction,274,extinction=201; extinctions=73,274,0,0,0,0,0,0,0
migration,274,migration=242; migrations=32,253,21,0,0,0,0,0,0
movie,273,movie=138; movies=135,271,2,0,0,0,0,0,0
completely,272,completely=272,0,0,0,0,0,272,0,0
watch,272,watch=131; watching=93; watched=43; watches=5,15,7,250,0,0,0,0,0
application,271,application=188; applications=83,269,1,1,0,0,0,0,0
audience,270,audience=182; audiences=88,266,3,1,0,0,0,0,0
character,270,character=138; characters=132,270,0,0,0,0,0,0,0
coal,270,coal=267; coaling=2; coals=1,247,21,2,0,0,0,0,0
demand,270,demand=176; demands=66; demanded=14; demanding=14,219,2,49,0,0,0,0,0
shift,270,shift=139; shifts=67; shifted=37; shifting=27,170,2,98,0,0,0,0,0
central,269,central=269,0,90,0,0,179,0,0,0
picture,269,picture=163; pictures=100; pictured=5; picturing=1,241,4,24,0,0,0,0,0
sample,269,samples=164; sample=96; sampling=6; sampled=3,258,0,11,0,0,0,0,0
discussion,268,discussion=226; discussions=42,268,0,0,0,0,0,0,0
obtain,268,obtain=154; obtained=74; obtaining=35; obtains=5,0,1,266,0,0,1,0,0
realize,267,realize=119; realized=103; realizes=35; realizing=10,0,0,267,0,0,0,0,0
stream,267,streams=141; stream=121; streaming=3; streamed=2,249,5,13,0,0,0,0,0
die,266,died=109; die=105; dying=30; dies=22,14,0,252,0,0,0,0,0
industrial,266,industrial=266,0,64,0,0,202,0,0,0
join,266,join=151; joining=68; joined=45; joins=2,4,7,255,0,0,0,0,0
test,266,test=140; tested=65; tests=41; testing=20,107,3,156,0,0,0,0,0
english,265,english=265,0,113,0,0,152,0,0,0
request,265,request=200; requests=32; requested=24; requesting=9,129,2,134,0,0,0,0,0
silk,264,silk=256; silks=8,222,42,0,0,0,0,0,0
team,264,team=228; teams=35; teamed=1,259,3,2,0,0,0,0,0
cut,263,cut=179; cutting=66; cuts=18,28,0,234,0,1,0,0,0
director,263,director=226; directors=37,207,56,0,0,0,0,0,0
education,263,education=262; educations=1,258,5,0,0,0,0,0,0
full,263,full=259; fulled=1; fuller=1; fullest=1; fulling=1,0,0,3,0,260,0,0,0
head,263,head=176; heads=46; headed=29; heading=12,203,1,59,0,0,0,0,0
venus,263,venus=263,0,263,0,0,0,0,0,0
colony,262,colonies=136; colony=126,260,2,0,0,0,0,0,0
competition,261,competition=242; competitions=19,247,12,0,0,2,0,0,0
finally,261,finally=261,0,0,0,0,0,261,0,0
analyze,260,analyze=115; analyzing=80; analyzed=65,0,1,259,0,0,0,0,0
bad,260,bad=206; worse=40; worst=13; bads=1,1,0,0,0,258,1,0,0
scale,260,scale=207; scales=45; scaled=4; scaling=4,248,1,11,0,0,0,0,0
bear,259,bears=88; born=86; bear=59; bearing=17; bore=7; borne=2,109,1,149,0,0,0,0,0
key,259,key=230; keys=28; keying=1,87,1,1,0,170,0,0,0
presentation,259,presentation=211; presentations=48,258,1,0,0,0,0,0,0
simply,259,simply=259,0,0,0,0,0,259,0,0
success,259,success=255; successes=4,257,2,0,0,0,0,0,0
argument,258,arguments=162; argument=96,258,0,0,0,0,0,0,0
list,258,list=185; lists=38; listed=28; listing=7,189,1,68,0,0,0,0,0
season,258,season=205; seasons=52; seasoned=1,257,0,1,0,0,0,0,0
solution,258,solution=157; solutions=101,258,0,0,0,0,0,0,0
white,258,white=257; whites=1,6,15,0,0,228,9,0,0
red,257,red=249; reds=8,28,27,1,0,200,1,0,0
additional,256,additional=256,0,4,0,0,252,0,0,0
definitely,256,definitely=256,0,1,0,0,0,255,0,0
direct,256,direct=160; directed=84; directing=11; directs=1,0,1,118,0,137,0,0,0
top,256,top=242; tops=10; topped=4,168,10,6,0,69,3,0,0
training,256,training=256,250,4,0,0,2,0,0,0
historical,255,historical=255,0,7,0,0,248,0,0,0
trip,255,trip=194; trips=57; tripped=3; tripping=1,245,4,6,0,0,0,0,0
worth,255,worth=255,14,0,0,0,241,0,0,0
general,254,general=249; generals=5,17,2,0,0,235,0,0,0
meeting,254,meeting=201; meetings=53,251,3,0,0,0,0,0,0
presence,254,presence=254,253,1,0,0,0,0,0,0
requirement,254,requirement=129; requirements=125,244,10,0,0,0,0,0,0
scientific,254,scientific=254,1,5,0,0,248,0,0,0
accept,253,accepted=150; accept=81; accepting=15; accepts=7,0,0,253,0,0,0,0,0
action,253,action=133; actions=120,245,8,0,0,0,0,0,0
enter,253,enter=112; entering=55; entered=53; enters=33,7,2,244,0,0,0,0,0
policy,253,policy=205; policies=48,246,6,1,0,0,0,0,0
reveal,253,revealed=97; reveal=95; reveals=39; revealing=22,3,0,250,0,0,0,0,0
anything,252,anything=252,0,0,0,0,0,0,252,0
continent,252,continents=143; continent=109,248,4,0,0,0,0,0,0
limited,252,limited=252,0,5,0,0,247,0,0,0
medium,252,media=192; medium=58; mediums=2,235,0,0,0,17,0,0,0
attack,251,attack=134; attacks=49; attacked=41; attacking=27,91,0,160,0,0,0,0,0
huge,251,huge=251,0,1,0,0,250,0,0,0
self,251,self=245; selves=6,251,0,0,0,0,0,0,0
civilization,249,civilization=140; civilizations=109,248,1,0,0,0,0,0,0
equipment,249,equipment=248; equipments=1,242,7,0,0,0,0,0,0
imagine,249,imagine=227; imagined=14; imagining=7; imagines=1,2,7,237,0,2,1,0,0
knowledge,249,knowledge=249,243,6,0,0,0,0,0,0
basic,248,basic=236; basics=12,14,1,0,0,233,0,0,0
bee,247,bees=216; bee=31,238,9,0,0,0,0,0,0
exhibit,247,exhibit=161; exhibits=39; exhibited=37; exhibiting=10,134,2,111,0,0,0,0,0
morning,247,morning=231; mornings=16,245,2,0,0,0,0,0,0
waste,247,waste=217; wasted=12; wasting=11; wastes=7,199,5,43,0,0,0,0,0
detect,246,detect=143; detected=61; detecting=40; detects=2,0,0,246,0,0,0,0,0
ever,246,ever=246,0,0,0,0,0,246,0,0
eye,246,eyes=132; eye=114,245,1,0,0,0,0,0,0
origin,246,origin=154; origins=92,237,7,0,0,2,0,0,0
communication,245,communication=224; communications=21,236,9,0,0,0,0,0,0
ring,245,rings=142; ring=90; ringed=10; ringing=2; rung=1,226,2,17,0,0,0,0,0
wing,245,wings=161; wing=48; winged=35; winging=1,209,0,36,0,0,0,0,0
ensure,244,ensure=167; ensuring=37; ensures=21; ensured=19,2,2,240,0,0,0,0,0
video,244,video=184; videos=60,241,2,0,0,1,0,0,0
behind,243,behind=243,0,0,0,0,0,81,0,162
catch,243,catch=143; caught=66; catching=26; catches=8,23,0,220,0,0,0,0,0
copy,243,copy=111; copies=92; copied=27; copying=13,183,0,60,0,0,0,0,0
hunter,243,hunter=146; hunters=97,232,10,0,0,1,0,0,0
participate,243,participate=176; participating=36; participated=29; participates=2,1,0,242,0,0,0,0,0
personal,243,personal=243,1,4,0,0,238,0,0,0
composition,242,composition=190; compositions=52,240,2,0,0,0,0,0,0
fine,242,fine=201; fines=18; finest=14; finer=9,44,8,2,0,180,8,0,0
methane,242,methane=242,228,13,1,0,0,0,0,0
mineral,242,minerals=146; mineral=96,233,1,0,0,8,0,0,0
report,242,report=124; reported=60; reports=49; reporting=9,121,2,119,0,0,0,0,0
arrive,241,arrived=127; arrive=75; arriving=26; arrives=13,4,4,232,0,1,0,0,0
attitude,241,attitude=208; attitudes=33,240,0,1,0,0,0,0,0
artwork,240,artwork=162; artworks=78,238,2,0,0,0,0,0,0
debate,240,debate=175; debated=35; debates=20; debating=10,180,8,52,0,0,0,0,0
liquid,240,liquid=221; liquids=19,91,5,0,0,144,0,0,0
spider,240,spiders=149; spider=91,228,3,9,0,0,0,0,0
ticket,240,tickets=143; ticket=96; ticketed=1,238,1,1,0,0,0,0,0
cycle,239,cycle=148; cycles=86; cycling=4; cycled=1,230,0,9,0,0,0,0,0
incorrect,239,incorrect=239,0,1,0,0,238,0,0,0
career,238,career=187; careers=51,225,12,1,0,0,0,0,0
graduate,238,graduate=175; graduated=22; graduating=22; graduates=19,94,7,117,0,20,0,0,0
judge,238,judged=186; judge=31; judging=13; judges=8,15,0,223,0,0,0,0,0
organic,238,organic=238,0,11,0,0,227,0,0,0
advance,237,advance=105; advances=99; advanced=25; advancing=8,175,0,57,0,5,0,0,0
adaptation,236,adaptations=154; adaptation=82,234,1,1,0,0,0,0,0
black,236,black=236,3,43,0,0,189,1,0,0
contact,236,contact=219; contacts=7; contacting=6; contacted=4,160,9,67,0,0,0,0,0
draw,236,draw=92; drawn=72; drew=31; drawing=29; draws=12,4,2,230,0,0,0,0,0
everything,236,everything=236,0,0,0,0,0,0,236,0
extra,236,extra=235; extras=1,1,5,0,0,225,5,0,0
instance,236,instance=219; instances=17,236,0,0,0,0,0,0,0
law,236,laws=131; law=105,232,4,0,0,0,0,0,0
network,236,network=142; networks=85; networking=9,221,6,9,0,0,0,0,0
drop,235,drop=102; dropped=74; drops=41; dropping=18,45,0,190,0,0,0,0,0
loss,235,loss=203; losses=32,231,3,1,0,0,0,0,0
maya,235,maya=235,0,234,0,0,1,0,0,0
percent,235,percent=235,235,0,0,0,0,0,0,0
advisor,234,advisor=222; advisors=12,113,121,0,0,0,0,0,0
horse,234,horses=160; horse=74,231,2,1,0,0,0,0,0
perhaps,234,perhaps=234,0,0,0,0,0,234,0,0
protein,234,protein=138; proteins=96,234,0,0,0,0,0,0,0
psychology,234,psychology=234,230,4,0,0,0,0,0,0
care,233,care=200; caring=19; cared=11; cares=3,165,3,65,0,0,0,0,0
conduct,233,conducted=111; conduct=70; conducting=50; conducts=2,23,3,207,0,0,0,0,0
couple,233,couple=228; coupled=4; couples=1,228,1,4,0,0,0,0,0
east,233,east=233,32,182,0,0,8,11,0,0
machine,233,machines=121; machine=112,226,7,0,0,0,0,0,0
risk,233,risk=157; risks=74; risked=1; risking=1,223,0,10,0,0,0,0,0
separate,233,separate=146; separated=62; separating=19; separates=6,1,1,122,0,109,0,0,0
southern,233,southern=233,2,41,0,0,190,0,0,0
absorb,232,absorb=120; absorbed=62; absorbing=28; absorbs=22,0,1,231,0,0,0,0,0
hunting,232,hunting=232,228,4,0,0,0,0,0,0
spring,232,spring=199; springs=29; sprang=2; springing=1; sprung=1,210,17,5,0,0,0,0,0
walk,232,walk=123; walking=75; walks=19; walked=15,30,2,199,0,1,0,0,0
directly,231,directly=231,0,0,0,0,0,231,0,0
negative,231,negative=230; negatives=1,4,0,0,0,227,0,0,0
scene,231,scenes=129; scene=102,231,0,0,0,0,0,0,0
survival,231,survival=231,231,0,0,0,0,0,0,0
unique,231,unique=231,1,1,0,0,229,0,0,0
interaction,230,interactions=117; interaction=113,230,0,0,0,0,0,0,0
previously,230,previously=230,0,0,0,0,0,230,0,0
efficient,229,efficient=229,5,1,0,0,223,0,0,0
enable,229,enabled=89; enables=63; enable=46; enabling=31,1,0,228,0,0,0,0,0
familiar,229,familiar=229,0,0,0,0,229,0,0,0
statement,229,statement=117; statements=112,229,0,0,0,0,0,0,0
above,228,above=228,0,1,0,0,0,28,0,199
connect,228,connected=103; connect=74; connecting=37; connects=14,0,0,228,0,0,0,0,0
finding,228,findings=162; finding=66,221,7,0,0,0,0,0,0
miss,228,miss=90; missed=78; missing=55; misses=5,1,16,211,0,0,0,0,0
step,228,step=129; steps=89; stepped=5; stepping=5,202,11,14,0,1,0,0,0
stuff,228,stuff=221; stuffed=4; stuffing=2; stuffs=1,221,1,6,0,0,0,0,0
display,227,display=122; displayed=49; displays=39; displaying=17,93,2,132,0,0,0,0,0
molecule,227,molecules=187; molecule=40,227,0,0,0,0,0,0,0
despite,226,despite=226,0,0,0,0,0,0,0,226
particle,226,particles=210; particle=16,223,0,3,0,0,0,0,0
snake,226,snakes=131; snake=95,216,9,1,0,0,0,0,0
capture,225,capture=117; captured=70; capturing=28; captures=10,25,0,200,0,0,0,0,0
game,225,game=135; games=90,224,1,0,0,0,0,0,0
kill,225,kill=84; killed=76; killing=41; kills=24,2,0,223,0,0,0,0,0
destroy,224,destroyed=126; destroy=48; destroying=39; destroys=11,0,1,223,0,0,0,0,0
expert,224,experts=161; expert=63,214,3,0,0,7,0,0,0
flight,224,flight=198; flights=26,221,2,1,0,0,0,0,0
option,224,options=125; option=99,224,0,0,0,0,0,0,0
predict,224,predict=126; predicted=47; predicting=34; predicts=17,4,0,220,0,0,0,0,0
burn,223,burn=75; burned=52; burning=52; burns=34; burnt=10,31,0,192,0,0,0,0,0
deal,223,deal=155; dealing=36; deals=16; dealt=16,99,0,124,0,0,0,0,0
nineteenth,223,nineteenth=223,7,8,0,0,208,0,0,0
reaction,223,reaction=113; reactions=110,222,0,1,0,0,0,0,0
rich,223,rich=200; richer=14; richest=6; riches=3,3,0,0,0,220,0,0,0
search,223,search=152; searching=52; searched=15; searches=4,89,5,129,0,0,0,0,0
unlike,223,unlike=223,1,2,0,0,1,0,0,219
expand,222,expand=93; expanded=65; expanding=48; expands=16,2,1,219,0,0,0,0,0
gain,222,gain=99; gained=73; gaining=31; gains=19,38,0,184,0,0,0,0,0
goal,222,goal=124; goals=98,221,1,0,0,0,0,0,0
stand,222,standing=79; stand=66; stands=50; stood=27,18,0,204,0,0,0,0,0
lab,221,lab=205; labs=16,215,5,1,0,0,0,0,0
transportation,221,transportation=221,209,12,0,0,0,0,0,0
observation,220,observations=136; observation=84,219,1,0,0,0,0,0,0
prehistoric,220,prehistoric=220,0,2,0,0,218,0,0,0
economy,219,economy=173; economies=46,216,3,0,0,0,0,0,0
nearby,219,nearby=219,0,2,0,0,144,72,0,1
camera,218,camera=139; cameras=79,216,2,0,0,0,0,0,0
compete,218,compete=102; competing=92; competed=16; competes=8,2,1,215,0,0,0,0,0
connection,218,connection=136; connections=82,217,1,0,0,0,0,0,0
instrument,218,instruments=142; instrument=76,217,0,0,0,1,0,0,0
political,218,political=218,0,4,0,0,214,0,0,0
radio,218,radio=214; radios=4,203,15,0,0,0,0,0,0
adult,217,adult=132; adults=85,204,5,4,0,4,0,0,0
deposit,217,deposits=133; deposited=55; deposit=27; depositing=2,147,0,70,0,0,0,0,0
feather,217,feathers=189; feather=15; feathered=13,193,3,13,0,8,0,0,0
love,217,love=152; loved=44; loves=15; loving=6,24,10,183,0,0,0,0,0
web,217,web=217,215,2,0,0,0,0,0,0
architecture,216,architecture=215; architectures=1,211,3,2,0,0,0,0,0
finish,216,finished=103; finish=102; finishing=8; finishes=3,12,0,204,0,0,0,0,0
series,216,series=216,201,15,0,0,0,0,0,0
shakespeare,216,shakespeare=216,10,204,0,0,2,0,0,0
addition,215,addition=210; additions=5,214,1,0,0,0,0,0,0
bit,215,bit=191; bits=24,214,0,1,0,0,0,0,0
comprehensive,215,comprehensive=215,0,1,0,0,214,0,0,0
entire,214,entire=214,0,0,0,0,214,0,0,0
evolution,214,evolution=214,204,10,0,0,0,0,0,0
ok,214,ok=214,16,35,2,0,38,0,0,123
unusual,214,unusual=214,0,2,0,0,212,0,0,0
account,213,account=151; accounts=44; accounted=12; accounting=6,111,1,101,0,0,0,0,0
commercial,213,commercial=206; commercials=7,32,2,0,0,179,0,0,0
half,213,half=212; halves=1,128,0,0,0,12,9,0,64
assume,212,assumed=97; assume=84; assumes=18; assuming=13,1,0,211,0,0,0,0,0
feedback,212,feedback=212,204,6,2,0,0,0,0,0
promote,212,promote=105; promoted=46; promoting=43; promotes=18,3,0,209,0,0,0,0,0
rest,212,rest=187; resting=14; rested=8; rests=3,163,1,48,0,0,0,0,0
communicate,211,communicate=172; communicating=22; communicates=13; communicated=4,2,2,207,0,0,0,0,0
musical,211,musical=204; musicals=7,7,5,0,0,199,0,0,0
save,211,save=142; saving=29; saved=28; saves=12,2,3,206,0,0,0,0,0
wave,211,waves=145; wave=59; waving=5; waved=2,197,3,11,0,0,0,0,0
consequence,210,consequences=144; consequence=66,210,0,0,0,0,0,0,0
explore,210,explore=126; exploring=48; explored=24; explores=12,1,0,209,0,0,0,0,0
organize,210,organized=90; organize=71; organizing=45; organizes=4,0,0,210,0,0,0,0,0
settlement,210,settlements=120; settlement=90,210,0,0,0,0,0,0,0
china,209,china=209,0,209,0,0,0,0,0,0
doubt,209,doubt=135; doubts=66; doubted=4; doubting=4,99,1,96,0,0,13,0,0
estimate,209,estimate=79; estimated=65; estimates=53; estimating=12,78,0,131,0,0,0,0,0
extremely,209,extremely=209,0,0,0,0,0,209,0,0
helpful,209,helpful=209,0,0,0,0,209,0,0,0
newspaper,209,newspaper=181; newspapers=28,202,7,0,0,0,0,0,0
photography,209,photography=209,201,7,1,0,0,0,0,0
purchase,209,purchase=120; purchased=48; purchasing=24; purchases=17,53,5,151,0,0,0,0,0
significantly,209,significantly=209,0,0,0,0,0,209,0,0
spot,209,spot=101; spots=61; spotted=45; spotting=2,140,7,62,0,0,0,0,0
submit,209,submit=114; submitted=69; submitting=22; submits=4,0,4,205,0,0,0,0,0
vary,209,vary=93; varies=44; varied=37; varying=35,0,0,209,0,0,0,0,0
academic,208,academic=202; academics=6,7,17,0,0,184,0,0,0
everyday,208,everyday=208,43,1,0,0,160,4,0,0
leader,208,leaders=122; leader=86,208,0,0,0,0,0,0,0
property,208,property=107; properties=101,207,1,0,0,0,0,0,0
artistic,207,artistic=207,0,1,0,0,206,0,0,0
manage,207,manage=102; managed=54; managing=45; manages=6,0,0,207,0,0,0,0,0
musician,207,musicians=173; musician=34,204,0,3,0,0,0,0,0
reserve,207,reserve=108; reserves=56; reserved=39; reserving=4,108,14,85,0,0,0,0,0
deer,206,deer=206,195,9,2,0,0,0,0,0
poem,206,poems=115; poem=91,206,0,0,0,0,0,0,0
shop,206,shop=145; shopping=32; shops=26; shopped=3,145,8,53,0,0,0,0,0
meal,205,meal=131; meals=74,200,3,2,0,0,0,0,0
plastic,205,plastic=181; plastics=24,141,1,0,0,63,0,0,0
understanding,205,understanding=204; understandings=1,203,2,0,0,0,0,0,0
australia,204,australia=204,0,204,0,0,0,0,0,0
gather,204,gather=93; gathering=71; gathered=34; gathers=6,6,1,197,0,0,0,0,0
novel,204,novel=108; novels=96,176,1,0,0,27,0,0,0
pollution,204,pollution=204,196,6,0,0,2,0,0,0
crab,203,crab=111; crabs=92,186,17,0,0,0,0,0,0
exchange,203,exchange=167; exchanged=15; exchanges=14; exchanging=7,149,9,45,0,0,0,0,0
migrate,203,migrate=108; migrated=48; migrating=40; migrates=7,11,2,190,0,0,0,0,0
noise,203,noise=166; noises=37,196,6,1,0,0,0,0,0
regard,203,regarding=121; regarded=39; regard=34; regards=9,34,0,169,0,0,0,0,0
widely,203,widely=203,0,0,0,0,0,203,0,0
rapidly,202,rapidly=202,0,0,0,0,0,202,0,0
examine,201,examine=92; examined=53; examining=43; examines=13,0,3,198,0,0,0,0,0
fruit,201,fruit=154; fruits=39; fruiting=8,187,5,9,0,0,0,0,0
innovation,201,innovation=122; innovations=79,197,4,0,0,0,0,0,0
photograph,201,photographs=129; photograph=62; photographing=8; photographed=2,186,0,15,0,0,0,0,0
pick,201,pick=133; picked=40; picking=21; picks=7,5,0,196,0,0,0,0,0
resident,201,residents=129; resident=72,143,7,0,0,51,0,0,0
tour,201,tour=123; tours=63; touring=10; toured=5,179,2,20,0,0,0,0,0
address,200,address=146; addressing=25; addressed=23; addresses=6,35,1,164,0,0,0,0,0
disagree,200,disagree=164; disagrees=19; disagreed=13; disagreeing=4,0,0,200,0,0,0,0,0
therefore,200,therefore=200,0,0,0,0,0,200,0,0
thick,200,thick=165; thicker=34; thickest=1,1,6,0,0,188,5,0,0
wonder,200,wondering=80; wondered=50; wonder=49; wonders=21,19,2,179,0,0,0,0,0
consume,199,consume=87; consuming=62; consumed=39; consumes=11,4,1,194,0,0,0,0,0
content,199,content=183; contents=16,193,2,0,0,4,0,0,0
labor,199,labor=193; labored=4; laboring=2,192,1,6,0,0,0,0,0
sit,199,sit=102; sitting=60; sat=21; sits=16,0,0,199,0,0,0,0,0
tiny,199,tiny=197; tinier=1; tiniest=1,0,0,0,0,199,0,0,0
valuable,199,valuable=197; valuables=2,2,0,0,0,197,0,0,0
housing,198,housing=198,184,13,1,0,0,0,0,0
administrator,197,administrator=165; administrators=32,195,2,0,0,0,0,0,0
positive,197,positive=196; positives=1,1,4,0,0,192,0,0,0
french,196,french=196,0,32,0,0,164,0,0,0
primarily,196,primarily=196,0,0,0,0,0,196,0,0
reproduce,196,reproduce=145; reproducing=31; reproduced=16; reproduces=4,9,0,187,0,0,0,0,0
british,195,british=195,0,33,0,0,162,0,0,0
degree,195,degree=129; degrees=66,194,1,0,0,0,0,0,0
final,195,final=186; finals=9,11,1,0,0,183,0,0,0
radiation,195,radiation=194; radiations=1,195,0,0,0,0,0,0,0
visitor,195,visitors=173; visitor=22,195,0,0,0,0,0,0,0
analysis,194,analysis=174; analyses=20,192,2,0,0,0,0,0,0
bronze,194,bronze=185; bronzes=9,107,83,4,0,0,0,0,0
desert,194,desert=165; deserts=28; deserted=1,176,17,1,0,0,0,0,0
expose,194,exposed=153; exposing=25; expose=13; exposes=3,0,0,194,0,0,0,0,0
factory,194,factories=99; factory=95,191,3,0,0,0,0,0,0
phenomenon,194,phenomenon=163; phenomena=31,193,1,0,0,0,0,0,0
sale,194,sales=120; sale=74,192,2,0,0,0,0,0,0
achieve,193,achieve=100; achieved=61; achieving=28; achieves=4,0,0,193,0,0,0,0,0
classroom,193,classroom=172; classrooms=21,191,1,1,0,0,0,0,0
butterfly,192,butterflies=108; butterfly=84,188,1,3,0,0,0,0,0
correct,192,correct=170; corrected=16; correcting=6,0,1,75,0,116,0,0,0
giant,192,giant=148; giants=44,64,2,0,0,126,0,0,0
meteorite,192,meteorites=109; meteorite=83,183,0,4,0,5,0,0,0
pull,192,pull=92; pulled=63; pulling=24; pulls=13,29,0,160,0,3,0,0,0
roommate,192,roommate=137; roommates=55,190,1,0,0,1,0,0,0
stress,192,stress=150; stressed=22; stresses=16; stressing=4,136,1,52,0,3,0,0,0
attempt,191,attempt=69; attempts=55; attempted=42; attempting=25,84,0,107,0,0,0,0,0
billion,191,billion=145; billions=46,46,0,0,0,0,0,0,145
chinese,191,chinese=191,0,29,0,0,162,0,0,0
guide,191,guide=113; guides=33; guided=30; guiding=15,77,15,99,0,0,0,0,0
per,191,per=191,0,0,0,0,0,0,0,191
professional,191,professional=135; professionals=56,56,2,0,0,133,0,0,0
quantity,191,quantities=138; quantity=53,191,0,0,0,0,0,0,0
recognize,191,recognize=93; recognized=75; recognizing=17; recognizes=6,0,0,191,0,0,0,0,0
standard,191,standard=121; standards=70,122,3,0,0,66,0,0,0
confirm,190,confirm=94; confirmed=78; confirms=11; confirming=7,0,0,190,0,0,0,0,0
accurate,189,accurate=189,0,1,0,0,188,0,0,0
certainly,189,certainly=189,0,0,0,0,0,189,0,0
combine,189,combined=80; combine=51; combining=32; combines=26,3,0,186,0,0,0,0,0
escape,189,escape=112; escaping=31; escaped=26; escapes=20,31,2,156,0,0,0,0,0
interior,189,interior=174; interiors=15,129,7,0,0,53,0,0,0
map,189,map=94; maps=80; mapped=9; mapping=6,158,2,29,0,0,0,0,0
mark,189,mark=84; marks=51; marked=44; marking=10,63,41,85,0,0,0,0,0
organization,189,organization=118; organizations=71,189,0,0,0,0,0,0,0
serious,189,serious=189,0,0,0,0,189,0,0,0
zone,189,zone=117; zones=69; zoning=2; zoned=1,184,2,3,0,0,0,0,0
differ,188,differ=108; differs=37; differed=33; differing=10,7,0,181,0,0,0,0,0
poetry,188,poetry=188,182,6,0,0,0,0,0,0
basically,187,basically=187,0,0,0,0,0,187,0,0
five,187,five=187,0,1,0,0,0,0,0,186
front,187,front=187,112,1,1,0,70,3,0,0
regular,187,regular=187,2,0,0,0,185,0,0,0
track,187,track=124; tracks=28; tracking=23; tracked=12,105,0,82,0,0,0,0,0
weight,187,weight=159; weights=26; weighted=2,182,1,4,0,0,0,0,0
difficulty,186,difficulty=136; difficulties=50,184,2,0,0,0,0,0,0
emerge,186,emerged=99; emerge=41; emerging=27; emerges=19,2,0,184,0,0,0,0,0
living,186,living=186,183,0,0,0,3,0,0,0
visual,186,visual=178; visuals=8,10,0,0,0,176,0,0,0
document,185,documents=72; document=54; documented=44; documenting=15,106,0,79,0,0,0,0,0
infant,185,infants=116; infant=69,182,1,2,0,0,0,0,0
plate,185,plate=102; plates=83,183,2,0,0,0,0,0,0
powerful,185,powerful=185,0,0,0,0,185,0,0,0
section,185,section=125; sections=60,175,10,0,0,0,0,0,0
coast,184,coast=175; coasts=9,144,40,0,0,0,0,0,0
financial,184,financial=184,0,1,0,0,183,0,0,0
principle,184,principles=109; principle=75,184,0,0,0,0,0,0,0
route,184,routes=106; route=78,172,12,0,0,0,0,0,0
solve,184,solve=119; solved=34; solving=29; solves=2,1,1,182,0,0,0,0,0
advanced,183,advanced=183,0,2,0,0,181,0,0,0
asia,183,asia=183,0,183,0,0,0,0,0,0
scholar,183,scholars=161; scholar=22,182,1,0,0,0,0,0,0
construct,182,constructed=107; construct=36; constructing=36; constructs=3,2,0,180,0,0,0,0,0
dance,182,dance=130; dances=43; dancing=6; danced=3,157,8,17,0,0,0,0,0
possibility,182,possibility=139; possibilities=43,182,0,0,0,0,0,0,0
previous,182,previous=182,0,0,0,0,182,0,0,0
rural,182,rural=182,0,2,0,0,180,0,0,0
overall,181,overall=181,0,3,0,0,124,54,0,0
statue,181,statues=106; statue=75,180,0,1,0,0,0,0,0
credit,180,credit=151; credits=20; credited=9,162,2,14,0,2,0,0,0
frog,180,frogs=116; frog=64,179,0,1,0,0,0,0,0
host,180,host=116; hosts=31; hosting=21; hosted=12,121,4,55,0,0,0,0,0
settle,180,settled=110; settle=50; settling=15; settles=5,1,0,179,0,0,0,0,0
conclusion,179,conclusions=92; conclusion=87,177,2,0,0,0,0,0,0
species,179,species=179,133,46,0,0,0,0,0,0
warming,179,warming=179,178,1,0,0,0,0,0,0
west,179,west=179,49,110,0,0,9,11,0,0
active,178,active=178,0,2,0,0,176,0,0,0
balance,178,balance=146; balancing=16; balanced=13; balances=3,122,0,56,0,0,0,0,0
charge,178,charge=87; charged=59; charges=18; charging=14,73,0,105,0,0,0,0,0
depict,178,depicted=87; depict=52; depicting=21; depicts=18,2,0,175,0,1,0,0,0
speech,178,speech=151; speeches=27,174,4,0,0,0,0,0,0
bottom,177,bottom=165; bottoms=11; bottomed=1,158,0,1,0,18,0,0,0
fully,177,fully=177,0,0,0,0,0,177,0,0
harmful,177,harmful=177,0,1,0,0,176,0,0,0
memory,177,memory=145; memories=32,175,2,0,0,0,0,0,0
opera,177,opera=138; operas=39,164,12,1,0,0,0,0,0
pollen,177,pollen=177,167,10,0,0,0,0,0,0
clay,176,clay=171; clays=5,176,0,0,0,0,0,0,0
healthy,176,healthy=134; healthier=40; healthiest=2,0,1,0,0,175,0,0,0
multiple,176,multiple=176,1,3,0,0,172,0,0,0
nice,176,nice=174; nicer=1; nicest=1,0,6,0,0,165,0,0,5
phone,176,phone=120; phones=56,174,0,2,0,0,0,0,0
station,176,station=98; stations=75; stationed=3,166,7,3,0,0,0,0,0
substance,176,substances=101; substance=75,176,0,0,0,0,0,0,0
wear,176,wear=66; wearing=51; worn=34; wore=19; wears=6,20,0,156,0,0,0,0,0
dorm,175,dorm=140; dorms=35,168,2,5,0,0,0,0,0
engage,175,engage=85; engaged=42; engaging=40; engages=8,1,0,174,0,0,0,0,0
inspire,175,inspired=137; inspire=26; inspiring=7; inspires=5,1,0,174,0,0,0,0,0
medical,175,medical=175,0,1,0,0,174,0,0,0
clean,174,clean=101; cleaning=36; cleaner=24; cleaned=11; cleans=2,1,9,96,0,68,0,0,0
clearly,174,clearly=174,0,0,0,0,0,174,0,0
hi,174,hi=174,1,47,0,0,0,0,0,126
protection,174,protection=169; protections=5,168,6,0,0,0,0,0,0
revolution,174,revolution=168; revolutions=6,82,91,0,0,1,0,0,0
unfortunately,174,unfortunately=174,0,0,0,0,0,174,0,0
briefly,173,briefly=173,1,3,0,0,0,169,0,0
originally,173,originally=173,0,0,0,0,0,173,0,0
rapid,173,rapid=156; rapids=17,22,2,0,0,149,0,0,0
typical,173,typical=173,0,0,0,0,173,0,0,0
canal,172,canal=109; canals=63,146,26,0,0,0,0,0,0
collection,172,collection=143; collections=29,169,3,0,0,0,0,0,0
frequently,172,frequently=172,0,2,0,0,0,170,0,0
habit,172,habits=129; habit=43,171,1,0,0,0,0,0,0
historian,172,historians=139; historian=33,170,2,0,0,0,0,0,0
link,172,linked=70; link=64; links=23; linking=15,73,0,99,0,0,0,0,0
traffic,172,traffic=172,169,3,0,0,0,0,0,0
currently,171,currently=171,0,0,0,0,0,171,0,0
device,171,devices=89; device=82,170,1,0,0,0,0,0,0
international,171,international=171,0,20,0,0,151,0,0,0
monkey,171,monkeys=122; monkey=49,170,1,0,0,0,0,0,0
mother,171,mother=124; mothers=47,158,8,0,0,5,0,0,0
vegetation,171,vegetation=171,170,1,0,0,0,0,0,0
website,171,website=152; websites=19,171,0,0,0,0,0,0,0
lay,170,laid=63; lay=57; laying=30; lays=20,6,2,157,0,5,0,0,0
manufacturing,170,manufacturing=170,165,5,0,0,0,0,0,0
parking,170,parking=170,161,9,0,0,0,0,0,0
session,170,session=112; sessions=58,169,1,0,0,0,0,0,0
background,169,background=136; backgrounds=33,167,2,0,0,0,0,0,0
meter,169,meters=133; meter=34; metered=2,167,0,2,0,0,0,0,0
responsible,169,responsible=169,0,0,0,0,169,0,0,0
bright,168,bright=136; brighter=29; brightest=3,0,0,0,0,168,0,0,0
garden,168,garden=112; gardens=52; gardening=4,159,5,4,0,0,0,0,0
genetic,168,genetic=142; genetics=26,26,0,0,0,142,0,0,0
internship,168,internship=131; internships=37,159,6,3,0,0,0,0,0
lie,168,lay=56; lying=45; lies=39; lie=28,8,0,160,0,0,0,0,0
mound,168,mounds=93; mound=75,142,22,4,0,0,0,0,0
push,168,push=75; pushed=44; pushing=33; pushes=16,17,1,150,0,0,0,0,0
tall,168,tall=131; taller=30; tallest=7,0,4,1,0,163,0,0,0
workshop,168,workshop=136; workshops=32,163,5,0,0,0,0,0,0
collision,167,collision=98; collisions=69,165,2,0,0,0,0,0,0
corn,167,corn=167,156,10,1,0,0,0,0,0
interact,167,interact=105; interacting=30; interacts=18; interacted=14,4,0,163,0,0,0,0,0
street,167,street=120; streets=47,110,57,0,0,0,0,0,0
thin,167,thin=131; thinner=26; thinned=5; thinnest=3; thinning=2,0,0,11,0,156,0,0,0
volcanic,167,volcanic=167,2,5,1,0,159,0,0,0
beneficial,166,beneficial=166,2,3,0,0,161,0,0,0
hole,166,holes=118; hole=48,166,0,0,0,0,0,0,0
magma,166,magma=164; magmas=2,160,6,0,0,0,0,0,0
mediterranean,166,mediterranean=166,0,166,0,0,0,0,0,0
portrait,166,portraits=88; portrait=78,153,10,2,0,1,0,0,0
prove,166,prove=63; proved=51; proven=32; proves=13; proving=7,0,0,166,0,0,0,0,0
suppose,166,supposed=120; suppose=45; supposes=1,0,0,166,0,0,0,0,0
tradition,166,tradition=84; traditions=82,164,1,1,0,0,0,0,0
algae,165,algae=165,148,15,2,0,0,0,0,0
average,165,average=164; averaging=1,20,0,3,0,142,0,0,0
larvae,165,larvae=165,46,88,3,0,28,0,0,0
reef,165,reefs=102; reef=63,155,4,6,0,0,0,0,0
weekend,165,weekend=136; weekends=29,163,2,0,0,0,0,0,0
renaissance,164,renaissance=162; renaissances=2,27,137,0,0,0,0,0,0
boat,163,boats=102; boat=58; boating=3,159,1,3,0,0,0,0,0
engineering,163,engineering=163,152,11,0,0,0,0,0,0
jupiter,163,jupiter=163,2,161,0,0,0,0,0,0
non,163,non=163,14,11,0,0,138,0,0,0
version,163,version=124; versions=39,162,1,0,0,0,0,0,0
blood,162,blood=161; blooded=1,160,1,1,0,0,0,0,0
religious,162,religious=162,0,0,0,0,162,0,0,0
restaurant,162,restaurant=124; restaurants=38,160,2,0,0,0,0,0,0
survey,162,survey=102; surveys=52; surveyed=4; surveying=4,138,2,22,0,0,0,0,0
upper,162,upper=162,0,32,0,0,130,0,0,0
adopt,161,adopted=85; adopt=52; adopting=19; adopts=5,2,0,159,0,0,0,0,0
assumption,161,assumption=102; assumptions=59,161,0,0,0,0,0,0,0
beetle,161,beetle=87; beetles=74,149,11,1,0,0,0,0,0
concrete,161,concrete=161,99,5,0,0,57,0,0,0
snow,161,snow=161,158,2,1,0,0,0,0,0
technological,161,technological=161,0,2,0,0,159,0,0,0
astronomy,160,astronomy=160,156,4,0,0,0,0,0,0
concentration,160,concentration=82; concentrations=78,160,0,0,0,0,0,0,0
creative,160,creative=160,0,2,0,0,158,0,0,0
dining,160,dining=160,150,10,0,0,0,0,0,0
fox,160,fox=100; foxes=60,107,53,0,0,0,0,0,0
hydrogen,160,hydrogen=160,158,2,0,0,0,0,0,0
manufacture,160,manufacture=77; manufactured=51; manufacturing=27; manufactures=5,44,0,116,0,0,0,0,0
actual,159,actual=159,0,0,0,0,159,0,0,0
biological,159,biological=159,0,4,0,0,155,0,0,0
domesticate,159,domesticated=120; domesticate=25; domesticating=10; domesticates=4,4,0,154,0,1,0,0,0
grade,159,grade=76; grades=54; grading=19; graded=10,123,1,35,0,0,0,0,0
merchant,159,merchants=136; merchant=23,159,0,0,0,0,0,0,0
rome,159,rome=159,0,158,1,0,0,0,0,0
storm,159,storms=91; storm=68,157,1,1,0,0,0,0,0
trap,159,trapped=66; trap=42; traps=29; trapping=22,43,1,115,0,0,0,0,0
astronomer,158,astronomers=141; astronomer=17,157,0,1,0,0,0,0,0
atmospheric,158,atmospheric=158,0,5,0,0,153,0,0,0
conflict,158,conflict=86; conflicts=56; conflicting=12; conflicted=4,134,0,24,0,0,0,0,0
dense,158,dense=141; denser=13; densest=4,1,0,0,0,157,0,0,0
dormitory,158,dormitory=126; dormitories=32,151,7,0,0,0,0,0,0
skin,158,skin=113; skins=44; skinned=1,156,0,2,0,0,0,0,0
village,158,villages=95; village=63,155,3,0,0,0,0,0,0
beginning,157,beginning=146; beginnings=11,156,1,0,0,0,0,0,0
defense,157,defense=95; defenses=62,151,4,2,0,0,0,0,0
match,157,match=101; matched=27; matches=25; matching=4,39,1,117,0,0,0,0,0
repair,157,repair=79; repairs=38; repaired=24; repairing=16,81,1,75,0,0,0,0,0
safe,157,safe=109; safer=45; safes=2; safest=1,2,1,0,0,154,0,0,0
busy,156,busy=149; busier=4; busiest=3,0,1,0,0,155,0,0,0
diversity,156,diversity=156,151,5,0,0,0,0,0,0
management,156,management=156,152,4,0,0,0,0,0,0
poor,156,poor=133; poorer=20; poorest=3,0,1,0,0,155,0,0,0
tropical,156,tropical=156,0,2,0,0,154,0,0,0
writer,156,writers=89; writer=67,156,0,0,0,0,0,0,0
assign,155,assigned=110; assign=25; assigning=18; assigns=2,1,0,154,0,0,0,0,0
disappear,155,disappeared=85; disappear=40; disappearing=16; disappears=14,1,0,154,0,0,0,0,0
dolphin,155,dolphins=125; dolphin=30,147,0,1,0,4,3,0,0
mix,155,mix=58; mixed=56; mixing=30; mixes=11,33,0,122,0,0,0,0,0
participant,155,participants=143; participant=12,152,0,0,0,3,0,0,0
slowly,155,slowly=155,0,0,0,0,0,155,0,0
anyone,154,anyone=154,0,2,0,0,0,0,152,0
archaeology,154,archaeology=154,146,8,0,0,0,0,0,0
consist,154,consists=62; consisted=42; consist=27; consisting=23,4,0,150,0,0,0,0,0
density,154,density=119; densities=35,152,2,0,0,0,0,0,0
hire,154,hired=57; hire=54; hiring=36; hires=7,3,2,149,0,0,0,0,0
perfect,154,perfect=143; perfected=7; perfecting=4,0,4,19,0,131,0,0,0
publish,154,published=130; publish=16; publishing=6; publishes=2,0,1,153,0,0,0,0,0
wolf,154,wolves=101; wolf=53,145,9,0,0,0,0,0,0
conference,153,conference=140; conferences=13,141,12,0,0,0,0,0,0
daily,153,daily=153,0,1,0,0,130,22,0,0
import,153,imported=89; import=29; imports=22; importing=13,31,0,122,0,0,0,0,0
learning,153,learning=153,145,7,0,0,1,0,0,0
primary,153,primary=153,0,1,0,0,152,0,0,0
solid,153,solid=148; solids=5,5,0,0,0,148,0,0,0
cloth,152,cloth=146; cloths=6,141,11,0,0,0,0,0,0
crust,152,crust=150; crusts=2,151,1,0,0,0,0,0,0
kilometer,152,kilometers=136; kilometer=16,152,0,0,0,0,0,0,0
nothing,152,nothing=152,0,0,0,0,0,0,152,0
private,152,private=152,0,0,0,0,152,0,0,0
recommend,152,recommend=87; recommended=53; recommends=9; recommending=3,0,0,150,0,2,0,0,0
sheet,152,sheets=93; sheet=59,149,3,0,0,0,0,0,0
trend,152,trend=78; trends=72; trending=2,149,0,3,0,0,0,0,0
distinguish,151,distinguish=93; distinguished=28; distinguishing=17; distinguishes=13,1,0,149,0,1,0,0,0
exercise,151,exercise=126; exercising=12; exercises=10; exercised=3,108,4,37,0,2,0,0,0
internal,151,internal=151,0,0,0,0,151,0,0,0
pool,151,pools=78; pool=70; pooled=3,143,2,6,0,0,0,0,0
practical,151,practical=151,0,5,0,0,146,0,0,0
six,151,six=151,0,0,0,0,0,0,0,151
temporary,151,temporary=151,0,2,0,0,149,0,0,0
turbine,151,turbines=129; turbine=22,151,0,0,0,0,0,0,0
unable,151,unable=151,0,0,0,0,151,0,0,0
whale,151,whales=104; whale=44; whaling=3,132,1,3,0,15,0,0,0
harm,150,harm=92; harmed=30; harming=18; harms=10,51,0,99,0,0,0,0,0
rare,150,rare=147; rarer=2; rarest=1,3,1,0,0,146,0,0,0
surprised,150,surprised=150,0,2,0,0,148,0,0,0
actor,149,actors=105; actor=44,149,0,0,0,0,0,0,0
drought,149,drought=105; droughts=44,142,7,0,0,0,0,0,0
nearly,149,nearly=149,0,0,0,0,0,149,0,0
critical,148,critical=148,0,0,0,0,148,0,0,0
dust,148,dust=148,144,4,0,0,0,0,0,0
whose,148,whose=148,0,0,0,0,0,0,0,148
widespread,148,widespread=148,1,2,0,0,145,0,0,0
alone,147,alone=147,0,0,0,0,26,121,0,0
b,147,b=147,57,90,0,0,0,0,0,0
clovis,147,clovis=147,57,80,0,0,10,0,0,0
depth,147,depth=95; depths=52,147,0,0,0,0,0,0,0
eastern,147,eastern=147,0,19,0,0,128,0,0,0
effectively,147,effectively=147,0,0,0,0,0,147,0,0
maintenance,147,maintenance=147,142,5,0,0,0,0,0,0
mammoth,147,mammoth=79; mammoths=68,97,8,0,0,42,0,0,0
muscle,147,muscles=80; muscle=67,144,2,1,0,0,0,0,0
naturally,147,naturally=147,0,0,0,0,0,147,0,0
photo,147,photos=74; photo=73,141,6,0,0,0,0,0,0
ten,147,ten=128; tens=19,19,3,0,0,0,0,0,125
underground,147,underground=147,2,1,0,0,82,62,0,0
baby,146,baby=75; babies=71,145,1,0,0,0,0,0,0
band,146,band=99; bands=45; banded=2,131,10,5,0,0,0,0,0
conservation,146,conservation=146,144,2,0,0,0,0,0,0
egypt,146,egypt=146,0,146,0,0,0,0,0,0
melt,146,melt=65; melted=37; melting=27; melts=17,20,0,122,0,4,0,0,0
beyond,145,beyond=145,0,0,0,0,0,2,0,143
concert,145,concert=110; concerts=35,143,1,1,0,0,0,0,0
contemporary,145,contemporary=125; contemporaries=20,23,7,0,0,115,0,0,0
crucial,145,crucial=145,2,0,0,0,143,0,0,0
distribution,145,distribution=140; distributions=5,145,0,0,0,0,0,0,0
length,145,length=131; lengths=14,143,2,0,0,0,0,0,0
news,145,news=145,140,5,0,0,0,0,0,0
rainfall,145,rainfall=144; rainfalls=1,136,5,4,0,0,0,0,0
stick,145,stick=71; stuck=39; sticks=19; sticking=16,32,0,113,0,0,0,0,0
wheat,145,wheat=145,142,3,0,0,0,0,0,0
float,144,floating=88; float=42; floats=9; floated=5,11,0,133,0,0,0,0,0
irrigation,144,irrigation=144,141,2,1,0,0,0,0,0
ritual,144,ritual=72; rituals=72,84,1,0,0,59,0,0,0
thought,144,thought=78; thoughts=66,143,1,0,0,0,0,0,0
classical,143,classical=143,0,8,0,0,135,0,0,0
collapse,143,collapse=98; collapsed=25; collapses=11; collapsing=9,86,4,53,0,0,0,0,0
enhance,143,enhance=82; enhancing=22; enhances=21; enhanced=18,0,0,143,0,0,0,0,0
extinct,143,extinct=143,0,0,0,0,143,0,0,0
vapor,143,vapor=143,141,2,0,0,0,0,0,0
wet,143,wet=139; wetted=2; wettest=1; wetting=1,3,4,4,0,132,0,0,0
advertising,142,advertising=142,139,3,0,0,0,0,0,0
closely,142,closely=142,0,0,0,0,0,142,0,0
critic,142,critics=130; critic=12,141,1,0,0,0,0,0,0
doctor,142,doctor=89; doctors=53,99,43,0,0,0,0,0,0
drink,142,drink=64; drinks=42; drinking=27; drank=9,72,0,70,0,0,0,0,0
egyptian,142,egyptian=142,0,4,0,0,138,0,0,0
seek,142,seek=52; sought=45; seeking=36; seeks=9,0,0,142,0,0,0,0,0
storage,142,storage=142,137,3,2,0,0,0,0,0
suitable,142,suitable=142,0,0,0,0,142,0,0,0
generation,141,generations=81; generation=60,139,2,0,0,0,0,0,0
hope,141,hope=129; hopes=12,29,4,108,0,0,0,0,0
massive,141,massive=141,0,1,0,0,140,0,0,0
sediment,141,sediments=77; sediment=64,127,2,0,0,12,0,0,0
surprising,141,surprising=141,0,4,0,0,137,0,0,0
belief,140,belief=70; beliefs=70,140,0,0,0,0,0,0,0
extreme,140,extreme=133; extremes=7,16,1,0,0,123,0,0,0
fail,140,failed=63; fail=40; fails=23; failing=14,2,0,138,0,0,0,0,0
remind,140,remind=113; reminds=17; reminded=8; reminding=2,0,0,140,0,0,0,0,0
soft,140,soft=129; softer=11,0,3,0,0,137,0,0,0
underwater,140,underwater=140,23,3,0,0,112,2,0,0
volcano,140,volcanoes=95; volcano=43; volcanos=2,139,1,0,0,0,0,0,0
advice,139,advice=139,139,0,0,0,0,0,0,0
box,139,box=78; boxes=61,133,6,0,0,0,0,0,0
broad,139,broad=93; broader=46,0,6,0,0,121,12,0,0
decade,139,decades=116; decade=23,139,0,0,0,0,0,0,0
gatherer,139,gatherers=79; gatherer=60,138,0,1,0,0,0,0,0
gold,139,gold=137; golds=2,117,7,0,0,15,0,0,0
paul,139,paul=139,0,139,0,0,0,0,0,0
visible,139,visible=139,0,0,0,0,139,0,0,0
aquatic,138,aquatic=137; aquatics=1,1,1,0,0,136,0,0,0
attach,138,attached=87; attach=41; attaching=7; attaches=3,0,0,138,0,0,0,0,0
era,138,era=127; eras=11,131,7,0,0,0,0,0,0
extend,138,extend=53; extended=46; extends=20; extending=19,1,0,137,0,0,0,0,0
fair,138,fair=129; fairs=8; fairer=1,19,6,0,0,113,0,0,0
indeed,138,indeed=138,0,0,0,0,0,138,0,0
setting,138,setting=69; settings=69,137,0,1,0,0,0,0,0
surprise,138,surprise=81; surprised=41; surprises=16,69,7,62,0,0,0,0,0
alternative,137,alternative=115; alternatives=22,66,1,1,0,69,0,0,0
cross,137,cross=82; crossed=25; crossing=25; crosses=5,31,1,82,0,23,0,0,0
textbook,137,textbook=98; textbooks=39,137,0,0,0,0,0,0,0
window,137,windows=82; window=55,136,1,0,0,0,0,0,0
apart,136,apart=136,0,0,0,0,0,126,0,10
claire,136,claire=136,0,136,0,0,0,0,0,0
coffee,136,coffee=136,133,3,0,0,0,0,0,0
faculty,136,faculty=136,125,11,0,0,0,0,0,0
fund,136,fund=51; funds=49; funded=24; funding=12,74,8,54,0,0,0,0,0
hop,136,hoping=74; hopes=36; hoped=12; hop=8; hopping=4; hops=2,6,0,130,0,0,0,0,0
threat,136,threat=91; threats=45,136,0,0,0,0,0,0,0
volume,136,volume=116; volumes=20,135,0,1,0,0,0,0,0
acquire,135,acquire=57; acquired=56; acquiring=21; acquires=1,0,1,134,0,0,0,0,0
african,135,african=135,0,10,0,0,125,0,0,0
cheap,135,cheaper=80; cheap=50; cheapest=5,0,0,0,0,133,2,0,0
college,135,college=122; colleges=13,100,35,0,0,0,0,0,0
official,135,official=74; officials=61,74,0,0,0,61,0,0,0
page,135,pages=69; page=66,134,1,0,0,0,0,0,0
zebra,135,zebras=84; zebra=51,134,1,0,0,0,0,0,0
artificial,134,artificial=134,1,7,0,0,126,0,0,0
decoration,134,decorations=89; decoration=45,134,0,0,0,0,0,0,0
gradually,134,gradually=134,0,0,0,0,0,134,0,0
largely,134,largely=134,0,0,0,0,0,134,0,0
marketing,134,marketing=134,130,4,0,0,0,0,0,0
national,134,national=134,0,37,0,0,97,0,0,0
outer,134,outer=134,2,0,0,0,132,0,0,0
realistic,134,realistic=134,0,0,0,0,134,0,0,0
register,134,register=90; registered=25; registering=12; registers=7,11,5,118,0,0,0,0,0
sky,134,sky=125; skies=9,131,3,0,0,0,0,0,0
staff,134,staff=128; staffed=5; staffs=1,124,2,8,0,0,0,0,0
territory,134,territory=104; territories=30,130,4,0,0,0,0,0,0
yesterday,134,yesterday=132; yesterdays=2,132,1,1,0,0,0,0,0
bison,133,bison=133,125,8,0,0,0,0,0,0
brown,133,brown=127; browns=6,10,21,0,0,102,0,0,0
bury,133,buried=112; bury=11; burying=8; buries=2,1,0,132,0,0,0,0,0
composer,133,composers=67; composer=66,131,1,0,0,1,0,0,0
creativity,133,creativity=133,131,2,0,0,0,0,0,0
dig,133,dig=51; digging=45; dug=27; digs=10,14,2,117,0,0,0,0,0
eighteenth,133,eighteenth=133,2,9,0,0,122,0,0,0
entirely,133,entirely=133,0,0,0,0,0,133,0,0
increasingly,133,increasingly=133,0,0,0,0,0,133,0,0
invention,133,invention=88; inventions=45,133,0,0,0,0,0,0,0
owner,133,owners=77; owner=56,133,0,0,0,0,0,0,0
plus,133,plus=133,6,0,0,0,2,0,0,125
wrong,133,wrong=133,11,0,0,0,122,0,0,0
favor,132,favor=65; favored=44; favors=12; favoring=11,44,0,88,0,0,0,0,0
gravity,132,gravity=132,132,0,0,0,0,0,0,0
mechanism,132,mechanism=67; mechanisms=65,131,1,0,0,0,0,0,0
sand,132,sand=111; sands=20; sanded=1,128,2,2,0,0,0,0,0
sport,132,sports=112; sport=20,132,0,0,0,0,0,0,0
strength,132,strength=104; strengths=28,131,1,0,0,0,0,0,0
thrive,132,thrive=83; thrived=24; thriving=17; thrives=8,0,0,131,0,1,0,0,0
exam,131,exam=79; exams=52,130,1,0,0,0,0,0,0
facility,131,facilities=82; facility=49,131,0,0,0,0,0,0,0
perspective,131,perspective=98; perspectives=33,127,3,0,0,1,0,0,0
squid,131,squid=89; squids=42,122,1,0,0,8,0,0,0
valley,131,valley=100; valleys=31,67,60,4,0,0,0,0,0
branch,130,branches=87; branch=37; branching=5; branched=1,121,0,9,0,0,0,0,0
erosion,130,erosion=130,122,8,0,0,0,0,0,0
flood,130,floods=56; flood=47; flooded=17; flooding=10,94,2,34,0,0,0,0,0
foot,130,feet=90; foot=40,130,0,0,0,0,0,0,0
japanese,130,japanese=130,0,10,0,0,120,0,0,0
status,130,status=129; statuses=1,129,1,0,0,0,0,0,0
total,130,total=125; totals=5,29,0,1,0,100,0,0,0
transition,130,transition=99; transitions=21; transitioned=5; transitioning=5,117,0,13,0,0,0,0,0
conclude,129,concluded=70; conclude=54; concludes=3; concluding=2,3,0,126,0,0,0,0,0
digital,129,digital=129,1,8,0,0,120,0,0,0
hide,129,hide=60; hidden=44; hiding=14; hides=9; hid=2,3,0,126,0,0,0,0,0
invent,129,invented=105; invent=17; inventing=7,0,1,128,0,0,0,0,0
originate,129,originated=94; originate=21; originates=7; originating=7,3,0,126,0,0,0,0,0
patient,129,patients=72; patient=57,95,1,0,0,33,0,0,0
productivity,129,productivity=129,129,0,0,0,0,0,0,0
profit,129,profit=64; profits=58; profited=5; profiting=2,109,0,18,0,2,0,0,0
romans,129,romans=129,0,129,0,0,0,0,0,0
stable,129,stable=127; stables=2,3,0,0,0,126,0,0,0
variation,129,variations=69; variation=60,129,0,0,0,0,0,0,0
bookstore,128,bookstore=125; bookstores=3,115,13,0,0,0,0,0,0
dangerous,128,dangerous=128,0,0,0,0,128,0,0,0
electricity,128,electricity=128,126,2,0,0,0,0,0,0
forage,128,foraging=93; forage=29; foraged=4; forages=2,8,0,120,0,0,0,0,0
necessarily,128,necessarily=128,0,0,0,0,0,128,0,0
nitrogen,128,nitrogen=128,114,14,0,0,0,0,0,0
similarity,128,similarities=70; similarity=58,127,1,0,0,0,0,0,0
tooth,128,teeth=111; tooth=17,128,0,0,0,0,0,0,0
turtle,128,turtles=88; turtle=40,127,1,0,0,0,0,0,0
abandon,127,abandoned=92; abandon=21; abandoning=13; abandons=1,0,0,127,0,0,0,0,0
asteroid,127,asteroids=68; asteroid=59,126,0,0,0,1,0,0,0
fix,127,fixed=80; fix=32; fixing=13; fixes=2,4,0,123,0,0,0,0,0
france,127,france=127,0,127,0,0,0,0,0,0
onto,127,onto=127,0,0,0,0,0,0,0,127
unlikely,127,unlikely=127,0,0,0,0,127,0,0,0
comet,126,comets=66; comet=60,124,0,1,0,1,0,0,0
greatly,126,greatly=126,0,0,0,0,0,126,0,0
greenhouse,126,greenhouse=120; greenhouses=6,123,3,0,0,0,0,0,0
harvest,126,harvest=59; harvested=39; harvests=16; harvesting=12,47,1,78,0,0,0,0,0
mate,126,mate=63; mates=63,90,0,36,0,0,0,0,0
cognitive,125,cognitive=125,0,2,0,0,123,0,0,0
compound,125,compounds=96; compound=25; compounding=3; compounded=1,119,1,5,0,0,0,0,0
craft,125,craft=69; crafts=42; crafted=10; crafting=4,108,1,16,0,0,0,0,0
dna,125,dna=125,73,52,0,0,0,0,0,0
emotion,125,emotions=97; emotion=28,124,1,0,0,0,0,0,0
gallery,125,gallery=85; galleries=40,115,10,0,0,0,0,0,0
initially,125,initially=125,0,1,0,0,0,124,0,0
investigate,125,investigate=46; investigating=37; investigated=36; investigates=6,2,1,122,0,0,0,0,0
mid,125,mid=125,6,4,0,0,115,0,0,0
pine,125,pine=92; pines=33,90,21,2,0,12,0,0,0
progress,125,progress=106; progressed=12; progresses=4; progressing=3,97,6,22,0,0,0,0,0
roof,125,roof=65; roofs=59; roofed=1,120,3,2,0,0,0,0,0
trace,125,trace=60; traces=39; traced=20; tracing=6,66,0,59,0,0,0,0,0
aware,124,aware=124,0,3,0,0,121,0,0,0
carefully,124,carefully=124,0,0,0,0,0,124,0,0
cast,124,cast=111; casts=7; casting=6,22,1,92,0,9,0,0,0
concerned,124,concerned=124,0,4,0,0,120,0,0,0
eliminate,124,eliminate=50; eliminated=43; eliminating=25; eliminates=6,0,0,124,0,0,0,0,0
forward,124,forward=121; forwarded=2; forwarding=1,0,0,4,0,5,113,0,2
gene,124,genes=67; gene=57,122,2,0,0,0,0,0,0
happy,124,happy=111; happier=13,0,2,0,0,122,0,0,0
impossible,124,impossible=124,0,0,0,0,124,0,0,0
operate,124,operate=70; operated=26; operating=18; operates=10,0,0,124,0,0,0,0,0
swim,124,swim=87; swimming=32; swims=5,12,1,109,0,2,0,0,0
viewer,124,viewers=71; viewer=53,123,0,0,0,1,0,0,0
atlantic,123,atlantic=123,0,103,0,0,20,0,0,0
cotton,123,cotton=119; cottons=4,114,9,0,0,0,0,0,0
deadline,123,deadline=103; deadlines=20,123,0,0,0,0,0,0,0
hair,123,hair=75; hairs=48,121,2,0,0,0,0,0,0
leonardo,123,leonardo=123,0,123,0,0,0,0,0,0
path,123,path=64; paths=59,123,0,0,0,0,0,0,0
silver,123,silver=123,79,5,0,0,39,0,0,0
table,123,table=87; tables=36,123,0,0,0,0,0,0,0
tourist,123,tourists=87; tourist=36,123,0,0,0,0,0,0,0
transfer,123,transfer=51; transferred=50; transferring=14; transfers=8,34,4,85,0,0,0,0,0
bicycle,122,bicycle=84; bicycles=36; bicycling=2,116,4,2,0,0,0,0,0
pond,122,ponds=71; pond=51,120,0,2,0,0,0,0,0
twentieth,122,twentieth=122,1,0,0,0,121,0,0,0
divide,121,divided=67; divide=28; dividing=23; divides=3,5,1,115,0,0,0,0,0
fishing,121,fishing=121,119,2,0,0,0,0,0,0
gym,121,gym=119; gyms=2,114,6,1,0,0,0,0,0
improvement,121,improvements=71; improvement=50,120,1,0,0,0,0,0,0
mercury,121,mercury=121,39,82,0,0,0,0,0,0
poet,121,poets=70; poet=51,107,12,2,0,0,0,0,0
steam,121,steam=121,117,3,1,0,0,0,0,0
studio,121,studio=97; studios=24,119,2,0,0,0,0,0,0
americans,120,americans=120,0,120,0,0,0,0,0,0
beach,120,beach=88; beaches=32,114,5,1,0,0,0,0,0
chimpanzee,120,chimpanzees=101; chimpanzee=19,118,2,0,0,0,0,0,0
define,120,defined=50; define=44; defining=19; defines=7,1,1,118,0,0,0,0,0
efficiency,120,efficiency=116; efficiencies=4,119,1,0,0,0,0,0,0
europeans,120,europeans=120,0,120,0,0,0,0,0,0
mistake,120,mistakes=55; mistake=53; mistaken=9; mistaking=2; mistook=1,103,0,17,0,0,0,0,0
ready,120,ready=120,0,0,0,0,116,4,0,0
rocky,120,rocky=119; rockier=1,0,10,0,0,110,0,0,0
war,120,war=98; wars=19; warring=2; warred=1,70,46,3,0,1,0,0,0
court,119,court=88; courts=29; courting=2,97,20,2,0,0,0,0,0
eruption,119,eruptions=60; eruption=59,118,1,0,0,0,0,0,0
immediately,119,immediately=119,0,0,0,0,0,119,0,0
normally,119,normally=119,0,0,0,0,0,119,0,0
pacific,119,pacific=119,0,117,0,0,2,0,0,0
polar,119,polar=119,1,3,0,0,115,0,0,0
proportion,119,proportion=81; proportions=38,119,0,0,0,0,0,0,0
relative,119,relative=89; relatives=30,49,0,0,0,70,0,0,0
apartment,118,apartment=95; apartments=23,118,0,0,0,0,0,0,0
appearance,118,appearance=114; appearances=4,117,1,0,0,0,0,0,0
cat,118,cats=95; cat=23,116,1,1,0,0,0,0,0
caterpillar,118,caterpillar=65; caterpillars=53,98,8,0,0,12,0,0,0
coastal,118,coastal=118,1,9,0,0,108,0,0,0
dead,118,dead=118,2,5,0,0,111,0,0,0
domestication,118,domestication=118,110,8,0,0,0,0,0,0
philosophy,118,philosophy=109; philosophies=7; philosophys=2,107,11,0,0,0,0,0,0
satellite,118,satellites=65; satellite=53,116,1,1,0,0,0,0,0
successfully,118,successfully=118,0,0,0,0,0,118,0,0
tail,118,tailed=48; tail=45; tails=25,70,0,48,0,0,0,0,0
tissue,118,tissues=63; tissue=55,117,0,1,0,0,0,0,0
weapon,118,weapons=102; weapon=16,117,1,0,0,0,0,0,0
york,118,york=118,0,118,0,0,0,0,0,0
brick,117,bricks=77; brick=40,115,2,0,0,0,0,0,0
combination,117,combination=102; combinations=15,117,0,0,0,0,0,0,0
disadvantage,117,disadvantages=61; disadvantage=52; disadvantaged=4,110,0,7,0,0,0,0,0
fun,117,fun=117,78,1,0,0,38,0,0,0
inhabitant,117,inhabitants=114; inhabitant=3,116,0,0,0,1,0,0,0
message,117,message=78; messages=39,116,0,1,0,0,0,0,0
technical,117,technical=117,0,3,0,0,114,0,0,0
transform,117,transformed=57; transform=26; transforming=25; transforms=9,8,1,108,0,0,0,0,0
vast,117,vast=117,1,0,0,0,116,0,0,0
willing,117,willing=117,0,0,0,0,117,0,0,0
beautiful,116,beautiful=116,0,0,0,0,116,0,0,0
behavioral,116,behavioral=116,5,2,0,0,109,0,0,0
breeding,116,breeding=116,114,2,0,0,0,0,0,0
dutch,116,dutch=116,0,35,0,0,81,0,0,0
popularity,116,popularity=116,116,0,0,0,0,0,0,0
recording,116,recording=63; recordings=53,116,0,0,0,0,0,0,0
reliable,116,reliable=116,0,0,0,0,116,0,0,0
tomorrow,116,tomorrow=116,108,8,0,0,0,0,0,0
alter,115,altered=46; alter=35; altering=19; alters=15,7,1,107,0,0,0,0,0
amphibian,115,amphibians=81; amphibian=34,89,1,0,0,25,0,0,0
appeal,115,appeal=73; appealing=25; appealed=10; appeals=7,47,1,67,0,0,0,0,0
breed,115,breed=54; breeding=38; bred=15; breeds=8,13,0,102,0,0,0,0,0
commonly,115,commonly=115,0,0,0,0,0,115,0,0
desk,115,desk=103; desks=12,106,7,2,0,0,0,0,0
diverse,115,diverse=115,0,0,1,0,114,0,0,0
italy,115,italy=115,0,115,0,0,0,0,0,0
lizard,115,lizards=73; lizard=42,115,0,0,0,0,0,0,0
steel,115,steel=115,114,1,0,0,0,0,0,0
switch,115,switch=67; switching=26; switched=20; switches=2,13,1,101,0,0,0,0,0
theme,115,themes=59; theme=54; themed=2,113,0,2,0,0,0,0,0
update,115,update=50; updated=28; updates=28; updating=9,42,5,68,0,0,0,0,0
us,115,uses=62; us=53,62,53,0,0,0,0,0,0
weak,115,weak=70; weaker=42; weakest=3,0,0,0,0,115,0,0,0
annual,114,annual=101; annuals=13,13,0,0,0,101,0,0,0
bus,114,bus=89; buses=25,113,1,0,0,0,0,0,0
chemistry,114,chemistry=114,101,13,0,0,0,0,0,0
context,114,context=108; contexts=6,111,1,2,0,0,0,0,0
crack,114,cracks=59; crack=37; cracked=10; cracking=8,67,0,47,0,0,0,0,0
electric,114,electric=114,1,4,0,0,109,0,0,0
existence,114,existence=114,114,0,0,0,0,0,0,0
greece,114,greece=114,0,114,0,0,0,0,0,0
invite,114,invite=58; invited=28; inviting=22; invites=6,1,1,112,0,0,0,0,0
motion,114,motion=106; motions=8,113,1,0,0,0,0,0,0
nile,114,nile=114,0,113,0,0,1,0,0,0
opening,114,opening=72; openings=42,113,1,0,0,0,0,0,0
script,114,script=87; scripts=26; scripted=1,112,1,1,0,0,0,0,0
vulnerable,114,vulnerable=114,0,0,0,0,114,0,0,0
acid,113,acid=91; acids=22,85,6,0,0,22,0,0,0
herd,113,herds=60; herd=43; herding=6; herded=4,93,0,12,0,8,0,0,0
outdoor,113,outdoor=110; outdoors=3,3,1,0,0,109,0,0,0
specifically,113,specifically=113,0,0,0,0,0,113,0,0
biologist,112,biologists=89; biologist=23,110,2,0,0,0,0,0,0
clothing,112,clothing=112,108,4,0,0,0,0,0,0
complicated,112,complicated=112,0,1,0,0,111,0,0,0
danger,112,danger=80; dangers=32,110,0,2,0,0,0,0,0
evaluate,112,evaluate=72; evaluating=20; evaluated=16; evaluates=4,1,4,107,0,0,0,0,0
fat,112,fat=101; fats=10; fatter=1,59,5,0,0,48,0,0,0
hey,112,hey=112,0,5,0,0,0,0,0,107
ideal,112,ideal=100; ideals=12,22,2,0,0,88,0,0,0
intend,112,intended=93; intend=12; intends=5; intending=2,0,0,112,0,0,0,0,0
palace,112,palace=78; palaces=34,100,12,0,0,0,0,0,0
teaching,112,teaching=108; teachings=4,109,3,0,0,0,0,0,0
compose,111,composed=82; compose=17; composing=11; composes=1,0,1,110,0,0,0,0,0
evolutionary,111,evolutionary=111,0,4,0,0,107,0,0,0
fresh,111,fresh=110; freshest=1,0,0,0,0,111,0,0,0
galaxy,111,galaxies=64; galaxy=47,101,10,0,0,0,0,0,0
impressionist,111,impressionist=88; impressionists=23,34,6,0,0,71,0,0,0
incorporate,111,incorporate=42; incorporated=38; incorporating=22; incorporates=9,0,0,111,0,0,0,0,0
mile,111,miles=90; mile=21,109,2,0,0,0,0,0,0
pest,111,pests=79; pest=32,97,1,9,0,4,0,0,0
plenty,111,plenty=111,107,2,0,0,1,1,0,0
supervisor,111,supervisor=101; supervisors=10,57,54,0,0,0,0,0,0
symbol,111,symbols=74; symbol=37,110,1,0,0,0,0,0,0
whatever,111,whatever=111,0,0,0,0,0,0,8,103
expression,110,expressions=57; expression=53,110,0,0,0,0,0,0,0
introduction,110,introduction=109; introductions=1,109,1,0,0,0,0,0,0
pyramid,110,pyramid=62; pyramids=48,91,19,0,0,0,0,0,0
sing,110,sing=43; singing=33; sung=22; sang=6; sings=6,3,2,105,0,0,0,0,0
taste,110,taste=73; tastes=29; tasted=4; tasting=4,76,0,34,0,0,0,0,0
appreciate,109,appreciate=64; appreciated=29; appreciates=10; appreciating=6,0,0,109,0,0,0,0,0
arrange,109,arranged=53; arrange=45; arranging=9; arranges=2,2,7,100,0,0,0,0,0
availability,109,availability=109,108,1,0,0,0,0,0,0
borrow,109,borrow=65; borrowed=38; borrowing=5; borrows=1,1,0,108,0,0,0,0,0
convert,109,convert=46; converted=36; converting=21; converts=6,3,1,105,0,0,0,0,0
extensive,109,extensive=109,0,0,0,0,109,0,0,0
hatch,109,hatch=52; hatched=27; hatching=26; hatches=4,23,1,85,0,0,0,0,0
interpret,109,interpret=55; interpreted=30; interpreting=20; interprets=4,1,1,107,0,0,0,0,0
john,109,john=109,0,109,0,0,0,0,0,0
kid,109,kids=91; kid=16; kidding=2,107,0,2,0,0,0,0,0
kingdom,109,kingdom=80; kingdoms=29,76,33,0,0,0,0,0,0
panel,109,panels=77; panel=32,103,6,0,0,0,0,0,0
pole,109,poles=81; pole=28,87,22,0,0,0,0,0,0
regulation,109,regulations=60; regulation=49,108,1,0,0,0,0,0,0
rhythm,109,rhythms=69; rhythm=40,106,3,0,0,0,0,0,0
textile,109,textile=57; textiles=52,106,0,0,0,3,0,0,0
ball,108,ball=92; balls=16,100,8,0,0,0,0,0,0
carve,108,carved=80; carving=16; carve=12,0,0,108,0,0,0,0,0
convince,108,convince=49; convinced=45; convincing=14,1,0,107,0,0,0,0,0
ecological,108,ecological=108,0,6,0,0,102,0,0,0
fight,108,fight=59; fighting=24; fought=13; fights=12,26,0,82,0,0,0,0,0
foreign,108,foreign=108,0,1,0,0,107,0,0,0
plow,108,plow=62; plows=35; plowed=6; plowing=5,87,1,20,0,0,0,0,0
strike,108,struck=40; strike=27; striking=22; strikes=19,24,0,84,0,0,0,0,0
treat,108,treated=43; treat=42; treating=19; treats=4,12,0,96,0,0,0,0,0
cultivate,107,cultivated=56; cultivate=31; cultivating=20,0,0,107,0,0,0,0,0
favorite,107,favorite=99; favorites=8,11,0,1,0,95,0,0,0
hydrate,107,hydrate=60; hydrates=47,91,1,1,0,14,0,0,0
intense,107,intense=107,0,0,0,0,107,0,0,0
permanent,107,permanent=107,0,1,0,0,106,0,0,0
possibly,107,possibly=107,0,0,0,0,0,107,0,0
reproductive,107,reproductive=107,0,3,0,0,104,0,0,0
retain,107,retain=61; retained=25; retains=12; retaining=9,1,0,106,0,0,0,0,0
seventeenth,107,seventeenth=107,3,1,1,0,102,0,0,0
shallow,107,shallow=91; shallower=14; shallows=2,3,2,1,0,101,0,0,0
sufficient,107,sufficient=107,0,0,0,0,107,0,0,0
americas,106,americas=106,0,106,0,0,0,0,0,0
ancestor,106,ancestors=75; ancestor=31,106,0,0,0,0,0,0,0
extract,106,extract=47; extracting=34; extracted=25,3,0,103,0,0,0,0,0
funding,106,funding=106,105,1,0,0,0,0,0,0
latin,106,latin=106,0,71,0,0,35,0,0,0
majority,106,majority=106,105,1,0,0,0,0,0,0
offspring,106,offspring=106,106,0,0,0,0,0,0,0
pesticide,106,pesticides=63; pesticide=43,104,2,0,0,0,0,0,0
pigment,106,pigments=54; pigment=52,104,2,0,0,0,0,0,0
sorry,106,sorry=106,0,4,0,0,55,2,0,45
specialized,106,specialized=106,0,5,0,0,101,0,0,0
bed,105,beds=63; bed=41; bedded=1,103,0,2,0,0,0,0,0
bike,105,bike=72; bikes=31; biking=2,99,1,5,0,0,0,0,0
debris,105,debris=105,95,10,0,0,0,0,0,0
description,105,description=65; descriptions=40,105,0,0,0,0,0,0,0
dog,105,dogs=74; dog=31,104,1,0,0,0,0,0,0
guest,105,guest=59; guests=46,105,0,0,0,0,0,0,0
height,105,height=95; heights=10,105,0,0,0,0,0,0,0
military,105,military=105,14,0,0,0,91,0,0,0
photosynthesis,105,photosynthesis=105,102,3,0,0,0,0,0,0
target,105,target=80; targeted=10; targets=8; targeting=7,64,0,41,0,0,0,0,0
wealthy,105,wealthy=88; wealthier=10; wealthiest=7,0,1,0,0,104,0,0,0
adjust,104,adjust=62; adjusting=27; adjusted=13; adjusts=2,1,0,103,0,0,0,0,0
barrier,104,barriers=59; barrier=45,103,1,0,0,0,0,0,0
death,104,death=80; deaths=24,103,1,0,0,0,0,0,0
emotional,104,emotional=104,0,1,0,0,103,0,0,0
employ,104,employed=63; employ=32; employing=7; employs=2,3,0,101,0,0,0,0,0
error,104,error=59; errors=45,104,0,0,0,0,0,0,0
expansion,104,expansion=103; expansions=1,102,2,0,0,0,0,0,0
further,104,further=102; furthered=1; furthering=1,0,2,4,0,98,0,0,0
glacier,104,glaciers=99; glacier=5,101,2,0,0,0,1,0,0
mantle,104,mantle=98; mantles=6,92,9,1,0,2,0,0,0
normal,104,normal=104,0,0,0,0,104,0,0,0
pair,104,pair=55; pairs=40; paired=9,89,0,15,0,0,0,0,0
planning,104,planning=104,101,3,0,0,0,0,0,0
pose,104,pose=50; poses=26; posed=21; posing=7,14,0,90,0,0,0,0,0
ratio,104,ratio=89; ratios=15,103,1,0,0,0,0,0,0
sister,104,sister=96; sisters=8,101,1,0,0,2,0,0,0
wealth,104,wealth=104,101,3,0,0,0,0,0,0
ai,103,ai=103,3,100,0,0,0,0,0,0
assist,103,assist=83; assisting=10; assisted=6; assists=4,1,0,102,0,0,0,0,0
brand,103,brand=84; brands=17; branding=2,99,2,2,0,0,0,0,0
distribute,103,distributed=49; distribute=32; distributing=17; distributes=5,0,2,101,0,0,0,0,0
enormous,103,enormous=103,0,0,0,0,103,0,0,0
forget,103,forget=57; forgot=29; forgotten=13; forgets=2; forgetting=2,1,0,102,0,0,0,0,0
lightning,103,lightning=103,101,2,0,0,0,0,0,0
london,103,london=103,0,103,0,0,0,0,0,0
math,103,math=100; maths=3,98,5,0,0,0,0,0,0
otherwise,103,otherwise=103,0,0,0,0,0,103,0,0
personality,103,personality=83; personalities=20,99,4,0,0,0,0,0,0
regulate,103,regulate=51; regulated=26; regulating=21; regulates=5,1,0,100,0,2,0,0,0
shelter,103,shelter=75; shelters=20; sheltered=8,93,0,9,0,1,0,0,0
afternoon,102,afternoon=89; afternoons=13,102,0,0,0,0,0,0,0
attractive,102,attractive=102,0,1,0,0,101,0,0,0
distant,102,distant=102,1,3,0,0,98,0,0,0
engineer,102,engineers=67; engineer=23; engineered=9; engineering=3,87,0,15,0,0,0,0,0
export,102,export=39; exports=32; exported=22; exporting=9,60,0,42,0,0,0,0,0
feeling,102,feelings=52; feeling=50,102,0,0,0,0,0,0,0
glad,102,glad=102,0,12,0,0,90,0,0,0
hit,102,hit=64; hits=23; hitting=15,8,0,94,0,0,0,0,0
react,102,react=63; reacted=18; reacting=12; reacts=9,8,0,94,0,0,0,0,0
ruler,102,rulers=65; ruler=37,102,0,0,0,0,0,0,0
shoe,102,shoes=89; shoe=13,102,0,0,0,0,0,0,0
struggle,102,struggle=44; struggling=33; struggles=17; struggled=8,24,0,78,0,0,0,0,0
antler,101,antlers=85; antler=16,98,3,0,0,0,0,0,0
component,101,component=54; components=47,98,0,0,0,3,0,0,0
dramatic,101,dramatic=101,0,0,0,0,101,0,0,0
emit,101,emit=44; emitted=25; emitting=19; emits=13,1,0,100,0,0,0,0,0
empty,101,empty=95; emptied=4; empties=1; emptying=1,1,0,9,0,91,0,0,0
evening,101,evening=88; evenings=13,101,0,0,0,0,0,0,0
frequency,101,frequency=72; frequencies=29,101,0,0,0,0,0,0,0
instruction,101,instructions=61; instruction=40,101,0,0,0,0,0,0,0
invasive,101,invasive=101,0,7,0,0,94,0,0,0
laboratory,101,laboratory=85; laboratories=16,101,0,0,0,0,0,0,0
literary,101,literary=101,0,4,0,0,97,0,0,0
newly,101,newly=101,0,2,0,0,0,99,0,0
phase,101,phase=78; phases=20; phased=3,96,2,3,0,0,0,0,0
preference,101,preferences=56; preference=45,100,1,0,0,0,0,0,0
recover,101,recover=56; recovered=29; recovering=13; recovers=3,6,0,95,0,0,0,0,0
webs,101,webs=101,97,4,0,0,0,0,0,0
wow,101,wow=101,0,13,1,0,0,0,0,87
arise,100,arose=54; arise=22; arises=15; arising=5; arisen=4,0,1,99,0,0,0,0,0
assistant,100,assistant=83; assistants=17,94,0,0,0,6,0,0,0
ceramic,100,ceramic=52; ceramics=48,52,0,0,0,48,0,0,0
consistent,100,consistent=100,1,1,0,0,98,0,0,0
gift,100,gift=66; gifts=33; gifted=1,99,0,1,0,0,0,0,0
gravitational,100,gravitational=100,0,7,0,0,93,0,0,0
graze,100,grazing=58; graze=28; grazed=11; grazes=3,4,0,96,0,0,0,0,0
handle,100,handle=59; handled=18; handling=18; handles=5,15,0,85,0,0,0,0,0
intelligence,100,intelligence=100,86,14,0,0,0,0,0,0
livestock,100,livestock=100,99,1,0,0,0,0,0,0
organ,100,organs=70; organ=30,95,5,0,0,0,0,0,0
recycling,100,recycling=100,98,2,0,0,0,0,0,0
reptile,100,reptiles=80; reptile=20,96,0,0,0,4,0,0,0
residence,100,residence=79; residences=21,96,3,1,0,0,0,0,0
shortage,100,shortage=52; shortages=48,99,1,0,0,0,0,0,0
whereas,100,whereas=100,0,1,0,0,0,5,0,94
aid,99,aid=61; aided=17; aiding=11; aids=10,54,0,45,0,0,0,0,0
continental,99,continental=99,0,10,1,0,88,0,0,0
edge,99,edge=65; edges=33; edging=1,95,2,2,0,0,0,0,0
impressive,99,impressive=99,0,2,0,0,97,0,0,0
magazine,99,magazine=65; magazines=34,96,3,0,0,0,0,0,0
none,99,none=99,99,0,0,0,0,0,0,0
numerous,99,numerous=99,0,0,0,0,99,0,0,0
throw,99,thrown=40; throw=27; throwing=22; threw=10,2,0,97,0,0,0,0,0
trait,99,traits=69; trait=30,99,0,0,0,0,0,0,0
upon,99,upon=99,0,0,0,0,0,0,0,99
vent,99,vents=62; vent=36; vented=1,98,0,1,0,0,0,0,0
comparison,98,comparison=83; comparisons=15,98,0,0,0,0,0,0,0
fee,98,fee=69; fees=29,97,1,0,0,0,0,0,0
grassland,98,grasslands=58; grassland=40,97,1,0,0,0,0,0,0
mexico,98,mexico=98,0,98,0,0,0,0,0,0
rat,98,rats=54; rat=33; rated=11,76,10,12,0,0,0,0,0
suggestion,98,suggestion=54; suggestions=44,98,0,0,0,0,0,0,0
trouble,98,trouble=95; troubles=3,98,0,0,0,0,0,0,0
vertical,98,vertical=98,0,7,0,0,91,0,0,0
win,98,won=45; win=26; winning=18; wins=9,7,0,91,0,0,0,0,0
abstract,97,abstract=97,0,13,0,0,83,1,0,0
army,97,army=84; armies=13,86,11,0,0,0,0,0,0
constant,97,constant=97,7,0,0,0,90,0,0,0
defend,97,defend=75; defending=18; defended=2; defends=2,1,0,96,0,0,0,0,0
drift,97,drift=69; drifted=13; drifting=13; drifts=2,54,4,39,0,0,0,0,0
forager,97,foragers=70; forager=27,77,2,4,0,14,0,0,0
italian,97,italian=97,0,2,0,0,95,0,0,0
lighting,97,lighting=97,95,2,0,0,0,0,0,0
narrow,97,narrow=81; narrower=6; narrowing=6; narrowed=4,0,0,20,0,76,1,0,0
reward,97,reward=43; rewards=39; rewarded=12; rewarding=3,74,0,23,0,0,0,0,0
safety,97,safety=97,95,2,0,0,0,0,0,0
abundant,96,abundant=96,0,1,0,0,95,0,0,0
appointment,96,appointment=86; appointments=10,96,0,0,0,0,0,0,0
bill,96,bill=59; bills=29; billed=8,81,6,9,0,0,0,0,0
chain,96,chain=66; chains=30,96,0,0,0,0,0,0,0
clarify,96,clarify=88; clarified=3; clarifying=3; clarifies=2,1,0,95,0,0,0,0,0
concentrate,96,concentrate=55; concentrated=24; concentrating=13; concentrates=4,4,0,92,0,0,0,0,0
flat,96,flat=93; flats=3,4,2,0,0,90,0,0,0
mining,96,mining=96,96,0,0,0,0,0,0,0
obviously,96,obviously=96,0,0,0,0,0,96,0,0
occupy,96,occupied=56; occupy=28; occupies=6; occupying=6,2,1,93,0,0,0,0,0
recycle,96,recycling=42; recycled=36; recycle=18,1,0,95,0,0,0,0,0
responsibility,96,responsibility=53; responsibilities=43,95,1,0,0,0,0,0,0
smell,96,smell=73; smells=13; smelling=4; smelled=3; smelt=3,62,1,33,0,0,0,0,0
sophisticated,96,sophisticated=96,0,1,0,0,95,0,0,0
ahead,95,ahead=95,0,0,0,0,0,95,0,0
capable,95,capable=95,0,0,0,0,95,0,0,0
dynamic,95,dynamic=60; dynamics=35,37,0,0,0,58,0,0,0
friday,95,friday=95,0,95,0,0,0,0,0,0
insight,95,insights=52; insight=43,95,0,0,0,0,0,0,0
lower,95,lower=44; lowering=22; lowered=19; lowers=10,1,4,85,0,0,5,0,0
regularly,95,regularly=95,0,0,0,0,0,95,0,0
reproduction,95,reproduction=88; reproductions=7,93,2,0,0,0,0,0,0
round,95,round=89; rounded=3; rounds=2; rounding=1,40,1,4,0,40,10,0,0
scrub,95,scrub=92; scrubbing=2; scrubbed=1,70,20,5,0,0,0,0,0
slightly,95,slightly=95,0,0,0,0,0,95,0,0
somewhat,95,somewhat=95,0,2,0,0,0,93,0,0
abroad,94,abroad=94,9,5,0,0,9,60,0,11
blow,94,blow=33; blown=27; blowing=19; blew=8; blows=7,10,0,84,0,0,0,0,0
clothe,94,clothes=91; clothe=2; clothed=1,91,0,3,0,0,0,0,0
elsewhere,94,elsewhere=94,0,0,0,0,0,94,0,0
encounter,94,encounter=42; encountered=32; encounters=17; encountering=3,12,1,81,0,0,0,0,0
imitate,94,imitate=58; imitated=15; imitating=15; imitates=6,1,0,93,0,0,0,0,0
lesson,94,lessons=53; lesson=41,87,7,0,0,0,0,0,0
meat,94,meat=93; meats=1,90,1,3,0,0,0,0,0
obvious,94,obvious=94,0,0,0,0,94,0,0,0
stem,94,stems=63; stem=25; stemmed=6,55,0,39,0,0,0,0,0
undergo,94,undergo=32; underwent=25; undergoing=15; undergone=15; undergoes=7,0,0,94,0,0,0,0,0
wetland,94,wetlands=54; wetland=40,73,2,1,0,18,0,0,0
wildlife,94,wildlife=94,92,2,0,0,0,0,0,0
advertisement,93,advertisements=50; advertisement=43,92,0,1,0,0,0,0,0
domestic,93,domestic=93,0,0,0,0,93,0,0,0
electronic,93,electronic=78; electronics=15,15,0,0,0,78,0,0,0
extent,93,extent=93,93,0,0,0,0,0,0,0
income,93,income=81; incomes=10; incoming=2,90,1,2,0,0,0,0,0
inform,93,inform=71; informed=17; informing=4; informs=1,0,2,91,0,0,0,0,0
limestone,93,limestone=92; limestones=1,73,16,3,0,1,0,0,0
monitor,93,monitor=54; monitoring=21; monitored=14; monitors=4,9,1,83,0,0,0,0,0
resemble,93,resemble=44; resembled=20; resembles=19; resembling=10,2,0,90,0,1,0,0,0
tutor,93,tutor=66; tutors=18; tutoring=8; tutored=1,76,0,17,0,0,0,0,0
unexpected,93,unexpected=93,0,0,0,0,93,0,0,0
accurately,92,accurately=92,0,0,0,0,0,92,0,0
coin,92,coins=77; coin=8; coined=7,85,0,7,0,0,0,0,0
constantly,92,constantly=92,0,0,0,0,0,92,0,0
desire,92,desire=58; desired=26; desires=8,62,0,30,0,0,0,0,0
dissolve,92,dissolved=53; dissolve=23; dissolves=12; dissolving=4,6,0,86,0,0,0,0,0
emperor,92,emperor=74; emperors=18,66,26,0,0,0,0,0,0
hill,92,hill=59; hills=33,83,8,1,0,0,0,0,0
hospital,92,hospitals=50; hospital=42,89,3,0,0,0,0,0,0
mural,92,mural=50; murals=42,81,0,0,0,11,0,0,0
quick,92,quick=86; quicker=5; quickest=1,0,8,0,0,82,2,0,0
straight,92,straight=89; straighter=2; straightest=1,0,1,0,0,53,38,0,0
ton,92,tons=78; ton=14,89,3,0,0,0,0,0,0
usual,92,usual=92,0,0,0,0,92,0,0,0
vision,92,vision=89; visions=3,91,1,0,0,0,0,0,0
additionally,91,additionally=91,0,0,0,0,0,91,0,0
andrew,91,andrew=91,0,91,0,0,0,0,0,0
detailed,91,detailed=91,0,1,0,0,90,0,0,0
diaz,91,diaz=91,0,91,0,0,0,0,0,0
engine,91,engine=51; engines=40,91,0,0,0,0,0,0,0
essay,91,essay=77; essays=14,90,0,0,0,1,0,0,0
expense,91,expense=47; expenses=44,90,1,0,0,0,0,0,0
freeze,91,freezing=35; freeze=25; frozen=14; freezes=12; froze=5,5,0,86,0,0,0,0,0
glacial,91,glacial=91,1,7,0,0,83,0,0,0
limitation,91,limitations=63; limitation=28,91,0,0,0,0,0,0,0
mature,91,mature=67; matures=10; matured=7; maturing=7,5,3,35,0,48,0,0,0
permission,91,permission=91,91,0,0,0,0,0,0,0
plot,91,plot=50; plots=39; plotted=2,88,0,3,0,0,0,0,0
reject,91,rejected=51; reject=30; rejecting=6; rejects=4,0,0,91,0,0,0,0,0
shark,91,shark=54; sharks=37,79,11,1,0,0,0,0,0
upcoming,91,upcoming=91,0,3,0,0,88,0,0,0
worry,91,worry=60; worried=12; worries=12; worrying=7,10,1,80,0,0,0,0,0
airplane,90,airplane=53; airplanes=37,89,1,0,0,0,0,0,0
beak,90,beaks=55; beak=33; beaked=2,87,0,3,0,0,0,0,0
calculate,90,calculated=43; calculate=36; calculating=10; calculates=1,0,2,88,0,0,0,0,0
classic,90,classic=81; classics=9,12,32,0,0,46,0,0,0
creation,90,creation=84; creations=6,89,1,0,0,0,0,0,0
dam,90,dams=44; dam=43; dammed=3,79,4,7,0,0,0,0,0
dominate,90,dominated=58; dominate=25; dominates=5; dominating=2,2,0,88,0,0,0,0,0
essentially,90,essentially=90,0,0,0,0,0,90,0,0
facial,90,facial=90,0,6,0,0,84,0,0,0
jump,90,jump=56; jumping=16; jumped=9; jumps=9,24,1,65,0,0,0,0,0
leg,90,legs=67; leg=23,90,0,0,0,0,0,0,0
moisture,90,moisture=89; moistures=1,81,3,3,0,3,0,0,0
platform,90,platforms=64; platform=26,88,2,0,0,0,0,0,0
ray,90,rays=70; ray=20,85,4,1,0,0,0,0,0
saturn,90,saturn=89; saturns=1,1,89,0,0,0,0,0,0
thinking,90,thinking=90,88,2,0,0,0,0,0,0
behave,89,behave=60; behaves=12; behaved=11; behaving=6,8,0,81,0,0,0,0,0
cluster,89,clusters=46; cluster=37; clustered=5; clustering=1,80,0,9,0,0,0,0,0
copper,89,copper=89,88,1,0,0,0,0,0,0
distinct,89,distinct=89,2,0,0,0,87,0,0,0
door,89,door=63; doors=26,87,2,0,0,0,0,0,0
drawing,89,drawings=55; drawing=34,88,1,0,0,0,0,0,0
fiber,89,fibers=62; fiber=27,89,0,0,0,0,0,0,0
friendly,89,friendly=87; friendlier=2,0,0,0,0,88,1,0,0
innovative,89,innovative=89,0,0,0,0,89,0,0,0
lion,89,lions=68; lion=21,89,0,0,0,0,0,0,0
making,89,making=88; makings=1,87,2,0,0,0,0,0,0
measurement,89,measurements=67; measurement=22,89,0,0,0,0,0,0,0
plain,89,plain=48; plains=41,46,24,0,0,17,2,0,0
resistance,89,resistance=87; resistances=2,88,1,0,0,0,0,0,0
seasonal,89,seasonal=89,1,6,0,0,82,0,0,0
sheep,89,sheep=89,88,1,0,0,0,0,0,0
suddenly,89,suddenly=89,0,0,0,0,0,89,0,0
telescope,89,telescope=48; telescopes=41,81,8,0,0,0,0,0,0
terrestrial,89,terrestrial=89,0,0,0,0,89,0,0,0
threaten,89,threatened=52; threatening=20; threaten=12; threatens=5,0,0,89,0,0,0,0,0
wooden,89,wooden=89,0,3,0,0,86,0,0,0
yield,89,yield=40; yields=34; yielded=13; yielding=2,46,0,43,0,0,0,0,0
beneath,88,beneath=88,6,0,0,0,0,0,0,82
church,88,church=54; churches=34,71,17,0,0,0,0,0,0
count,88,count=46; counting=18; counts=18; counted=6,22,2,64,0,0,0,0,0
earn,88,earn=47; earned=24; earning=17,0,0,88,0,0,0,0,0
employment,88,employment=88,84,4,0,0,0,0,0,0
medieval,88,medieval=88,0,7,0,0,81,0,0,0
mental,88,mental=88,0,3,0,0,85,0,0,0
moment,88,moment=74; moments=14,85,3,0,0,0,0,0,0
net,88,nets=48; net=39; netted=1,58,0,1,0,29,0,0,0
partly,88,partly=88,0,0,0,0,0,88,0,0
permit,88,permit=39; permitted=32; permits=15; permitting=2,39,0,49,0,0,0,0,0
reality,88,reality=79; realities=9,88,0,0,0,0,0,0,0
rent,88,rent=61; renting=10; rents=9; rented=8,44,2,42,0,0,0,0,0
respect,88,respect=57; respects=20; respected=9; respecting=2,64,0,24,0,0,0,0,0
sarah,88,sarah=88,0,88,0,0,0,0,0,0
sustain,88,sustain=49; sustained=24; sustaining=14; sustains=1,0,0,88,0,0,0,0,0
ultraviolet,88,ultraviolet=88,39,3,1,0,45,0,0,0
vegetable,88,vegetables=69; vegetable=19,85,1,0,0,2,0,0,0
apparently,87,apparently=87,0,0,0,0,0,87,0,0
ash,87,ash=85; ashes=2,73,14,0,0,0,0,0,0
c,87,c=87,22,63,1,0,0,0,0,1
category,87,categories=53; category=34,87,0,0,0,0,0,0,0
circle,87,circle=49; circles=32; circling=5; circled=1,63,14,10,0,0,0,0,0
complexity,87,complexity=76; complexities=11,86,1,0,0,0,0,0,0
container,87,containers=59; container=28,87,0,0,0,0,0,0,0
exhibition,87,exhibition=64; exhibitions=23,85,2,0,0,0,0,0,0
geological,87,geological=87,0,1,0,0,86,0,0,0
initial,87,initial=84; initials=3,3,1,0,0,83,0,0,0
jay,87,jays=71; jay=16,76,11,0,0,0,0,0,0
journal,87,journal=63; journals=24,84,3,0,0,0,0,0,0
opposite,87,opposite=87,29,0,0,0,56,0,0,2
seal,87,seals=36; seal=27; sealed=21; sealing=3,52,1,34,0,0,0,0,0
software,87,software=87,87,0,0,0,0,0,0,0
spin,87,spin=30; spinning=29; spins=18; spun=9; spines=1,14,0,73,0,0,0,0,0
suffer,87,suffered=35; suffer=29; suffering=12; suffers=11,0,0,87,0,0,0,0,0
vessel,87,vessels=70; vessel=17,87,0,0,0,0,0,0,0
board,86,board=61; boards=25,79,3,4,0,0,0,0,0
cancel,86,cancel=37; canceled=29; cancelled=10; canceling=8; cancels=2,0,1,85,0,0,0,0,0
decorate,86,decorated=52; decorate=24; decorating=10,0,2,83,0,1,0,0,0
delay,86,delay=34; delayed=30; delays=18; delaying=4,35,2,49,0,0,0,0,0
ecology,86,ecology=86,70,16,0,0,0,0,0,0
enzyme,86,enzymes=63; enzyme=23,86,0,0,0,0,0,0,0
feeding,86,feeding=86,80,4,0,0,2,0,0,0
lifestyle,86,lifestyle=68; lifestyles=18,86,0,0,0,0,0,0,0
mesopotamia,86,mesopotamia=86,3,83,0,0,0,0,0,0
modify,86,modified=53; modify=19; modifying=10; modifies=4,0,0,86,0,0,0,0,0
outcome,86,outcomes=46; outcome=40,81,2,3,0,0,0,0,0
restore,86,restore=35; restored=26; restoring=23; restores=2,0,0,86,0,0,0,0,0
sensitive,86,sensitive=86,2,0,0,0,84,0,0,0
temperate,86,temperate=86,58,0,4,0,24,0,0,0
touch,86,touch=63; touched=10; touches=8; touching=5,44,0,42,0,0,0,0,0
toxic,86,toxic=86,0,1,0,0,85,0,0,0
vehicle,86,vehicles=59; vehicle=27,86,0,0,0,0,0,0,0
boundary,85,boundaries=60; boundary=25,82,3,0,0,0,0,0,0
canada,85,canada=85,0,85,0,0,0,0,0,0
creature,85,creatures=63; creature=22,85,0,0,0,0,0,0,0
cretaceous,85,cretaceous=85,7,17,0,0,61,0,0,0
de,85,de=85,1,47,0,0,0,0,0,37
educational,85,educational=85,1,1,0,0,83,0,0,0
entertainment,85,entertainment=81; entertainments=4,82,3,0,0,0,0,0,0
frequent,85,frequent=85,0,3,2,0,80,0,0,0
jazz,85,jazz=85,72,12,1,0,0,0,0,0
mud,85,mud=85,84,1,0,0,0,0,0,0
perceive,85,perceive=41; perceived=35; perceives=8; perceiving=1,1,0,80,0,4,0,0,0
severe,85,severe=85,0,1,0,0,84,0,0,0
treatment,85,treatment=63; treatments=22,85,0,0,0,0,0,0,0
worried,85,worried=85,0,4,0,0,81,0,0,0
calcium,84,calcium=84,84,0,0,0,0,0,0,0
classify,84,classified=42; classify=24; classifying=17; classifies=1,0,0,84,0,0,0,0,0
dwarf,84,dwarf=46; dwarfs=35; dwarfing=3,79,1,4,0,0,0,0,0
exact,84,exact=83; exacting=1,0,0,2,0,82,0,0,0
genre,84,genre=56; genres=28,81,2,1,0,0,0,0,0
geologic,84,geologic=84,1,2,0,0,81,0,0,0
grant,84,grant=46; grants=20; granted=17; granting=1,48,7,29,0,0,0,0,0
microorganism,84,microorganisms=81; microorganism=3,84,0,0,0,0,0,0,0
productive,84,productive=84,1,1,0,0,82,0,0,0
railroad,84,railroad=43; railroads=41,79,5,0,0,0,0,0,0
roughly,84,roughly=84,0,0,0,0,0,84,0,0
stimulate,84,stimulated=39; stimulate=26; stimulates=10; stimulating=9,0,0,84,0,0,0,0,0
announce,83,announced=44; announce=34; announcing=4; announces=1,0,0,83,0,0,0,0,0
citizen,83,citizens=52; citizen=31,73,10,0,0,0,0,0,0
decay,83,decay=55; decaying=11; decays=9; decayed=8,41,1,41,0,0,0,0,0
differently,83,differently=83,0,0,0,0,0,83,0,0
dynasty,83,dynasty=66; dynasties=17,59,24,0,0,0,0,0,0
elephant,83,elephants=68; elephant=15,81,0,0,0,2,0,0,0
gathering,83,gathering=68; gatherings=15,82,0,1,0,0,0,0,0
household,83,household=62; households=21,83,0,0,0,0,0,0,0
japan,83,japan=83,0,83,0,0,0,0,0,0
mimicry,83,mimicry=83,45,30,0,0,8,0,0,0
ordinary,83,ordinary=83,0,0,0,0,83,0,0,0
porcelain,83,porcelain=69; porcelains=14,75,7,1,0,0,0,0,0
rarely,83,rarely=83,0,0,0,0,0,83,0,0
remarkable,83,remarkable=83,0,1,0,0,82,0,0,0
remote,83,remote=83,0,5,1,0,75,2,0,0
significance,83,significance=83,83,0,0,0,0,0,0,0
synthetic,83,synthetic=83,0,5,0,0,78,0,0,0
trader,83,traders=79; trader=4,83,0,0,0,0,0,0,0
venom,83,venom=73; venoms=10,77,6,0,0,0,0,0,0
architect,82,architects=56; architect=26,82,0,0,0,0,0,0,0
arrangement,82,arrangement=45; arrangements=37,82,0,0,0,0,0,0,0
biofilm,82,biofilm=46; biofilms=36,75,5,0,0,2,0,0,0
comfortable,82,comfortable=82,0,0,0,0,82,0,0,0
dean,82,dean=81; deans=1,48,34,0,0,0,0,0,0
documentary,82,documentary=61; documentaries=21,77,3,0,0,2,0,0,0
driver,82,drivers=61; driver=21,82,0,0,0,0,0,0,0
excavation,82,excavation=51; excavations=31,82,0,0,0,0,0,0,0
excellent,82,excellent=82,1,3,0,0,78,0,0,0
heavily,82,heavily=82,0,0,0,0,0,82,0,0
herbivore,82,herbivores=69; herbivore=13,80,0,2,0,0,0,0,0
indian,82,indian=82,0,18,0,0,64,0,0,0
institution,82,institutions=63; institution=19,82,0,0,0,0,0,0,0
mine,82,mine=40; mines=26; mined=8; mining=8,49,0,20,0,0,0,13,0
mystery,82,mystery=70; mysteries=12,79,3,0,0,0,0,0,0
oppose,82,opposed=56; oppose=14; opposing=11; opposes=1,0,0,82,0,0,0,0,0
phrase,82,phrase=67; phrases=10; phrased=3; phrasing=2,77,0,5,0,0,0,0,0
seat,82,seats=40; seat=35; seated=6; seating=1,73,0,9,0,0,0,0,0
sink,82,sink=38; sinking=15; sinks=14; sank=10; sunk=4; sunken=1,20,0,62,0,0,0,0,0
strengthen,82,strengthen=32; strengthened=18; strengthens=18; strengthening=14,2,1,79,0,0,0,0,0
strongly,82,strongly=82,0,0,0,0,0,82,0,0
association,81,association=54; associations=27,74,7,0,0,0,0,0,0
classmate,81,classmates=56; classmate=25,81,0,0,0,0,0,0,0
internet,81,internet=81,77,4,0,0,0,0,0,0
interpretation,81,interpretation=56; interpretations=25,80,1,0,0,0,0,0,0
player,81,players=42; player=39,81,0,0,0,0,0,0,0
skeleton,81,skeletons=45; skeleton=36,76,5,0,0,0,0,0,0
stretch,81,stretch=26; stretches=19; stretching=19; stretched=17,23,0,58,0,0,0,0,0
students,81,students=81,0,81,0,0,0,0,0,0
unit,81,unit=45; units=36,81,0,0,0,0,0,0,0
wish,81,wish=41; wishes=32; wished=5; wishing=3,6,0,75,0,0,0,0,0
being,80,being=50; beings=30,79,1,0,0,0,0,0,0
contract,80,contract=52; contracts=16; contracted=7; contracting=5,48,0,32,0,0,0,0,0
cultivation,80,cultivation=80,79,1,0,0,0,0,0,0
exciting,80,exciting=80,0,0,0,0,80,0,0,0
fluid,80,fluid=52; fluids=28,61,0,0,0,19,0,0,0
frame,80,frame=47; frames=22; framed=10; framing=1,62,0,18,0,0,0,0,0
freedom,80,freedom=71; freedoms=9,76,4,0,0,0,0,0,0
freshwater,80,freshwater=80,79,0,1,0,0,0,0,0
inner,80,inner=80,0,0,0,0,80,0,0,0
investment,80,investment=57; investments=23,80,0,0,0,0,0,0,0
mail,80,mail=70; mailed=6; mails=4,69,1,10,0,0,0,0,0
nation,80,nation=46; nations=34,80,0,0,0,0,0,0,0
paris,80,paris=80,0,80,0,0,0,0,0,0
pitch,80,pitch=52; pitched=22; pitches=6,55,3,22,0,0,0,0,0
potato,80,potatoes=45; potato=35,79,1,0,0,0,0,0,0
selection,80,selection=77; selections=3,79,1,0,0,0,0,0,0
sincerely,80,sincerely=80,0,0,0,0,0,80,0,0
trigger,80,trigger=35; triggered=30; triggers=10; triggering=5,13,0,67,0,0,0,0,0
twenty,80,twenty=78; twenties=2,2,2,0,0,0,0,0,76
twice,80,twice=80,0,0,0,0,0,54,0,26
card,79,card=50; cards=29,79,0,0,0,0,0,0,0
collide,79,collided=28; colliding=25; collide=24; collides=2,6,0,73,0,0,0,0,0
crater,79,craters=50; crater=29,78,1,0,0,0,0,0,0
discount,79,discount=37; discounts=22; discounted=15; discounting=5,57,0,22,0,0,0,0,0
fabric,79,fabric=48; fabrics=31,79,0,0,0,0,0,0,0
fence,79,fences=46; fence=24; fenced=8; fencing=1,68,0,11,0,0,0,0,0
fitness,79,fitness=79,70,9,0,0,0,0,0,0
horn,79,horns=61; horn=10; horned=8,71,0,8,0,0,0,0,0
ignore,79,ignored=30; ignore=27; ignoring=14; ignores=8,0,0,79,0,0,0,0,0
implement,79,implement=30; implemented=22; implementing=17; implements=10,13,0,66,0,0,0,0,0
manufacturer,79,manufacturers=60; manufacturer=19,79,0,0,0,0,0,0,0
precise,79,precise=79,1,1,0,0,77,0,0,0
raw,79,raw=79,0,1,0,0,78,0,0,0
somewhere,79,somewhere=79,0,0,0,0,0,79,0,0
totally,79,totally=79,0,0,0,0,0,79,0,0
trading,79,trading=79,79,0,0,0,0,0,0,0
tribe,79,tribes=67; tribe=12,79,0,0,0,0,0,0,0
yellow,79,yellow=74; yellows=5,10,3,1,0,65,0,0,0
absence,78,absence=76; absences=2,78,0,0,0,0,0,0,0
accumulate,78,accumulate=26; accumulated=21; accumulates=17; accumulating=14,14,0,64,0,0,0,0,0
advertise,78,advertise=40; advertised=19; advertising=17; advertises=2,0,0,78,0,0,0,0,0
bay,78,bay=57; bays=21,39,39,0,0,0,0,0,0
blend,78,blend=49; blends=11; blending=10; blended=8,10,0,68,0,0,0,0,0
brood,78,brood=57; brooding=15; broods=5; brooded=1,52,6,19,0,1,0,0,0
dominant,78,dominant=78,2,0,0,0,76,0,0,0
downtown,78,downtown=78,69,3,0,0,6,0,0,0
egyptians,78,egyptians=78,0,78,0,0,0,0,0,0
exposure,78,exposure=78,78,0,0,0,0,0,0,0
fragment,78,fragments=65; fragment=10; fragmented=3,72,0,6,0,0,0,0,0
honeybee,78,honeybees=55; honeybee=23,66,11,1,0,0,0,0,0
invest,78,invest=34; invested=29; investing=11; invests=4,2,0,76,0,0,0,0,0
microbe,78,microbes=72; microbe=6,71,1,6,0,0,0,0,0
nutrition,78,nutrition=78,77,1,0,0,0,0,0,0
outline,78,outline=47; outlines=25; outlined=3; outlining=3,53,0,25,0,0,0,0,0
puzzle,78,puzzle=29; puzzled=27; puzzles=13; puzzling=9,37,0,41,0,0,0,0,0
reader,78,readers=52; reader=26,77,1,0,0,0,0,0,0
regional,78,regional=78,0,2,0,0,76,0,0,0
related,78,related=78,0,0,0,0,78,0,0,0
relation,78,relation=39; relations=39,78,0,0,0,0,0,0,0
seminar,78,seminar=76; seminars=2,78,0,0,0,0,0,0,0
soap,78,soap=75; soaps=3,74,4,0,0,0,0,0,0
sudden,78,sudden=78,0,1,0,0,75,2,0,0
suit,78,suit=37; suited=35; suits=5; suiting=1,26,0,52,0,0,0,0,0
unless,78,unless=78,0,0,0,0,0,0,0,78
yourself,78,yourself=74; yourselves=4,4,0,0,0,0,0,74,0
bridge,77,bridge=49; bridges=25; bridged=2; bridging=1,63,11,3,0,0,0,0,0
considerable,77,considerable=77,0,0,0,0,77,0,0,0
distinctive,77,distinctive=77,1,1,0,0,75,0,0,0
finch,77,finches=50; finch=27,62,0,0,0,15,0,0,0
formal,77,formal=77,0,0,0,0,77,0,0,0
hive,77,hive=67; hives=10,57,2,1,0,17,0,0,0
isotope,77,isotopes=44; isotope=33,74,2,1,0,0,0,0,0
kelly,77,kelly=77,0,77,0,0,0,0,0,0
monday,77,monday=77,0,77,0,0,0,0,0,0
mouse,77,mice=45; mouse=32,72,5,0,0,0,0,0,0
security,77,security=77,76,1,0,0,0,0,0,0
smith,77,smith=72; smiths=5,4,72,1,0,0,0,0,0
sulfur,77,sulfur=77,69,8,0,0,0,0,0,0
antibiotic,76,antibiotics=44; antibiotic=32,51,0,0,0,25,0,0,0
bond,76,bonds=55; bond=18; bonded=3,70,0,6,0,0,0,0,0
capital,76,capital=74; capitals=2,76,0,0,0,0,0,0,0
crowd,76,crowded=29; crowd=28; crowds=16; crowding=3,43,0,33,0,0,0,0,0
fairly,76,fairly=76,0,0,0,0,0,76,0,0
fertilizer,76,fertilizers=41; fertilizer=35,75,0,1,0,0,0,0,0
fusion,76,fusion=76,72,4,0,0,0,0,0,0
geologist,76,geologists=69; geologist=7,76,0,0,0,0,0,0,0
golden,76,golden=76,0,10,0,0,66,0,0,0
impress,76,impressed=52; impress=16; impressing=5; impresses=3,2,0,74,0,0,0,0,0
inhabit,76,inhabited=37; inhabit=30; inhabiting=7; inhabits=2,1,0,75,0,0,0,0,0
mimic,76,mimic=51; mimicking=13; mimics=12,5,1,59,0,11,0,0,0
myself,76,myself=76,0,0,0,0,0,0,76,0
physics,76,physics=76,67,9,0,0,0,0,0,0
procedure,76,procedure=38; procedures=38,76,0,0,0,0,0,0,0
routine,76,routine=60; routines=16,55,0,1,0,20,0,0,0
sociology,76,sociology=76,76,0,0,0,0,0,0,0
specialize,76,specialized=36; specialize=21; specializing=11; specializes=8,0,0,76,0,0,0,0,0
waterfall,76,waterfalls=51; waterfall=25,73,2,0,0,1,0,0,0
adviser,75,adviser=66; advisers=9,75,0,0,0,0,0,0,0
amazon,75,amazon=75,0,75,0,0,0,0,0,0
anasazi,75,anasazi=75,0,75,0,0,0,0,0,0
basin,75,basin=59; basins=16,69,6,0,0,0,0,0,0
bottle,75,bottles=54; bottle=21,75,0,0,0,0,0,0,0
careful,75,careful=75,1,1,0,0,73,0,0,0
colleague,75,colleagues=48; colleague=27,69,6,0,0,0,0,0,0
deliver,75,deliver=34; delivered=26; delivering=10; delivers=5,0,0,75,0,0,0,0,0
dramatically,75,dramatically=75,0,0,0,0,0,75,0,0
excited,75,excited=75,0,3,0,0,72,0,0,0
flexible,75,flexible=75,0,1,0,0,74,0,0,0
forth,75,forth=75,0,0,0,0,0,72,0,3
fur,75,fur=64; furs=11,71,3,1,0,0,0,0,0
furthermore,75,furthermore=75,0,0,0,0,0,75,0,0
hang,75,hanging=33; hang=30; hung=8; hangs=4,1,0,74,0,0,0,0,0
harsh,75,harsh=71; harsher=3; harshest=1,0,0,0,0,75,0,0,0
ingredient,75,ingredients=49; ingredient=26,75,0,0,0,0,0,0,0
limb,75,limbs=64; limb=11,75,0,0,0,0,0,0,0
lunch,75,lunch=73; lunches=2,71,4,0,0,0,0,0,0
master,75,master=42; masters=29; mastered=2; mastering=2,61,0,14,0,0,0,0,0
overcome,75,overcome=59; overcoming=11; overcame=3; overcomes=2,0,0,75,0,0,0,0,0
pot,75,pots=54; pot=21,75,0,0,0,0,0,0,0
president,75,president=73; presidents=2,64,11,0,0,0,0,0,0
seven,75,seven=75,0,2,0,0,0,0,0,73
shore,75,shore=61; shores=13; shoring=1,71,3,1,0,0,0,0,0
television,75,television=70; televisions=5,74,1,0,0,0,0,0,0
titan,75,titan=75,0,75,0,0,0,0,0,0
vermeer,75,vermeer=75,0,75,0,0,0,0,0,0
william,75,william=75,0,75,0,0,0,0,0,0
accuracy,74,accuracy=74,74,0,0,0,0,0,0,0
aim,74,aim=35; aimed=17; aims=17; aiming=5,18,0,56,0,0,0,0,0
awareness,74,awareness=74,73,1,0,0,0,0,0,0
comment,74,comments=34; comment=31; commented=6; commenting=3,54,0,20,0,0,0,0,0
confident,74,confident=74,0,2,0,0,72,0,0,0
convenient,74,convenient=74,0,1,0,0,73,0,0,0
david,74,david=74,0,74,0,0,0,0,0,0
goat,74,goats=66; goat=8,71,2,1,0,0,0,0,0
ink,74,ink=56; inks=15; inked=2; inking=1,68,0,6,0,0,0,0,0
navigate,74,navigate=61; navigating=10; navigated=2; navigates=1,0,0,72,0,2,0,0,0
nuclear,74,nuclear=74,0,3,0,0,71,0,0,0
planetary,74,planetary=74,0,1,0,0,73,0,0,0
playwright,74,playwrights=39; playwright=35,74,0,0,0,0,0,0,0
recommendation,74,recommendation=50; recommendations=24,74,0,0,0,0,0,0,0
reference,74,reference=50; references=20; referenced=2; referencing=2,69,1,4,0,0,0,0,0
surplus,74,surplus=49; surpluses=25,54,0,0,0,20,0,0,0
tiger,74,tiger=39; tigers=35,61,12,1,0,0,0,0,0
atom,73,atoms=61; atom=12,72,0,1,0,0,0,0,0
authority,73,authority=49; authorities=24,72,1,0,0,0,0,0,0
ceremony,73,ceremony=43; ceremonies=30,69,4,0,0,0,0,0,0
cream,73,cream=73,70,1,1,0,1,0,0,0
evaluation,73,evaluations=42; evaluation=31,73,0,0,0,0,0,0,0
geology,73,geology=73,66,7,0,0,0,0,0,0
indigo,73,indigo=73,64,9,0,0,0,0,0,0
officer,73,officer=47; officers=26,43,30,0,0,0,0,0,0
patron,73,patrons=48; patron=25,73,0,0,0,0,0,0,0
peak,73,peak=58; peaks=9; peaked=5; peaking=1,53,11,6,0,3,0,0,0
potentially,73,potentially=73,0,0,0,0,0,73,0,0
pursue,73,pursue=36; pursuing=26; pursued=9; pursues=2,0,0,73,0,0,0,0,0
sequence,73,sequence=49; sequences=20; sequencing=4,66,1,6,0,0,0,0,0
stimulus,73,stimuli=37; stimulus=36,73,0,0,0,0,0,0,0
strip,73,strip=31; strips=21; stripped=12; stripping=5; striped=3; striping=1,43,2,28,0,0,0,0,0
sugar,73,sugar=59; sugars=14,72,1,0,0,0,0,0,0
airport,72,airport=47; airports=25,69,3,0,0,0,0,0,0
anthropology,72,anthropology=72,68,4,0,0,0,0,0,0
capacity,72,capacity=63; capacities=9,72,0,0,0,0,0,0,0
flooding,72,flooding=72,71,1,0,0,0,0,0,0
harvesting,72,harvesting=72,72,0,0,0,0,0,0,0
heart,72,heart=63; hearts=9,71,1,0,0,0,0,0,0
hotel,72,hotel=57; hotels=15,66,6,0,0,0,0,0,0
jellyfish,72,jellyfish=72,13,28,7,0,24,0,0,0
journey,72,journey=63; journeys=9,69,3,0,0,0,0,0,0
monolog,72,monolog=72,72,0,0,0,0,0,0,0
motivate,72,motivated=33; motivate=26; motivating=7; motivates=6,1,0,71,0,0,0,0,0
printing,72,printing=72,71,1,0,0,0,0,0,0
quiet,72,quiet=71; quieted=1,0,1,1,0,70,0,0,0
sailor,72,sailors=69; sailor=3,72,0,0,0,0,0,0,0
signature,72,signature=56; signatures=16,72,0,0,0,0,0,0,0
spacecraft,72,spacecraft=70; spacecrafts=2,72,0,0,0,0,0,0,0
stability,72,stability=72,70,2,0,0,0,0,0,0
tie,72,tied=36; ties=30; tie=6,27,0,45,0,0,0,0,0
timing,72,timing=70; timings=2,71,1,0,0,0,0,0,0
tough,72,tough=67; tougher=3; toughest=2,0,1,0,0,68,3,0,0
weathering,72,weathering=72,68,3,0,0,1,0,0,0
welcome,72,welcome=66; welcomed=3; welcoming=2; welcomes=1,5,1,40,0,21,0,0,5
ages,71,ages=71,0,71,0,0,0,0,0,0
amazing,71,amazing=71,0,0,0,0,71,0,0,0
barley,71,barley=71,64,7,0,0,0,0,0,0
budget,71,budget=67; budgets=2; budgeted=1; budgeting=1,66,0,5,0,0,0,0,0
cattle,71,cattle=71,71,0,0,0,0,0,0,0
circumstance,71,circumstances=62; circumstance=9,71,0,0,0,0,0,0,0
convey,71,convey=47; conveyed=11; conveying=8; conveys=5,0,0,71,0,0,0,0,0
disperse,71,dispersed=33; disperse=26; dispersing=10; disperses=2,3,0,68,0,0,0,0,0
elaborate,71,elaborate=69; elaborates=1; elaborating=1,1,1,8,0,61,0,0,0
independently,71,independently=71,0,0,0,0,0,71,0,0
influential,71,influential=71,0,0,0,0,71,0,0,0
interfere,71,interfere=46; interfered=10; interfering=8; interferes=7,1,0,70,0,0,0,0,0
mask,71,masks=33; mask=32; masked=3; masking=3,62,3,6,0,0,0,0,0
moreover,71,moreover=71,0,0,0,0,0,71,0,0
neighbor,71,neighbors=52; neighbor=10; neighboring=9,61,1,9,0,0,0,0,0
orchestra,71,orchestra=59; orchestras=12,65,6,0,0,0,0,0,0
pre,71,pre=71,3,17,4,0,46,0,0,1
precipitation,71,precipitation=71,71,0,0,0,0,0,0,0
printer,71,printer=61; printers=10,69,2,0,0,0,0,0,0
reduction,71,reduction=64; reductions=7,68,3,0,0,0,0,0,0
relevant,71,relevant=71,0,0,0,0,71,0,0,0
saturday,71,saturday=71,0,71,0,0,0,0,0,0
shade,71,shade=38; shades=19; shaded=10; shading=4,50,0,21,0,0,0,0,0
substantial,71,substantial=71,1,1,0,0,69,0,0,0
sustainable,71,sustainable=71,0,0,0,0,71,0,0,0
vacation,71,vacation=59; vacations=12,71,0,0,0,0,0,0,0
canvas,70,canvas=60; canvases=10,65,4,1,0,0,0,0,0
coat,70,coat=35; coats=16; coated=15; coating=4,48,0,22,0,0,0,0,0
code,70,code=56; codes=14,69,0,1,0,0,0,0,0
dinner,70,dinner=70,68,2,0,0,0,0,0,0
dye,70,dye=38; dyes=25; dyed=7,62,1,7,0,0,0,0,0
facilitate,70,facilitate=28; facilitated=20; facilitating=18; facilitates=4,8,0,62,0,0,0,0,0
fascinating,70,fascinating=70,1,1,0,0,68,0,0,0
intensity,70,intensity=63; intensities=7,70,0,0,0,0,0,0,0
kangaroo,70,kangaroo=56; kangaroos=14,33,35,0,0,2,0,0,0
lunar,70,lunar=70,1,1,0,0,68,0,0,0
parasite,70,parasites=44; parasite=26,68,0,1,0,1,0,0,0
plane,70,plane=51; planes=19,70,0,0,0,0,0,0,0
reverse,70,reverse=39; reversed=17; reverses=8; reversing=6,4,0,59,0,7,0,0,0
spore,70,spores=65; spore=5,65,0,3,0,2,0,0,0
stock,70,stock=52; stocks=13; stocked=3; stocking=2,58,1,11,0,0,0,0,0
tern,70,terns=55; tern=15,61,2,2,0,5,0,0,0
ultimately,70,ultimately=70,0,0,0,0,0,70,0,0
user,70,users=43; user=27,68,2,0,0,0,0,0,0
voice,70,voice=51; voices=17; voiced=1; voicing=1,65,0,5,0,0,0,0,0
wash,70,washed=31; wash=27; washing=9; washes=3,6,7,57,0,0,0,0,0
accomplish,69,accomplish=40; accomplished=22; accomplishing=4; accomplishes=3,1,0,66,0,2,0,0,0
anymore,69,anymore=69,0,0,0,0,0,69,0,0
asian,69,asian=69,2,2,0,0,65,0,0,0
bacterium,69,bacterium=69,69,0,0,0,0,0,0,0
besides,69,besides=69,0,0,0,0,0,24,0,45
bumblebee,69,bumblebees=51; bumblebee=18,67,1,1,0,0,0,0,0
calendar,69,calendar=47; calendars=22,69,0,0,0,0,0,0,0
deeply,69,deeply=37; deeper=32,0,0,0,0,0,69,0,0
dependent,69,dependent=68; dependents=1,3,0,0,0,66,0,0,0
is,69,is=69,0,0,0,0,0,69,0,0
lung,69,lungs=52; lung=17,68,1,0,0,0,0,0,0
mission,69,mission=39; missions=30,69,0,0,0,0,0,0,0
nectar,69,nectar=68; nectars=1,47,21,0,0,1,0,0,0
partner,69,partner=38; partners=29; partnered=2,60,0,9,0,0,0,0,0
predation,69,predation=69,68,0,1,0,0,0,0,0
realism,69,realism=69,60,9,0,0,0,0,0,0
restrict,69,restricted=44; restrict=17; restricting=6; restricts=2,1,0,68,0,0,0,0,0
scenario,69,scenario=37; scenarios=32,69,0,0,0,0,0,0,0
seawater,69,seawater=69,69,0,0,0,0,0,0,0
tomb,69,tombs=41; tomb=28,68,1,0,0,0,0,0,0
unknown,69,unknown=69,0,0,0,0,69,0,0,0
vital,69,vital=69,0,0,0,0,69,0,0,0
warn,69,warn=54; warning=9; warns=5; warned=1,0,0,69,0,0,0,0,0
cooking,68,cooking=68,64,4,0,0,0,0,0,0
diamond,68,diamonds=56; diamond=12,63,3,2,0,0,0,0,0
domesticated,68,domesticated=68,0,1,0,0,67,0,0,0
earthquake,68,earthquakes=46; earthquake=22,68,0,0,0,0,0,0,0
fashion,68,fashion=59; fashions=6; fashioned=3,63,0,5,0,0,0,0,0
gray,68,gray=66; grays=2,5,6,2,0,55,0,0,0
instructor,68,instructor=39; instructors=29,68,0,0,0,0,0,0,0
pepper,68,peppered=39; pepper=19; peppers=10,29,0,39,0,0,0,0,0
primitive,68,primitive=68,0,0,0,0,68,0,0,0
queen,68,queen=65; queens=3,39,17,0,0,12,0,0,0
sixteenth,68,sixteenth=68,0,1,0,0,67,0,0,0
t,68,t=68,49,19,0,0,0,0,0,0
thomas,68,thomas=68,0,68,0,0,0,0,0,0
truth,68,truth=60; truths=8,67,1,0,0,0,0,0,0
van,68,van=67; vans=1,3,65,0,0,0,0,0,0
worm,68,worms=44; worm=24,65,0,3,0,0,0,0,0
ad,67,ad=38; ads=29,64,3,0,0,0,0,0,0
afford,67,afford=64; afforded=3,0,0,67,0,0,0,0,0
antarctica,67,antarctica=67,0,67,0,0,0,0,0,0
bias,67,bias=51; biases=10; biased=6,54,6,7,0,0,0,0,0
channel,67,channels=50; channel=15; channeled=1; channeling=1,59,6,2,0,0,0,0,0
coloration,67,coloration=67,65,2,0,0,0,0,0,0
conserve,67,conserve=52; conserving=9; conserved=3; conserves=3,1,0,66,0,0,0,0,0
cue,67,cues=58; cue=8; cued=1,66,0,1,0,0,0,0,0
digest,67,digest=45; digested=14; digesting=8,4,1,60,0,2,0,0,0
e,67,e=66; ing=1,49,14,3,0,0,0,0,1
editor,67,editor=45; editors=22,67,0,0,0,0,0,0,0
environmentally,67,environmentally=67,0,0,0,0,0,67,0,0
furniture,67,furniture=67,66,1,0,0,0,0,0,0
grocery,67,grocery=50; groceries=17,67,0,0,0,0,0,0,0
himself,67,himself=67,0,0,0,0,0,0,67,0
launch,67,launch=30; launched=20; launching=11; launches=6,22,0,45,0,0,0,0,0
mouth,67,mouth=57; mouths=10,67,0,0,0,0,0,0,0
paleolithic,67,paleolithic=67,0,39,0,0,28,0,0,0
podcast,67,podcast=66; podcasts=1,66,0,0,0,1,0,0,0
recall,67,recall=55; recalling=6; recalls=4; recalled=2,6,0,60,0,1,0,0,0
reinforce,67,reinforce=36; reinforced=16; reinforcing=10; reinforces=5,1,0,66,0,0,0,0,0
sharp,67,sharp=60; sharper=7,0,0,0,0,66,1,0,0
skilled,67,skilled=67,0,0,0,0,67,0,0,0
traditionally,67,traditionally=67,0,1,0,0,0,66,0,0
absolutely,66,absolutely=66,0,0,0,0,0,66,0,0
astronomical,66,astronomical=66,0,3,0,0,63,0,0,0
carbonate,66,carbonate=59; carbonates=6; carbonated=1,61,3,1,0,1,0,0,0
clue,66,clues=47; clue=19,65,0,1,0,0,0,0,0
cook,66,cook=31; cooking=21; cooked=8; cooks=6,7,7,52,0,0,0,0,0
double,66,double=42; doubled=18; doubling=4; doubles=2,0,2,29,0,29,4,0,2
equal,66,equal=59; equals=6; equaled=1,3,0,5,0,58,0,0,0
fertile,66,fertile=66,0,26,0,0,38,2,0,0
festival,66,festival=49; festivals=17,61,5,0,0,0,0,0,0
girl,66,girl=55; girls=11,61,5,0,0,0,0,0,0
inca,66,inca=65; incas=1,2,64,0,0,0,0,0,0
laptop,66,laptop=58; laptops=8,66,0,0,0,0,0,0,0
manuscript,66,manuscript=40; manuscripts=26,66,0,0,0,0,0,0,0
motivation,66,motivation=56; motivations=10,64,2,0,0,0,0,0,0
occasionally,66,occasionally=66,0,0,0,0,0,66,0,0
piano,66,piano=61; pianos=5,66,0,0,0,0,0,0,0
prairie,66,prairie=42; prairies=24,27,0,0,0,39,0,0,0
psychological,66,psychological=66,0,1,0,0,65,0,0,0
resistant,66,resistant=66,0,0,0,0,66,0,0,0
rocket,66,rocket=49; rockets=16; rocketed=1,62,3,1,0,0,0,0,0
snack,66,snacks=39; snack=27,64,2,0,0,0,0,0,0
spanish,66,spanish=66,0,26,0,0,40,0,0,0
taxis,66,taxes=65; taxis=1,65,1,0,0,0,0,0,0
tube,66,tube=42; tubes=24,66,0,0,0,0,0,0,0
vasari,66,vasari=66,0,65,0,0,1,0,0,0
advancement,65,advancements=53; advancement=12,65,0,0,0,0,0,0,0
attribute,65,attributed=35; attributes=17; attribute=9; attributing=4,12,0,53,0,0,0,0,0
australian,65,australian=65,0,0,0,0,65,0,0,0
brother,65,brother=58; brothers=7,65,0,0,0,0,0,0,0
carving,65,carvings=42; carving=23,65,0,0,0,0,0,0,0
charcoal,65,charcoal=65,64,0,0,0,1,0,0,0
costly,65,costly=64; costlier=1,0,1,0,0,64,0,0,0
draft,65,draft=52; drafts=6; drafted=4; drafting=3,57,0,8,0,0,0,0,0
efficiently,65,efficiently=65,0,0,0,0,0,65,0,0
electrical,65,electrical=65,0,0,0,0,65,0,0,0
elite,65,elite=52; elites=13,40,0,0,0,25,0,0,0
equally,65,equally=65,0,0,0,0,0,65,0,0
gupta,65,gupta=65,0,65,0,0,0,0,0,0
hemisphere,65,hemisphere=64; hemispheres=1,38,26,1,0,0,0,0,0
india,65,india=65,0,65,0,0,0,0,0,0
lionfish,65,lionfish=65,42,7,0,0,16,0,0,0
neither,65,neither=65,0,1,0,0,0,0,0,64
party,65,party=49; parties=16,61,4,0,0,0,0,0,0
patch,65,patches=42; patch=22; patching=1,64,0,1,0,0,0,0,0
pleistocene,65,pleistocene=65,0,61,0,0,4,0,0,0
poisonous,65,poisonous=65,0,0,0,0,65,0,0,0
promise,65,promise=32; promising=16; promised=11; promises=6,26,0,39,0,0,0,0,0
properly,65,properly=65,0,0,0,0,0,65,0,0
registration,65,registration=64; registrations=1,60,4,0,0,1,0,0,0
rid,65,rid=42; riding=20; rides=3,0,0,62,0,3,0,0,0
suburb,65,suburbs=56; suburb=9,65,0,0,0,0,0,0,0
wheel,65,wheel=44; wheels=17; wheeled=4,53,6,4,0,2,0,0,0
accessible,64,accessible=64,0,0,0,0,64,0,0,0
battery,64,battery=33; batteries=31,64,0,0,0,0,0,0,0
blade,64,blades=48; blade=16,64,0,0,0,0,0,0,0
cite,64,cite=38; cited=12; citing=8; cites=6,0,0,64,0,0,0,0,0
climatic,64,climatic=64,0,0,0,0,64,0,0,0
consumption,64,consumption=64,60,4,0,0,0,0,0,0
digestive,64,digestive=64,3,0,0,0,61,0,0,0
disrupt,64,disrupt=22; disrupted=22; disrupting=13; disrupts=7,1,0,61,0,2,0,0,0
echinoderm,64,echinoderms=54; echinoderm=10,62,1,0,0,1,0,0,0
emission,64,emissions=55; emission=9,63,1,0,0,0,0,0,0
germany,64,germany=64,0,64,0,0,0,0,0,0
graduation,64,graduation=64,62,2,0,0,0,0,0,0
implication,64,implications=62; implication=2,64,0,0,0,0,0,0,0
left,64,left=64,21,0,0,0,43,0,0,0
lo,64,lo=64,2,60,0,0,0,0,2,0
neolithic,64,neolithic=64,0,23,0,0,41,0,0,0
pack,64,pack=30; packed=27; packs=5; packing=2,24,1,39,0,0,0,0,0
psychologist,64,psychologists=48; psychologist=16,64,0,0,0,0,0,0,0
rotation,64,rotation=60; rotations=4,64,0,0,0,0,0,0,0
sail,64,sail=34; sails=13; sailed=10; sailing=7,22,0,42,0,0,0,0,0
screen,64,screen=43; screens=18; screening=2; screened=1,60,0,4,0,0,0,0,0
sick,64,sick=64,2,0,0,0,62,0,0,0
thread,64,thread=51; threads=13,64,0,0,0,0,0,0,0
universal,64,universal=49; universals=15,15,3,0,0,46,0,0,0
yucca,64,yucca=64,6,43,0,0,15,0,0,0
approximately,63,approximately=63,0,0,0,0,0,63,0,0
bacterial,63,bacterial=63,0,1,0,0,62,0,0,0
bubble,63,bubbles=39; bubble=22; bubbling=2,55,0,8,0,0,0,0,0
chocolate,63,chocolate=56; chocolates=7,60,1,2,0,0,0,0,0
climb,63,climb=33; climbing=18; climbed=8; climbs=4,8,0,55,0,0,0,0,0
confuse,63,confused=27; confuse=23; confusing=11; confuses=2,3,0,60,0,0,0,0,0
criticism,63,criticism=55; criticisms=8,62,1,0,0,0,0,0,0
crystal,63,crystals=48; crystal=15,57,6,0,0,0,0,0,0
embryo,63,embryos=36; embryo=27,62,1,0,0,0,0,0,0
exoplanet,63,exoplanets=40; exoplanet=23,58,3,0,0,2,0,0,0
false,63,false=63,0,0,0,0,63,0,0,0
fundamental,63,fundamental=57; fundamentals=6,6,0,0,0,57,0,0,0
glue,63,glue=43; glues=11; glued=9,45,2,16,0,0,0,0,0
greeks,63,greeks=63,0,63,0,0,0,0,0,0
grind,63,grinding=39; grind=18; ground=6,0,0,63,0,0,0,0,0
immediate,63,immediate=63,1,0,0,0,62,0,0,0
juvenile,63,juvenile=57; juveniles=6,7,2,0,0,54,0,0,0
medicine,63,medicine=56; medicines=7,57,6,0,0,0,0,0,0
philosopher,63,philosopher=36; philosophers=27,62,0,0,0,1,0,0,0
pit,63,pit=43; pits=15; pitted=5,39,17,7,0,0,0,0,0
portion,63,portion=44; portions=19,63,0,0,0,0,0,0,0
producer,63,producers=42; producer=21,62,1,0,0,0,0,0,0
resolve,63,resolve=40; resolved=14; resolving=8; resolves=1,0,0,63,0,0,0,0,0
settler,63,settlers=62; settler=1,63,0,0,0,0,0,0,0
shopping,63,shopping=63,63,0,0,0,0,0,0,0
tapestry,63,tapestries=44; tapestry=19,63,0,0,0,0,0,0,0
tendency,63,tendency=56; tendencies=7,63,0,0,0,0,0,0,0
toad,63,toad=36; toads=27,61,2,0,0,0,0,0,0
tower,63,towers=34; tower=25; towering=4,53,5,5,0,0,0,0,0
trust,63,trust=54; trusted=5; trusting=2; trusts=2,33,2,28,0,0,0,0,0
worldwide,63,worldwide=63,0,0,0,0,9,54,0,0
afraid,62,afraid=62,0,2,0,0,60,0,0,0
agreement,62,agreement=54; agreements=8,62,0,0,0,0,0,0,0
angle,62,angle=32; angles=29; angled=1,59,0,3,0,0,0,0,0
award,62,award=26; awards=19; awarded=15; awarding=2,38,5,19,0,0,0,0,0
bag,62,bags=47; bag=15,62,0,0,0,0,0,0,0
belt,62,belt=44; belts=18,50,12,0,0,0,0,0,0
bite,62,biting=24; bite=23; bites=12; bitten=3,15,1,46,0,0,0,0,0
candidate,62,candidates=34; candidate=28,62,0,0,0,0,0,0,0
colored,62,colored=62,0,1,0,0,61,0,0,0
cone,62,cones=40; cone=22,61,1,0,0,0,0,0,0
discourage,62,discourage=38; discouraged=18; discourages=4; discouraging=2,5,0,57,0,0,0,0,0
disk,62,disk=47; disks=15,62,0,0,0,0,0,0,0
division,62,division=45; divisions=17,59,3,0,0,0,0,0,0
flourish,62,flourished=34; flourish=23; flourishing=4; flourishes=1,1,0,60,0,1,0,0,0
furnace,62,furnaces=38; furnace=24,61,1,0,0,0,0,0,0
indoor,62,indoor=37; indoors=25,25,0,0,0,37,0,0,0
instal,62,installed=36; installing=25; instaling=1,0,0,62,0,0,0,0,0
jewelry,62,jewelry=62,62,0,0,0,0,0,0,0
molten,62,molten=62,2,1,1,0,58,0,0,0
penguin,62,penguins=45; penguin=17,58,2,2,0,0,0,0,0
scan,62,scan=35; scanning=11; scans=11; scanned=5,15,5,34,0,8,0,0,0
spain,62,spain=62,0,62,0,0,0,0,0,0
supercritical,62,supercritical=62,0,3,0,0,59,0,0,0
tech,62,tech=62,55,4,0,0,2,1,0,0
temple,62,temples=39; temple=23,55,7,0,0,0,0,0,0
termite,62,termites=36; termite=26,41,17,0,0,4,0,0,0
therapy,62,therapy=56; therapies=6,60,2,0,0,0,0,0,0
tidal,62,tidal=62,1,0,0,0,61,0,0,0
wanna,62,wanna=62,2,3,57,0,0,0,0,0
ways,62,ways=62,0,62,0,0,0,0,0,0
cache,61,cache=26; caches=14; cached=11; caching=10,33,4,24,0,0,0,0,0
cafeteria,61,cafeteria=60; cafeterias=1,59,2,0,0,0,0,0,0
controversial,61,controversial=61,1,0,0,0,60,0,0,0
external,61,external=61,0,0,0,0,61,0,0,0
groundwater,61,groundwater=61,60,1,0,0,0,0,0,0
ireland,61,ireland=61,0,61,0,0,0,0,0,0
kitchen,61,kitchen=58; kitchens=3,61,0,0,0,0,0,0,0
load,61,load=36; loads=15; loaded=8; loading=2,47,0,14,0,0,0,0,0
luxury,61,luxury=53; luxuries=8,61,0,0,0,0,0,0,0
martian,61,martian=60; martians=1,1,3,0,0,57,0,0,0
obstacle,61,obstacles=46; obstacle=15,61,0,0,0,0,0,0,0
peasant,61,peasants=47; peasant=14,59,2,0,0,0,0,0,0
pleased,61,pleased=61,0,1,0,0,60,0,0,0
preservation,61,preservation=61,56,5,0,0,0,0,0,0
rehearsal,61,rehearsal=40; rehearsals=21,59,1,1,0,0,0,0,0
resume,61,resume=51; resumes=8; resumed=2,57,0,4,0,0,0,0,0
ride,61,ride=49; rides=10; ridden=1; rode=1,34,0,27,0,0,0,0,0
singer,61,singers=47; singer=14,61,0,0,0,0,0,0,0
tea,61,tea=58; teas=3,60,1,0,0,0,0,0,0
troubadour,61,troubadour=32; troubadours=29,53,2,3,0,2,0,0,1
tv,61,tv=60; tvs=1,57,4,0,0,0,0,0,0
yoga,61,yoga=61,59,2,0,0,0,0,0,0
accident,60,accidents=36; accident=24,60,0,0,0,0,0,0,0
approve,60,approved=32; approve=22; approves=5; approving=1,1,0,59,0,0,0,0,0
california,60,california=60,0,60,0,0,0,0,0,0
cereal,60,cereal=30; cereals=30,53,0,1,0,6,0,0,0
cetacean,60,cetaceans=49; cetacean=11,49,0,0,0,11,0,0,0
client,60,clients=31; client=29,59,1,0,0,0,0,0,0
contest,60,contest=47; contests=11; contested=2,56,1,3,0,0,0,0,0
continuous,60,continuous=60,1,5,0,0,54,0,0,0
dome,60,dome=38; domes=21; domed=1,59,0,1,0,0,0,0,0
drawback,60,drawbacks=43; drawback=17,60,0,0,0,0,0,0,0
entrance,60,entrance=49; entrances=11,59,1,0,0,0,0,0,0
favorable,60,favorable=60,0,0,0,0,60,0,0,0
highway,60,highways=36; highway=24,59,0,0,0,1,0,0,0
incentive,60,incentive=35; incentives=25,58,1,1,0,0,0,0,0
lock,60,locked=27; lock=18; locks=14; locking=1,22,0,38,0,0,0,0,0
loud,60,loud=54; louder=6,0,0,0,0,55,5,0,0
maize,60,maize=60,52,5,3,0,0,0,0,0
manner,60,manner=54; manners=6,60,0,0,0,0,0,0,0
pore,60,pores=54; pore=6,52,0,2,0,6,0,0,0
prediction,60,predictions=41; prediction=19,60,0,0,0,0,0,0,0
prior,60,prior=60,0,1,0,0,18,41,0,0
snail,60,snail=31; snails=29,59,1,0,0,0,0,0,0
somehow,60,somehow=60,0,0,0,0,0,60,0,0
sunspot,60,sunspots=35; sunspot=25,59,1,0,0,0,0,0,0
texture,60,texture=44; textures=14; textured=2,58,0,2,0,0,0,0,0
tunnel,60,tunnels=30; tunnel=29; tunneling=1,56,0,4,0,0,0,0,0
weed,60,weeds=30; weed=26; weeding=3; weeded=1,54,1,5,0,0,0,0,0
abundance,59,abundance=57; abundances=2,59,0,0,0,0,0,0,0
app,59,app=43; apps=16,55,4,0,0,0,0,0,0
architectural,59,architectural=59,0,1,0,0,58,0,0,0
arrival,59,arrival=56; arrivals=3,58,1,0,0,0,0,0,0
artisan,59,artisans=52; artisan=7,52,2,0,0,5,0,0,0
aside,59,aside=59,1,0,0,0,0,51,0,7
conventional,59,conventional=59,0,0,0,0,59,0,0,0
cosmic,59,cosmic=59,0,1,0,0,58,0,0,0
countryside,59,countryside=59,59,0,0,0,0,0,0,0
da,59,da=59,0,59,0,0,0,0,0,0
eight,59,eight=57; eights=2,2,0,0,0,0,0,0,57
equator,59,equator=59,57,2,0,0,0,0,0,0
gap,59,gap=35; gaps=24,57,1,1,0,0,0,0,0
geography,59,geography=59,56,3,0,0,0,0,0,0
heating,59,heating=59,59,0,0,0,0,0,0,0
marsupial,59,marsupials=44; marsupial=15,46,0,2,0,11,0,0,0
mixture,59,mixture=55; mixtures=4,59,0,0,0,0,0,0,0
neighborhood,59,neighborhood=33; neighborhoods=26,59,0,0,0,0,0,0,0
owl,59,owl=37; owls=22,55,1,0,0,3,0,0,0
performer,59,performers=49; performer=10,59,0,0,0,0,0,0,0
rembrandt,59,rembrandt=59,2,57,0,0,0,0,0,0
shot,59,shots=30; shot=29,59,0,0,0,0,0,0,0
surprisingly,59,surprisingly=59,0,2,0,0,0,57,0,0
weevil,59,weevil=32; weevils=27,52,1,0,0,6,0,0,0
achebe,58,achebe=58,0,58,0,0,0,0,0,0
beauty,58,beauty=57; beauties=1,58,0,0,0,0,0,0,0
carp,58,carp=58,56,0,1,0,1,0,0,0
committee,58,committee=54; committees=4,49,9,0,0,0,0,0,0
contradict,58,contradict=23; contradicts=19; contradicted=12; contradicting=4,0,0,58,0,0,0,0,0
derive,58,derived=49; derive=6; derives=2; deriving=1,0,0,57,0,1,0,0,0
evaporate,58,evaporates=21; evaporated=17; evaporate=13; evaporating=7,0,0,58,0,0,0,0,0
foundation,58,foundation=44; foundations=14,50,8,0,0,0,0,0,0
infection,58,infection=35; infections=23,57,1,0,0,0,0,0,0
infrastructure,58,infrastructure=57; infrastructures=1,57,1,0,0,0,0,0,0
leadership,58,leadership=58,55,3,0,0,0,0,0,0
modernist,58,modernist=57; modernists=1,8,9,0,0,41,0,0,0
nor,58,nor=58,0,0,0,0,0,0,0,58
octopus,58,octopus=39; octopuses=19,53,5,0,0,0,0,0,0
parental,58,parental=58,0,3,0,0,55,0,0,0
pocket,58,pockets=35; pocket=23,54,4,0,0,0,0,0,0
radiocarbon,58,radiocarbon=58,45,11,2,0,0,0,0,0
recipe,58,recipes=35; recipe=23,58,0,0,0,0,0,0,0
regardless,58,regardless=58,0,0,0,0,0,58,0,0
replicate,58,replicate=39; replicating=10; replicated=8; replicates=1,0,0,58,0,0,0,0,0
rotate,58,rotating=28; rotate=15; rotates=13; rotated=2,2,0,56,0,0,0,0,0
smooth,58,smooth=50; smoothed=4; smoother=3; smoothing=1,2,0,5,0,51,0,0,0
super,58,super=58,6,4,0,0,23,25,0,0
trail,58,trail=29; trails=28; trailing=1,52,4,2,0,0,0,0,0
truly,58,truly=58,0,0,0,0,0,58,0,0
acknowledge,57,acknowledge=36; acknowledged=16; acknowledges=3; acknowledging=2,0,0,57,0,0,0,0,0
alaska,57,alaska=57,0,57,0,0,0,0,0,0
bark,57,bark=57,53,4,0,0,0,0,0,0
cash,57,cash=57,57,0,0,0,0,0,0,0
definition,57,definition=49; definitions=8,57,0,0,0,0,0,0,0
dimensional,57,dimensional=57,0,0,0,0,57,0,0,0
disc,57,disc=52; discs=5,35,21,1,0,0,0,0,0
distinction,57,distinction=37; distinctions=20,56,1,0,0,0,0,0,0
dryas,57,dryas=57,2,55,0,0,0,0,0,0
experimental,57,experimental=57,1,6,0,0,50,0,0,0
exploit,57,exploit=33; exploited=17; exploiting=5; exploits=2,5,1,51,0,0,0,0,0
exploration,57,exploration=47; explorations=10,57,0,0,0,0,0,0,0
finance,57,finance=32; finances=16; financed=8; financing=1,36,1,20,0,0,0,0,0
foster,57,foster=23; fostering=15; fostered=10; fosters=9,3,3,46,0,5,0,0,0
frozen,57,frozen=57,0,0,0,0,57,0,0,0
hormone,57,hormone=45; hormones=12,55,2,0,0,0,0,0,0
insulation,57,insulation=57,53,4,0,0,0,0,0,0
integrate,57,integrating=25; integrate=16; integrated=13; integrates=3,1,0,56,0,0,0,0,0
latitude,57,latitudes=44; latitude=13,56,0,0,0,1,0,0,0
metabolic,57,metabolic=57,40,6,0,0,11,0,0,0
offshore,57,offshore=56; offshored=1,0,6,1,0,41,9,0,0
parallel,57,parallel=53; parallels=4,7,0,3,0,47,0,0,0
photographer,57,photographers=39; photographer=18,57,0,0,0,0,0,0,0
precisely,57,precisely=57,0,0,0,0,0,57,0,0
profitable,57,profitable=57,0,0,0,0,57,0,0,0
royal,57,royal=57,0,15,0,0,42,0,0,0
span,57,span=32; spans=12; spanning=8; spanned=5,35,0,22,0,0,0,0,0
tuna,57,tuna=52; tunas=5,35,21,1,0,0,0,0,0
universe,57,universe=56; universes=1,55,2,0,0,0,0,0,0
washington,57,washington=57,0,57,0,0,0,0,0,0
whenever,57,whenever=57,0,0,0,0,0,0,0,57
wool,57,wool=56; wools=1,54,3,0,0,0,0,0,0
arm,56,arms=44; arm=11; armed=1,55,0,1,0,0,0,0,0
circular,56,circular=56,0,0,0,0,56,0,0,0
consideration,56,consideration=40; considerations=16,56,0,0,0,0,0,0,0
convincing,56,convincing=56,4,3,0,0,49,0,0,0
counter,56,counter=53; countered=2; counters=1,45,1,7,0,2,1,0,0
effectiveness,56,effectiveness=56,56,0,0,0,0,0,0,0
expectation,56,expectations=44; expectation=12,56,0,0,0,0,0,0,0
inland,56,inland=56,8,5,2,0,26,15,0,0
lisa,56,lisa=56,3,53,0,0,0,0,0,0
michelangelo,56,michelangelo=56,0,56,0,0,0,0,0,0
port,56,port=33; ports=23,53,3,0,0,0,0,0,0
quantum,56,quantum=56,25,19,0,0,12,0,0,0
rainforest,56,rainforest=46; rainforests=10,49,2,0,0,5,0,0,0
scatter,56,scattered=32; scatter=11; scattering=11; scatters=2,4,0,52,0,0,0,0,0
seriously,56,seriously=56,0,0,0,0,0,56,0,0
shed,56,shed=32; sheds=15; shedding=9,10,0,45,0,1,0,0,0
string,56,string=25; strings=23; strung=5; stringed=3,47,0,9,0,0,0,0,0
tutoring,56,tutoring=56,54,2,0,0,0,0,0,0
weakness,56,weakness=28; weaknesses=28,56,0,0,0,0,0,0,0
whistle,56,whistles=36; whistle=13; whistling=7,43,0,8,0,5,0,0,0
breathe,55,breathe=38; breathing=12; breathed=3; breathes=2,2,0,50,0,3,0,0,0
brush,55,brush=38; brushes=10; brushing=6; brushed=1,41,0,14,0,0,0,0,0
bulb,55,bulbs=46; bulb=9,52,3,0,0,0,0,0,0
cage,55,cage=36; cages=17; caged=2,28,25,2,0,0,0,0,0
colonist,55,colonists=54; colonist=1,55,0,0,0,0,0,0,0
dorset,55,dorset=55,0,45,0,0,10,0,0,0
fear,55,fear=43; fears=6; feared=4; fearing=2,39,1,15,0,0,0,0,0
geometric,55,geometric=53; geometrics=2,2,0,0,0,53,0,0,0
inspiration,55,inspiration=54; inspirations=1,55,0,0,0,0,0,0,0
mainland,55,mainland=55,51,1,0,0,3,0,0,0
maple,55,maple=46; maples=9,37,18,0,0,0,0,0,0
mobile,55,mobile=54; mobiles=1,1,2,0,0,52,0,0,0
monument,55,monuments=31; monument=24,51,4,0,0,0,0,0,0
praise,55,praise=34; praised=11; praises=6; praising=4,18,0,37,0,0,0,0,0
protective,55,protective=55,0,0,0,0,55,0,0,0
radioactive,55,radioactive=55,0,1,0,0,54,0,0,0
richard,55,richard=54; richards=1,1,54,0,0,0,0,0,0
scent,55,scent=53; scenting=1; scents=1,44,2,1,0,8,0,0,0
steady,55,steady=51; steadier=4,0,1,1,0,53,0,0,0
stripe,55,stripes=55,55,0,0,0,0,0,0,0
succeed,55,succeed=29; succeeded=20; succeeding=5; succeeds=1,0,0,55,0,0,0,0,0
superior,55,superior=55,0,1,0,0,54,0,0,0
tip,55,tips=28; tip=19; tipped=7; tipping=1,42,0,13,0,0,0,0,0
unusually,55,unusually=55,0,0,0,0,0,55,0,0
upward,55,upward=54; upwards=1,1,0,0,0,16,38,0,0
venice,55,venice=55,0,55,0,0,0,0,0,0
workplace,55,workplace=43; workplaces=12,51,0,0,0,4,0,0,0
archaeopteryx,54,archaeopteryx=54,0,54,0,0,0,0,0,0
biodiversity,54,biodiversity=54,53,1,0,0,0,0,0,0
burrow,54,burrows=27; burrow=16; burrowing=6; burrowed=5,36,0,18,0,0,0,0,0
buyer,54,buyers=40; buyer=14,54,0,0,0,0,0,0,0
cement,54,cement=48; cemented=6,46,1,7,0,0,0,0,0
cichlid,54,cichlid=34; cichlids=20,42,0,0,0,12,0,0,0
competitor,54,competitors=42; competitor=12,54,0,0,0,0,0,0,0
contribution,54,contribution=29; contributions=25,54,0,0,0,0,0,0,0
decompose,54,decompose=21; decomposing=13; decomposed=11; decomposes=9,3,0,48,0,3,0,0,0
decorative,54,decorative=54,0,1,0,0,53,0,0,0
drill,54,drill=31; drilled=11; drilling=8; drills=4,20,0,34,0,0,0,0,0
flexibility,54,flexibility=54,54,0,0,0,0,0,0,0
gardening,54,gardening=54,51,3,0,0,0,0,0,0
installation,54,installation=43; installations=11,54,0,0,0,0,0,0,0
intensive,54,intensive=54,0,1,0,0,53,0,0,0
journalism,54,journalism=54,51,3,0,0,0,0,0,0
negatively,54,negatively=54,0,0,0,0,0,54,0,0
outdoors,54,outdoors=54,0,5,0,0,1,48,0,0
phoenician,54,phoenician=46; phoenicians=8,8,4,0,0,42,0,0,0
renewable,54,renewable=54,0,0,0,0,54,0,0,0
robot,54,robots=29; robot=25,52,2,0,0,0,0,0,0
roll,54,roll=28; rolled=16; rolling=6; rolls=4,16,2,36,0,0,0,0,0
ruin,54,ruins=24; ruin=13; ruined=13; ruining=4,22,8,24,0,0,0,0,0
sahara,54,sahara=54,1,53,0,0,0,0,0,0
squirrel,54,squirrels=29; squirrel=25,46,6,2,0,0,0,0,0
swimming,54,swimming=54,50,4,0,0,0,0,0,0
vaudeville,54,vaudeville=54,39,15,0,0,0,0,0,0
vine,54,vines=37; vine=17,52,1,1,0,0,0,0,0
williams,54,williams=54,0,54,0,0,0,0,0,0
woodland,54,woodlands=36; woodland=18,51,3,0,0,0,0,0,0
accommodate,53,accommodate=46; accommodating=4; accommodated=2; accommodates=1,0,0,53,0,0,0,0,0
bet,53,bet=52; bets=1,7,2,44,0,0,0,0,0
booth,53,booth=34; booths=19,53,0,0,0,0,0,0,0
calorie,53,calories=46; calorie=7,53,0,0,0,0,0,0,0
characterize,53,characterized=37; characterize=11; characterizes=5,1,0,52,0,0,0,0,0
collaboration,53,collaboration=48; collaborations=5,51,2,0,0,0,0,0,0
collector,53,collectors=46; collector=7,53,0,0,0,0,0,0,0
darwin,53,darwin=53,0,53,0,0,0,0,0,0
deplete,53,depleted=39; deplete=6; depleting=5; depletes=3,0,0,52,0,1,0,0,0
designer,53,designers=38; designer=15,52,1,0,0,0,0,0,0
disturbance,53,disturbances=27; disturbance=26,53,0,0,0,0,0,0,0
ethical,53,ethical=53,0,1,0,0,52,0,0,0
exception,53,exception=33; exceptions=20,53,0,0,0,0,0,0,0
homework,53,homework=53,52,0,0,0,1,0,0,0
infect,53,infected=34; infect=10; infects=6; infecting=3,0,0,53,0,0,0,0,0
inuit,53,inuit=53,1,52,0,0,0,0,0,0
mat,53,mat=22; mating=17; mats=11; mated=3,33,0,20,0,0,0,0,0
maximum,53,maximum=49; maximums=4,15,9,0,0,29,0,0,0
ongoing,53,ongoing=53,0,0,0,0,53,0,0,0
poison,53,poison=30; poisoned=14; poisoning=5; poisons=4,25,1,27,0,0,0,0,0
pollutant,53,pollutants=51; pollutant=2,51,0,0,0,2,0,0,0
possess,53,possess=34; possessed=16; possesses=3,2,0,51,0,0,0,0,0
press,53,press=37; pressing=9; pressed=7,30,0,23,0,0,0,0,0
primate,53,primates=49; primate=4,52,0,1,0,0,0,0,0
processing,53,processing=53,53,0,0,0,0,0,0,0
relax,53,relax=36; relaxing=12; relaxed=4; relaxes=1,0,0,53,0,0,0,0,0
rough,53,rough=53,0,1,1,0,47,4,0,0
shirt,53,shirt=29; shirts=24,53,0,0,0,0,0,0,0
shrub,53,shrubs=46; shrub=7,51,2,0,0,0,0,0,0
similarly,53,similarly=53,0,0,0,0,0,53,0,0
sketch,53,sketches=31; sketch=14; sketching=5; sketched=3,43,0,10,0,0,0,0,0
slope,53,slopes=31; slope=22,53,0,0,0,0,0,0,0
strict,53,strict=48; stricter=5,1,0,0,0,52,0,0,0
tax,53,tax=45; taxed=4; taxing=4,39,1,13,0,0,0,0,0
temporarily,53,temporarily=53,0,0,0,0,0,53,0,0
variable,53,variables=44; variable=9,46,0,1,0,6,0,0,0
vinci,53,vinci=53,0,53,0,0,0,0,0,0
accompany,52,accompanied=37; accompanying=7; accompany=6; accompanies=2,0,0,52,0,0,0,0,0
advocate,52,advocate=18; advocated=14; advocates=14; advocating=6,18,0,34,0,0,0,0,0
affordable,52,affordable=52,0,0,0,0,52,0,0,0
aggressive,52,aggressive=52,0,0,0,0,52,0,0,0
anywhere,52,anywhere=52,0,0,0,0,0,52,0,0
canyon,52,canyon=49; canyons=3,22,30,0,0,0,0,0,0
chart,52,charts=37; chart=15,51,0,1,0,0,0,0,0
consequently,52,consequently=52,0,0,0,0,0,52,0,0
dancer,52,dancers=28; dancer=24,43,9,0,0,0,0,0,0
destination,52,destination=38; destinations=14,52,0,0,0,0,0,0,0
disappoint,52,disappointed=49; disappoint=3,0,0,52,0,0,0,0,0
dodo,52,dodo=41; dodos=11,52,0,0,0,0,0,0,0
drum,52,drums=29; drum=22; drumming=1,50,0,2,0,0,0,0,0
ear,52,ears=28; ear=24,52,0,0,0,0,0,0,0
estuary,52,estuaries=35; estuary=17,37,1,0,0,14,0,0,0
intellectual,52,intellectual=42; intellectuals=10,14,1,0,0,37,0,0,0
lean,52,lean=41; leaning=6; leans=4; leaner=1,0,4,15,0,33,0,0,0
notion,52,notion=37; notions=15,52,0,0,0,0,0,0,0
peer,52,peers=28; peer=23; peering=1,48,0,4,0,0,0,0,0
province,52,provinces=27; province=25,51,1,0,0,0,0,0,0
reputation,52,reputation=48; reputations=4,52,0,0,0,0,0,0,0
sedentary,52,sedentary=52,1,0,0,0,51,0,0,0
strange,52,strange=51; stranger=1,1,1,0,0,50,0,0,0
chick,51,chicks=33; chick=18,51,0,0,0,0,0,0,0
commission,51,commissioned=26; commission=13; commissions=9; commissioning=3,15,5,31,0,0,0,0,0
condense,51,condense=18; condenses=16; condensed=15; condensing=2,16,0,35,0,0,0,0,0
conductor,51,conductors=35; conductor=16,51,0,0,0,0,0,0,0
coordinator,51,coordinator=50; coordinators=1,50,1,0,0,0,0,0,0
depiction,51,depiction=29; depictions=22,51,0,0,0,0,0,0,0
entrepreneur,51,entrepreneurs=43; entrepreneur=8,51,0,0,0,0,0,0,0
evergreen,51,evergreen=46; evergreens=5,6,6,4,0,35,0,0,0
excavate,51,excavated=30; excavate=12; excavating=9,0,0,51,0,0,0,0,0
fiction,51,fiction=50; fictions=1,45,3,0,0,3,0,0,0
han,51,han=51,0,51,0,0,0,0,0,0
impressed,51,impressed=51,0,1,0,0,50,0,0,0
input,51,input=35; inputs=16,50,0,1,0,0,0,0,0
interestingly,51,interestingly=51,0,1,0,0,0,50,0,0
jack,51,jack=50; jacks=1,12,39,0,0,0,0,0,0
megafauna,51,megafauna=51,28,23,0,0,0,0,0,0
mill,51,mills=25; mill=24; milling=2,44,5,2,0,0,0,0,0
minimum,51,minimum=50; minimums=1,22,1,0,0,28,0,0,0
mosquito,51,mosquitoes=32; mosquito=17; mosquitos=2,42,7,1,0,1,0,0,0
mountains,51,mountains=51,0,51,0,0,0,0,0,0
mushroom,51,mushroom=32; mushrooms=18; mushroomed=1,50,0,1,0,0,0,0,0
oak,51,oak=35; oaks=16,48,2,0,0,0,0,0,1
perception,51,perception=40; perceptions=11,51,0,0,0,0,0,0,0
plentiful,51,plentiful=51,1,1,0,0,49,0,0,0
preparation,51,preparation=44; preparations=7,51,0,0,0,0,0,0,0
proto,51,proto=51,6,33,0,0,12,0,0,0
resist,51,resist=34; resisted=8; resists=7; resisting=2,3,0,48,0,0,0,0,0
russian,51,russian=51,0,6,0,0,45,0,0,0
salamander,51,salamander=26; salamanders=25,45,1,0,0,4,1,0,0
sculptor,51,sculptor=28; sculptors=23,51,0,0,0,0,0,0,0
sized,51,sized=51,0,0,0,0,51,0,0,0
socrates,51,socrates=51,0,51,0,0,0,0,0,0
uniform,51,uniform=40; uniforms=11,21,0,0,0,30,0,0,0
younger,51,younger=51,0,51,0,0,0,0,0,0
accretion,50,accretion=49; accretions=1,50,0,0,0,0,0,0,0
auditorium,50,auditorium=50,46,4,0,0,0,0,0,0
biochar,50,biochar=50,26,22,0,0,2,0,0,0
birth,50,birth=45; births=5,50,0,0,0,0,0,0,0
bunch,50,bunch=47; bunches=2; bunched=1,49,0,1,0,0,0,0,0
chamber,50,chambers=29; chamber=20; chambered=1,48,1,1,0,0,0,0,0
colonial,50,colonial=48; colonials=2,5,5,0,0,40,0,0,0
costume,50,costumes=33; costume=16; costumed=1,45,3,1,0,1,0,0,0
cup,50,cup=34; cups=16,46,4,0,0,0,0,0,0
dish,50,dishes=30; dish=20,48,0,0,0,2,0,0,0
everywhere,50,everywhere=50,0,0,0,0,0,50,0,0
experienced,50,experienced=50,0,1,0,0,49,0,0,0
geographic,50,geographic=50,0,0,0,0,50,0,0,0
indo,50,indo=50,6,41,0,0,3,0,0,0
industrialization,50,industrialization=50,46,4,0,0,0,0,0,0
legal,50,legal=50,0,1,0,0,49,0,0,0
log,50,logging=22; log=16; logs=9; logged=3,12,1,37,0,0,0,0,0
molecular,50,molecular=50,0,1,0,0,49,0,0,0
mysterious,50,mysterious=50,0,1,0,0,49,0,0,0
oyster,50,oysters=27; oyster=23,43,1,1,0,5,0,0,0
partially,50,partially=50,0,0,0,0,0,50,0,0
participation,50,participation=50,50,0,0,0,0,0,0,0
pipe,50,pipes=32; pipe=18,50,0,0,0,0,0,0,0
proper,50,proper=50,0,0,0,0,50,0,0,0
reasonable,50,reasonable=50,0,1,0,0,49,0,0,0
salmon,50,salmon=50,45,5,0,0,0,0,0,0
slide,50,slides=18; slide=17; sliding=15,21,0,29,0,0,0,0,0
spear,50,spear=25; spears=24; spearing=1,47,1,2,0,0,0,0,0
tenure,50,tenure=41; tenured=9,38,3,9,0,0,0,0,0
thermal,50,thermal=50,0,1,0,0,49,0,0,0
tourism,50,tourism=50,48,2,0,0,0,0,0,0
transformation,50,transformation=36; transformations=14,45,5,0,0,0,0,0,0
turkey,50,turkey=46; turkeys=4,9,41,0,0,0,0,0,0
virus,50,virus=42; viruses=8,48,2,0,0,0,0,0,0
competitive,49,competitive=49,0,0,0,0,49,0,0,0
confidence,49,confidence=49,48,1,0,0,0,0,0,0
defensive,49,defensive=49,1,2,0,0,46,0,0,0
depression,49,depression=30; depressions=19,36,13,0,0,0,0,0,0
emergence,49,emergence=49,47,2,0,0,0,0,0,0
fourth,49,fourth=49,0,2,0,0,47,0,0,0
illusion,49,illusion=44; illusions=5,45,4,0,0,0,0,0,0
impressionism,49,impressionism=49,11,38,0,0,0,0,0,0
lava,49,lava=49,46,3,0,0,0,0,0,0
mechanical,49,mechanical=49,1,1,0,0,47,0,0,0
nutritious,49,nutritious=49,0,0,0,0,49,0,0,0
odor,49,odor=27; odors=22,41,2,1,0,5,0,0,0
operation,49,operations=28; operation=21,49,0,0,0,0,0,0,0
overlook,49,overlooked=22; overlook=13; overlooks=9; overlooking=5,1,0,48,0,0,0,0,0
reasons,49,reasons=49,0,49,0,0,0,0,0,0
representation,49,representation=35; representations=14,49,0,0,0,0,0,0,0
rush,49,rush=36; rushed=9; rushing=3; rushes=1,27,3,19,0,0,0,0,0
safely,49,safely=49,0,0,0,0,0,49,0,0
seabird,49,seabirds=29; seabird=20,42,3,0,0,4,0,0,0
shoal,49,shoal=23; shoals=14; shoaling=12,37,0,12,0,0,0,0,0
spiral,49,spiral=40; spirals=6; spiraling=2; spiralling=1,18,19,4,0,8,0,0,0
sumerian,49,sumerian=47; sumerians=2,2,4,0,0,43,0,0,0
tom,49,tom=49,0,49,0,0,0,0,0,0
towards,49,towards=49,0,0,0,0,0,0,0,49
toy,49,toys=30; toy=18; toying=1,48,0,1,0,0,0,0,0
achievement,48,achievements=31; achievement=17,47,1,0,0,0,0,0,0
blooded,48,blooded=48,4,0,0,0,44,0,0,0
boy,48,boy=39; boys=9,37,2,0,0,0,0,0,9
chair,48,chair=29; chairs=18; chairing=1,44,1,3,0,0,0,0,0
complain,48,complain=30; complained=11; complaining=7,0,0,48,0,0,0,0,0
diffusion,48,diffusion=48,48,0,0,0,0,0,0,0
disappearance,48,disappearance=44; disappearances=4,48,0,0,0,0,0,0,0
dollar,48,dollars=39; dollar=9,48,0,0,0,0,0,0,0
durable,48,durable=48,0,0,0,0,48,0,0,0
educate,48,educated=22; educate=13; educating=13,0,0,48,0,0,0,0,0
former,48,former=48,0,1,0,0,47,0,0,0
german,48,german=48,0,4,0,0,44,0,0,0
guinea,48,guinea=48,16,32,0,0,0,0,0,0
identity,48,identity=42; identities=6,46,1,1,0,0,0,0,0
igloo,48,igloo=40; igloos=8,48,0,0,0,0,0,0,0
intervention,48,intervention=31; interventions=17,48,0,0,0,0,0,0,0
james,48,james=48,0,48,0,0,0,0,0,0
marble,48,marble=48,46,2,0,0,0,0,0,0
melody,48,melody=30; melodies=18,46,1,1,0,0,0,0,0
migratory,48,migratory=48,33,1,0,0,14,0,0,0
nebula,48,nebula=48,39,8,0,0,1,0,0,0
parrot,48,parrots=29; parrot=19,39,2,0,0,7,0,0,0
passenger,48,passengers=39; passenger=9,48,0,0,0,0,0,0,0
portray,48,portray=21; portrayed=19; portraying=6; portrays=2,0,0,48,0,0,0,0,0
poster,48,posters=27; poster=21,48,0,0,0,0,0,0,0
proof,48,proof=33; proofs=13; proofing=2,43,1,2,0,2,0,0,0
reservation,48,reservation=31; reservations=17,48,0,0,0,0,0,0,0
rice,48,rice=47; rices=1,40,8,0,0,0,0,0,0
shadow,48,shadow=26; shadows=19; shadowing=2; shadowed=1,36,3,9,0,0,0,0,0
steal,48,steal=18; stealing=14; stolen=10; stole=5; steals=1,0,0,48,0,0,0,0,0
tale,48,tales=30; tale=18,46,2,0,0,0,0,0,0
toxin,48,toxins=36; toxin=12,48,0,0,0,0,0,0,0
varied,48,varied=48,0,1,0,0,47,0,0,0
voyage,48,voyages=24; voyage=23; voyaged=1,45,2,1,0,0,0,0,0
algorithm,47,algorithms=38; algorithm=9,41,4,2,0,0,0,0,0
approval,47,approval=46; approvals=1,46,0,1,0,0,0,0,0
axis,47,axis=31; axes=16,47,0,0,0,0,0,0,0
canopy,47,canopy=43; canopies=3; canopied=1,38,5,2,0,2,0,0,0
chief,47,chief=28; chiefs=19,40,1,0,0,6,0,0,0
cow,47,cows=35; cow=12,46,0,1,0,0,0,0,0
economist,47,economists=35; economist=12,47,0,0,0,0,0,0,0
extended,47,extended=47,0,4,0,0,43,0,0,0
fin,47,fins=22; finned=16; fin=7; fined=2,28,0,18,0,1,0,0,0
flap,47,flapping=32; flap=11; flaps=3; flapped=1,6,0,41,0,0,0,0,0
flock,47,flocks=24; flock=19; flocked=2; flocking=2,42,0,4,0,1,0,0,0
forecast,47,forecast=35; forecasts=12,39,1,7,0,0,0,0,0
guy,47,guys=27; guy=20,47,0,0,0,0,0,0,0
indigenous,47,indigenous=47,0,0,0,0,47,0,0,0
initiative,47,initiative=24; initiatives=23,47,0,0,0,0,0,0,0
islands,47,islands=47,0,47,0,0,0,0,0,0
mating,47,mating=46; matings=1,43,2,0,0,2,0,0,0
milk,47,milk=47,45,2,0,0,0,0,0,0
neck,47,necked=26; neck=16; necks=5,21,0,26,0,0,0,0,0
neighboring,47,neighboring=47,46,0,0,0,1,0,0,0
orientation,47,orientation=47,45,2,0,0,0,0,0,0
pile,47,piles=18; pile=14; piling=8; piled=7,31,0,16,0,0,0,0,0
plaster,47,plaster=46; plasters=1,46,0,0,0,1,0,0,0
secure,47,secure=30; secured=13; securing=4,0,0,28,0,19,0,0,0
soldier,47,soldiers=39; soldier=8,47,0,0,0,0,0,0,0
specialist,47,specialists=39; specialist=8,46,0,0,0,1,0,0,0
specialization,47,specialization=42; specializations=5,45,2,0,0,0,0,0,0
thunderbird,47,thunderbirds=25; thunderbird=22,43,2,0,0,2,0,0,0
trainer,47,trainer=34; trainers=13,38,9,0,0,0,0,0,0
vocabulary,47,vocabulary=45; vocabularies=2,30,0,0,0,17,0,0,0
wax,47,wax=47,47,0,0,0,0,0,0,0
weaken,47,weaken=17; weakened=17; weakens=10; weakening=3,1,0,46,0,0,0,0,0
attraction,46,attraction=34; attractions=12,45,1,0,0,0,0,0,0
basketball,46,basketball=46,46,0,0,0,0,0,0,0
bind,46,bound=21; bind=10; binding=10; binds=5,0,0,46,0,0,0,0,0
cargo,46,cargo=41; cargoes=5,46,0,0,0,0,0,0,0
ceremonial,46,ceremonial=46,0,0,0,0,46,0,0,0
chicago,46,chicago=46,0,46,0,0,0,0,0,0
colder,46,colder=46,7,0,2,0,37,0,0,0
commitment,46,commitment=33; commitments=13,46,0,0,0,0,0,0,0
cooperation,46,cooperation=46,46,0,0,0,0,0,0,0
discipline,46,discipline=26; disciplines=16; disciplined=3; disciplining=1,39,1,6,0,0,0,0,0
disruption,46,disruption=34; disruptions=12,45,1,0,0,0,0,0,0
disturb,46,disturbed=24; disturb=12; disturbing=8; disturbs=2,0,0,46,0,0,0,0,0
dive,46,dive=33; dives=9; diving=3; dove=1,16,0,29,0,1,0,0,0
drug,46,drug=35; drugs=11,44,2,0,0,0,0,0,0
europa,46,europa=46,2,44,0,0,0,0,0,0
explosion,46,explosion=34; explosions=12,46,0,0,0,0,0,0,0
expressionist,46,expressionist=44; expressionists=2,40,5,0,0,1,0,0,0
extension,46,extension=33; extensions=13,46,0,0,0,0,0,0,0
failure,46,failure=37; failures=9,45,0,1,0,0,0,0,0
fog,46,fog=46,45,1,0,0,0,0,0,0
gradual,46,gradual=46,0,0,0,0,46,0,0,0
grave,46,grave=46,30,3,0,0,13,0,0,0
greenland,46,greenland=46,0,46,0,0,0,0,0,0
hibernation,46,hibernation=46,45,1,0,0,0,0,0,0
imitation,46,imitation=36; imitations=10,45,1,0,0,0,0,0,0
iridium,46,iridium=46,42,4,0,0,0,0,0,0
librarian,46,librarian=39; librarians=7,45,0,0,0,1,0,0,0
locally,46,locally=46,0,0,0,0,0,46,0,0
maker,46,makers=36; maker=10,46,0,0,0,0,0,0,0
moist,46,moist=46,16,1,2,0,27,0,0,0
mold,46,molds=27; mold=17; molded=2,44,0,2,0,0,0,0,0
newton,46,newton=46,0,46,0,0,0,0,0,0
nutritional,46,nutritional=46,0,0,0,0,46,0,0,0
output,46,output=46,46,0,0,0,0,0,0,0
palm,46,palm=42; palms=4,45,1,0,0,0,0,0,0
permanently,46,permanently=46,0,0,0,0,0,46,0,0
replacement,46,replacement=44; replacements=2,46,0,0,0,0,0,0,0
shrimp,46,shrimp=45; shrimps=1,41,0,4,0,1,0,0,0
surrounding,46,surroundings=46,46,0,0,0,0,0,0,0
tonight,46,tonight=46,46,0,0,0,0,0,0,0
agency,45,agency=28; agencies=17,43,2,0,0,0,0,0,0
agent,45,agent=28; agents=17,45,0,0,0,0,0,0,0
alternate,45,alternate=26; alternating=17; alternated=2,0,0,24,0,21,0,0,0
anglo,45,anglo=45,0,33,0,0,12,0,0,0
anthropologist,45,anthropologists=34; anthropologist=11,41,3,0,0,0,0,0,1
beaver,45,beavers=29; beaver=16,44,1,0,0,0,0,0,0
cactus,45,cactus=45,40,1,0,0,4,0,0,0
calculation,45,calculations=40; calculation=5,45,0,0,0,0,0,0,0
coastline,45,coastline=25; coastlines=20,45,0,0,0,0,0,0,0
cormorant,45,cormorants=27; cormorant=18,44,1,0,0,0,0,0,0
crew,45,crew=31; crews=14,45,0,0,0,0,0,0,0
emphasis,45,emphasis=45,43,2,0,0,0,0,0,0
entry,45,entry=35; entries=10,45,0,0,0,0,0,0,0
everybody,45,everybody=45,0,0,0,0,0,0,45,0
folk,45,folk=36; folks=9,45,0,0,0,0,0,0,0
folsom,45,folsom=45,0,45,0,0,0,0,0,0
germanic,45,germanic=45,0,9,0,0,36,0,0,0
god,45,gods=25; god=20,30,15,0,0,0,0,0,0
graphic,45,graphic=38; graphics=7,8,7,0,0,30,0,0,0
guideline,45,guidelines=38; guideline=7,45,0,0,0,0,0,0,0
habitable,45,habitable=45,0,0,0,0,45,0,0,0
hurt,45,hurt=37; hurting=4; hurts=4,0,0,45,0,0,0,0,0
impression,45,impression=25; impressions=20,45,0,0,0,0,0,0,0
indication,45,indication=32; indications=13,45,0,0,0,0,0,0,0
merely,45,merely=45,0,0,0,0,0,45,0,0
microscope,45,microscope=27; microscopes=18,45,0,0,0,0,0,0,0
minimize,45,minimize=25; minimizing=12; minimized=6; minimizes=2,0,0,45,0,0,0,0,0
nomadic,45,nomadic=45,0,0,0,0,44,1,0,0
northwest,45,northwest=45,4,36,1,0,3,1,0,0
nut,45,nuts=41; nut=4,44,0,1,0,0,0,0,0
oral,45,oral=45,0,1,0,0,44,0,0,0
ownership,45,ownership=45,45,0,0,0,0,0,0,0
paleontologist,45,paleontologists=38; paleontologist=7,44,0,1,0,0,0,0,0
planetesimal,45,planetesimals=36; planetesimal=9,43,0,0,0,2,0,0,0
re,45,re=45,10,0,28,0,1,0,0,6
reconstruct,45,reconstruct=28; reconstructing=11; reconstructed=6,1,1,43,0,0,0,0,0
selective,45,selective=45,0,3,0,0,42,0,0,0
simulation,45,simulations=33; simulation=12,45,0,0,0,0,0,0,0
symbolic,45,symbolic=45,0,0,0,0,45,0,0,0
venetian,45,venetian=45,0,5,0,0,40,0,0,0
aboriginal,44,aboriginal=44,0,5,0,0,39,0,0,0
athlete,44,athletes=36; athlete=8,42,0,2,0,0,0,0,0
bar,44,bars=24; bar=19; barred=1,43,0,1,0,0,0,0,0
battle,44,battle=27; battles=17,44,0,0,0,0,0,0,0
bug,44,bugs=37; bug=6; bugged=1,43,0,1,0,0,0,0,0
builder,44,builders=39; builder=5,44,0,0,0,0,0,0,0
carbohydrate,44,carbohydrates=34; carbohydrate=10,42,0,1,0,1,0,0,0
crow,44,crows=28; crow=16,41,0,3,0,0,0,0,0
disagreement,44,disagreement=27; disagreements=17,42,1,1,0,0,0,0,0
dispersal,44,dispersal=44,41,3,0,0,0,0,0,0
drama,44,drama=37; dramas=7,44,0,0,0,0,0,0,0
expertise,44,expertise=43; expertises=1,42,2,0,0,0,0,0,0
gazelle,44,gazelles=32; gazelle=12,41,1,2,0,0,0,0,0
george,44,george=44,0,44,0,0,0,0,0,0
globe,44,globe=42; globes=2,41,3,0,0,0,0,0,0
guarantee,44,guarantee=21; guaranteed=18; guarantees=5,9,0,35,0,0,0,0,0
historically,44,historically=44,0,0,0,0,0,44,0,0
intention,44,intention=22; intentions=22,44,0,0,0,0,0,0,0
isolation,44,isolation=44,44,0,0,0,0,0,0,0
label,44,label=17; labels=15; labeled=9; labeling=3,25,0,19,0,0,0,0,0
lift,44,lift=38; lifted=3; lifting=2; lifts=1,29,1,14,0,0,0,0,0
lowland,44,lowlands=32; lowland=12,39,5,0,0,0,0,0,0
mathematical,44,mathematical=44,0,0,0,0,44,0,0,0
mutualism,44,mutualism=43; mutualisms=1,41,3,0,0,0,0,0,0
niche,44,niche=26; niches=18,44,0,0,0,0,0,0,0
observatory,44,observatory=35; observatories=9,33,7,0,0,4,0,0,0
penetrate,44,penetrate=25; penetrates=10; penetrated=5; penetrating=4,5,0,39,0,0,0,0,0
percentage,44,percentage=39; percentages=5,44,0,0,0,0,0,0,0
profession,44,profession=33; professions=11,44,0,0,0,0,0,0,0
prospective,44,prospective=44,0,2,0,0,42,0,0,0
pump,44,pump=23; pumping=8; pumps=7; pumped=6,15,0,29,0,0,0,0,0
rainwater,44,rainwater=44,40,4,0,0,0,0,0,0
restoration,44,restoration=43; restorations=1,42,2,0,0,0,0,0,0
shipping,44,shipping=44,44,0,0,0,0,0,0,0
stabilize,44,stabilize=26; stabilizing=7; stabilized=6; stabilizes=5,1,0,43,0,0,0,0,0
structural,44,structural=44,0,2,0,0,42,0,0,0
transmit,44,transmitted=22; transmit=13; transmitting=6; transmits=3,0,0,44,0,0,0,0,0
truck,44,trucks=23; truck=20; trucked=1,43,0,1,0,0,0,0,0
undergraduate,44,undergraduate=35; undergraduates=9,15,4,2,0,23,0,0,0
academy,43,academy=30; academies=13,17,26,0,0,0,0,0,0
actively,43,actively=43,0,0,0,0,0,43,0,0
administrative,43,administrative=43,0,1,0,0,42,0,0,0
apparent,43,apparent=43,0,0,0,0,43,0,0,0
aristotle,43,aristotle=43,0,43,0,0,0,0,0,0
arts,43,arts=43,0,43,0,0,0,0,0,0
bog,43,bogs=25; bog=18,42,1,0,0,0,0,0,0
chapter,43,chapter=33; chapters=10,43,0,0,0,0,0,0,0
commerce,43,commerce=43,43,0,0,0,0,0,0,0
computing,43,computing=43,41,2,0,0,0,0,0,0
considerably,43,considerably=43,0,0,0,0,0,43,0,0
cooling,43,cooling=43,43,0,0,0,0,0,0,0
cowbird,43,cowbird=27; cowbirds=16,23,1,0,0,19,0,0,0
delivery,43,delivery=43,43,0,0,0,0,0,0,0
dot,43,dots=36; dot=6; dotted=1,42,0,1,0,0,0,0,0
endanger,43,endangered=37; endanger=3; endangering=2; endangers=1,0,0,43,0,0,0,0,0
fifteenth,43,fifteenth=43,4,0,0,0,39,0,0,0
fisher,43,fishers=37; fisher=6,38,5,0,0,0,0,0,0
folio,43,folio=41; folios=2,21,21,0,0,1,0,0,0
format,43,format=31; formats=5; formatting=5; formatted=2,35,0,8,0,0,0,0,0
impose,43,imposed=21; impose=13; imposing=7; imposes=2,0,0,43,0,0,0,0,0
manipulate,43,manipulate=16; manipulating=13; manipulated=12; manipulates=2,0,0,43,0,0,0,0,0
mesozoic,43,mesozoic=43,0,39,0,0,4,0,0,0
miller,43,miller=42; millers=1,1,42,0,0,0,0,0,0
nervous,43,nervous=43,0,0,0,0,43,0,0,0
ore,43,ore=38; ores=5,43,0,0,0,0,0,0,0
phobos,43,phobos=43,0,43,0,0,0,0,0,0
physically,43,physically=43,0,0,0,0,0,43,0,0
poorly,43,poorly=43,0,0,0,0,0,43,0,0
priority,43,priority=34; priorities=9,43,0,0,0,0,0,0,0
profound,43,profound=43,1,0,0,0,42,0,0,0
prosperity,43,prosperity=43,41,2,0,0,0,0,0,0
repeatedly,43,repeatedly=43,0,0,0,0,0,43,0,0
resort,43,resort=33; resorts=6; resorted=2; resorting=2,27,6,10,0,0,0,0,0
salinity,43,salinity=43,41,2,0,0,0,0,0,0
satisfaction,43,satisfaction=43,41,1,1,0,0,0,0,0
split,43,split=38; splits=3; splitting=2,14,2,26,0,1,0,0,0
stromatolite,43,stromatolites=33; stromatolite=10,41,1,0,0,1,0,0,0
symbiosis,43,symbiosis=43,39,4,0,0,0,0,0,0
talent,43,talent=31; talents=12,43,0,0,0,0,0,0,0
tyrannosaurus,43,tyrannosaurus=43,2,41,0,0,0,0,0,0
waterway,43,waterways=38; waterway=5,43,0,0,0,0,0,0,0
whom,43,whom=43,0,0,0,0,0,0,43,0
accelerate,42,accelerated=16; accelerating=15; accelerate=8; accelerates=3,1,0,41,0,0,0,0,0
administration,42,administration=42,38,4,0,0,0,0,0,0
bean,42,beans=39; bean=3,41,0,1,0,0,0,0,0
breakfast,42,breakfast=42,36,6,0,0,0,0,0,0
cahokia,42,cahokia=42,0,42,0,0,0,0,0,0
childhood,42,childhood=41; childhoods=1,42,0,0,0,0,0,0,0
circulation,42,circulation=41; circulations=1,42,0,0,0,0,0,0,0
constellation,42,constellation=25; constellations=17,42,0,0,0,0,0,0,0
council,42,council=41; councils=1,31,11,0,0,0,0,0,0
crowded,42,crowded=42,0,0,0,0,42,0,0,0
curious,42,curious=42,0,3,0,0,39,0,0,0
deciduous,42,deciduous=42,0,0,0,0,42,0,0,0
dialogue,42,dialogue=33; dialogues=9,42,0,0,0,0,0,0,0
droplet,42,droplets=39; droplet=3,42,0,0,0,0,0,0,0
enemy,42,enemies=27; enemy=15,42,0,0,0,0,0,0,0
exclusively,42,exclusively=42,0,0,0,0,0,42,0,0
exotic,42,exotic=42,0,0,0,0,42,0,0,0
farmland,42,farmland=38; farmlands=4,36,1,0,0,5,0,0,0
fifth,42,fifth=42,2,2,0,0,36,2,0,0
filter,42,filter=26; filters=11; filtering=3; filtered=2,17,0,24,0,1,0,0,0
hmm,42,hmm=42,0,37,0,0,0,0,0,5
improved,42,improved=42,0,7,0,0,35,0,0,0
isolate,42,isolated=25; isolate=8; isolating=5; isolates=4,0,0,42,0,0,0,0,0
membership,42,membership=40; memberships=2,39,3,0,0,0,0,0,0
min,42,min=42,2,16,0,0,22,0,0,2
minoan,42,minoan=41; minoans=1,1,41,0,0,0,0,0,0
nine,42,nine=42,0,1,0,0,0,0,0,41
philosophical,42,philosophical=42,0,3,0,0,39,0,0,0
predatory,42,predatory=42,2,0,0,0,40,0,0,0
prize,42,prize=22; prized=12; prizes=8,27,3,12,0,0,0,0,0
reactor,42,reactor=27; reactors=15,37,5,0,0,0,0,0,0
regret,42,regret=22; regrets=18; regretted=2,12,2,28,0,0,0,0,0
residential,42,residential=42,0,2,0,0,40,0,0,0
shrink,42,shrinking=19; shrink=9; shrinks=6; shrank=4; shrunk=4,6,0,36,0,0,0,0,0
spill,42,spills=17; spill=15; spilled=6; spilling=4,24,0,18,0,0,0,0,0
streetcar,42,streetcar=33; streetcars=9,41,1,0,0,0,0,0,0
suspect,42,suspect=15; suspected=14; suspects=13,2,0,37,0,3,0,0,0
symbiotic,42,symbiotic=42,0,0,0,0,42,0,0,0
thursday,42,thursday=41; thursdays=1,1,41,0,0,0,0,0,0
trunk,42,trunks=28; trunk=14,42,0,0,0,0,0,0,0
uncertain,42,uncertain=42,0,0,0,0,42,0,0,0
unrelated,42,unrelated=42,0,0,0,0,42,0,0,0
wilder,42,wilder=42,2,40,0,0,0,0,0,0
working,42,working=35; workings=7,37,3,0,0,2,0,0,0
ziggurat,42,ziggurats=36; ziggurat=6,42,0,0,0,0,0,0,0
adequate,41,adequate=41,1,0,0,0,40,0,0,0
advise,41,advise=17; advised=10; advising=9; advises=5,1,0,40,0,0,0,0,0
afro,41,afro=41,0,41,0,0,0,0,0,0
appreciation,41,appreciation=41,41,0,0,0,0,0,0,0
café,41,café=41,38,3,0,0,0,0,0,0
camouflage,41,camouflage=35; camouflaged=3; camouflaging=3,28,0,13,0,0,0,0,0
celtic,41,celtic=41,0,7,0,0,34,0,0,0
challenging,41,challenging=41,0,0,0,0,41,0,0,0
cicada,41,cicadas=21; cicada=20,34,7,0,0,0,0,0,0
cliff,41,cliffs=22; cliff=19,41,0,0,0,0,0,0,0
cousin,41,cousin=33; cousins=8,41,0,0,0,0,0,0,0
crossing,41,crossings=29; crossing=12,37,4,0,0,0,0,0,0
custom,41,customs=27; custom=14,38,1,0,0,0,2,0,0
destruction,41,destruction=41,40,1,0,0,0,0,0,0
donate,41,donate=19; donated=17; donating=5,0,0,41,0,0,0,0,0
duty,41,duties=28; duty=13,41,0,0,0,0,0,0,0
einstein,41,einstein=41,0,41,0,0,0,0,0,0
ensemble,41,ensemble=29; ensembles=12,21,2,0,0,18,0,0,0
evaporation,41,evaporation=41,40,1,0,0,0,0,0,0
fan,41,fans=25; fan=15; fanning=1,38,1,2,0,0,0,0,0
father,41,father=36; fathers=5,38,3,0,0,0,0,0,0
fluctuation,41,fluctuations=35; fluctuation=6,41,0,0,0,0,0,0,0
flyer,41,flyers=26; flyer=15,41,0,0,0,0,0,0,0
found,41,founded=35; founding=6,0,0,41,0,0,0,0,0
id,41,id=36; ids=5,16,25,0,0,0,0,0,0
imperial,41,imperial=41,0,3,0,0,38,0,0,0
impressionists,41,impressionists=41,0,41,0,0,0,0,0,0
jaw,41,jaw=21; jaws=19; jawed=1,40,0,1,0,0,0,0,0
lacquer,41,lacquer=40; lacquered=1,38,2,1,0,0,0,0,0
larva,41,larva=41,17,24,0,0,0,0,0,0
lifetime,41,lifetime=38; lifetimes=3,41,0,0,0,0,0,0,0
memoir,41,memoirs=21; memoir=20,35,3,2,0,1,0,0,0
mentor,41,mentor=32; mentoring=4; mentors=4; mentored=1,31,0,10,0,0,0,0,0
package,41,package=24; packages=14; packaged=3,34,0,7,0,0,0,0,0
payment,41,payment=30; payments=11,40,1,0,0,0,0,0,0
prevail,41,prevailing=26; prevailed=12; prevail=3,0,0,41,0,0,0,0,0
recognition,41,recognition=41,38,3,0,0,0,0,0,0
remarkably,41,remarkably=41,0,0,0,0,0,41,0,0
researchers,41,researchers=41,0,41,0,0,0,0,0,0
scholarship,41,scholarship=33; scholarships=8,36,5,0,0,0,0,0,0
uncover,41,uncovered=21; uncover=13; uncovering=5; uncovers=2,0,0,41,0,0,0,0,0
urbanization,41,urbanization=41,34,6,0,0,1,0,0,0
uruk,41,uruk=41,0,40,0,0,1,0,0,0
wire,41,wire=32; wires=7; wired=2,39,0,2,0,0,0,0,0
adoption,40,adoption=40,40,0,0,0,0,0,0,0
assistance,40,assistance=40,39,1,0,0,0,0,0,0
automobile,40,automobile=32; automobiles=8,40,0,0,0,0,0,0,0
border,40,borders=25; border=11; bordering=3; bordered=1,36,0,4,0,0,0,0,0
chondrite,40,chondrites=35; chondrite=5,39,1,0,0,0,0,0,0
contaminate,40,contaminated=35; contaminating=4; contaminates=1,0,0,40,0,0,0,0,0
continually,40,continually=40,0,0,0,0,0,40,0,0
deliberately,40,deliberately=40,0,0,0,0,0,40,0,0
destructive,40,destructive=40,1,0,0,0,39,0,0,0
dispute,40,dispute=18; disputes=17; disputed=5,32,0,8,0,0,0,0,0
distract,40,distract=13; distracted=12; distracting=11; distracts=4,2,0,38,0,0,0,0,0
equip,40,equipped=31; equip=7; equipping=2,0,0,40,0,0,0,0,0
fade,40,fade=21; faded=16; fades=2; fading=1,5,0,35,0,0,0,0,0
fertility,40,fertility=40,40,0,0,0,0,0,0,0
fortunately,40,fortunately=40,0,0,0,0,0,40,0,0
fragile,40,fragile=40,0,0,0,0,40,0,0,0
galapagos,40,galapagos=40,0,40,0,0,0,0,0,0
glow,40,glow=28; glowing=7; glows=5,17,0,23,0,0,0,0,0
gull,40,gulls=29; gull=11,40,0,0,0,0,0,0,0
hollow,40,hollow=25; hollows=14; hollowed=1,12,0,7,0,21,0,0,0
hopper,40,hopper=40,1,39,0,0,0,0,0,0
incredibly,40,incredibly=40,0,0,0,0,0,40,0,0
invade,40,invaded=17; invading=12; invade=10; invades=1,0,0,40,0,0,0,0,0
inventor,40,inventors=23; inventor=17,40,0,0,0,0,0,0,0
machinery,40,machinery=40,40,0,0,0,0,0,0,0
modification,40,modification=24; modifications=16,39,1,0,0,0,0,0,0
monsoon,40,monsoon=30; monsoons=10,39,1,0,0,0,0,0,0
mount,40,mount=15; mounted=13; mounts=11; mounting=1,13,9,18,0,0,0,0,0
objective,40,objective=36; objectives=4,12,0,0,0,28,0,0,0
perfectly,40,perfectly=40,0,0,0,0,0,40,0,0
pig,40,pigs=33; pig=7,40,0,0,0,0,0,0,0
pollinate,40,pollinate=20; pollinated=13; pollinates=4; pollinating=3,1,0,39,0,0,0,0,0
pound,40,pounds=24; pound=11; pounding=4; pounded=1,31,2,7,0,0,0,0,0
row,40,row=24; rows=14; rowed=1; rowing=1,37,0,3,0,0,0,0,0
salty,40,salty=38; saltier=2,0,2,0,0,38,0,0,0
scotland,40,scotland=40,0,40,0,0,0,0,0,0
senior,40,senior=34; seniors=6,7,0,0,0,33,0,0,0
simulate,40,simulate=21; simulating=10; simulated=6; simulates=3,0,0,40,0,0,0,0,0
spirit,40,spirit=28; spirits=12,39,1,0,0,0,0,0,0
strain,40,strains=21; strain=16; straining=2; strained=1,35,0,5,0,0,0,0,0
till,40,till=37; tilled=3,2,0,3,0,0,0,0,35
vertebrate,40,vertebrates=29; vertebrate=11,30,0,2,0,8,0,0,0
accidentally,39,accidentally=39,0,0,0,0,0,39,0,0
ah,39,ah=39,0,0,0,0,0,0,0,39
athens,39,athens=39,0,39,0,0,0,0,0,0
athletic,39,athletic=36; athletics=3,3,0,0,0,36,0,0,0
attendance,39,attendance=39,35,4,0,0,0,0,0,0
bce,39,bce=39,4,35,0,0,0,0,0,0
boom,39,boom=38; booming=1,27,11,1,0,0,0,0,0
bycatch,39,bycatch=39,29,6,1,0,3,0,0,0
captivity,39,captivity=39,39,0,0,0,0,0,0,0
cathedral,39,cathedrals=23; cathedral=16,33,1,0,0,5,0,0,0
clock,39,clock=25; clocks=14,38,0,1,0,0,0,0,0
continuously,39,continuously=39,0,0,0,0,0,39,0,0
duck,39,ducks=21; duck=18,38,0,1,0,0,0,0,0
echo,39,echo=15; echoes=14; echoing=7; echoed=3,25,1,13,0,0,0,0,0
edit,39,editing=13; edit=10; edited=10; edits=6,7,0,32,0,0,0,0,0
elevation,39,elevation=21; elevations=18,39,0,0,0,0,0,0,0
episode,39,episodes=27; episode=12,39,0,0,0,0,0,0,0
exert,39,exert=21; exerted=12; exerting=3; exerts=3,3,0,36,0,0,0,0,0
finished,39,finished=39,0,0,0,0,39,0,0,0
fungal,39,fungal=39,18,6,0,0,15,0,0,0
fungi,39,fungi=39,3,28,8,0,0,0,0,0
horseshoe,39,horseshoe=38; horseshoes=1,14,24,1,0,0,0,0,0
immune,39,immune=39,0,0,0,0,39,0,0,0
indicator,39,indicators=20; indicator=19,39,0,0,0,0,0,0,0
logical,39,logical=39,1,1,0,0,37,0,0,0
makeup,39,makeup=38; makeups=1,39,0,0,0,0,0,0,0
narrative,39,narrative=27; narratives=12,36,0,0,0,3,0,0,0
nicaragua,39,nicaragua=39,0,39,0,0,0,0,0,0
norm,39,norms=29; norm=10,39,0,0,0,0,0,0,0
phoenicians,39,phoenicians=39,0,39,0,0,0,0,0,0
piaget,39,piaget=39,2,37,0,0,0,0,0,0
problematic,39,problematic=39,2,0,0,0,37,0,0,0
publication,39,publication=27; publications=12,39,0,0,0,0,0,0,0
radical,39,radical=31; radicals=8,9,0,0,0,30,0,0,0
random,39,random=39,0,0,0,0,39,0,0,0
reasoning,39,reasoning=39,38,1,0,0,0,0,0,0
saharan,39,saharan=39,0,13,0,0,26,0,0,0
scarce,39,scarce=39,1,0,0,0,38,0,0,0
sedimentary,39,sedimentary=39,0,4,0,0,35,0,0,0
sensor,39,sensors=36; sensor=3,39,0,0,0,0,0,0,0
sight,39,sight=34; sighted=3; sights=2,35,1,3,0,0,0,0,0
spark,39,sparked=25; spark=6; sparks=6; sparking=2,7,0,32,0,0,0,0,0
stomach,39,stomach=32; stomachs=7,38,1,0,0,0,0,0,0
sustainability,39,sustainability=39,36,3,0,0,0,0,0,0
tectonic,39,tectonic=28; tectonics=11,15,5,0,0,19,0,0,0
theatre,39,theatre=38; theatres=1,35,4,0,0,0,0,0,0
trial,39,trial=24; trials=15,38,1,0,0,0,0,0,0
unclear,39,unclear=39,1,0,0,0,38,0,0,0
unfamiliar,39,unfamiliar=39,1,0,0,0,38,0,0,0
violet,39,violets=21; violet=18,35,2,0,0,2,0,0,0
vocal,39,vocal=39,2,2,0,0,35,0,0,0
weigh,39,weighed=16; weigh=15; weighing=5; weighs=3,0,0,39,0,0,0,0,0
withstand,39,withstand=35; withstood=3; withstanding=1,1,0,38,0,0,0,0,0
acceptance,38,acceptance=38,37,1,0,0,0,0,0,0
acidic,38,acidic=38,0,0,0,0,38,0,0,0
acoustic,38,acoustic=21; acoustics=17,17,3,1,0,17,0,0,0
acre,38,acres=28; acre=10,38,0,0,0,0,0,0,0
aesthetic,38,aesthetic=20; aesthetics=18,19,1,0,0,18,0,0,0
andes,38,andes=38,0,38,0,0,0,0,0,0
automatically,38,automatically=38,0,0,0,0,0,38,0,0
ban,38,banning=18; ban=11; banned=7; bans=2,6,2,30,0,0,0,0,0
bearden,38,bearden=38,0,38,0,0,0,0,0,0
bowl,38,bowl=19; bowls=18; bowling=1,32,4,2,0,0,0,0,0
burial,38,burial=33; burials=5,33,0,0,0,5,0,0,0
cable,38,cable=24; cables=14,37,1,0,0,0,0,0,0
campaign,38,campaign=24; campaigns=13; campaigning=1,37,0,1,0,0,0,0,0
circadian,38,circadian=38,0,0,0,0,38,0,0,0
combat,38,combat=32; combating=4; combats=1; combatting=1,10,0,28,0,0,0,0,0
commodity,38,commodities=19; commodity=19,38,0,0,0,0,0,0,0
consistently,38,consistently=38,0,0,0,0,0,38,0,0
constraint,38,constraints=32; constraint=6,37,0,1,0,0,0,0,0
data,38,data=38,29,9,0,0,0,0,0,0
deserve,38,deserves=16; deserve=11; deserved=11,0,0,38,0,0,0,0,0
diminish,38,diminished=18; diminish=9; diminishing=7; diminishes=4,0,0,35,0,3,0,0,0
duke,38,duke=36; dukes=2,17,21,0,0,0,0,0,0
examination,38,examination=33; examinations=5,38,0,0,0,0,0,0,0
exterior,38,exterior=30; exteriors=8,20,0,0,0,18,0,0,0
functional,38,functional=38,0,1,0,0,37,0,0,0
genetically,38,genetically=38,0,1,0,0,0,37,0,0
geographical,38,geographical=38,0,0,0,0,38,0,0,0
geothermal,38,geothermal=38,4,2,0,0,32,0,0,0
grab,38,grab=24; grabbing=6; grabbed=5; grabs=3,0,0,38,0,0,0,0,0
groove,38,grooves=28; groove=8; grooved=2,36,0,2,0,0,0,0,0
guard,38,guard=14; guards=13; guarded=6; guarding=5,19,1,18,0,0,0,0,0
hermit,38,hermit=36; hermits=2,5,8,2,0,23,0,0,0
historic,38,historic=38,0,6,0,0,32,0,0,0
hypothesize,38,hypothesized=26; hypothesize=8; hypothesizes=4,2,1,35,0,0,0,0,0
involvement,38,involvement=38,35,1,2,0,0,0,0,0
laundry,38,laundry=38,13,2,0,0,23,0,0,0
membrane,38,membranes=26; membrane=12,38,0,0,0,0,0,0,0
millennium,38,millennium=34; millennia=4,35,3,0,0,0,0,0,0
miner,38,miners=27; miner=11,38,0,0,0,0,0,0,0
mitigate,38,mitigate=25; mitigating=12; mitigated=1,1,0,37,0,0,0,0,0
navigation,38,navigation=38,36,2,0,0,0,0,0,0
nonetheless,38,nonetheless=38,0,0,0,0,0,38,0,0
nonnative,38,nonnative=37; nonnatives=1,1,1,0,0,36,0,0,0
northeastern,38,northeastern=38,0,3,0,0,35,0,0,0
notable,38,notable=38,0,0,0,0,38,0,0,0
physiological,38,physiological=38,0,1,0,0,37,0,0,0
pollination,38,pollination=38,38,0,0,0,0,0,0,0
puffin,38,puffins=32; puffin=6,36,1,0,0,1,0,0,0
readily,38,readily=38,0,0,0,0,0,38,0,0
removal,38,removal=38,37,1,0,0,0,0,0,0
retreat,38,retreat=21; retreated=10; retreats=4; retreating=3,12,1,25,0,0,0,0,0
revise,38,revised=19; revise=15; revising=4,0,3,35,0,0,0,0,0
rift,38,rift=25; rifts=13,33,5,0,0,0,0,0,0
rigid,38,rigid=38,0,0,0,0,38,0,0,0
shelf,38,shelves=30; shelf=8,38,0,0,0,0,0,0,0
subsequent,38,subsequent=38,0,0,0,0,38,0,0,0
tank,38,tank=23; tanks=15,38,0,0,0,0,0,0,0
token,38,tokens=23; token=15,24,0,1,0,13,0,0,0
tone,38,tone=19; tones=19,38,0,0,0,0,0,0,0
traveler,38,travelers=33; traveler=5,36,2,0,0,0,0,0,0
upgrade,38,upgrade=23; upgrades=8; upgraded=4; upgrading=3,24,0,14,0,0,0,0,0
vacuum,38,vacuum=37; vacuums=1,36,0,1,0,1,0,0,0
virtually,38,virtually=38,0,0,0,0,0,38,0,0
wednesday,38,wednesday=34; wednesdays=4,4,34,0,0,0,0,0,0
weekly,38,weekly=38,1,0,0,0,34,3,0,0
wildebeest,38,wildebeests=22; wildebeest=16,28,4,0,0,5,1,0,0
alongside,37,alongside=37,0,0,0,0,0,0,0,37
assess,37,assess=20; assessing=16; assessed=1,1,0,36,0,0,0,0,0
beat,37,beat=16; beats=11; beaten=7; beating=3,18,0,19,0,0,0,0,0
bombardment,37,bombardment=34; bombardments=3,36,1,0,0,0,0,0,0
camp,37,camp=25; camps=7; camping=5,31,1,5,0,0,0,0,0
celebrate,37,celebrate=19; celebrated=10; celebrates=4; celebrating=4,0,0,37,0,0,0,0,0
centimeter,37,centimeters=31; centimeter=6,37,0,0,0,0,0,0,0
controversy,37,controversy=34; controversies=3,37,0,0,0,0,0,0,0
crescent,37,crescent=37,6,31,0,0,0,0,0,0
differences,37,differences=37,0,37,0,0,0,0,0,0
dimorphism,37,dimorphism=37,34,3,0,0,0,0,0,0
disaster,37,disaster=24; disasters=13,37,0,0,0,0,0,0,0
donation,37,donations=27; donation=10,37,0,0,0,0,0,0,0
expressionism,37,expressionism=37,14,23,0,0,0,0,0,0
f,37,f=37,0,31,0,0,0,0,0,6
filmmaker,37,filmmakers=24; filmmaker=13,37,0,0,0,0,0,0,0
friendship,37,friendship=19; friendships=18,37,0,0,0,0,0,0,0
harden,37,hardens=16; harden=12; hardened=9,16,0,21,0,0,0,0,0
hierarchy,37,hierarchy=30; hierarchies=7,36,1,0,0,0,0,0,0
intricate,37,intricate=37,0,0,0,0,37,0,0,0
landmass,37,landmasses=22; landmass=15,37,0,0,0,0,0,0,0
meteor,37,meteor=28; meteors=9,37,0,0,0,0,0,0,0
minimal,37,minimal=37,0,1,0,0,36,0,0,0
mixed,37,mixed=37,0,0,0,0,37,0,0,0
occasion,37,occasion=21; occasions=16,37,0,0,0,0,0,0,0
pain,37,pain=37,35,0,2,0,0,0,0,0
pastoralist,37,pastoralists=29; pastoralist=8,34,3,0,0,0,0,0,0
pendant,37,pendant=36; pendants=1,7,0,0,0,30,0,0,0
pheromone,37,pheromone=19; pheromones=18,33,0,0,0,4,0,0,0
plasma,37,plasma=36; plasmas=1,36,1,0,0,0,0,0,0
plausible,37,plausible=37,0,0,0,0,37,0,0,0
postcard,37,postcards=31; postcard=6,37,0,0,0,0,0,0,0
predictable,37,predictable=37,0,1,0,0,36,0,0,0
promising,37,promising=37,0,0,0,0,37,0,0,0
reservoir,37,reservoirs=21; reservoir=16,32,1,1,0,3,0,0,0
resilience,37,resilience=37,35,2,0,0,0,0,0,0
salary,37,salary=22; salaries=15,35,2,0,0,0,0,0,0
salesperson,37,salesperson=26; salespeople=11,37,0,0,0,0,0,0,0
score,37,scores=21; score=12; scored=4,33,0,4,0,0,0,0,0
scroll,37,scrolls=29; scroll=7; scrolled=1,35,1,1,0,0,0,0,0
secondary,37,secondary=37,0,0,0,0,37,0,0,0
sensing,37,sensing=37,36,1,0,0,0,0,0,0
serengeti,37,serengeti=37,0,37,0,0,0,0,0,0
societal,37,societal=37,0,1,0,0,36,0,0,0
sphere,37,spheres=25; sphere=12,31,0,6,0,0,0,0,0
spice,37,spices=23; spice=14,34,2,1,0,0,0,0,0
syllabus,37,syllabus=37,37,0,0,0,0,0,0,0
tablet,37,tablets=31; tablet=6,37,0,0,0,0,0,0,0
twain,37,twain=37,1,36,0,0,0,0,0,0
union,37,union=35; unions=2,27,9,0,0,1,0,0,0
unnecessary,37,unnecessary=37,0,0,0,0,37,0,0,0
warning,37,warning=32; warnings=5,36,1,0,0,0,0,0,0
wonderful,37,wonderful=37,0,0,0,0,37,0,0,0
anatomy,36,anatomy=35; anatomies=1,30,6,0,0,0,0,0,0
baboon,36,baboons=29; baboon=7,26,3,7,0,0,0,0,0
bloom,36,blooms=22; bloom=9; blooming=5,22,0,14,0,0,0,0,0
bother,36,bother=17; bothered=10; bothering=6; bothers=3,2,0,34,0,0,0,0,0
celsius,36,celsius=36,7,29,0,0,0,0,0,0
column,36,columns=25; column=11,36,0,0,0,0,0,0,0
compelling,36,compelling=36,4,0,0,0,32,0,0,0
crisis,36,crisis=25; crises=11,36,0,0,0,0,0,0,0
criticize,36,criticize=18; criticized=17; criticizing=1,0,0,36,0,0,0,0,0
cutting,36,cutting=36,36,0,0,0,0,0,0,0
deforestation,36,deforestation=36,34,2,0,0,0,0,0,0
degas,36,degas=36,0,36,0,0,0,0,0,0
detergent,36,detergent=21; detergents=15,31,5,0,0,0,0,0,0
dirt,36,dirt=36,36,0,0,0,0,0,0,0
dress,36,dress=16; dressed=15; dressing=3; dresses=2,13,0,23,0,0,0,0,0
dwelling,36,dwellings=20; dwelling=16,33,1,0,0,2,0,0,0
economics,36,economics=36,18,18,0,0,0,0,0,0
eject,36,ejected=31; eject=4; ejecting=1,0,0,36,0,0,0,0,0
emily,36,emily=36,0,24,0,0,0,12,0,0
endothermic,36,endothermic=36,8,11,1,0,16,0,0,0
fold,36,fold=13; folded=12; folding=8; folds=3,2,0,33,0,1,0,0,0
grid,36,grid=28; grids=8,36,0,0,0,0,0,0,0
honestly,36,honestly=36,0,0,0,0,0,36,0,0
identical,36,identical=36,0,0,0,0,36,0,0,0
independence,36,independence=36,36,0,0,0,0,0,0,0
indirect,36,indirect=36,0,3,0,0,33,0,0,0
invertebrate,36,invertebrates=31; invertebrate=5,27,0,8,0,1,0,0,0
mangrove,36,mangrove=22; mangroves=14,28,1,7,0,0,0,0,0
melaka,36,melaka=36,0,36,0,0,0,0,0,0
meroě,36,meroě=36,0,36,0,0,0,0,0,0
noticeable,36,noticeable=36,0,0,0,0,36,0,0,0
nucleus,36,nucleus=26; nuclei=10,36,0,0,0,0,0,0,0
observer,36,observers=28; observer=8,36,0,0,0,0,0,0,0
orange,36,orange=30; oranges=6,15,3,1,0,17,0,0,0
outbreak,36,outbreaks=24; outbreak=12,32,0,0,0,4,0,0,0
panda,36,pandas=32; panda=4,32,0,4,0,0,0,0,0
pasture,36,pastures=20; pasture=16,34,0,0,0,2,0,0,0
peninsula,36,peninsula=36,8,28,0,0,0,0,0,0
plankton,36,plankton=36,0,36,0,0,0,0,0,0
pollinator,36,pollinators=26; pollinator=10,36,0,0,0,0,0,0,0
populate,36,populated=35; populate=1,0,0,36,0,0,0,0,0
prominent,36,prominent=36,0,0,0,0,36,0,0,0
renew,36,renewed=22; renew=12; renewing=2,0,1,35,0,0,0,0,0
sensory,36,sensory=36,0,1,0,0,35,0,0,0
solely,36,solely=36,0,0,0,0,0,36,0,0
stain,36,stained=26; stains=10,10,0,26,0,0,0,0,0
subsidy,36,subsidies=27; subsidy=9,35,1,0,0,0,0,0,0
thistle,36,thistle=33; thistles=3,24,0,0,0,2,10,0,0
timber,36,timber=35; timbers=1,36,0,0,0,0,0,0,0
underlie,36,underlying=32; underlie=2; underlies=2,1,0,35,0,0,0,0,0
underneath,36,underneath=36,1,0,0,0,0,9,0,26
unpleasant,36,unpleasant=36,0,0,0,0,34,2,0,0
wake,36,wake=25; waking=7; woke=3; wakes=1,11,0,25,0,0,0,0,0
warmth,36,warmth=36,36,0,0,0,0,0,0,0
x,36,x=36,30,2,0,0,0,0,0,4
accumulation,35,accumulation=32; accumulations=3,35,0,0,0,0,0,0,0
admission,35,admission=25; admissions=10,33,2,0,0,0,0,0,0
admit,35,admit=26; admitted=4; admits=3; admitting=2,0,0,35,0,0,0,0,0
alive,35,alive=35,0,0,0,0,35,0,0,0
animate,35,animated=35,0,0,35,0,0,0,0,0
apple,35,apple=24; apples=11,34,1,0,0,0,0,0,0
breakthrough,35,breakthrough=21; breakthroughs=14,35,0,0,0,0,0,0,0
cafe,35,cafe=29; cafes=6,32,3,0,0,0,0,0,0
canoe,35,canoe=17; canoes=16; canoeing=2,32,1,2,0,0,0,0,0
capability,35,capabilities=25; capability=10,35,0,0,0,0,0,0,0
classification,35,classification=29; classifications=6,35,0,0,0,0,0,0,0
collective,35,collective=35,1,1,0,0,33,0,0,0
correctly,35,correctly=35,0,0,0,0,0,35,0,0
database,35,database=21; databases=14,34,1,0,0,0,0,0,0
dealer,35,dealers=20; dealer=15,35,0,0,0,0,0,0,0
doubtful,35,doubtful=35,3,1,0,0,31,0,0,0
epic,35,epic=34; epics=1,9,0,0,0,26,0,0,0
erode,35,eroded=19; eroding=8; erode=6; erodes=2,1,0,34,0,0,0,0,0
estate,35,estate=23; estates=12,34,0,1,0,0,0,0,0
feeder,35,feeders=32; feeder=3,35,0,0,0,0,0,0,0
fescue,35,fescue=35,13,1,0,0,21,0,0,0
fifteen,35,fifteen=35,0,1,0,0,0,0,0,34
flanders,35,flanders=35,1,34,0,0,0,0,0,0
funny,35,funny=35,1,1,0,0,33,0,0,0
gland,35,glands=25; gland=10,34,1,0,0,0,0,0,0
guppy,35,guppies=32; guppy=3,33,0,0,0,2,0,0,0
hardly,35,hardly=35,0,0,0,0,0,35,0,0
healthcare,35,healthcare=35,30,5,0,0,0,0,0,0
hudson,35,hudson=35,0,35,0,0,0,0,0,0
inaccurate,35,inaccurate=35,0,0,1,0,34,0,0,0
inject,35,injected=18; injecting=8; inject=5; injects=4,0,0,35,0,0,0,0,0
intern,35,interns=21; intern=10; interned=4,29,0,4,0,2,0,0,0
investigation,35,investigation=18; investigations=17,35,0,0,0,0,0,0,0
jane,35,jane=35,4,27,0,0,0,0,0,4
judgment,35,judgment=18; judgments=17,35,0,0,0,0,0,0,0
led,35,leds=20; led=15,34,1,0,0,0,0,0,0
listener,35,listeners=32; listener=3,35,0,0,0,0,0,0,0
loose,35,loose=34; looser=1,0,0,0,0,34,1,0,0
manatee,35,manatees=27; manatee=8,35,0,0,0,0,0,0,0
means,35,means=35,35,0,0,0,0,0,0,0
migrating,35,migrating=35,32,2,0,0,1,0,0,0
mycorrhizal,35,mycorrhizal=35,13,11,1,0,10,0,0,0
nevertheless,35,nevertheless=35,0,0,0,0,0,35,0,0
nocturnal,35,nocturnal=35,0,0,0,0,35,0,0,0
nowadays,35,nowadays=35,0,0,0,0,0,35,0,0
partnership,35,partnership=25; partnerships=10,35,0,0,0,0,0,0,0
peter,35,peter=35,0,35,0,0,0,0,0,0
planting,35,planting=34; plantings=1,35,0,0,0,0,0,0,0
pop,35,pop=30; popping=2; pops=2; popped=1,14,7,11,0,3,0,0,0
precision,35,precision=35,35,0,0,0,0,0,0,0
preferred,35,preferred=35,0,0,0,0,35,0,0,0
qualified,35,qualified=35,0,0,0,0,35,0,0,0
quilt,35,quilts=26; quilt=9,34,0,1,0,0,0,0,0
rational,35,rational=35,0,1,0,0,34,0,0,0
reflection,35,reflection=27; reflections=8,35,0,0,0,0,0,0,0
replenish,35,replenished=17; replenish=13; replenishing=4; replenishes=1,0,0,35,0,0,0,0,0
representative,35,representative=29; representatives=6,17,0,0,0,18,0,0,0
revolutionary,35,revolutionary=35,2,6,0,0,27,0,0,0
shoreline,35,shoreline=19; shorelines=16,35,0,0,0,0,0,0,0
smoke,35,smoke=33; smoked=1; smoking=1,31,0,4,0,0,0,0,0
son,35,son=26; sons=9,35,0,0,0,0,0,0,0
speculate,35,speculate=20; speculated=11; speculating=3; speculates=1,1,0,34,0,0,0,0,0
supplement,35,supplement=19; supplemented=7; supplements=7; supplementing=2,15,0,19,0,1,0,0,0
susceptible,35,susceptible=35,0,0,0,0,35,0,0,0
symbolize,35,symbolize=13; symbolized=11; symbolizes=8; symbolizing=3,1,0,34,0,0,0,0,0
thunderstorm,35,thunderstorms=18; thunderstorm=17,31,1,1,0,2,0,0,0
tired,35,tired=35,0,0,0,0,35,0,0,0
tobacco,35,tobacco=35,34,1,0,0,0,0,0,0
tolerate,35,tolerate=32; tolerated=2; tolerating=1,3,0,32,0,0,0,0,0
twist,35,twist=23; twists=8; twisted=2; twisting=2,19,4,12,0,0,0,0,0
uncertainty,35,uncertainty=28; uncertainties=7,34,1,0,0,0,0,0,0
upset,35,upset=32; upsets=2; upsetting=1,2,0,10,0,23,0,0,0
vibrio,35,vibrio=34; vibrios=1,2,33,0,0,0,0,0,0
wasp,35,wasps=23; wasp=12,31,3,1,0,0,0,0,0
weave,35,woven=17; weave=11; weaving=6; wove=1,4,1,30,0,0,0,0,0
willow,35,willow=23; willows=12,29,1,4,0,1,0,0,0
amphipod,34,amphipods=18; amphipod=16,34,0,0,0,0,0,0,0
antarctic,34,antarctic=34,0,14,0,0,20,0,0,0
ape,34,apes=31; ape=3,32,0,2,0,0,0,0,0
bamboo,34,bamboo=34,34,0,0,0,0,0,0,0
bin,34,bins=29; bin=5,31,2,1,0,0,0,0,0
boring,34,boring=34,1,0,0,0,33,0,0,0
breath,34,breath=33; breaths=1,30,2,2,0,0,0,0,0
brightly,34,brightly=34,0,0,0,0,0,34,0,0
callipterus,34,callipterus=34,19,15,0,0,0,0,0,0
cassini,34,cassini=34,0,34,0,0,0,0,0,0
chase,34,chasing=12; chase=10; chased=7; chases=5,3,0,31,0,0,0,0,0
climber,34,climber=32; climbers=2,24,10,0,0,0,0,0,0
compensate,34,compensate=22; compensates=7; compensated=4; compensating=1,3,0,31,0,0,0,0,0
congestion,34,congestion=34,34,0,0,0,0,0,0,0
conservationist,34,conservationists=32; conservationist=2,34,0,0,0,0,0,0,0
cézanne,34,cézanne=34,0,34,0,0,0,0,0,0
edition,34,edition=30; editions=4,34,0,0,0,0,0,0,0
elk,34,elk=32; elks=2,4,30,0,0,0,0,0,0
enterprise,34,enterprise=20; enterprises=12; enterprising=2,28,4,2,0,0,0,0,0
eurasia,34,eurasia=34,0,34,0,0,0,0,0,0
firm,34,firm=28; firms=4; firmed=1; firmer=1,22,0,1,0,11,0,0,0
footage,34,footage=34,34,0,0,0,0,0,0,0
fort,34,fort=22; forts=12,19,15,0,0,0,0,0,0
franklin,34,franklin=34,0,34,0,0,0,0,0,0
gill,34,gills=33; gill=1,34,0,0,0,0,0,0,0
granitic,34,granitic=34,0,1,0,0,33,0,0,0
guam,34,guam=34,0,34,0,0,0,0,0,0
impasto,34,impasto=34,27,2,0,0,5,0,0,0
importantly,34,importantly=34,0,0,0,0,0,34,0,0
incandescent,34,incandescent=34,27,2,5,0,0,0,0,0
interval,34,intervals=22; interval=12,34,0,0,0,0,0,0,0
isolated,34,isolated=34,0,0,0,0,34,0,0,0
lawn,34,lawn=26; lawns=8,31,3,0,0,0,0,0,0
loop,34,loop=23; loops=11,31,3,0,0,0,0,0,0
m,34,m=34,6,19,8,0,0,0,1,0
mary,34,mary=34,0,34,0,0,0,0,0,0
misunderstanding,34,misunderstanding=29; misunderstandings=5,34,0,0,0,0,0,0,0
myth,34,myth=17; myths=17,33,1,0,0,0,0,0,0
noguchi,34,noguchi=34,0,34,0,0,0,0,0,0
occupation,34,occupation=19; occupations=15,34,0,0,0,0,0,0,0
olive,34,olive=31; olives=3,25,1,0,0,8,0,0,0
otter,34,otters=28; otter=6,33,0,0,0,1,0,0,0
pace,34,pace=30; paced=3; pacing=1,30,0,4,0,0,0,0,0
patronage,34,patronage=34,34,0,0,0,0,0,0,0
pet,34,pet=24; pets=10,11,15,0,0,8,0,0,0
placental,34,placentals=25; placental=9,25,0,0,0,9,0,0,0
pure,34,pure=32; purer=1; purest=1,0,1,0,0,33,0,0,0
quorum,34,quorum=34,18,15,1,0,0,0,0,0
renovation,34,renovation=17; renovations=17,34,0,0,0,0,0,0,0
robin,34,robins=21; robin=13,27,7,0,0,0,0,0,0
scratch,34,scratch=18; scratches=7; scratched=5; scratching=4,21,0,13,0,0,0,0,0
spectrum,34,spectrum=34,34,0,0,0,0,0,0,0
staple,34,staple=31; staples=3,20,0,0,0,14,0,0,0
static,34,static=34,2,0,0,0,32,0,0,0
swing,34,swing=24; swings=6; swinging=2; swung=2,21,0,13,0,0,0,0,0
testing,34,testing=34,32,2,0,0,0,0,0,0
thickness,34,thickness=33; thicknesses=1,34,0,0,0,0,0,0,0
thirty,34,thirty=34,0,1,0,0,0,0,0,33
tide,34,tide=20; tides=14,34,0,0,0,0,0,0,0
vortex,34,vortices=19; vortex=15,33,1,0,0,0,0,0,0
woodcut,34,woodcut=17; woodcuts=17,32,0,1,0,1,0,0,0
acacia,33,acacia=31; acacias=2,12,21,0,0,0,0,0,0
alarm,33,alarm=30; alarms=2; alarming=1,30,2,1,0,0,0,0,0
altitude,33,altitudes=19; altitude=14,32,0,1,0,0,0,0,0
anticipate,33,anticipate=19; anticipated=10; anticipating=3; anticipates=1,0,0,33,0,0,0,0,0
aqueduct,33,aqueducts=30; aqueduct=3,33,0,0,0,0,0,0,0
awesome,33,awesome=33,0,5,0,0,28,0,0,0
azolla,33,azolla=33,0,33,0,0,0,0,0,0
bush,33,bushes=22; bush=11,24,9,0,0,0,0,0,0
butter,33,butter=33,31,2,0,0,0,0,0,0
carboniferous,33,carboniferous=33,0,9,0,0,24,0,0,0
chaco,33,chaco=33,0,33,0,0,0,0,0,0
chemically,33,chemically=33,0,0,0,0,0,33,0,0
confine,33,confined=28; confine=2; confines=2; confining=1,2,0,31,0,0,0,0,0
consensus,33,consensus=33,32,1,0,0,0,0,0,0
coordinate,33,coordinate=17; coordinated=10; coordinates=3; coordinating=3,5,0,28,0,0,0,0,0
cunningham,33,cunningham=33,0,33,0,0,0,0,0,0
daughter,33,daughter=30; daughters=3,33,0,0,0,0,0,0,0
disappointed,33,disappointed=33,1,2,0,0,30,0,0,0
district,33,district=23; districts=10,32,1,0,0,0,0,0,0
editing,33,editing=33,30,3,0,0,0,0,0,0
electromagnetic,33,electromagnetic=33,0,2,0,0,31,0,0,0
erratic,33,erratics=20; erratic=13,20,0,0,0,13,0,0,0
establishment,33,establishment=23; establishments=10,32,1,0,0,0,0,0,0
file,33,files=16; file=12; filed=4; filing=1,28,0,5,0,0,0,0,0
fishery,33,fisheries=21; fishery=12,33,0,0,0,0,0,0,0
forever,33,forever=33,0,0,0,0,0,33,0,0
graphene,33,graphene=33,27,2,1,0,3,0,0,0
hero,33,hero=27; heroes=6,32,1,0,0,0,0,0,0
hike,33,hike=17; hiking=14; hikes=2,16,0,17,0,0,0,0,0
hurricane,33,hurricane=24; hurricanes=9,33,0,0,0,0,0,0,0
injury,33,injuries=20; injury=13,33,0,0,0,0,0,0,0
insulate,33,insulating=21; insulate=5; insulated=5; insulates=2,0,0,33,0,0,0,0,0
investor,33,investors=24; investor=9,33,0,0,0,0,0,0,0
lens,33,lenses=17; lens=16,31,1,0,0,1,0,0,0
mathematic,33,mathematics=33,33,0,0,0,0,0,0,0
maximize,33,maximize=21; maximizing=12,0,0,33,0,0,0,0,0
melting,33,melting=33,31,2,0,0,0,0,0,0
metabolism,33,metabolism=31; metabolisms=2,32,0,1,0,0,0,0,0
mindset,33,mindset=33,31,2,0,0,0,0,0,0
mode,33,mode=19; modes=14,33,0,0,0,0,0,0,0
mood,33,mood=29; moods=4,32,1,0,0,0,0,0,0
mycenaean,33,mycenaean=33,0,5,0,0,28,0,0,0
nesting,33,nesting=33,9,0,0,0,24,0,0,0
noisy,33,noisy=33,0,0,0,0,33,0,0,0
nurse,33,nurse=24; nurses=5; nursing=4,24,1,8,0,0,0,0,0
oxide,33,oxide=22; oxides=11,32,0,1,0,0,0,0,0
porch,33,porch=21; porches=12,33,0,0,0,0,0,0,0
pour,33,poured=17; pour=9; pouring=6; pours=1,3,0,30,0,0,0,0,0
quelea,33,quelea=18; queleas=15,17,13,0,0,3,0,0,0
questionnaire,33,questionnaires=24; questionnaire=9,33,0,0,0,0,0,0,0
rank,33,rank=17; ranking=8; ranked=5; ranks=3,15,1,17,0,0,0,0,0
reminder,33,reminder=24; reminders=9,33,0,0,0,0,0,0,0
reschedule,33,reschedule=20; rescheduled=12; rescheduling=1,3,1,29,0,0,0,0,0
san,33,san=33,0,33,0,0,0,0,0,0
saving,33,savings=29; saving=4,33,0,0,0,0,0,0,0
shoot,33,shoots=16; shoot=11; shot=6,13,0,20,0,0,0,0,0
spending,33,spending=33,33,0,0,0,0,0,0,0
spray,33,sprayed=15; spray=11; spraying=5; sprays=2,6,0,27,0,0,0,0,0
subtle,33,subtle=33,0,1,0,0,32,0,0,0
sweep,33,swept=22; sweep=5; sweeping=3; sweeps=3,2,0,31,0,0,0,0,0
unsure,33,unsure=33,3,2,0,0,28,0,0,0
vanilla,33,vanilla=33,32,1,0,0,0,0,0,0
villa,33,villa=20; villas=13,30,3,0,0,0,0,0,0
yellowstone,33,yellowstone=33,0,33,0,0,0,0,0,0
blame,32,blame=26; blamed=6,4,0,28,0,0,0,0,0
celebrity,32,celebrity=17; celebrities=15,31,1,0,0,0,0,0,0
chimp,32,chimps=22; chimp=10,31,0,1,0,0,0,0,0
co,32,co=32,21,4,6,0,1,0,0,0
coating,32,coating=26; coatings=6,32,0,0,0,0,0,0,0
collaborate,32,collaborate=14; collaborated=12; collaborating=6,1,0,31,0,0,0,0,0
colorful,32,colorful=32,0,0,0,0,32,0,0,0
comparable,32,comparable=32,0,0,0,0,32,0,0,0
corner,32,corner=18; corners=14,31,1,0,0,0,0,0,0
darkness,32,darkness=32,32,0,0,0,0,0,0,0
delicate,32,delicate=32,0,0,0,0,32,0,0,0
descendant,32,descendants=27; descendant=5,30,0,0,0,2,0,0,0
desirable,32,desirable=32,0,0,0,0,32,0,0,0
drinking,32,drinking=32,31,1,0,0,0,0,0,0
employer,32,employers=23; employer=9,32,0,0,0,0,0,0,0
enclose,32,enclosed=21; enclosing=6; enclose=4; encloses=1,1,0,31,0,0,0,0,0
enrol,32,enrolled=21; enrolling=11,0,0,32,0,0,0,0,0
excessive,32,excessive=32,0,2,0,0,30,0,0,0
explorer,32,explorers=27; explorer=5,32,0,0,0,0,0,0,0
fake,32,fake=29; fakes=3,10,0,1,0,21,0,0,0
flash,32,flash=18; flashes=10; flashed=2; flashing=2,26,0,6,0,0,0,0,0
framework,32,framework=26; frameworks=6,32,0,0,0,0,0,0,0
germinate,32,germinate=29; germinated=2; germinating=1,4,0,27,0,1,0,0,0
hinder,32,hinder=15; hindered=8; hindering=5; hinders=4,2,0,30,0,0,0,0,0
hobby,32,hobbies=16; hobby=16,32,0,0,0,0,0,0,0
humans,32,humans=32,0,32,0,0,0,0,0,0
hummingbird,32,hummingbirds=20; hummingbird=12,22,7,0,0,3,0,0,0
hungry,32,hungry=30; hungriest=2,0,0,0,0,32,0,0,0
identification,32,identification=32,31,1,0,0,0,0,0,0
imagination,32,imagination=27; imaginations=5,32,0,0,0,0,0,0,0
improvisation,32,improvisation=30; improvisations=2,32,0,0,0,0,0,0,0
inexpensive,32,inexpensive=32,0,0,0,0,32,0,0,0
intriguing,32,intriguing=32,0,0,0,0,32,0,0,0
invasion,32,invasion=27; invasions=5,32,0,0,0,0,0,0,0
lascaux,32,lascaux=32,0,32,0,0,0,0,0,0
londinium,32,londinium=32,0,32,0,0,0,0,0,0
lounge,32,lounge=26; lounges=4; lounging=2,30,0,2,0,0,0,0,0
noon,32,noon=32,32,0,0,0,0,0,0,0
orbital,32,orbital=32,0,0,0,0,32,0,0,0
ozone,32,ozone=32,30,2,0,0,0,0,0,0
peacock,32,peacocks=18; peacock=14,31,0,1,0,0,0,0,0
pleasant,32,pleasant=32,1,0,0,0,31,0,0,0
pm,32,pm=32,27,4,0,0,0,1,0,0
pretend,32,pretend=20; pretending=8; pretended=3; pretends=1,12,0,19,0,1,0,0,0
principal,32,principal=32,3,1,0,0,28,0,0,0
quarter,32,quarter=19; quarters=13,29,3,0,0,0,0,0,0
revere,32,revere=31; revered=1,5,23,4,0,0,0,0,0
risky,32,risky=27; riskier=5,0,0,0,0,32,0,0,0
robinson,32,robinson=32,0,32,0,0,0,0,0,0
sandwich,32,sandwich=24; sandwiches=7; sandwiched=1,31,0,1,0,0,0,0,0
sauropod,32,sauropods=29; sauropod=3,30,0,0,0,2,0,0,0
scandinavia,32,scandinavia=32,0,32,0,0,0,0,0,0
seagrass,32,seagrass=31; seagrasses=1,31,0,1,0,0,0,0,0
seismic,32,seismic=32,0,0,0,0,32,0,0,0
sexual,32,sexual=32,0,3,0,0,29,0,0,0
shuttle,32,shuttle=29; shuttles=2; shuttled=1,31,0,1,0,0,0,0,0
singing,32,singing=32,32,0,0,0,0,0,0,0
smelting,32,smelting=32,32,0,0,0,0,0,0,0
sponge,32,sponge=21; sponges=8; sponging=3,28,0,3,0,1,0,0,0
sponsor,32,sponsored=14; sponsor=10; sponsors=5; sponsoring=3,5,0,27,0,0,0,0,0
sprout,32,sprout=25; sprouting=4; sprouts=2; sprouted=1,12,0,20,0,0,0,0,0
sub,32,sub=32,4,0,0,0,28,0,0,0
swallow,32,swallow=23; swallowed=4; swallows=3; swallowing=2,1,2,11,0,0,18,0,0
thesis,32,thesis=32,31,1,0,0,0,0,0,0
transaction,32,transactions=23; transaction=9,32,0,0,0,0,0,0,0
trash,32,trash=32,31,1,0,0,0,0,0,0
wobble,32,wobble=23; wobbles=5; wobbling=4,13,0,15,0,4,0,0,0
wrap,32,wrap=15; wrapped=12; wrapping=4; wraps=1,6,0,26,0,0,0,0,0
adams,31,adams=31,0,31,0,0,0,0,0,0
adaptive,31,adaptive=31,13,0,0,0,18,0,0,0
admire,31,admired=16; admire=7; admires=6; admiring=2,1,0,30,0,0,0,0,0
adventure,31,adventure=24; adventures=7,30,1,0,0,0,0,0,0
altogether,31,altogether=31,0,0,0,0,0,31,0,0
anchor,31,anchor=13; anchors=7; anchored=6; anchoring=5,11,1,19,0,0,0,0,0
appealing,31,appealing=31,0,0,0,0,31,0,0,0
authentic,31,authentic=31,0,1,0,0,30,0,0,0
basement,31,basement=30; basements=1,31,0,0,0,0,0,0,0
basket,31,baskets=17; basket=14,31,0,0,0,0,0,0,0
berry,31,berries=30; berry=1,31,0,0,0,0,0,0,0
birds,31,birds=31,0,31,0,0,0,0,0,0
boost,31,boost=22; boosting=8; boosted=1,7,0,24,0,0,0,0,0
burning,31,burning=31,31,0,0,0,0,0,0,0
cap,31,cap=18; caps=13,30,0,1,0,0,0,0,0
cheatgrass,31,cheatgrass=31,30,1,0,0,0,0,0,0
chip,31,chips=17; chipped=7; chipping=4; chip=3,20,0,11,0,0,0,0,0
compost,31,composting=17; compost=13; composted=1,11,0,20,0,0,0,0,0
convention,31,convention=18; conventions=13,30,1,0,0,0,0,0,0
cooperative,31,cooperative=31,1,1,0,0,29,0,0,0
crash,31,crashed=12; crashing=10; crash=6; crashes=3,6,0,25,0,0,0,0,0
deficit,31,deficit=18; deficits=13,31,0,0,0,0,0,0,0
dismiss,31,dismissed=18; dismiss=10; dismissing=2; dismisses=1,0,0,31,0,0,0,0,0
educator,31,educators=26; educator=5,31,0,0,0,0,0,0,0
engraving,31,engravings=26; engraving=5,31,0,0,0,0,0,0,0
explode,31,exploded=18; exploding=6; explode=5; explodes=2,0,1,30,0,0,0,0,0
extraordinary,31,extraordinary=31,0,1,0,0,30,0,0,0
fairy,31,fairy=30; fairies=1,30,1,0,0,0,0,0,0
fanny,31,fanny=31,0,31,0,0,0,0,0,0
focused,31,focused=31,0,0,0,0,31,0,0,0
formula,31,formulas=16; formula=15,31,0,0,0,0,0,0,0
gogh,31,gogh=31,0,31,0,0,0,0,0,0
guidance,31,guidance=31,30,1,0,0,0,0,0,0
harbor,31,harbor=29; harbored=1; harbors=1,23,3,5,0,0,0,0,0
harmless,31,harmless=31,3,0,0,0,28,0,0,0
hawk,31,hawks=16; hawk=15,29,2,0,0,0,0,0,0
incomplete,31,incomplete=31,1,1,0,0,29,0,0,0
install,31,install=31,0,6,25,0,0,0,0,0
interference,31,interference=31,31,0,0,0,0,0,0,0
jones,31,jones=31,0,31,0,0,0,0,0,0
joseph,31,joseph=31,0,31,0,0,0,0,0,0
kinship,31,kinship=31,27,4,0,0,0,0,0,0
knee,31,knees=23; knee=8,31,0,0,0,0,0,0,0
lord,31,lord=16; lords=15,16,15,0,0,0,0,0,0
microburst,31,microbursts=16; microburst=15,30,1,0,0,0,0,0,0
microscopic,31,microscopic=31,0,0,0,0,31,0,0,0
mirror,31,mirror=14; mirrors=12; mirrored=4; mirroring=1,24,0,7,0,0,0,0,0
mistaken,31,mistaken=31,0,3,0,0,28,0,0,0
opal,31,opals=25; opal=6,25,4,1,0,1,0,0,0
optical,31,optical=31,0,1,0,0,30,0,0,0
optimal,31,optimal=31,0,1,0,0,30,0,0,0
orca,31,orca=18; orcas=13,25,6,0,0,0,0,0,0
overlap,31,overlap=18; overlapping=9; overlapped=3; overlaps=1,9,0,22,0,0,0,0,0
periodically,31,periodically=31,0,0,0,0,0,31,0,0
pollute,31,polluting=14; pollute=9; polluted=5; pollutes=3,1,0,30,0,0,0,0,0
presumably,31,presumably=31,0,1,0,0,0,30,0,0
prop,31,props=20; prop=9; propped=1; propping=1,25,3,3,0,0,0,0,0
rainy,31,rainy=31,0,0,0,0,31,0,0,0
realist,31,realist=27; realists=4,5,1,1,0,24,0,0,0
recruit,31,recruit=15; recruited=8; recruiting=4; recruits=4,3,0,28,0,0,0,0,0
s,31,s=31,4,4,10,0,0,0,2,11
segment,31,segment=17; segments=11; segmented=3,28,0,3,0,0,0,0,0
slight,31,slight=27; slightest=4,0,2,0,0,29,0,0,0
smartphone,31,smartphone=19; smartphones=12,31,0,0,0,0,0,0,0
southeast,31,southeast=31,7,15,0,0,9,0,0,0
spawn,31,spawning=15; spawn=12; spawned=4,2,1,28,0,0,0,0,0
sticky,31,sticky=31,0,0,0,0,31,0,0,0
subsistence,31,subsistence=31,29,1,1,0,0,0,0,0
thule,31,thule=31,1,22,0,0,8,0,0,0
translate,31,translated=18; translate=8; translates=3; translating=2,0,0,31,0,0,0,0,0
unpredictable,31,unpredictable=31,0,0,0,0,31,0,0,0
unsuccessful,31,unsuccessful=31,0,0,0,0,31,0,0,0
urchin,31,urchins=25; urchin=6,27,0,1,0,3,0,0,0
utilitarian,31,utilitarian=31,0,0,0,0,31,0,0,0
weaving,31,weaving=31,31,0,0,0,0,0,0,0
wherever,31,wherever=31,0,0,0,0,0,0,0,31
whitney,31,whitney=31,0,31,0,0,0,0,0,0
woody,31,woody=31,24,4,1,0,2,0,0,0
acting,30,acting=30,23,6,0,0,1,0,0,0
akkadian,30,akkadian=30,0,16,0,0,14,0,0,0
angiosperm,30,angiosperms=25; angiosperm=5,27,1,0,0,2,0,0,0
arid,30,arid=30,13,1,1,0,15,0,0,0
audio,30,audio=29; audios=1,9,0,0,0,21,0,0,0
bantu,30,bantu=30,0,27,0,0,3,0,0,0
bd,30,bd=30,0,29,0,0,0,0,1,0
biomass,30,biomass=30,29,1,0,0,0,0,0,0
boil,30,boil=12; boiled=9; boiling=8; boils=1,0,0,30,0,0,0,0,0
bread,30,bread=25; breads=5,28,2,0,0,0,0,0,0
burst,30,burst=15; bursts=13; bursting=2,19,0,10,0,1,0,0,0
chew,30,chew=15; chewing=10; chews=3; chewed=2,1,5,24,0,0,0,0,0
comparatively,30,comparatively=30,0,3,0,0,0,27,0,0
contraction,30,contraction=21; contractions=9,30,0,0,0,0,0,0,0
descend,30,descended=21; descend=5; descending=2; descends=2,1,0,29,0,0,0,0,0
diameter,30,diameter=30,30,0,0,0,0,0,0,0
eggshell,30,eggshells=24; eggshell=6,30,0,0,0,0,0,0,0
elliptical,30,elliptical=30,0,0,0,0,30,0,0,0
enforce,30,enforced=13; enforce=11; enforcing=5; enforces=1,0,0,30,0,0,0,0,0
enjoyable,30,enjoyable=30,0,0,0,0,30,0,0,0
excess,30,excess=29; excesses=1,6,0,0,0,24,0,0,0
excuse,30,excuse=27; excused=3,4,1,25,0,0,0,0,0
financially,30,financially=30,0,0,0,0,0,30,0,0
govern,30,governed=13; governing=12; govern=4; governs=1,0,0,30,0,0,0,0,0
grand,30,grand=30,0,11,0,0,19,0,0,0
grasp,30,grasp=22; grasping=5; grasped=3,8,0,22,0,0,0,0,0
grazer,30,grazers=27; grazer=3,30,0,0,0,0,0,0,0
hiking,30,hiking=30,28,2,0,0,0,0,0,0
honest,30,honest=30,0,0,0,0,30,0,0,0
honor,30,honor=19; honored=7; honoring=2; honors=2,5,3,22,0,0,0,0,0
hypnosis,30,hypnosis=30,27,3,0,0,0,0,0,0
invisible,30,invisible=30,0,0,0,0,30,0,0,0
justify,30,justify=23; justified=6; justifies=1,0,0,30,0,0,0,0,0
landlord,30,landlords=19; landlord=11,30,0,0,0,0,0,0,0
lend,30,lend=14; lent=11; lending=4; lends=1,0,0,30,0,0,0,0,0
licensing,30,licensing=30,28,2,0,0,0,0,0,0
likelihood,30,likelihood=30,30,0,0,0,0,0,0,0
linguistic,30,linguistic=29; linguistics=1,2,2,0,0,26,0,0,0
literally,30,literally=30,0,0,0,0,0,30,0,0
luck,30,luck=30,30,0,0,0,0,0,0,0
mechanic,30,mechanics=21; mechanic=9,28,0,0,0,2,0,0,0
megapode,30,megapodes=18; megapode=12,28,2,0,0,0,0,0,0
menu,30,menu=27; menus=3,29,0,0,0,1,0,0,0
monumental,30,monumental=30,0,1,0,0,29,0,0,0
neutron,30,neutron=27; neutrons=3,29,1,0,0,0,0,0,0
oven,30,oven=15; ovens=15,19,3,3,0,4,1,0,0
palsa,30,palsa=17; palsas=13,30,0,0,0,0,0,0,0
pigeon,30,pigeons=27; pigeon=3,30,0,0,0,0,0,0,0
prestige,30,prestige=30,30,0,0,0,0,0,0,0
prioritize,30,prioritize=23; prioritizes=3; prioritized=2; prioritizing=2,1,0,29,0,0,0,0,0
recreation,30,recreation=30,27,3,0,0,0,0,0,0
relieve,30,relieved=18; relieve=6; relieving=5; relieves=1,1,0,29,0,0,0,0,0
relocate,30,relocate=11; relocated=11; relocating=8,0,1,29,0,0,0,0,0
rival,30,rival=16; rivals=13; rivaled=1,18,0,3,0,9,0,0,0
rope,30,rope=22; ropes=6; roped=2,28,0,2,0,0,0,0,0
shard,30,shards=29; shard=1,30,0,0,0,0,0,0,0
smart,30,smart=27; smarter=2; smartest=1,0,2,0,0,28,0,0,0
solidify,30,solidify=19; solidified=9; solidifying=2,2,0,28,0,0,0,0,0
sometime,30,sometime=30,0,1,1,0,0,28,0,0
specially,30,specially=30,0,0,0,0,0,30,0,0
stadium,30,stadium=27; stadiums=3,27,3,0,0,0,0,0,0
substantially,30,substantially=30,0,0,0,0,0,30,0,0
substitute,30,substitute=20; substituted=5; substitutes=3; substituting=2,17,1,11,0,1,0,0,0
suited,30,suited=30,0,0,0,0,30,0,0,0
theoretical,30,theoretical=30,1,0,0,0,29,0,0,0
tragedy,30,tragedies=17; tragedy=13,29,1,0,0,0,0,0,0
trick,30,trick=17; tricks=5; tricked=4; tricking=4,14,0,16,0,0,0,0,0
unstable,30,unstable=30,0,0,0,0,30,0,0,0
usage,30,usage=30,29,1,0,0,0,0,0,0
virtual,30,virtual=30,0,1,0,0,29,0,0,0
vitamin,30,vitamin=15; vitamins=15,30,0,0,0,0,0,0,0
weaver,30,weavers=18; weaver=12,30,0,0,0,0,0,0,0
wife,30,wife=25; wives=5,30,0,0,0,0,0,0,0
zero,30,zero=29; zeros=1,1,13,0,0,1,0,0,15
aerial,29,aerial=29,0,0,0,0,29,0,0,0
andean,29,andean=29,0,7,0,0,22,0,0,0
baroque,29,baroque=29,0,18,0,0,11,0,0,0
beehive,29,beehive=21; beehives=8,10,0,0,0,19,0,0,0
benjamin,29,benjamin=29,0,29,0,0,0,0,0,0
biochemical,29,biochemical=29,0,4,0,0,25,0,0,0
breathing,29,breathing=29,29,0,0,0,0,0,0,0
byzantine,29,byzantine=29,0,23,0,0,6,0,0,0
celestial,29,celestial=29,0,0,0,0,29,0,0,0
cellulose,29,cellulose=29,27,1,0,0,1,0,0,0
cezanne,29,cezanne=29,0,29,0,0,0,0,0,0
charity,29,charity=18; charities=11,29,0,0,0,0,0,0,0
commercially,29,commercially=29,0,0,0,0,0,29,0,0
commute,29,commute=12; commuting=11; commuted=3; commutes=3,8,0,21,0,0,0,0,0
computational,29,computational=29,0,4,0,0,25,0,0,0
conquer,29,conquered=22; conquer=5; conquering=2,0,0,29,0,0,0,0,0
cooperate,29,cooperate=22; cooperating=4; cooperated=3,0,1,28,0,0,0,0,0
defeat,29,defeat=17; defeated=9; defeating=3,6,0,23,0,0,0,0,0
devise,29,devised=18; devise=9; devising=2,0,0,29,0,0,0,0,0
dragon,29,dragon=23; dragons=6,27,2,0,0,0,0,0,0
eater,29,eaters=24; eater=5,29,0,0,0,0,0,0,0
eclipse,29,eclipses=16; eclipse=12; eclipsing=1,27,0,2,0,0,0,0,0
embrace,29,embrace=13; embraced=12; embraces=2; embracing=2,2,0,27,0,0,0,0,0
flaherty,29,flaherty=29,4,25,0,0,0,0,0,0
hello,29,hello=29,0,8,0,0,0,0,0,21
ii,29,ii=29,0,29,0,0,0,0,0,0
incoming,29,incoming=29,0,0,0,0,29,0,0,0
lacquerware,29,lacquerware=29,28,0,0,0,1,0,0,0
lamp,29,lamps=20; lamp=9,29,0,0,0,0,0,0,0
latter,29,latter=29,4,0,0,0,25,0,0,0
leak,29,leak=12; leaks=8; leaking=6; leaked=3,10,0,19,0,0,0,0,0
linear,29,linear=29,1,0,0,0,28,0,0,0
mayan,29,mayan=29,0,15,0,0,14,0,0,0
muon,29,muon=20; muons=9,28,1,0,0,0,0,0,0
nabis,29,nabis=29,0,29,0,0,0,0,0,0
noble,29,noble=18; nobles=11,11,0,1,0,17,0,0,0
pangolin,29,pangolin=24; pangolins=5,27,2,0,0,0,0,0,0
persist,29,persist=15; persisted=11; persists=3,2,1,26,0,0,0,0,0
phytolith,29,phytoliths=19; phytolith=10,23,2,0,0,2,1,0,1
pilot,29,pilot=22; pilots=7,28,1,0,0,0,0,0,0
pleasure,29,pleasure=29,28,1,0,0,0,0,0,0
politic,29,politics=29,29,0,0,0,0,0,0,0
profile,29,profile=21; profiles=8,27,1,1,0,0,0,0,0
protosun,29,protosun=29,29,0,0,0,0,0,0,0
reconsider,29,reconsider=21; reconsidered=4; reconsidering=4,0,0,29,0,0,0,0,0
refine,29,refined=12; refine=9; refining=7; refines=1,2,0,27,0,0,0,0,0
rodinia,29,rodinia=29,0,29,0,0,0,0,0,0
scheduling,29,scheduling=29,27,2,0,0,0,0,0,0
segal,29,segal=29,0,29,0,0,0,0,0,0
shortly,29,shortly=29,0,0,0,0,0,29,0,0
silicon,29,silicon=29,24,5,0,0,0,0,0,0
silkworm,29,silkworms=26; silkworm=3,29,0,0,0,0,0,0,0
sixth,29,sixth=29,1,0,0,0,28,0,0,0
southwestern,29,southwestern=29,0,1,0,0,28,0,0,0
stalk,29,stalk=12; stalks=12; stalking=4; stalked=1,20,0,9,0,0,0,0,0
strictly,29,strictly=29,0,0,0,0,0,29,0,0
sunday,29,sunday=28; sundays=1,1,28,0,0,0,0,0,0
symmetry,29,symmetry=29,28,1,0,0,0,0,0,0
terrace,29,terraces=18; terraced=6; terrace=4; terracing=1,22,0,7,0,0,0,0,0
thereby,29,thereby=29,0,0,0,0,0,29,0,0
thomsen,29,thomsen=29,0,29,0,0,0,0,0,0
tracking,29,tracking=29,29,0,0,0,0,0,0,0
tropic,29,tropics=28; tropic=1,28,0,0,0,1,0,0,0
tuition,29,tuition=29,29,0,0,0,0,0,0,0
viewpoint,29,viewpoint=21; viewpoints=8,29,0,0,0,0,0,0,0
wavelength,29,wavelengths=23; wavelength=6,29,0,0,0,0,0,0,0
workforce,29,workforce=24; workforces=5,29,0,0,0,0,0,0,0
worthwhile,29,worthwhile=29,1,0,0,0,28,0,0,0
yea,29,yea=29,1,18,0,0,1,0,0,9
zealand,29,zealand=29,0,29,0,0,0,0,0,0
alumnus,28,alumni=27; alumnus=1,28,0,0,0,0,0,0,0
amateur,28,amateur=22; amateurs=6,13,1,0,0,14,0,0,0
anup,28,anup=28,0,28,0,0,0,0,0,0
archive,28,archives=18; archive=10,28,0,0,0,0,0,0,0
assemble,28,assembled=13; assemble=9; assembling=4; assembles=2,1,0,26,0,1,0,0,0
balloon,28,balloon=18; balloons=8; ballooned=1; ballooning=1,26,0,2,0,0,0,0,0
beethoven,28,beethoven=28,0,28,0,0,0,0,0,0
blanket,28,blanket=15; blankets=10; blanketed=3,25,0,3,0,0,0,0,0
blast,28,blast=16; blasted=10; blasting=1; blasts=1,15,1,12,0,0,0,0,0
caesar,28,caesar=28,0,28,0,0,0,0,0,0
ceiling,28,ceiling=18; ceilings=10,28,0,0,0,0,0,0,0
chicken,28,chicken=16; chickens=12,27,1,0,0,0,0,0,0
cole,28,cole=28,0,28,0,0,0,0,0,0
comedy,28,comedy=20; comedies=8,27,1,0,0,0,0,0,0
commedia,28,commedia=28,15,13,0,0,0,0,0,0
crazy,28,crazy=28,0,2,0,0,26,0,0,0
d,28,d=28,10,6,0,0,12,0,0,0
detector,28,detectors=15; detector=13,28,0,0,0,0,0,0,0
developer,28,developers=26; developer=2,28,0,0,0,0,0,0,0
discard,28,discarded=25; discarding=2; discard=1,0,0,28,0,0,0,0,0
dissonance,28,dissonance=24; dissonances=4,28,0,0,0,0,0,0,0
distort,28,distorted=13; distort=6; distorts=6; distorting=3,0,0,28,0,0,0,0,0
dominance,28,dominance=28,27,1,0,0,0,0,0,0
dove,28,dove=23; doves=5,12,14,2,0,0,0,0,0
dragonfly,28,dragonfly=15; dragonflies=13,26,0,0,0,1,1,0,0
drain,28,drained=12; drain=10; draining=3; drains=3,4,0,24,0,0,0,0,0
easter,28,easter=28,0,28,0,0,0,0,0,0
evenly,28,evenly=28,0,0,0,0,0,28,0,0
exhaust,28,exhaust=23; exhausted=5,17,0,9,0,2,0,0,0
faience,28,faience=27; faiences=1,22,6,0,0,0,0,0,0
federal,28,federal=28,0,0,0,0,28,0,0,0
flaw,28,flaws=20; flaw=7; flawed=1,27,0,1,0,0,0,0,0
footprint,28,footprint=17; footprints=11,28,0,0,0,0,0,0,0
fraction,28,fraction=25; fractions=3,28,0,0,0,0,0,0,0
fulfill,28,fulfill=26; fulfills=2,1,0,27,0,0,0,0,0
gm,28,gm=28,0,28,0,0,0,0,0,0
happiness,28,happiness=28,28,0,0,0,0,0,0,0
honey,28,honey=28,27,1,0,0,0,0,0,0
hopefully,28,hopefully=28,0,0,0,0,0,28,0,0
hotter,28,hotter=28,4,0,0,0,22,2,0,0
illustration,28,illustrations=18; illustration=10,28,0,0,0,0,0,0,0
informative,28,informative=28,0,0,0,0,28,0,0,0
khun,28,khun=28,0,28,0,0,0,0,0,0
legend,28,legends=15; legend=13,25,3,0,0,0,0,0,0
maori,28,maori=28,0,28,0,0,0,0,0,0
meaningful,28,meaningful=28,0,0,0,0,28,0,0,0
mule,28,mule=27; mules=1,2,0,0,0,26,0,0,0
orleans,28,orleans=28,0,28,0,0,0,0,0,0
outweigh,28,outweigh=24; outweighed=2; outweighs=2,0,0,28,0,0,0,0,0
overnight,28,overnight=28,0,2,0,0,6,20,0,0
pen,28,pen=18; pens=8; penned=1; pent=1,26,0,2,0,0,0,0,0
personally,28,personally=28,0,2,0,0,0,26,0,0
peru,28,peru=28,0,28,0,0,0,0,0,0
phosphorus,28,phosphorus=28,26,2,0,0,0,0,0,0
physicist,28,physicists=15; physicist=13,26,2,0,0,0,0,0,0
placement,28,placement=28,28,0,0,0,0,0,0,0
powder,28,powder=26; powders=2,28,0,0,0,0,0,0,0
programming,28,programming=28,27,1,0,0,0,0,0,0
purple,28,purple=28,12,0,1,0,13,2,0,0
race,28,race=18; races=8; racing=2,25,0,3,0,0,0,0,0
radiate,28,radiate=11; radiates=9; radiating=6; radiated=2,0,0,28,0,0,0,0,0
reporter,28,reporter=20; reporters=8,28,0,0,0,0,0,0,0
resin,28,resin=24; resins=4,28,0,0,0,0,0,0,0
rook,28,rooks=26; rook=2,28,0,0,0,0,0,0,0
runoff,28,runoff=28,27,0,1,0,0,0,0,0
sector,28,sector=19; sectors=9,28,0,0,0,0,0,0,0
sharply,28,sharply=28,0,0,0,0,0,28,0,0
shipwreck,28,shipwreck=20; shipwrecks=7; shipwrecked=1,27,0,1,0,0,0,0,0
slip,28,slip=17; slipped=5; slips=4; slipping=2,12,1,13,0,2,0,0,0
spell,28,spell=11; spelled=9; spells=8,13,0,15,0,0,0,0,0
spindle,28,spindles=22; spindle=6,26,0,0,0,2,0,0,0
spite,28,spite=28,28,0,0,0,0,0,0,0
storytelling,28,storytelling=28,28,0,0,0,0,0,0,0
stressful,28,stressful=28,0,0,0,0,28,0,0,0
submerge,28,submerged=20; submerging=5; submerge=3,0,0,27,0,1,0,0,0
subscription,28,subscription=22; subscriptions=6,27,1,0,0,0,0,0,0
tadpole,28,tadpoles=24; tadpole=4,25,0,1,0,2,0,0,0
tang,28,tang=28,0,28,0,0,0,0,0,0
tenant,28,tenants=19; tenant=9,28,0,0,0,0,0,0,0
territorial,28,territorial=28,0,1,0,0,27,0,0,0
tightly,28,tightly=28,0,0,0,0,0,28,0,0
troop,28,troops=25; troop=3,28,0,0,0,0,0,0,0
unused,28,unused=28,0,0,0,0,28,0,0,0
utilize,28,utilize=12; utilized=8; utilizes=5; utilizing=3,0,0,27,0,1,0,0,0
valid,28,valid=28,0,0,0,0,28,0,0,0
varnish,28,varnish=25; varnished=2; varnishes=1,19,2,2,0,5,0,0,0
vibrant,28,vibrant=28,0,0,0,0,28,0,0,0
wage,28,wages=24; wage=4,28,0,0,0,0,0,0,0
weathercaster,28,weathercasters=26; weathercaster=2,28,0,0,0,0,0,0,0
wipe,28,wiped=15; wipe=8; wiping=4; wipes=1,1,1,26,0,0,0,0,0
witness,28,witness=12; witnessed=12; witnesses=2; witnessing=2,6,0,22,0,0,0,0,0
workout,28,workout=21; workouts=7,27,1,0,0,0,0,0,0
alert,27,alert=20; alerts=3; alerted=2; alerting=2,2,2,14,0,9,0,0,0
ammonia,27,ammonia=27,25,0,0,0,2,0,0,0
arrow,27,arrow=16; arrows=11,25,2,0,0,0,0,0,0
astronaut,27,astronauts=24; astronaut=3,27,0,0,0,0,0,0,0
authenticity,27,authenticity=27,27,0,0,0,0,0,0,0
barnacle,27,barnacle=16; barnacles=11,27,0,0,0,0,0,0,0
boston,27,boston=27,0,27,0,0,0,0,0,0
cabinet,27,cabinet=15; cabinets=12,26,1,0,0,0,0,0,0
cake,27,cake=21; cakes=6,26,1,0,0,0,0,0,0
caribbean,27,caribbean=27,0,23,0,0,4,0,0,0
catalyst,27,catalysts=14; catalyst=13,25,0,2,0,0,0,0,0
centralized,27,centralized=27,0,1,0,0,26,0,0,0
chestnut,27,chestnut=26; chestnuts=1,22,0,0,0,5,0,0,0
choir,27,choir=26; choirs=1,25,2,0,0,0,0,0,0
coach,27,coach=22; coaches=4; coaching=1,19,4,4,0,0,0,0,0
coincide,27,coincided=12; coincide=8; coinciding=4; coincides=3,0,0,27,0,0,0,0,0
comfort,27,comfort=22; comforting=4; comforts=1,16,6,5,0,0,0,0,0
commit,27,commit=12; committed=12; committing=2; commits=1,0,0,27,0,0,0,0,0
coworker,27,coworkers=19; coworker=8,23,4,0,0,0,0,0,0
critique,27,critique=20; critiques=4; critiquing=3,13,1,13,0,0,0,0,0
decipher,27,decipher=11; deciphering=9; deciphered=7,1,1,25,0,0,0,0,0
deuterium,27,deuterium=27,25,2,0,0,0,0,0,0
economically,27,economically=27,0,0,0,0,0,27,0,0
ectotherm,27,ectotherms=26; ectotherm=1,25,0,2,0,0,0,0,0
electron,27,electron=15; electrons=12,27,0,0,0,0,0,0,0
endure,27,enduring=15; endure=6; endured=3; endures=3,3,0,24,0,0,0,0,0
eocene,27,eocene=27,0,24,0,0,3,0,0,0
erupt,27,erupted=12; erupt=9; erupts=4; erupting=2,1,0,22,0,3,1,0,0
fertilization,27,fertilization=27,27,0,0,0,0,0,0,0
fluoride,27,fluoride=27,19,3,1,0,3,1,0,0
fourteenth,27,fourteenth=27,2,0,0,0,25,0,0,0
freely,27,freely=27,0,0,0,0,0,27,0,0
gate,27,gate=19; gates=7; gated=1,12,13,2,0,0,0,0,0
gulf,27,gulf=27,3,24,0,0,0,0,0,0
hence,27,hence=27,0,0,0,0,0,27,0,0
herbicide,27,herbicide=21; herbicides=6,27,0,0,0,0,0,0,0
hydrothermal,27,hydrothermal=27,0,0,0,0,27,0,0,0
immigrant,27,immigrants=22; immigrant=5,23,0,0,0,4,0,0,0
indirectly,27,indirectly=27,0,0,0,0,0,27,0,0
infestation,27,infestation=17; infestations=10,27,0,0,0,0,0,0,0
initiate,27,initiated=13; initiate=8; initiating=4; initiates=2,0,0,27,0,0,0,0,0
inscription,27,inscriptions=22; inscription=5,27,0,0,0,0,0,0,0
involved,27,involved=27,0,0,0,0,27,0,0,0
joint,27,joints=18; joint=9,18,1,0,0,8,0,0,0
jomon,27,jomon=27,0,27,0,0,0,0,0,0
kudzu,27,kudzu=27,7,3,0,0,17,0,0,0
lately,27,lately=27,0,0,0,0,0,27,0,0
lenape,27,lenape=27,7,20,0,0,0,0,0,0
loan,27,loan=16; loans=10; loaning=1,24,0,3,0,0,0,0,0
louis,27,louis=27,0,27,0,0,0,0,0,0
loyalty,27,loyalty=27,27,0,0,0,0,0,0,0
lucky,27,lucky=27,0,0,0,0,27,0,0,0
marker,27,markers=21; marker=6,27,0,0,0,0,0,0,0
marketplace,27,marketplace=20; marketplaces=7,26,1,0,0,0,0,0,0
memorize,27,memorize=13; memorized=9; memorizing=5,1,0,26,0,0,0,0,0
microbial,27,microbial=27,0,1,0,0,26,0,0,0
module,27,modules=17; module=10,27,0,0,0,0,0,0,0
monteverdi,27,monteverdi=27,0,27,0,0,0,0,0,0
nevada,27,nevada=27,0,27,0,0,0,0,0,0
o,27,o=27,15,11,0,0,0,0,0,1
occurrence,27,occurrence=20; occurrences=7,27,0,0,0,0,0,0,0
optimistic,27,optimistic=27,0,1,0,0,26,0,0,0
overly,27,overly=27,0,0,0,0,0,27,0,0
phytoplankton,27,phytoplankton=27,19,8,0,0,0,0,0,0
pluto,27,pluto=27,0,27,0,0,0,0,0,0
prepared,27,prepared=27,0,0,0,0,27,0,0,0
promotion,27,promotion=22; promotions=5,27,0,0,0,0,0,0,0
quarry,27,quarry=21; quarries=3; quarrying=3,24,0,3,0,0,0,0,0
reliability,27,reliability=27,26,0,1,0,0,0,0,0
rental,27,rental=19; rentals=8,13,3,0,0,11,0,0,0
retailer,27,retailers=22; retailer=5,27,0,0,0,0,0,0,0
retention,27,retention=27,27,0,0,0,0,0,0,0
reuse,27,reused=16; reuse=9; reusing=2,2,0,25,0,0,0,0,0
saint,27,saint=27,0,27,0,0,0,0,0,0
sandstone,27,sandstone=23; sandstones=4,25,1,1,0,0,0,0,0
seller,27,sellers=17; seller=10,27,0,0,0,0,0,0,0
sens,27,senses=27,27,0,0,0,0,0,0,0
shield,27,shield=15; shields=9; shielding=3,19,1,7,0,0,0,0,0
simultaneously,27,simultaneously=27,0,0,0,0,0,27,0,0
skeptical,27,skeptical=27,2,2,0,0,23,0,0,0
skull,27,skull=14; skulls=13,27,0,0,0,0,0,0,0
standardized,27,standardized=27,0,0,0,0,27,0,0,0
sum,27,sum=17; sums=8; summed=2,21,0,6,0,0,0,0,0
susan,27,susan=27,0,27,0,0,0,0,0,0
theatrical,27,theatrical=27,0,1,0,0,26,0,0,0
thoroughly,27,thoroughly=27,0,0,0,0,0,27,0,0
tremendous,27,tremendous=27,0,0,0,0,27,0,0,0
tuesday,27,tuesday=27,0,27,0,0,0,0,0,0
tune,27,tune=14; tunes=9; tuned=4,19,2,6,0,0,0,0,0
ubaid,27,ubaid=27,0,27,0,0,0,0,0,0
unavailable,27,unavailable=27,0,0,0,0,27,0,0,0
unintended,27,unintended=27,0,2,0,0,25,0,0,0
usefulness,27,usefulness=27,27,0,0,0,0,0,0,0
visually,27,visually=27,0,0,0,0,0,27,0,0
ware,27,wares=22; ware=5,26,0,0,0,1,0,0,0
woolly,27,woolly=27,0,0,0,0,5,22,0,0
accounting,26,accounting=26,24,2,0,0,0,0,0,0
acidification,26,acidification=26,26,0,0,0,0,0,0,0
activate,26,activated=14; activate=7; activating=3; activates=2,3,0,23,0,0,0,0,0
afterward,26,afterward=26,0,0,0,0,0,25,0,1
am,26,am=26,17,8,0,0,0,1,0,0
aquarium,26,aquarium=17; aquariums=9,20,4,0,0,2,0,0,0
arch,26,arches=16; arch=7; arched=3,22,0,3,0,1,0,0,0
aristocrat,26,aristocrats=22; aristocrat=4,25,0,1,0,0,0,0,0
baton,26,baton=13; batons=13,26,0,0,0,0,0,0,0
bend,26,bend=17; bends=5; bending=2; bent=2,2,0,24,0,0,0,0,0
bounce,26,bounce=13; bounces=8; bouncing=3; bounced=2,4,0,22,0,0,0,0,0
calm,26,calm=15; calmer=4; calming=4; calmed=3,1,1,9,0,15,0,0,0
carthage,26,carthage=26,6,20,0,0,0,0,0,0
changes,26,changes=26,0,26,0,0,0,0,0,0
charles,26,charles=26,0,26,0,0,0,0,0,0
chesapeake,26,chesapeake=26,1,25,0,0,0,0,0,0
chili,26,chili=26,20,2,0,0,4,0,0,0
chunk,26,chunks=16; chunk=10,26,0,0,0,0,0,0,0
cinema,26,cinema=21; cinemas=5,22,4,0,0,0,0,0,0
claw,26,claws=17; claw=6; clawed=3,22,1,3,0,0,0,0,0
clutch,26,clutch=14; clutches=12,25,0,0,0,1,0,0,0
complaint,26,complaints=14; complaint=12,26,0,0,0,0,0,0,0
conchs,26,conchs=26,24,2,0,0,0,0,0,0
conifer,26,conifers=15; conifer=11,22,1,1,0,2,0,0,0
conquest,26,conquest=22; conquests=4,23,2,0,0,0,1,0,0
corridor,26,corridor=13; corridors=13,23,3,0,0,0,0,0,0
cruise,26,cruise=20; cruises=5; cruising=1,24,0,2,0,0,0,0,0
cry,26,cries=14; cry=6; crying=6,18,0,8,0,0,0,0,0
currency,26,currency=25; currencies=1,26,0,0,0,0,0,0,0
dating,26,dating=26,24,1,0,0,1,0,0,0
demonstration,26,demonstration=16; demonstrations=10,26,0,0,0,0,0,0,0
densely,26,densely=26,0,0,0,0,0,26,0,0
dependence,26,dependence=26,24,2,0,0,0,0,0,0
designate,26,designated=23; designate=2; designating=1,0,0,26,0,0,0,0,0
digestion,26,digestion=26,26,0,0,0,0,0,0,0
downward,26,downward=25; downwards=1,1,0,0,0,10,15,0,0
enroll,26,enroll=26,0,2,24,0,0,0,0,0
euphrates,26,euphrates=26,0,26,0,0,0,0,0,0
eurasian,26,eurasian=26,0,4,0,0,22,0,0,0
exceptional,26,exceptional=26,0,0,0,0,26,0,0,0
experimentation,26,experimentation=26,26,0,0,0,0,0,0,0
finger,26,finger=15; fingers=11,26,0,0,0,0,0,0,0
florida,26,florida=26,0,26,0,0,0,0,0,0
fragmentation,26,fragmentation=26,24,2,0,0,0,0,0,0
fresco,26,fresco=20; frescoes=6,25,1,0,0,0,0,0,0
freshman,26,freshman=14; freshmen=12,26,0,0,0,0,0,0,0
garage,26,garage=25; garages=1,25,1,0,0,0,0,0,0
grazing,26,grazing=26,23,2,0,0,1,0,0,0
guild,26,guilds=22; guild=4,25,1,0,0,0,0,0,0
hat,26,hat=13; hats=9; hates=2; hated=1; hating=1,22,0,4,0,0,0,0,0
hieroglyph,26,hieroglyphs=23; hieroglyph=3,26,0,0,0,0,0,0,0
illness,26,illness=19; illnesses=7,26,0,0,0,0,0,0,0
insufficient,26,insufficient=26,0,2,0,0,24,0,0,0
khipu,26,khipu=24; khipus=2,3,23,0,0,0,0,0,0
km,26,km=26,26,0,0,0,0,0,0,0
lautrec,26,lautrec=26,2,24,0,0,0,0,0,0
magnetism,26,magnetism=26,26,0,0,0,0,0,0,0
march,26,march=16; marching=10,3,13,10,0,0,0,0,0
michael,26,michael=26,0,26,0,0,0,0,0,0
misunderstood,26,misunderstood=26,16,0,10,0,0,0,0,0
necessity,26,necessity=19; necessities=7,26,0,0,0,0,0,0,0
nose,26,nose=16; noses=10,26,0,0,0,0,0,0,0
novice,26,novice=20; novices=6,26,0,0,0,0,0,0,0
odd,26,odd=19; odds=7,7,0,0,0,19,0,0,0
ornament,26,ornaments=20; ornamented=4; ornament=2,21,1,4,0,0,0,0,0
overwhelming,26,overwhelming=26,0,0,0,0,26,0,0,0
pearl,26,pearl=24; pearls=2,3,22,0,0,1,0,0,0
photographic,26,photographic=26,0,1,0,0,25,0,0,0
pizza,26,pizza=24; pizzas=2,21,5,0,0,0,0,0,0
polynesian,26,polynesian=21; polynesians=5,6,1,0,0,19,0,0,0
prone,26,prone=26,0,0,0,0,26,0,0,0
proximity,26,proximity=26,26,0,0,0,0,0,0,0
ptolemy,26,ptolemy=26,0,26,0,0,0,0,0,0
pulsar,26,pulsars=17; pulsar=9,17,9,0,0,0,0,0,0
rack,26,racks=14; rack=12,26,0,0,0,0,0,0,0
reconstruction,26,reconstruction=19; reconstructions=7,26,0,0,0,0,0,0,0
refund,26,refund=22; refunds=4,24,0,2,0,0,0,0,0
requirements,26,requirements=26,0,26,0,0,0,0,0,0
revenue,26,revenue=25; revenues=1,25,1,0,0,0,0,0,0
revolutionize,26,revolutionized=15; revolutionize=6; revolutionizing=5,0,0,26,0,0,0,0,0
ridge,26,ridges=22; ridge=4,23,1,2,0,0,0,0,0
sacrifice,26,sacrifice=8; sacrificed=8; sacrificing=6; sacrifices=4,10,0,16,0,0,0,0,0
satisfied,26,satisfied=26,0,0,0,0,26,0,0,0
satisfy,26,satisfy=19; satisfying=4; satisfied=3,0,0,26,0,0,0,0,0
saxons,26,saxons=26,0,26,0,0,0,0,0,0
scavenger,26,scavenger=14; scavengers=12,25,1,0,0,0,0,0,0
scenery,26,scenery=26,26,0,0,0,0,0,0,0
seafloor,26,seafloor=25; seafloors=1,26,0,0,0,0,0,0,0
sensitivity,26,sensitivity=17; sensitivities=9,26,0,0,0,0,0,0,0
shaft,26,shafts=25; shaft=1,26,0,0,0,0,0,0,0
shock,26,shock=20; shocked=4; shocks=2,20,0,6,0,0,0,0,0
shut,26,shut=22; shuts=2; shutting=2,0,0,26,0,0,0,0,0
siberia,26,siberia=26,0,26,0,0,0,0,0,0
silica,26,silica=26,17,9,0,0,0,0,0,0
snakehead,26,snakeheads=21; snakehead=5,24,0,0,0,2,0,0,0
socially,26,socially=26,0,0,0,0,0,26,0,0
sporting,26,sporting=26,26,0,0,0,0,0,0,0
stag,26,staged=19; staging=6; stags=1,1,0,25,0,0,0,0,0
strawberry,26,strawberry=19; strawberries=7,15,10,1,0,0,0,0,0
stroke,26,strokes=21; stroke=5,26,0,0,0,0,0,0,0
sway,26,sway=22; swayed=2; swaying=2,11,0,15,0,0,0,0,0
talented,26,talented=26,0,1,0,0,25,0,0,0
tear,26,tear=13; torn=7; tearing=3; tears=3,6,0,20,0,0,0,0,0
teosinte,26,teosinte=26,20,6,0,0,0,0,0,0
tight,26,tight=20; tighter=6,0,0,0,0,24,2,0,0
tin,26,tin=26,26,0,0,0,0,0,0,0
tongue,26,tongue=19; tongues=7,26,0,0,0,0,0,0,0
tortoise,26,tortoises=16; tortoise=10,24,2,0,0,0,0,0,0
toulouse,26,toulouse=26,6,20,0,0,0,0,0,0
transit,26,transit=25; transits=1,25,0,1,0,0,0,0,0
troupe,26,troupes=14; troupe=12,26,0,0,0,0,0,0,0
tusk,26,tusk=14; tusks=9; tusking=3,22,1,3,0,0,0,0,0
velvet,26,velvet=26,26,0,0,0,0,0,0,0
volleyball,26,volleyball=26,26,0,0,0,0,0,0,0
w,26,w=26,0,24,0,0,0,1,0,1
adulthood,25,adulthood=25,24,0,1,0,0,0,0,0
advantageous,25,advantageous=25,0,0,0,0,25,0,0,0
atwater,25,atwater=25,1,24,0,0,0,0,0,0
barely,25,barely=25,0,0,0,0,0,25,0,0
bell,25,bell=20; bells=5,15,9,1,0,0,0,0,0
bleaching,25,bleaching=25,23,1,0,0,1,0,0,0
canadian,25,canadian=25,0,10,0,0,15,0,0,0
candy,25,candy=25,24,1,0,0,0,0,0,0
chef,25,chef=22; chefs=3,22,3,0,0,0,0,0,0
civil,25,civil=25,0,10,0,0,15,0,0,0
closed,25,closed=25,0,1,0,0,24,0,0,0
colonize,25,colonized=11; colonize=8; colonizing=6,0,0,25,0,0,0,0,0
compass,25,compass=23; compasses=2,25,0,0,0,0,0,0,0
devote,25,devoted=11; devote=10; devotes=2; devoting=2,0,0,25,0,0,0,0,0
disney,25,disney=25,0,25,0,0,0,0,0,0
displace,25,displace=12; displaced=5; displaces=4; displacing=4,2,0,23,0,0,0,0,0
disprove,25,disproved=14; disprove=7; disproves=3; disproving=1,0,0,25,0,0,0,0,0
dozen,25,dozens=19; dozen=6,25,0,0,0,0,0,0,0
eco,25,eco=25,22,3,0,0,0,0,0,0
elevated,25,elevated=25,0,0,0,0,25,0,0,0
extraterrestrial,25,extraterrestrial=25,0,0,0,0,25,0,0,0
facade,25,facade=19; facades=6,24,1,0,0,0,0,0,0
factors,25,factors=25,0,25,0,0,0,0,0,0
fawn,25,fawns=16; fawn=9,25,0,0,0,0,0,0,0
fellow,25,fellow=22; fellows=3,10,0,0,0,15,0,0,0
fermentation,25,fermentation=25,25,0,0,0,0,0,0,0
fertilize,25,fertilized=10; fertilizing=8; fertilize=6; fertilizes=1,0,0,25,0,0,0,0,0
fischeri,25,fischeri=25,2,18,0,0,5,0,0,0
fulling,25,fulling=25,24,1,0,0,0,0,0,0
gesture,25,gestures=20; gesture=4; gesturing=1,24,0,1,0,0,0,0,0
gluten,25,gluten=25,0,1,14,0,9,1,0,0
harmony,25,harmony=22; harmonies=3,23,2,0,0,0,0,0,0
harness,25,harness=15; harnessed=4; harnessing=4; harnesses=2,7,0,15,0,3,0,0,0
helper,25,helper=22; helpers=3,25,0,0,0,0,0,0,0
herself,25,herself=25,0,0,0,0,0,0,25,0
honeysuckle,25,honeysuckle=24; honeysuckles=1,16,3,0,0,6,0,0,0
horizontal,25,horizontal=25,0,1,0,0,24,0,0,0
inconvenient,25,inconvenient=25,3,0,0,0,22,0,0,0
induce,25,induced=9; induce=7; induces=5; inducing=4,0,0,25,0,0,0,0,0
intentionally,25,intentionally=25,0,0,0,0,0,25,0,0
intrigue,25,intrigued=21; intrigue=4,3,0,22,0,0,0,0,0
ion,25,ions=23; ion=2,25,0,0,0,0,0,0,0
johnson,25,johnson=25,0,25,0,0,0,0,0,0
juice,25,juice=20; juices=5,24,1,0,0,0,0,0,0
kiln,25,kilns=20; kiln=5,25,0,0,0,0,0,0,0
landmark,25,landmarks=17; landmark=8,24,0,0,0,1,0,0,0
magnet,25,magnet=21; magnets=4,25,0,0,0,0,0,0,0
mapping,25,mapping=25,25,0,0,0,0,0,0,0
maria,25,maria=25,2,23,0,0,0,0,0,0
marriage,25,marriage=24; marriages=1,25,0,0,0,0,0,0,0
millennia,25,millennia=25,9,3,0,0,0,0,12,1
misconception,25,misconception=24; misconceptions=1,25,0,0,0,0,0,0,0
modest,25,modest=25,0,0,0,0,25,0,0,0
monthly,25,monthly=25,0,1,0,0,19,5,0,0
offering,25,offerings=15; offering=10,24,1,0,0,0,0,0,0
outsider,25,outsider=14; outsiders=11,23,2,0,0,0,0,0,0
overheat,25,overheating=19; overheat=4; overheated=1; overheats=1,1,0,24,0,0,0,0,0
panama,25,panama=25,0,25,0,0,0,0,0,0
paperwork,25,paperwork=25,25,0,0,0,0,0,0,0
planner,25,planners=23; planner=2,25,0,0,0,0,0,0,0
plato,25,plato=25,0,25,0,0,0,0,0,0
precious,25,precious=25,0,0,0,0,25,0,0,0
probe,25,probes=12; probe=11; probing=2,21,0,4,0,0,0,0,0
recognizable,25,recognizable=25,0,0,0,0,25,0,0,0
reintroduce,25,reintroduced=11; reintroducing=8; reintroduce=6,0,0,25,0,0,0,0,0
religion,25,religion=21; religions=4,25,0,0,0,0,0,0,0
rodin,25,rodin=25,0,25,0,0,0,0,0,0
russia,25,russia=25,0,25,0,0,0,0,0,0
sailing,25,sailing=25,24,1,0,0,0,0,0,0
scope,25,scope=25,24,0,1,0,0,0,0,0
seemingly,25,seemingly=25,0,0,0,0,0,25,0,0
serpent,25,serpent=23; serpents=2,10,14,0,0,1,0,0,0
shellfish,25,shellfish=25,19,0,6,0,0,0,0,0
silent,25,silent=25,0,1,0,0,24,0,0,0
sonata,25,sonata=25,13,10,0,0,1,0,0,1
spurt,25,spurt=23; spurts=2,25,0,0,0,0,0,0,0
squeeze,25,squeeze=13; squeezed=6; squeezes=4; squeezing=2,2,0,23,0,0,0,0,0
sufficiently,25,sufficiently=25,0,0,0,0,0,25,0,0
suppress,25,suppress=10; suppressed=7; suppressing=5; suppresses=3,2,0,22,0,1,0,0,0
teamwork,25,teamwork=25,25,0,0,0,0,0,0,0
tetrapod,25,tetrapods=22; tetrapod=3,24,0,0,0,1,0,0,0
thirteenth,25,thirteenth=25,1,0,0,0,24,0,0,0
trilobite,25,trilobites=19; trilobite=6,24,0,0,0,1,0,0,0
unreliable,25,unreliable=25,0,0,0,0,25,0,0,0
verify,25,verify=17; verified=8,0,1,24,0,0,0,0,0
via,25,via=25,0,2,0,0,0,0,0,23
visualization,25,visualization=25,21,4,0,0,0,0,0,0
voluntary,25,voluntary=25,0,0,0,0,25,0,0,0
winner,25,winner=15; winners=10,25,0,0,0,0,0,0,0
wisdom,25,wisdom=25,25,0,0,0,0,0,0,0
adjacent,24,adjacent=24,0,0,1,0,23,0,0,0
adjustment,24,adjustments=14; adjustment=10,24,0,0,0,0,0,0,0
assessment,24,assessment=21; assessments=3,23,1,0,0,0,0,0,0
audition,24,audition=22; auditions=2,19,1,4,0,0,0,0,0
azores,24,azores=24,0,24,0,0,0,0,0,0
bake,24,baked=14; bake=5; baking=5,1,0,23,0,0,0,0,0
ballet,24,ballet=21; ballets=3,24,0,0,0,0,0,0,0
beverage,24,beverage=14; beverages=10,24,0,0,0,0,0,0,0
bio,24,bio=24,0,21,0,0,3,0,0,0
bioluminescence,24,bioluminescence=24,20,3,1,0,0,0,0,0
boiling,24,boiling=24,24,0,0,0,0,0,0,0
boulder,24,boulders=22; boulder=2,24,0,0,0,0,0,0,0
broken,24,broken=24,0,0,0,0,24,0,0,0
bust,24,bust=24,24,0,0,0,0,0,0,0
captive,24,captive=23; captives=1,1,0,0,0,22,1,0,0
categorize,24,categorize=11; categorized=7; categorizing=5; categorizes=1,1,0,23,0,0,0,0,0
ce,24,ce=24,6,18,0,0,0,0,0,0
collectively,24,collectively=24,0,0,0,0,0,24,0,0
compromise,24,compromise=18; compromised=5; compromises=1,13,0,11,0,0,0,0,0
confused,24,confused=24,0,4,0,0,20,0,0,0
correspond,24,correspond=9; corresponded=7; corresponding=5; corresponds=3,1,0,23,0,0,0,0,0
dawn,24,dawn=23; dawned=1,23,0,1,0,0,0,0,0
decomposition,24,decomposition=24,23,1,0,0,0,0,0,0
degradation,24,degradation=24,23,1,0,0,0,0,0,0
diary,24,diary=16; diaries=8,21,2,0,0,1,0,0,0
dim,24,dim=16; dimming=5; dimmed=1; dimmest=1; dims=1,0,0,8,0,16,0,0,0
episodic,24,episodic=24,0,0,0,0,24,0,0,0
epoch,24,epoch=24,21,3,0,0,0,0,0,0
euglena,24,euglena=24,0,24,0,0,0,0,0,0
exceed,24,exceeded=11; exceed=7; exceeds=5; exceeding=1,0,0,24,0,0,0,0,0
fantastic,24,fantastic=24,0,4,0,0,20,0,0,0
flatworm,24,flatworm=17; flatworms=7,24,0,0,0,0,0,0,0
floodplain,24,floodplains=14; floodplain=10,24,0,0,0,0,0,0,0
football,24,football=24,24,0,0,0,0,0,0,0
forester,24,foresters=22; forester=2,24,0,0,0,0,0,0,0
friction,24,friction=23; frictions=1,24,0,0,0,0,0,0,0
frill,24,frill=14; frills=10,24,0,0,0,0,0,0,0
ganymede,24,ganymede=24,0,24,0,0,0,0,0,0
garment,24,garments=17; garment=7,24,0,0,0,0,0,0,0
harappan,24,harappan=24,1,23,0,0,0,0,0,0
heal,24,healing=9; heal=7; healed=6; heals=2,1,0,23,0,0,0,0,0
hibernate,24,hibernating=10; hibernate=9; hibernates=3; hibernated=2,6,0,17,0,1,0,0,0
horizon,24,horizon=19; horizons=5,24,0,0,0,0,0,0,0
huh,24,huh=24,0,13,0,0,0,0,0,11
icy,24,icy=24,0,0,0,0,24,0,0,0
immense,24,immense=24,5,0,0,0,19,0,0,0
inadequate,24,inadequate=24,1,0,0,0,23,0,0,0
inquire,24,inquire=22; inquired=1; inquiring=1,2,2,20,0,0,0,0,0
intact,24,intact=24,0,0,0,0,23,1,0,0
intrinsic,24,intrinsic=24,0,0,0,0,24,0,0,0
ivory,24,ivory=24,16,7,0,0,1,0,0,0
journalist,24,journalist=12; journalists=12,24,0,0,0,0,0,0,0
karen,24,karen=24,0,24,0,0,0,0,0,0
kernel,24,kernels=19; kernel=5,24,0,0,0,0,0,0,0
lateral,24,lateral=24,0,2,0,0,22,0,0,0
lichen,24,lichens=16; lichen=8,22,1,0,0,0,1,0,0
lt,24,lt=24,6,8,0,0,0,0,0,10
marsh,24,marsh=14; marshes=10,10,12,0,0,2,0,0,0
mere,24,mere=24,0,1,0,0,23,0,0,0
midterm,24,midterm=21; midterms=3,23,1,0,0,0,0,0,0
modeling,24,modeling=24,22,2,0,0,0,0,0,0
obsolescence,24,obsolescence=24,22,2,0,0,0,0,0,0
october,24,october=24,0,24,0,0,0,0,0,0
opponent,24,opponents=19; opponent=5,24,0,0,0,0,0,0,0
orient,24,oriented=22; orient=2,0,0,22,0,2,0,0,0
outward,24,outward=24,1,0,0,0,8,15,0,0
p,24,pest=20; p=4,4,0,0,0,20,0,0,0
papyrus,24,papyrus=24,20,4,0,0,0,0,0,0
partial,24,partial=24,2,0,0,0,22,0,0,0
paste,24,paste=18; pasted=3; pastes=3,17,0,7,0,0,0,0,0
permafrost,24,permafrost=24,6,0,0,0,8,10,0,0
petrel,24,petrels=19; petrel=5,24,0,0,0,0,0,0,0
playing,24,playing=24,22,2,0,0,0,0,0,0
possession,24,possessions=20; possession=4,23,1,0,0,0,0,0,0
precede,24,preceded=14; preceding=5; precede=4; precedes=1,0,0,24,0,0,0,0,0
prohibit,24,prohibited=15; prohibit=4; prohibits=4; prohibiting=1,1,0,23,0,0,0,0,0
propel,24,propel=12; propels=5; propelled=4; propelling=3,0,0,24,0,0,0,0,0
purely,24,purely=24,0,0,0,0,0,24,0,0
reliance,24,reliance=24,23,1,0,0,0,0,0,0
republic,24,republic=23; republics=1,6,18,0,0,0,0,0,0
rescue,24,rescue=24,20,1,3,0,0,0,0,0
retrieve,24,retrieve=14; retrieved=8; retrieves=1; retrieving=1,0,0,24,0,0,0,0,0
saltwater,24,saltwater=24,24,0,0,0,0,0,0,0
simplicity,24,simplicity=24,24,0,0,0,0,0,0,0
southwest,24,southwest=24,4,12,0,0,8,0,0,0
specimen,24,specimens=24,24,0,0,0,0,0,0,0
strand,24,stranded=15; strands=4; strand=3; stranding=2,5,1,18,0,0,0,0,0
striking,24,striking=24,0,0,0,0,24,0,0,0
supervise,24,supervise=12; supervised=8; supervising=3; supervises=1,1,0,23,0,0,0,0,0
tepe,24,tepe=24,0,24,0,0,0,0,0,0
terrain,24,terrain=22; terrains=2,24,0,0,0,0,0,0,0
transparent,24,transparent=24,0,0,0,0,24,0,0,0
unconventional,24,unconventional=24,0,0,0,0,24,0,0,0
vaporize,24,vaporize=16; vaporized=7; vaporizes=1,1,0,23,0,0,0,0,0
venture,24,venture=12; ventures=8; ventured=2; venturing=2,14,2,8,0,0,0,0,0
viable,24,viable=24,0,1,0,0,23,0,0,0
violation,24,violations=19; violation=5,24,0,0,0,0,0,0,0
vote,24,vote=15; votes=4; voted=3; voting=2,8,1,15,0,0,0,0,0
vowel,24,vowel=14; vowels=10,17,1,1,0,5,0,0,0
warrior,24,warrior=12; warriors=12,23,1,0,0,0,0,0,0
alexander,23,alexander=23,0,23,0,0,0,0,0,0
align,23,align=16; aligned=3; aligning=3; aligns=1,1,0,21,0,1,0,0,0
alike,23,alike=23,0,0,0,0,1,22,0,0
alloy,23,alloy=10; alloys=8; alloying=3; alloyed=2,16,0,6,0,1,0,0,0
alphabet,23,alphabet=21; alphabets=2,23,0,0,0,0,0,0,0
barnes,23,barnes=23,0,23,0,0,0,0,0,0
bioluminescent,23,bioluminescent=23,1,1,0,0,21,0,0,0
carte,23,carte=14; cartes=9,15,8,0,0,0,0,0,0
centre,23,centre=21; centres=2,14,9,0,0,0,0,0,0
chaotic,23,chaotic=23,0,0,0,0,23,0,0,0
chatbot,23,chatbots=18; chatbot=5,23,0,0,0,0,0,0,0
conditioning,23,conditioning=23,22,1,0,0,0,0,0,0
confusion,23,confusion=23,22,1,0,0,0,0,0,0
contrary,23,contrary=23,11,2,0,0,10,0,0,0
cord,23,cords=16; cord=7,23,0,0,0,0,0,0,0
criterion,23,criteria=17; criterion=6,23,0,0,0,0,0,0,0
daguerreotype,23,daguerreotypes=13; daguerreotype=10,23,0,0,0,0,0,0,0
dimension,23,dimensions=15; dimension=6; dimensioned=2,21,0,2,0,0,0,0,0
dream,23,dream=12; dreams=9; dreamed=2,19,0,4,0,0,0,0,0
duration,23,duration=22; durations=1,23,0,0,0,0,0,0,0
echolocation,23,echolocation=22; echolocations=1,21,2,0,0,0,0,0,0
ecologist,23,ecologists=17; ecologist=6,21,2,0,0,0,0,0,0
edible,23,edible=22; edibles=1,1,0,0,0,22,0,0,0
elongate,23,elongate=12; elongated=11,2,0,16,0,5,0,0,0
emergency,23,emergency=20; emergencies=3,22,0,0,0,1,0,0,0
enormously,23,enormously=23,0,0,0,0,0,23,0,0
exaggerate,23,exaggerate=6; exaggerated=6; exaggerating=6; exaggerates=5,0,0,23,0,0,0,0,0
extensively,23,extensively=23,0,0,0,0,0,23,0,0
flute,23,flutes=16; flute=6; fluting=1,22,0,1,0,0,0,0,0
frost,23,frosts=12; frost=11,23,0,0,0,0,0,0,0
gis,23,gis=23,19,4,0,0,0,0,0,0
graph,23,graphs=18; graph=5,23,0,0,0,0,0,0,0
gut,23,gut=23,23,0,0,0,0,0,0,0
hammer,23,hammers=12; hammering=6; hammer=3; hammered=2,14,0,9,0,0,0,0,0
hawaiian,23,hawaiian=23,0,10,0,0,13,0,0,0
hearing,23,hearing=23,23,0,0,0,0,0,0,0
hopeful,23,hopeful=23,0,6,0,0,17,0,0,0
humidity,23,humidity=23,23,0,0,0,0,0,0,0
improvise,23,improvised=12; improvise=8; improvising=3,0,1,22,0,0,0,0,0
inspect,23,inspect=10; inspected=7; inspecting=6,0,1,22,0,0,0,0,0
interactive,23,interactive=23,0,1,0,0,22,0,0,0
intermediate,23,intermediate=23,0,1,0,0,22,0,0,0
jean,23,jeans=16; jean=7,16,7,0,0,0,0,0,0
jetty,23,jetty=23,4,19,0,0,0,0,0,0
landowner,23,landowners=13; landowner=10,23,0,0,0,0,0,0,0
lastly,23,lastly=23,0,0,0,0,0,23,0,0
lee,23,lee=23,0,23,0,0,0,0,0,0
license,23,license=10; licenses=5; licensed=4; licensing=4,14,0,9,0,0,0,0,0
meanwhile,23,meanwhile=23,0,0,0,0,0,23,0,0
mesopotamian,23,mesopotamian=23,0,4,0,0,19,0,0,0
minoans,23,minoans=23,0,23,0,0,0,0,0,0
monarch,23,monarch=20; monarchs=3,22,1,0,0,0,0,0,0
monitoring,23,monitoring=23,19,4,0,0,0,0,0,0
mosaic,23,mosaic=14; mosaics=9,10,6,0,0,7,0,0,0
mythology,23,mythology=23,23,0,0,0,0,0,0,0
nanotechnology,23,nanotechnology=23,20,3,0,0,0,0,0,0
napoleon,23,napoleon=23,0,23,0,0,0,0,0,0
navy,23,navy=23,10,13,0,0,0,0,0,0
nerve,23,nerve=16; nerves=7,23,0,0,0,0,0,0,0
netherlands,23,netherlands=23,0,23,0,0,0,0,0,0
neuron,23,neurons=15; neuron=8,21,2,0,0,0,0,0,0
newcomb,23,newcomb=23,0,23,0,0,0,0,0,0
nobody,23,nobody=23,0,1,0,0,0,0,22,0
octopi,23,octopi=23,18,5,0,0,0,0,0,0
overseas,23,overseas=23,0,0,0,0,7,16,0,0
pastoralism,23,pastoralism=23,20,3,0,0,0,0,0,0
pause,23,pauses=12; pause=10; paused=1,16,0,7,0,0,0,0,0
peatland,23,peatlands=15; peatland=8,22,1,0,0,0,0,0,0
practically,23,practically=23,0,0,0,0,0,23,0,0
privacy,23,privacy=23,23,0,0,0,0,0,0,0
quiz,23,quiz=20; quizzes=3,23,0,0,0,0,0,0,0
recreate,23,recreate=11; recreating=7; recreated=4; recreates=1,0,0,23,0,0,0,0,0
refuse,23,refused=10; refuse=6; refusing=4; refuses=3,1,0,22,0,0,0,0,0
renovate,23,renovated=17; renovating=5; renovate=1,0,0,23,0,0,0,0,0
retail,23,retail=22; retails=1,1,0,0,0,22,0,0,0
roadway,23,roadways=19; roadway=4,23,0,0,0,0,0,0,0
robert,23,robert=23,0,23,0,0,0,0,0,0
royalty,23,royalty=23,22,1,0,0,0,0,0,0
scrap,23,scraps=15; scraped=3; scraping=3; scrap=1; scrapped=1,16,0,7,0,0,0,0,0
secrete,23,secrete=10; secretes=6; secreting=4; secreted=3,5,0,18,0,0,0,0,0
sidewalk,23,sidewalks=15; sidewalk=8,23,0,0,0,0,0,0,0
similarities,23,similarities=23,0,23,0,0,0,0,0,0
stack,23,stacked=8; stack=7; stacks=6; stacking=2,5,0,18,0,0,0,0,0
stamp,23,stamp=11; stamps=7; stamped=3; stamping=2,14,0,9,0,0,0,0,0
stoic,23,stoic=14; stoics=9,9,0,0,0,14,0,0,0
streak,23,streaks=23,23,0,0,0,0,0,0,0
studies,23,studies=23,0,23,0,0,0,0,0,0
supernova,23,supernova=23,2,21,0,0,0,0,0,0
technically,23,technically=23,0,0,0,0,0,23,0,0
undertake,23,undertaken=11; undertake=7; undertook=3; undertaking=2,0,0,23,0,0,0,0,0
unsuitable,23,unsuitable=23,0,0,0,0,23,0,0,0
uv,23,uv=23,23,0,0,0,0,0,0,0
visite,23,visite=23,19,3,1,0,0,0,0,0
width,23,width=22; widths=1,22,0,1,0,0,0,0,0
zircon,23,zircon=18; zircons=5,17,6,0,0,0,0,0,0
zooxanthellae,23,zooxanthellae=23,12,11,0,0,0,0,0,0
absent,22,absent=22,0,0,0,0,22,0,0,0
al,22,al=22,0,22,0,0,0,0,0,0
assemblage,22,assemblage=15; assemblages=7,22,0,0,0,0,0,0,0
bead,22,beads=20; bead=2,21,0,1,0,0,0,0,0
bore,22,bored=15; bore=5; boring=2,4,0,17,0,1,0,0,0
broadcast,22,broadcast=15; broadcasts=6; broadcasting=1,7,0,15,0,0,0,0,0
brushstroke,22,brushstrokes=19; brushstroke=3,20,0,1,0,1,0,0,0
calf,22,calves=18; calf=4,22,0,0,0,0,0,0,0
castle,22,castle=18; castles=4,15,4,0,0,3,0,0,0
catastrophic,22,catastrophic=22,0,0,0,0,22,0,0,0
celt,22,celts=22,22,0,0,0,0,0,0,0
chlorine,22,chlorine=22,21,1,0,0,0,0,0,0
cinematography,22,cinematography=22,20,2,0,0,0,0,0,0
clerk,22,clerk=22,14,8,0,0,0,0,0,0
clever,22,clever=22,1,5,0,0,16,0,0,0
coincidence,22,coincidence=22,22,0,0,0,0,0,0,0
collaborative,22,collaborative=22,0,0,0,0,22,0,0,0
comic,22,comic=22,0,0,0,0,22,0,0,0
concentrated,22,concentrated=22,0,1,0,0,21,0,0,0
conduit,22,conduit=17; conduits=5,22,0,0,0,0,0,0,0
confirmation,22,confirmation=22,20,2,0,0,0,0,0,0
conform,22,conform=19; conformed=2; conforming=1,0,0,22,0,0,0,0,0
conscious,22,conscious=22,0,0,0,0,22,0,0,0
corporation,22,corporations=16; corporation=6,22,0,0,0,0,0,0,0
crete,22,crete=22,0,22,0,0,0,0,0,0
crush,22,crush=9; crushed=9; crushing=4,1,0,21,0,0,0,0,0
davis,22,davis=22,0,22,0,0,0,0,0,0
denmark,22,denmark=22,0,22,0,0,0,0,0,0
dentella,22,dentella=22,19,3,0,0,0,0,0,0
developmental,22,developmental=22,0,0,0,0,22,0,0,0
dormant,22,dormant=22,0,1,0,0,21,0,0,0
download,22,download=12; downloaded=6; downloading=3; downloads=1,1,2,19,0,0,0,0,0
downside,22,downside=16; downsides=6,20,0,2,0,0,0,0,0
dvd,22,dvd=17; dvds=5,22,0,0,0,0,0,0,0
eager,22,eager=22,0,1,0,0,21,0,0,0
enclosure,22,enclosure=16; enclosures=6,22,0,0,0,0,0,0,0
equivalent,22,equivalent=19; equivalents=3,9,0,0,0,13,0,0,0
ethic,22,ethics=21; ethic=1,21,0,0,0,1,0,0,0
expend,22,expend=11; expended=6; expends=3; expending=2,0,0,22,0,0,0,0,0
faint,22,faint=21; fainted=1,1,1,1,0,19,0,0,0
flightless,22,flightless=22,20,0,2,0,0,0,0,0
fmri,22,fmri=22,7,14,0,0,1,0,0,0
freud,22,freud=22,2,20,0,0,0,0,0,0
genuine,22,genuine=22,0,0,0,0,22,0,0,0
glaciation,22,glaciation=19; glaciations=3,22,0,0,0,0,0,0,0
healing,22,healing=22,17,2,0,0,3,0,0,0
henry,22,henry=22,0,22,0,0,0,0,0,0
iguana,22,iguanas=17; iguana=5,20,2,0,0,0,0,0,0
ill,22,ill=22,0,6,0,0,14,2,0,0
incredible,22,incredible=22,0,0,0,0,22,0,0,0
individually,22,individually=22,0,0,0,0,0,22,0,0
indonesia,22,indonesia=22,0,22,0,0,0,0,0,0
inference,22,inferences=15; inference=7,22,0,0,0,0,0,0,0
influencer,22,influencers=20; influencer=2,22,0,0,0,0,0,0,0
irish,22,irish=22,0,3,0,0,19,0,0,0
islander,22,islanders=18; islander=4,18,4,0,0,0,0,0,0
iter,22,iter=22,6,16,0,0,0,0,0,0
jennifer,22,jennifer=22,1,21,0,0,0,0,0,0
l,22,l=22,18,3,0,0,0,0,0,1
lidar,22,lidar=22,16,6,0,0,0,0,0,0
lobster,22,lobsters=13; lobster=9,22,0,0,0,0,0,0,0
martin,22,martin=22,0,22,0,0,0,0,0,0
metalworking,22,metalworking=22,20,2,0,0,0,0,0,0
mexican,22,mexican=22,0,6,0,0,16,0,0,0
micro,22,micro=22,4,6,0,0,12,0,0,0
mistakenly,22,mistakenly=22,0,0,0,0,0,22,0,0
modernism,22,modernism=22,11,9,0,0,2,0,0,0
motif,22,motives=10; motifs=9; motif=3,22,0,0,0,0,0,0,0
mutualistic,22,mutualistic=22,0,2,0,0,20,0,0,0
novelty,22,novelty=17; novelties=5,22,0,0,0,0,0,0,0
organized,22,organized=22,0,0,0,0,22,0,0,0
outdated,22,outdated=22,0,0,0,0,22,0,0,0
oxen,22,oxen=22,15,7,0,0,0,0,0,0
palau,22,palau=22,0,22,0,0,0,0,0,0
phage,22,phages=18; phage=4,22,0,0,0,0,0,0,0
philadelphia,22,philadelphia=22,0,22,0,0,0,0,0,0
polluted,22,polluted=22,0,0,0,0,22,0,0,0
positioning,22,positioning=22,21,1,0,0,0,0,0,0
prevalent,22,prevalent=22,0,0,0,0,22,0,0,0
pricing,22,pricing=22,19,3,0,0,0,0,0,0
rabbit,22,rabbits=16; rabbit=6,22,0,0,0,0,0,0,0
recovery,22,recovery=22,21,1,0,0,0,0,0,0
reluctant,22,reluctant=22,1,0,0,0,21,0,0,0
respected,22,respected=22,0,0,0,0,22,0,0,0
restriction,22,restrictions=17; restriction=5,21,1,0,0,0,0,0,0
ripe,22,ripe=22,0,0,0,0,22,0,0,0
sacred,22,sacred=22,0,0,0,0,22,0,0,0
saxon,22,saxon=19; saxons=3,7,13,0,0,2,0,0,0
serra,22,serra=22,0,22,0,0,0,0,0,0
severely,22,severely=22,0,0,0,0,0,22,0,0
sex,22,sex=15; sexes=7,22,0,0,0,0,0,0,0
sociologist,22,sociologists=16; sociologist=6,22,0,0,0,0,0,0,0
soot,22,soot=22,22,0,0,0,0,0,0,0
sparrow,22,sparrows=15; sparrow=7,21,0,0,0,1,0,0,0
speaking,22,speaking=22,22,0,0,0,0,0,0,0
sperm,22,sperm=22,22,0,0,0,0,0,0,0
spiritual,22,spiritual=22,0,0,0,0,22,0,0,0
steep,22,steep=18; steeped=4,0,0,4,0,18,0,0,0
strategic,22,strategic=22,0,0,0,0,22,0,0,0
surely,22,surely=22,0,0,0,0,0,22,0,0
sustained,22,sustained=22,0,0,0,0,22,0,0,0
swift,22,swift=22,1,0,0,0,21,0,0,0
taylor,22,taylor=22,0,22,0,0,0,0,0,0
tire,22,tires=11; tire=10; tiring=1,21,0,1,0,0,0,0,0
tolerance,22,tolerance=20; tolerances=2,22,0,0,0,0,0,0,0
tomato,22,tomato=11; tomatoes=11,22,0,0,0,0,0,0,0
truffle,22,truffles=13; truffle=9,17,3,0,0,2,0,0,0
washing,22,washing=21; washings=1,22,0,0,0,0,0,0,0
aloud,21,aloud=21,0,0,0,0,3,18,0,0
alpaca,21,alpaca=11; alpacas=10,14,1,0,0,5,0,0,1
anxiety,21,anxiety=21,20,1,0,0,0,0,0,0
archeologist,21,archeologists=18; archeologist=3,21,0,0,0,0,0,0,0
assert,21,asserts=9; assert=6; asserted=4; asserting=2,0,0,21,0,0,0,0,0
basaltic,21,basaltic=21,0,4,0,0,17,0,0,0
bow,21,bow=15; bows=4; bowing=2,17,0,4,0,0,0,0,0
brightness,21,brightness=21,20,1,0,0,0,0,0,0
celebration,21,celebration=11; celebrations=10,21,0,0,0,0,0,0,0
celle,21,celled=21,0,0,21,0,0,0,0,0
chess,21,chess=21,19,2,0,0,0,0,0,0
coexist,21,coexist=14; coexisted=4; coexisting=3,0,0,21,0,0,0,0,0
confusing,21,confusing=21,1,0,0,0,20,0,0,0
connected,21,connected=21,0,0,0,0,21,0,0,0
consciousness,21,consciousness=21,21,0,0,0,0,0,0,0
consult,21,consult=11; consulted=4; consulting=4; consults=2,0,3,18,0,0,0,0,0
damaging,21,damaging=21,1,0,0,0,20,0,0,0
dataset,21,datasets=21,21,0,0,0,0,0,0,0
declare,21,declared=10; declare=8; declaring=3,0,0,21,0,0,0,0,0
detection,21,detection=21,20,1,0,0,0,0,0,0
dietary,21,dietary=21,0,0,0,0,21,0,0,0
dormancy,21,dormancy=21,21,0,0,0,0,0,0,0
ease,21,ease=19; eased=2,15,0,6,0,0,0,0,0
ectothermic,21,ectothermic=21,2,1,0,0,18,0,0,0
engagement,21,engagement=21,20,1,0,0,0,0,0,0
essence,21,essence=21,21,0,0,0,0,0,0,0
finely,21,finely=21,0,0,0,0,0,21,0,0
flawed,21,flawed=21,0,0,0,0,21,0,0,0
fowl,21,fowl=20; fowls=1,20,0,1,0,0,0,0,0
fuse,21,fused=8; fuse=7; fuses=6,1,0,20,0,0,0,0,0
ghost,21,ghost=21,14,6,1,0,0,0,0,0
gin,21,gin=18; gins=2; ginning=1,19,0,2,0,0,0,0,0
gliese,21,gliese=21,0,10,0,0,11,0,0,0
gluck,21,gluck=21,0,21,0,0,0,0,0,0
gothic,21,gothic=21,0,18,0,0,3,0,0,0
heated,21,heated=21,0,1,0,0,20,0,0,0
herring,21,herring=21,11,4,0,0,6,0,0,0
hutton,21,hutton=21,0,21,0,0,0,0,0,0
immature,21,immature=21,2,0,0,0,19,0,0,0
inactive,21,inactive=21,3,0,0,0,18,0,0,0
inequality,21,inequality=12; inequalities=9,20,1,0,0,0,0,0,0
infected,21,infected=21,0,0,0,0,21,0,0,0
informed,21,informed=21,0,0,0,0,21,0,0,0
infrared,21,infrared=21,0,1,0,0,20,0,0,0
insist,21,insist=9; insisted=8; insisting=2; insists=2,0,0,21,0,0,0,0,0
inspection,21,inspection=20; inspections=1,21,0,0,0,0,0,0,0
instability,21,instability=21,21,0,0,0,0,0,0,0
intensify,21,intensified=13; intensify=5; intensifying=2; intensifies=1,0,0,21,0,0,0,0,0
la,21,la=21,0,18,0,0,0,0,0,3
landfill,21,landfills=16; landfill=5,21,0,0,0,0,0,0,0
lane,21,lanes=15; lane=6,17,4,0,0,0,0,0,0
lasting,21,lasting=21,0,0,0,0,21,0,0,0
layout,21,layout=16; layouts=5,19,1,0,0,1,0,0,0
leap,21,leap=13; leaping=5; leaps=3,10,0,11,0,0,0,0,0
lobe,21,lobe=17; lobes=4,21,0,0,0,0,0,0,0
loyal,21,loyal=21,0,0,0,0,21,0,0,0
lute,21,lute=20; lutes=1,1,1,0,0,19,0,0,0
magnesium,21,magnesium=21,16,5,0,0,0,0,0,0
matisse,21,matisse=21,0,21,0,0,0,0,0,0
metallic,21,metallic=21,0,0,0,0,21,0,0,0
metric,21,metric=17; metrics=4,7,3,0,0,11,0,0,0
mississippi,21,mississippi=21,0,21,0,0,0,0,0,0
needle,21,needles=14; needle=7,21,0,0,0,0,0,0,0
ninth,21,ninth=21,0,0,0,0,21,0,0,0
nowhere,21,nowhere=21,0,1,0,0,0,20,0,0
obscura,21,obscura=21,21,0,0,0,0,0,0,0
obscure,21,obscure=10; obscured=9; obscuring=2,0,0,12,0,9,0,0,0
persuade,21,persuade=15; persuaded=6,0,1,20,0,0,0,0,0
plains,21,plains=21,0,21,0,0,0,0,0,0
plaza,21,plaza=21,12,9,0,0,0,0,0,0
police,21,police=20; policed=1,18,1,2,0,0,0,0,0
practitioner,21,practitioners=19; practitioner=2,21,0,0,0,0,0,0,0
pterosaur,21,pterosaurs=14; pterosaur=7,16,1,0,0,4,0,0,0
pulse,21,pulses=13; pulse=8,20,0,0,0,1,0,0,0
quarto,21,quarto=11; quartos=10,19,2,0,0,0,0,0,0
randomly,21,randomly=21,0,0,0,0,1,20,0,0
rattlebox,21,rattlebox=21,13,7,0,0,1,0,0,0
rear,21,rear=14; rearing=4; reared=3,9,0,8,0,4,0,0,0
rectangular,21,rectangular=21,0,2,0,0,19,0,0,0
recur,21,recurring=20; recur=1,0,0,21,0,0,0,0,0
reform,21,reforms=13; reform=4; reformed=4,16,1,4,0,0,0,0,0
reindeer,21,reindeer=21,21,0,0,0,0,0,0,0
replica,21,replicas=14; replica=7,21,0,0,0,0,0,0,0
rhino,21,rhinos=15; rhino=6,18,1,0,0,2,0,0,0
rider,21,riders=18; rider=3,21,0,0,0,0,0,0,0
seaweed,21,seaweed=18; seaweeds=3,20,0,1,0,0,0,0,0
shake,21,shaking=9; shake=8; shook=3; shakes=1,1,0,20,0,0,0,0,0
sickle,21,sickles=11; sickle=10,19,0,0,0,2,0,0,0
silicate,21,silicate=15; silicates=6,8,2,2,0,9,0,0,0
skepticism,21,skepticism=21,17,4,0,0,0,0,0,0
someday,21,someday=21,1,0,0,0,0,20,0,0
startup,21,startup=11; startups=10,15,4,2,0,0,0,0,0
steadily,21,steadily=21,0,0,0,0,0,21,0,0
straightforward,21,straightforward=21,0,0,0,0,21,0,0,0
stretching,21,stretching=21,18,3,0,0,0,0,0,0
sturgeon,21,sturgeon=21,21,0,0,0,0,0,0,0
succession,21,succession=21,21,0,0,0,0,0,0,0
sumerians,21,sumerians=21,0,21,0,0,0,0,0,0
suspend,21,suspended=17; suspend=3; suspending=1,0,0,21,0,0,0,0,0
swamp,21,swamps=15; swamp=5; swamped=1,20,0,1,0,0,0,0,0
syndrome,21,syndrome=21,12,9,0,0,0,0,0,0
tailor,21,tailored=12; tailor=8; tailoring=1,1,0,20,0,0,0,0,0
tambora,21,tambora=21,0,21,0,0,0,0,0,0
tar,21,tar=21,21,0,0,0,0,0,0,0
thinker,21,thinkers=18; thinker=3,21,0,0,0,0,0,0,0
thorn,21,thorns=15; thorn=6,20,0,1,0,0,0,0,0
tract,21,tract=14; tracts=7,21,0,0,0,0,0,0,0
unfair,21,unfair=21,0,0,0,0,21,0,0,0
uniformitarianism,21,uniformitarianism=21,14,7,0,0,0,0,0,0
usable,21,usable=21,0,0,0,0,21,0,0,0
virtuoso,21,virtuoso=14; virtuosos=7,16,2,0,0,3,0,0,0
vivid,21,vivid=21,0,0,0,0,21,0,0,0
wegener,21,wegener=21,0,21,0,0,0,0,0,0
whitman,21,whitman=21,0,20,0,0,1,0,0,0
zoysia,21,zoysia=21,0,19,0,0,2,0,0,0
acceptable,20,acceptable=20,0,0,0,0,20,0,0,0
adequately,20,adequately=20,0,0,0,0,0,20,0,0
affair,20,affairs=17; affair=3,20,0,0,0,0,0,0,0
alteration,20,alteration=16; alterations=4,20,0,0,0,0,0,0,0
apprentice,20,apprentices=16; apprentice=4,20,0,0,0,0,0,0,0
ar,20,ar=20,0,19,0,0,0,0,0,1
archean,20,archean=20,0,3,0,0,17,0,0,0
balanced,20,balanced=20,0,1,0,0,19,0,0,0
bath,20,baths=7; bath=6; bathed=5; bathing=2,13,0,7,0,0,0,0,0
bauhaus,20,bauhaus=20,0,20,0,0,0,0,0,0
beforehand,20,beforehand=20,0,0,0,0,0,20,0,0
bold,20,bold=18; bolder=2,0,1,0,0,18,1,0,0
brine,20,brine=20,19,1,0,0,0,0,0,0
buoyancy,20,buoyancy=20,20,0,0,0,0,0,0,0
callisto,20,callisto=20,0,20,0,0,0,0,0,0
cancri,20,cancri=20,0,20,0,0,0,0,0,0
caravaggio,20,caravaggio=20,0,20,0,0,0,0,0,0
carib,20,carib=13; caribs=7,20,0,0,0,0,0,0,0
cascade,20,cascade=13; cascading=6; cascades=1,11,2,7,0,0,0,0,0
cfls,20,cfls=20,0,20,0,0,0,0,0,0
chat,20,chat=11; chats=7; chatted=1; chatting=1,9,1,10,0,0,0,0,0
chytrid,20,chytrid=20,0,15,0,0,5,0,0,0
circulate,20,circulate=13; circulating=5; circulated=2,0,0,20,0,0,0,0,0
communal,20,communal=20,0,1,0,0,19,0,0,0
compress,20,compressed=12; compresses=3; compressing=3; compress=2,2,0,18,0,0,0,0,0
contexts,20,contexts=20,7,11,0,0,2,0,0,0
conveyor,20,conveyor=20,9,7,0,0,4,0,0,0
correlate,20,correlate=9; correlated=7; correlates=4,1,0,19,0,0,0,0,0
counterpart,20,counterparts=20,20,0,0,0,0,0,0,0
countless,20,countless=20,0,0,0,0,20,0,0,0
craftspeople,20,craftspeople=20,18,2,0,0,0,0,0,0
crown,20,crown=17; crowns=2; crowned=1,17,2,1,0,0,0,0,0
cuneiform,20,cuneiform=20,17,3,0,0,0,0,0,0
cutout,20,cutouts=19; cutout=1,20,0,0,0,0,0,0,0
cyclist,20,cyclists=17; cyclist=3,20,0,0,0,0,0,0,0
daylight,20,daylight=20,20,0,0,0,0,0,0,0
deccan,20,deccan=20,0,11,0,0,9,0,0,0
dedicate,20,dedicated=17; dedicate=3,0,0,20,0,0,0,0,0
deliberate,20,deliberate=20,0,0,1,0,19,0,0,0
demographic,20,demographic=16; demographics=4,4,0,0,0,16,0,0,0
dessert,20,desserts=12; dessert=8,20,0,0,0,0,0,0,0
deteriorate,20,deteriorate=10; deteriorated=5; deteriorating=4; deteriorates=1,0,0,20,0,0,0,0,0
determinism,20,determinism=20,20,0,0,0,0,0,0,0
devonian,20,devonian=20,0,10,0,0,10,0,0,0
diving,20,diving=20,12,0,0,0,8,0,0,0
domain,20,domain=11; domains=9,20,0,0,0,0,0,0,0
ebl,20,ebl=20,0,20,0,0,0,0,0,0
eighth,20,eighth=20,0,0,0,0,20,0,0,0
elementary,20,elementary=20,0,0,0,0,20,0,0,0
elevator,20,elevator=17; elevators=3,20,0,0,0,0,0,0,0
eligible,20,eligible=20,0,0,0,0,20,0,0,0
endangered,20,endangered=20,0,2,1,0,17,0,0,0
enrich,20,enrich=9; enriched=8; enriching=2; enriches=1,0,0,20,0,0,0,0,0
enthusiastic,20,enthusiastic=20,1,3,0,0,16,0,0,0
etc,20,etc=20,0,0,0,0,0,0,0,20
evoke,20,evoke=14; evoked=3; evokes=3,1,0,19,0,0,0,0,0
federalism,20,federalism=20,19,1,0,0,0,0,0,0
felix,20,felix=20,0,20,0,0,0,0,0,0
flee,20,fled=8; flee=6; fleeing=6,1,0,19,0,0,0,0,0
formerly,20,formerly=20,0,0,0,0,0,20,0,0
fountain,20,fountain=10; fountains=10,20,0,0,0,0,0,0,0
got,20,got=20,0,0,20,0,0,0,0,0
hazard,20,hazard=13; hazards=7,19,0,1,0,0,0,0,0
heritage,20,heritage=19; heritages=1,19,1,0,0,0,0,0,0
holocene,20,holocene=20,0,20,0,0,0,0,0,0
hook,20,hook=8; hooked=7; hooks=5,11,0,9,0,0,0,0,0
hurry,20,hurry=19; hurries=1,12,1,7,0,0,0,0,0
iceberg,20,iceberg=10; icebergs=10,11,9,0,0,0,0,0,0
immunity,20,immunity=20,20,0,0,0,0,0,0,0
inability,20,inability=20,19,1,0,0,0,0,0,0
inch,20,inches=17; inch=3,20,0,0,0,0,0,0,0
incorrectly,20,incorrectly=20,0,0,0,0,0,20,0,0
inefficient,20,inefficient=20,0,0,0,0,20,0,0,0
intake,20,intake=19; intakes=1,19,1,0,0,0,0,0,0
integration,20,integration=20,20,0,0,0,0,0,0,0
inventory,20,inventory=14; inventories=6,19,1,0,0,0,0,0,0
joke,20,jokes=12; joke=4; joked=2; joking=2,15,0,5,0,0,0,0,0
jurassic,20,jurassic=20,0,20,0,0,0,0,0,0
kilogram,20,kilograms=15; kilogram=5,20,0,0,0,0,0,0,0
knife,20,knives=14; knife=6,20,0,0,0,0,0,0,0
knot,20,knots=15; knot=4; knotted=1,19,0,1,0,0,0,0,0
legged,20,legged=20,0,0,0,0,20,0,0,0
locker,20,locker=13; lockers=7,18,2,0,0,0,0,0,0
los,20,los=20,0,20,0,0,0,0,0,0
lost,20,lost=20,0,3,0,0,17,0,0,0
misinterpret,20,misinterpreted=12; misinterpret=6; misinterpreting=2,0,0,20,0,0,0,0,0
mobility,20,mobility=20,20,0,0,0,0,0,0,0
moderate,20,moderate=18; moderates=2,1,0,1,0,18,0,0,0
moral,20,moral=20,0,0,0,0,20,0,0,0
mutually,20,mutually=20,0,0,0,0,0,20,0,0
neume,20,neumes=19; neume=1,20,0,0,0,0,0,0,0
nobility,20,nobility=20,20,0,0,0,0,0,0,0
objection,20,objections=11; objection=9,20,0,0,0,0,0,0,0
obligation,20,obligation=12; obligations=8,20,0,0,0,0,0,0,0
occasional,20,occasional=20,3,0,0,0,17,0,0,0
oldest,20,oldest=20,0,0,0,0,0,20,0,0
ophir,20,ophir=20,0,20,0,0,0,0,0,0
orb,20,orb=20,15,0,2,0,3,0,0,0
ourselves,20,ourselves=20,0,0,0,0,0,0,20,0
pave,20,pave=8; paved=6; paving=6,0,0,20,0,0,0,0,0
peace,20,peace=20,20,0,0,0,0,0,0,0
peat,20,peat=20,17,2,1,0,0,0,0,0
pink,20,pink=20,1,0,1,0,18,0,0,0
plank,20,plank=13; planks=7,20,0,0,0,0,0,0,0
poetic,20,poetic=19; poetics=1,1,0,0,0,19,0,0,0
potter,20,potters=13; potter=7,20,0,0,0,0,0,0,0
pride,20,pride=16; prides=4,20,0,0,0,0,0,0,0
priest,20,priests=19; priest=1,20,0,0,0,0,0,0,0
prokaryote,20,prokaryotes=17; prokaryote=3,17,1,1,0,1,0,0,0
realm,20,realm=14; realms=6,20,0,0,0,0,0,0,0
rebuild,20,rebuilt=11; rebuild=6; rebuilding=3,0,0,20,0,0,0,0,0
receptor,20,receptors=12; receptor=8,20,0,0,0,0,0,0,0
recyclable,20,recyclable=13; recyclables=7,7,1,0,0,12,0,0,0
rideshare,20,rideshare=14; rideshares=5; ridesharing=1,18,0,1,0,1,0,0,0
roost,20,roost=11; roosting=5; roosts=4,5,0,15,0,0,0,0,0
rootworm,20,rootworm=14; rootworms=6,18,1,1,0,0,0,0,0
scarcity,20,scarcity=20,20,0,0,0,0,0,0,0
sharing,20,sharing=20,20,0,0,0,0,0,0,0
shorebird,20,shorebirds=17; shorebird=3,19,0,0,0,1,0,0,0
skyscraper,20,skyscrapers=12; skyscraper=8,20,0,0,0,0,0,0,0
soccer,20,soccer=20,20,0,0,0,0,0,0,0
socialize,20,socialize=16; socializing=3; socialized=1,0,0,20,0,0,0,0,0
sociocybernetic,20,sociocybernetics=13; sociocybernetic=7,13,0,0,0,7,0,0,0
somebody,20,somebody=20,0,0,0,0,0,0,20,0
specify,20,specify=9; specified=6; specifying=4; specifies=1,0,0,20,0,0,0,0,0
spontaneous,20,spontaneous=20,0,0,0,0,20,0,0,0
statistic,20,statistics=19; statistic=1,20,0,0,0,0,0,0,0
tag,20,tag=14; tags=3; tagged=2; tagging=1,15,0,5,0,0,0,0,0
tap,20,tap=9; tapping=5; tapped=3; taps=3,5,0,15,0,0,0,0,0
teenager,20,teenagers=17; teenager=3,20,0,0,0,0,0,0,0
temptation,20,temptation=18; temptations=2,19,0,1,0,0,0,0,0
tension,20,tension=13; tensions=7,20,0,0,0,0,0,0,0
terminal,20,terminal=17; terminals=3,7,3,0,0,10,0,0,0
threshold,20,threshold=15; thresholds=5,18,1,1,0,0,0,0,0
tornado,20,tornadoes=14; tornado=5; tornados=1,20,0,0,0,0,0,0,0
translation,20,translation=14; translations=6,20,0,0,0,0,0,0,0
transmission,20,transmission=18; transmissions=2,19,1,0,0,0,0,0,0
tray,20,tray=18; trays=2,20,0,0,0,0,0,0,0
tribal,20,tribal=20,0,0,0,0,20,0,0,0
trout,20,trout=20,19,1,0,0,0,0,0,0
twelve,20,twelve=20,0,0,0,0,0,0,0,20
vanish,20,vanished=13; vanishing=4; vanish=3,0,0,20,0,0,0,0,0
violent,20,violent=20,0,0,0,0,20,0,0,0
viral,20,viral=20,0,0,0,0,20,0,0,0
voyager,20,voyager=20,0,20,0,0,0,0,0,0
watercolor,20,watercolor=15; watercolors=5,19,1,0,0,0,0,0,0
whitehead,20,whitehead=20,0,20,0,0,0,0,0,0
wilderness,20,wilderness=20,18,2,0,0,0,0,0,0
absorption,19,absorption=19,18,1,0,0,0,0,0,0
accordingly,19,accordingly=19,0,0,0,0,0,19,0,0
albert,19,albert=19,0,19,0,0,0,0,0,0
alps,19,alps=19,0,19,0,0,0,0,0,0
ambitious,19,ambitious=19,0,0,0,0,19,0,0,0
angeles,19,angeles=19,0,19,0,0,0,0,0,0
apologize,19,apologize=18; apologizes=1,0,1,18,0,0,0,0,0
aristocracy,19,aristocracy=19,19,0,0,0,0,0,0,0
asymmetrical,19,asymmetrical=19,0,0,0,0,19,0,0,0
barn,19,barn=17; barns=2,6,2,4,0,7,0,0,0
bibliography,19,bibliography=19,19,0,0,0,0,0,0,0
blocking,19,blocking=19,17,2,0,0,0,0,0,0
blog,19,blog=18; blogs=1,19,0,0,0,0,0,0,0
botany,19,botany=19,19,0,0,0,0,0,0,0
bulk,19,bulk=19,8,0,0,0,11,0,0,0
camel,19,camels=16; camel=3,18,1,0,0,0,0,0,0
catalog,19,catalog=17; cataloging=1; catalogs=1,16,0,3,0,0,0,0,0
children,19,children=17; childrens=2,2,17,0,0,0,0,0,0
cleanup,19,cleanup=19,15,4,0,0,0,0,0,0
confinement,19,confinement=19,9,4,0,0,6,0,0,0
covering,19,covering=16; coverings=3,19,0,0,0,0,0,0,0
cuisine,19,cuisine=12; cuisines=7,18,1,0,0,0,0,0,0
curriculum,19,curriculum=17; curricula=2,19,0,0,0,0,0,0,0
curve,19,curve=6; curves=6; curved=5; curving=2,9,0,10,0,0,0,0,0
daguerre,19,daguerre=19,0,19,0,0,0,0,0,0
degrade,19,degrade=8; degraded=5; degrades=3; degrading=3,1,0,18,0,0,0,0,0
demonstrator,19,demonstrator=18; demonstrators=1,19,0,0,0,0,0,0,0
dental,19,dental=19,0,0,0,0,19,0,0,0
deprive,19,deprived=12; depriving=6; deprive=1,0,0,19,0,0,0,0,0
dislike,19,dislike=12; dislikes=4; disliked=3,5,0,14,0,0,0,0,0
durability,19,durability=19,17,2,0,0,0,0,0,0
economical,19,economical=19,0,0,0,0,19,0,0,0
elevate,19,elevated=10; elevate=6; elevating=2; elevates=1,1,0,18,0,0,0,0,0
emotionally,19,emotionally=19,0,0,0,0,0,19,0,0
enlarge,19,enlarged=14; enlarge=3; enlarging=2,0,0,19,0,0,0,0,0
enthusiasm,19,enthusiasm=19,18,1,0,0,0,0,0,0
envision,19,envision=12; envisioned=7,1,1,17,0,0,0,0,0
exaggerated,19,exaggerated=19,0,0,0,0,19,0,0,0
exclude,19,excluded=13; exclude=4; excludes=2,0,0,19,0,0,0,0,0
exploitation,19,exploitation=19,19,0,0,0,0,0,0,0
fascinate,19,fascinated=18; fascinate=1,0,0,19,0,0,0,0,0
filament,19,filaments=10; filament=9,19,0,0,0,0,0,0,0
fir,19,firs=10; fir=9,18,1,0,0,0,0,0,0
foreground,19,foreground=14; foregrounded=2; foregrounding=2; foregrounds=1,14,0,5,0,0,0,0,0
formulate,19,formulated=13; formulate=4; formulating=2,0,0,18,0,1,0,0,0
foumban,19,foumban=19,0,14,0,0,5,0,0,0
fracture,19,fractures=14; fracture=2; fracturing=2; fractured=1,15,0,4,0,0,0,0,0
gear,19,gear=12; gears=4; geared=3,16,0,3,0,0,0,0,0
genyornis,19,genyornis=19,0,19,0,0,0,0,0,0
gorilla,19,gorillas=11; gorilla=8,19,0,0,0,0,0,0,0
gram,19,gram=13; grams=6,14,5,0,0,0,0,0,0
groom,19,grooming=10; groom=7; groomed=1; grooms=1,2,0,17,0,0,0,0,0
gropius,19,gropius=19,0,19,0,0,0,0,0,0
gymnosperm,19,gymnosperms=17; gymnosperm=2,19,0,0,0,0,0,0,0
hardware,19,hardware=19,18,1,0,0,0,0,0,0
hawaii,19,hawaii=19,0,19,0,0,0,0,0,0
herb,19,herbs=14; herb=5,18,1,0,0,0,0,0,0
hillside,19,hillsides=14; hillside=5,19,0,0,0,0,0,0,0
hind,19,hind=19,18,1,0,0,0,0,0,0
hydrophone,19,hydrophones=11; hydrophone=8,19,0,0,0,0,0,0,0
imaging,19,imaging=19,18,1,0,0,0,0,0,0
inconsistent,19,inconsistent=19,1,0,0,0,18,0,0,0
indians,19,indians=19,0,19,0,0,0,0,0,0
ineffective,19,ineffective=19,0,0,0,0,19,0,0,0
infectious,19,infectious=19,0,0,0,0,19,0,0,0
informal,19,informal=19,0,0,0,0,19,0,0,0
inherent,19,inherent=19,0,0,0,0,19,0,0,0
inherit,19,inherited=17; inherit=2,1,0,18,0,0,0,0,0
innate,19,innate=19,1,0,3,0,15,0,0,0
larval,19,larval=19,18,0,0,0,1,0,0,0
leafcutter,19,leafcutter=19,0,4,1,0,14,0,0,0
leftover,19,leftover=14; leftovers=5,8,6,2,0,2,1,0,0
lid,19,lid=11; lids=8,18,0,0,0,1,0,0,0
linda,19,linda=19,0,19,0,0,0,0,0,0
loom,19,looms=15; loom=3; looming=1,15,0,4,0,0,0,0,0
magritte,19,magritte=19,0,19,0,0,0,0,0,0
media,19,media=19,15,4,0,0,0,0,0,0
merge,19,merging=8; merges=5; merged=4; merge=2,2,0,17,0,0,0,0,0
methods,19,methods=19,0,19,0,0,0,0,0,0
mimosa,19,mimosa=19,19,0,0,0,0,0,0,0
mitochondria,19,mitochondria=19,2,17,0,0,0,0,0,0
mogao,19,mogao=19,0,16,0,0,3,0,0,0
mortality,19,mortality=19,19,0,0,0,0,0,0,0
moss,19,mosses=13; moss=6,19,0,0,0,0,0,0,0
mug,19,mug=10; mugs=9,18,1,0,0,0,0,0,0
multitaske,19,multitasking=19,0,0,19,0,0,0,0,0
neptune,19,neptune=19,0,19,0,0,0,0,0,0
oceanic,19,oceanic=19,0,3,0,0,16,0,0,0
opa,19,opa=19,3,16,0,0,0,0,0,0
overwhelmed,19,overwhelmed=19,0,0,0,0,19,0,0,0
owe,19,owed=10; owe=7; owing=2,0,0,19,0,0,0,0,0
packaging,19,packaging=19,19,0,0,0,0,0,0,0
parasitic,19,parasitic=19,0,0,0,0,19,0,0,0
pasta,19,pasta=14; pastas=5,18,1,0,0,0,0,0,0
pathway,19,pathways=17; pathway=2,19,0,0,0,0,0,0,0
portfolio,19,portfolio=14; portfolios=5,19,0,0,0,0,0,0,0
poverty,19,poverty=19,11,8,0,0,0,0,0,0
privately,19,privately=19,0,0,0,0,0,19,0,0
prosperous,19,prosperous=19,0,0,0,0,19,0,0,0
puppet,19,puppet=10; puppets=9,19,0,0,0,0,0,0,0
quartz,19,quartz=19,17,2,0,0,0,0,0,0
raft,19,raft=12; rafts=7,19,0,0,0,0,0,0,0
receptionist,19,receptionist=19,19,0,0,0,0,0,0,0
reign,19,reign=11; reigns=7; reigned=1,18,0,1,0,0,0,0,0
reply,19,reply=11; replied=5; replying=2; replies=1,4,0,15,0,0,0,0,0
resemblance,19,resemblance=19,19,0,0,0,0,0,0,0
reshape,19,reshaped=12; reshaping=4; reshape=2; reshapes=1,0,0,19,0,0,0,0,0
rotaxane,19,rotaxanes=10; rotaxane=9,19,0,0,0,0,0,0,0
rubber,19,rubber=19,19,0,0,0,0,0,0,0
scandinavian,19,scandinavian=19,0,0,0,0,19,0,0,0
schliemann,19,schliemann=19,0,19,0,0,0,0,0,0
seasonally,19,seasonally=19,0,0,0,0,0,19,0,0
secondly,19,secondly=19,0,0,0,0,0,19,0,0
separately,19,separately=19,0,0,0,0,0,19,0,0
shopper,19,shoppers=17; shopper=2,18,1,0,0,0,0,0,0
showcase,19,showcase=9; showcasing=6; showcases=3; showcased=1,2,1,16,0,0,0,0,0
silence,19,silence=18; silenced=1,16,0,3,0,0,0,0,0
slot,19,slots=10; slot=8; slotted=1,18,0,1,0,0,0,0,0
soda,19,soda=15; sodas=4,18,1,0,0,0,0,0,0
spoil,19,spoil=10; spoiled=3; spoiling=3; spoils=3,2,0,17,0,0,0,0,0
storytelle,19,storytelling=19,0,0,19,0,0,0,0,0
stratification,19,stratification=19,19,0,0,0,0,0,0,0
submission,19,submission=10; submissions=9,18,1,0,0,0,0,0,0
subsequently,19,subsequently=19,0,0,0,0,0,19,0,0
supposedly,19,supposedly=19,0,0,0,0,0,19,0,0
swarm,19,swarm=13; swarms=4; swarming=2,16,0,3,0,0,0,0,0
synthesis,19,synthesis=19,18,1,0,0,0,0,0,0
technician,19,technician=12; technicians=7,19,0,0,0,0,0,0,0
telegraph,19,telegraph=19,15,4,0,0,0,0,0,0
thomson,19,thomson=19,0,19,0,0,0,0,0,0
underestimate,19,underestimate=6; underestimated=6; underestimates=6; underestimating=1,0,0,19,0,0,0,0,0
undoubtedly,19,undoubtedly=19,0,0,0,0,0,19,0,0
unhealthy,19,unhealthy=19,0,0,0,0,19,0,0,0
velocity,19,velocity=15; velocities=4,19,0,0,0,0,0,0,0
violin,19,violin=15; violins=4,19,0,0,0,0,0,0,0
visualize,19,visualize=15; visualized=2; visualizing=2,0,0,19,0,0,0,0,0
watt,19,watt=19,0,19,0,0,0,0,0,0
wedding,19,wedding=16; weddings=3,19,0,0,0,0,0,0,0
zooplankton,19,zooplankton=19,1,18,0,0,0,0,0,0
abdomen,18,abdomen=17; abdomens=1,18,0,0,0,0,0,0,0
abruptly,18,abruptly=18,0,0,0,0,0,18,0,0
aggressively,18,aggressively=18,0,0,0,0,0,18,0,0
aircraft,18,aircraft=18,18,0,0,0,0,0,0,0
amy,18,amy=18,0,18,0,0,0,0,0,0
anguissola,18,anguissola=18,0,18,0,0,0,0,0,0
aposematic,18,aposematic=18,0,2,0,0,16,0,0,0
appliance,18,appliance=10; appliances=8,18,0,0,0,0,0,0,0
appropriately,18,appropriately=18,0,0,0,0,0,18,0,0
attendee,18,attendees=18,17,0,1,0,0,0,0,0
aztec,18,aztec=17; aztecs=1,1,5,0,0,12,0,0,0
ben,18,ben=18,0,18,0,0,0,0,0,0
binary,18,binary=18,0,1,0,0,17,0,0,0
breakdown,18,breakdown=13; breakdowns=5,18,0,0,0,0,0,0,0
brittle,18,brittle=18,0,0,0,0,18,0,0,0
carolina,18,carolina=18,0,18,0,0,0,0,0,0
carpet,18,carpet=15; carpets=2; carpeted=1,17,0,1,0,0,0,0,0
cassatt,18,cassatt=18,0,18,0,0,0,0,0,0
clarity,18,clarity=18,18,0,0,0,0,0,0,0
cleary,18,cleary=18,0,18,0,0,0,0,0,0
cm,18,cm=18,18,0,0,0,0,0,0,0
cocoon,18,cocoon=12; cocoons=6,18,0,0,0,0,0,0,0
connectivity,18,connectivity=18,16,2,0,0,0,0,0,0
contaminant,18,contaminants=17; contaminant=1,18,0,0,0,0,0,0,0
copan,18,copan=18,1,17,0,0,0,0,0,0
cope,18,cope=17; copes=1,1,0,17,0,0,0,0,0
corners,18,corners=18,0,18,0,0,0,0,0,0
corvo,18,corvo=18,0,18,0,0,0,0,0,0
critically,18,critically=18,0,1,0,0,0,17,0,0
dancing,18,dancing=18,17,1,0,0,0,0,0,0
daytime,18,daytime=18,12,0,0,0,6,0,0,0
default,18,default=18,18,0,0,0,0,0,0,0
demanding,18,demanding=18,0,0,0,0,18,0,0,0
denser,18,denser=18,13,5,0,0,0,0,0,0
discontinue,18,discontinued=12; discontinue=5; discontinuing=1,0,0,18,0,0,0,0,0
ditch,18,ditches=14; ditch=4,14,2,2,0,0,0,0,0
divert,18,divert=10; diverted=5; diverting=2; diverts=1,2,0,16,0,0,0,0,0
dms,18,dms=18,0,18,0,0,0,0,0,0
durand,18,durand=18,1,17,0,0,0,0,0,0
dusk,18,dusk=18,15,2,1,0,0,0,0,0
ecotourism,18,ecotourism=18,18,0,0,0,0,0,0,0
edward,18,edward=18,0,18,0,0,0,0,0,0
efforts,18,efforts=18,0,18,0,0,0,0,0,0
el,18,el=18,0,18,0,0,0,0,0,0
elegant,18,elegant=18,0,0,0,0,18,0,0,0
eleventh,18,eleventh=18,2,0,0,0,16,0,0,0
encompass,18,encompasses=12; encompass=2; encompassed=2; encompassing=2,0,0,18,0,0,0,0,0
ending,18,endings=10; ending=8,18,0,0,0,0,0,0,0
enrollment,18,enrollment=18,17,1,0,0,0,0,0,0
equation,18,equations=10; equation=8,18,0,0,0,0,0,0,0
evident,18,evident=18,0,0,0,0,18,0,0,0
eyck,18,eyck=18,0,18,0,0,0,0,0,0
eyewitness,18,eyewitness=14; eyewitnesses=4,18,0,0,0,0,0,0,0
fate,18,fate=16; fates=2,9,9,0,0,0,0,0,0
figurine,18,figurines=17; figurine=1,18,0,0,0,0,0,0,0
firmly,18,firmly=18,0,0,0,0,0,18,0,0
flavor,18,flavor=10; flavors=7; flavored=1,17,0,1,0,0,0,0,0
flour,18,flour=18,18,0,0,0,0,0,0,0
genome,18,genome=15; genomes=3,15,0,0,0,3,0,0,0
geologically,18,geologically=18,0,0,0,0,0,18,0,0
geyser,18,geyser=12; geysers=6,15,1,0,0,2,0,0,0
giorgione,18,giorgione=18,0,18,0,0,0,0,0,0
glaze,18,glaze=10; glazed=4; glazes=4,13,0,5,0,0,0,0,0
gobekli,18,gobekli=18,0,18,0,0,0,0,0,0
governor,18,governor=13; governors=5,18,0,0,0,0,0,0,0
gps,18,gps=18,10,8,0,0,0,0,0,0
grey,18,grey=18,8,4,1,0,5,0,0,0
handicraft,18,handicraft=12; handicrafts=6,18,0,0,0,0,0,0,0
hint,18,hint=8; hints=5; hinted=3; hinting=2,11,0,7,0,0,0,0,0
holiday,18,holiday=14; holidays=4,18,0,0,0,0,0,0,0
hull,18,hulls=12; hull=5; hulling=1,17,0,1,0,0,0,0,0
ife,18,ife=18,1,17,0,0,0,0,0,0
imaginary,18,imaginary=18,0,0,0,0,18,0,0,0
index,18,index=17; indices=1,18,0,0,0,0,0,0,0
ingest,18,ingest=9; ingested=6; ingesting=3,0,0,18,0,0,0,0,0
instinct,18,instinct=10; instincts=8,14,0,0,0,4,0,0,0
intelligent,18,intelligent=18,0,1,0,0,17,0,0,0
interrupt,18,interrupted=7; interrupt=6; interrupting=3; interrupts=2,0,0,17,0,1,0,0,0
invaluable,18,invaluable=18,0,0,0,0,18,0,0,0
jackson,18,jackson=18,0,18,0,0,0,0,0,0
june,18,june=18,0,18,0,0,0,0,0,0
justice,18,justice=18,18,0,0,0,0,0,0,0
k,18,k=18,13,5,0,0,0,0,0,0
kane,18,kane=18,0,18,0,0,0,0,0,0
kostenki,18,kostenki=18,0,18,0,0,0,0,0,0
laban,18,laban=18,0,18,0,0,0,0,0,0
locke,18,locke=18,0,18,0,0,0,0,0,0
magic,18,magic=18,9,1,0,0,8,0,0,0
mandatory,18,mandatory=18,0,1,0,0,17,0,0,0
maritime,18,maritime=18,1,0,0,0,17,0,0,0
mess,18,mess=14; messing=4,10,0,8,0,0,0,0,0
misleading,18,misleading=18,1,0,0,0,17,0,0,0
mom,18,mom=17; moms=1,18,0,0,0,0,0,0,0
neglect,18,neglect=9; neglected=7; neglecting=1; neglects=1,5,0,13,0,0,0,0,0
nickel,18,nickel=18,16,2,0,0,0,0,0,0
norris,18,norris=18,0,18,0,0,0,0,0,0
northwestern,18,northwestern=18,0,0,0,0,18,0,0,0
norway,18,norway=18,0,18,0,0,0,0,0,0
offset,18,offset=17; offsets=1,0,0,18,0,0,0,0,0
opah,18,opah=18,18,0,0,0,0,0,0,0
opposition,18,opposition=18,17,1,0,0,0,0,0,0
oversee,18,oversee=11; oversaw=2; overseeing=2; overseen=2; oversees=1,1,0,17,0,0,0,0,0
paganini,18,paganini=18,0,18,0,0,0,0,0,0
palladio,18,palladio=18,0,18,0,0,0,0,0,0
pan,18,pan=12; pans=5; panning=1,14,2,1,0,1,0,0,0
parasitism,18,parasitism=18,18,0,0,0,0,0,0,0
participatory,18,participatory=18,0,0,0,0,18,0,0,0
pathogen,18,pathogens=12; pathogen=6,18,0,0,0,0,0,0,0
pillar,18,pillars=15; pillar=3,18,0,0,0,0,0,0,0
pinnacle,18,pinnacle=18,2,16,0,0,0,0,0,0
pioneer,18,pioneered=6; pioneer=5; pioneers=4; pioneering=3,7,2,9,0,0,0,0,0
plague,18,plague=12; plagued=6,11,1,6,0,0,0,0,0
plug,18,plug=12; plugging=3; plugs=3,9,3,6,0,0,0,0,0
postpone,18,postponed=9; postpone=6; postponing=3,0,0,18,0,0,0,0,0
prestigious,18,prestigious=18,0,0,0,0,18,0,0,0
proponent,18,proponents=15; proponent=3,18,0,0,0,0,0,0,0
provoke,18,provokes=8; provoking=6; provoke=4,1,0,17,0,0,0,0,0
quilter,18,quilters=15; quilter=3,18,0,0,0,0,0,0,0
quote,18,quote=8; quoted=5; quotes=3; quoting=2,3,0,10,0,0,0,0,5
radar,18,radar=17; radars=1,17,1,0,0,0,0,0,0
remnant,18,remnants=13; remnant=5,18,0,0,0,0,0,0,0
renoir,18,renoir=18,0,18,0,0,0,0,0,0
repetition,18,repetition=17; repetitions=1,18,0,0,0,0,0,0,0
respiration,18,respiration=18,18,0,0,0,0,0,0,0
reusable,18,reusable=18,0,1,0,0,17,0,0,0
romantic,18,romantic=18,0,1,0,0,17,0,0,0
sac,18,sac=10; sacs=8,18,0,0,0,0,0,0,0
sandy,18,sandy=18,1,1,0,0,16,0,0,0
savanna,18,savanna=11; savannas=7,18,0,0,0,0,0,0,0
schoolwork,18,schoolwork=18,18,0,0,0,0,0,0,0
services,18,services=18,0,18,0,0,0,0,0,0
silt,18,silt=14; silts=4,18,0,0,0,0,0,0,0
skeletal,18,skeletal=18,0,0,0,0,18,0,0,0
sonar,18,sonar=18,11,1,0,0,6,0,0,0
southeastern,18,southeastern=18,1,2,0,0,15,0,0,0
speculation,18,speculation=15; speculations=3,18,0,0,0,0,0,0,0
starvation,18,starvation=18,18,0,0,0,0,0,0,0
supporter,18,supporters=15; supporter=3,18,0,0,0,0,0,0,0
thyme,18,thyme=18,17,1,0,0,0,0,0,0
tigris,18,tigris=18,0,18,0,0,0,0,0,0
tilt,18,tilt=13; tilted=3; tilting=1; tilts=1,12,0,6,0,0,0,0,0
toll,18,toll=13; tolls=5,18,0,0,0,0,0,0,0
underlying,18,underlying=18,0,0,0,0,18,0,0,0
unprecedented,18,unprecedented=18,0,0,0,0,18,0,0,0
unwanted,18,unwanted=18,0,0,0,0,18,0,0,0
urey,18,urey=18,0,18,0,0,0,0,0,0
vampire,18,vampire=18,0,1,1,0,16,0,0,0
variant,18,variants=13; variant=5,17,0,0,0,1,0,0,0
vibration,18,vibrations=16; vibration=2,18,0,0,0,0,0,0,0
viking,18,viking=18,0,8,0,0,10,0,0,0
warfare,18,warfare=18,18,0,0,0,0,0,0,0
warmer,18,warmer=18,9,5,0,0,4,0,0,0
weep,18,weeping=18,0,0,18,0,0,0,0,0
weird,18,weird=18,0,0,0,0,18,0,0,0
wellness,18,wellness=18,10,8,0,0,0,0,0,0
willingness,18,willingness=18,18,0,0,0,0,0,0,0
wise,18,wise=18,0,0,0,0,17,1,0,0
absolute,17,absolute=17,0,0,0,0,17,0,0,0
accommodation,17,accommodations=13; accommodation=4,16,1,0,0,0,0,0,0
adam,17,adam=15; adams=2,2,15,0,0,0,0,0,0
adaptable,17,adaptable=17,0,1,0,0,16,0,0,0
affected,17,affected=17,0,1,0,0,16,0,0,0
afterwards,17,afterwards=17,0,0,0,0,0,17,0,0
alkaloid,17,alkaloids=15; alkaloid=2,16,0,0,0,1,0,0,0
ambassador,17,ambassadors=9; ambassador=8,17,0,0,0,0,0,0,0
anderson,17,anderson=17,0,17,0,0,0,0,0,0
arouse,17,arouse=9; aroused=4; arouses=3; arousing=1,1,0,16,0,0,0,0,0
automate,17,automated=12; automate=5,0,0,13,0,4,0,0,0
autumn,17,autumn=17,16,1,0,0,0,0,0,0
backpack,17,backpack=15; backpacking=1; backpacks=1,16,0,1,0,0,0,0,0
bait,17,bait=13; baits=3; baited=1,12,3,1,0,1,0,0,0
baltic,17,baltic=17,0,13,0,0,4,0,0,0
banking,17,banking=17,17,0,0,0,0,0,0,0
batesian,17,batesian=17,0,12,0,0,5,0,0,0
beam,17,beams=12; beam=5,15,0,2,0,0,0,0,0
belgium,17,belgium=17,1,16,0,0,0,0,0,0
berkeley,17,berkeley=17,0,17,0,0,0,0,0,0
birdsong,17,birdsong=14; birdsongs=3,4,12,0,0,0,1,0,0
boot,17,boots=15; boot=2,17,0,0,0,0,0,0,0
capita,17,capita=17,15,0,0,0,0,0,0,2
cephalopod,17,cephalopods=11; cephalopod=6,14,0,0,0,3,0,0,0
chaos,17,chaos=17,16,0,1,0,0,0,0,0
climbing,17,climbing=17,17,0,0,0,0,0,0,0
cod,17,cod=11; coded=3; coding=3,8,3,6,0,0,0,0,0
coevolution,17,coevolution=17,14,3,0,0,0,0,0,0
coil,17,coil=13; coiled=3; coils=1,14,0,3,0,0,0,0,0
coloring,17,coloring=16; colorings=1,17,0,0,0,0,0,0,0
compact,17,compact=10; compacted=6; compacts=1,1,0,7,0,9,0,0,0
congo,17,congo=17,0,17,0,0,0,0,0,0
constitution,17,constitution=10; constitutions=7,10,7,0,0,0,0,0,0
contamination,17,contamination=17,17,0,0,0,0,0,0,0
convenience,17,convenience=15; conveniences=2,17,0,0,0,0,0,0,0
conversion,17,conversion=17,17,0,0,0,0,0,0,0
counselor,17,counselor=15; counselors=2,17,0,0,0,0,0,0,0
courtyard,17,courtyard=14; courtyards=3,17,0,0,0,0,0,0,0
cyclade,17,cyclades=17,17,0,0,0,0,0,0,0
damp,17,damp=17,0,0,1,0,16,0,0,0
democracy,17,democracy=17,17,0,0,0,0,0,0,0
determined,17,determined=17,0,1,0,0,16,0,0,0
devastating,17,devastating=17,0,0,0,0,17,0,0,0
dictate,17,dictated=8; dictate=7; dictating=2,0,0,17,0,0,0,0,0
disorder,17,disorder=9; disorders=8,17,0,0,0,0,0,0,0
distraction,17,distractions=13; distraction=4,17,0,0,0,0,0,0,0
documentation,17,documentation=17,17,0,0,0,0,0,0,0
drilling,17,drilling=17,15,2,0,0,0,0,0,0
driving,17,driving=17,17,0,0,0,0,0,0,0
dwell,17,dwelling=15; dwell=1; dwells=1,1,0,16,0,0,0,0,0
enlightenment,17,enlightenment=17,10,7,0,0,0,0,0,0
eventual,17,eventual=17,0,0,0,0,17,0,0,0
evidently,17,evidently=17,0,0,0,0,0,17,0,0
expedition,17,expedition=11; expeditions=6,16,1,0,0,0,0,0,0
fallacy,17,fallacy=15; fallacies=2,14,3,0,0,0,0,0,0
feasible,17,feasible=17,0,0,0,0,17,0,0,0
follower,17,followers=17,17,0,0,0,0,0,0,0
fossilize,17,fossilized=15; fossilize=2,0,0,17,0,0,0,0,0
fundraiser,17,fundraiser=16; fundraisers=1,17,0,0,0,0,0,0,0
glassmake,17,glassmaking=17,0,0,17,0,0,0,0,0
hadrosaur,17,hadrosaurs=11; hadrosaur=6,11,2,1,0,3,0,0,0
hiding,17,hiding=17,17,0,0,0,0,0,0,0
inflation,17,inflation=17,17,0,0,0,0,0,0,0
inheritance,17,inheritance=16; inheritances=1,17,0,0,0,0,0,0,0
institute,17,institute=12; instituted=2; instituting=2; institutes=1,3,10,4,0,0,0,0,0
intentional,17,intentional=17,0,0,0,0,17,0,0,0
intersection,17,intersection=10; intersections=7,17,0,0,0,0,0,0,0
intro,17,intro=17,9,8,0,0,0,0,0,0
invader,17,invaders=15; invader=2,17,0,0,0,0,0,0,0
irrigate,17,irrigate=6; irrigating=6; irrigated=5,1,0,16,0,0,0,0,0
jefferson,17,jefferson=17,0,17,0,0,0,0,0,0
jh,17,jh=17,0,17,0,0,0,0,0,0
jogging,17,jogging=17,17,0,0,0,0,0,0,0
kick,17,kicking=6; kick=5; kicked=3; kicks=3,1,0,16,0,0,0,0,0
knowledgeable,17,knowledgeable=17,0,0,0,0,17,0,0,0
kress,17,kress=17,0,17,0,0,0,0,0,0
latimer,17,latimer=17,0,17,0,0,0,0,0,0
lightweight,17,lightweight=17,0,0,0,0,17,0,0,0
lure,17,lure=15; lured=1; luring=1,5,0,12,0,0,0,0,0
marking,17,markings=17,17,0,0,0,0,0,0,0
mechanized,17,mechanized=17,0,0,0,0,17,0,0,0
memorable,17,memorable=17,0,0,0,0,17,0,0,0
mesh,17,mesh=17,16,0,1,0,0,0,0,0
meteorology,17,meteorology=17,17,0,0,0,0,0,0,0
microplastic,17,microplastics=15; microplastic=2,16,0,0,0,1,0,0,0
mitochondrial,17,mitochondrial=17,1,5,0,0,11,0,0,0
mixing,17,mixing=17,16,1,0,0,0,0,0,0
moko,17,moko=17,2,14,1,0,0,0,0,0
mountainous,17,mountainous=17,0,0,0,0,17,0,0,0
multi,17,multi=17,2,0,0,0,15,0,0,0
mycenaeans,17,mycenaeans=17,0,17,0,0,0,0,0,0
nephew,17,nephews=9; nephew=8,17,0,0,0,0,0,0,0
nursing,17,nursing=17,17,0,0,0,0,0,0,0
obsidian,17,obsidian=17,0,10,0,0,7,0,0,0
onset,17,onset=17,17,0,0,0,0,0,0,0
opb,17,opb=17,0,17,0,0,0,0,0,0
opc,17,opc=17,0,0,0,0,1,16,0,0
orchestral,17,orchestral=17,0,0,0,0,17,0,0,0
outdate,17,outdated=17,0,0,17,0,0,0,0,0
parakeet,17,parakeets=14; parakeet=3,17,0,0,0,0,0,0,0
passion,17,passion=16; passions=1,17,0,0,0,0,0,0,0
patent,17,patent=8; patented=6; patents=3,11,0,6,0,0,0,0,0
pavement,17,pavement=9; pavements=8,17,0,0,0,0,0,0,0
peaceful,17,peaceful=17,0,0,0,0,17,0,0,0
physician,17,physicians=10; physician=7,17,0,0,0,0,0,0,0
pingo,17,pingo=9; pingos=8,17,0,0,0,0,0,0,0
plumage,17,plumage=17,17,0,0,0,0,0,0,0
pony,17,pony=15; ponies=2,2,15,0,0,0,0,0,0
portable,17,portable=17,0,0,0,0,17,0,0,0
publicly,17,publicly=17,0,0,0,0,0,17,0,0
qualification,17,qualifications=12; qualification=5,17,0,0,0,0,0,0,0
qualify,17,qualify=13; qualifies=3; qualifying=1,0,0,17,0,0,0,0,0
rail,17,rail=14; rails=3,17,0,0,0,0,0,0,0
rap,17,rap=9; raps=8,12,5,0,0,0,0,0,0
rebel,17,rebelled=9; rebel=4; rebels=3; rebelling=1,3,0,14,0,0,0,0,0
rebellion,17,rebellion=10; rebellions=7,17,0,0,0,0,0,0,0
reduced,17,reduced=17,0,2,0,0,15,0,0,0
refreshment,17,refreshments=16; refreshment=1,17,0,0,0,0,0,0,0
refrigerator,17,refrigerator=9; refrigerators=8,15,2,0,0,0,0,0,0
registrar,17,registrar=15; registrars=2,14,3,0,0,0,0,0,0
rehearse,17,rehearse=12; rehearsing=4; rehearsed=1,0,0,17,0,0,0,0,0
repetitive,17,repetitive=17,0,0,0,0,17,0,0,0
resilient,17,resilient=17,1,0,1,0,15,0,0,0
reversal,17,reversal=13; reversals=4,17,0,0,0,0,0,0,0
robotic,17,robotics=13; robotic=4,13,0,0,0,4,0,0,0
rogers,17,rogers=17,0,17,0,0,0,0,0,0
runaway,17,runaway=17,0,1,0,0,16,0,0,0
sad,17,sad=17,0,0,0,0,17,0,0,0
saturate,17,saturated=16; saturates=1,0,0,17,0,0,0,0,0
seating,17,seating=17,17,0,0,0,0,0,0,0
separation,17,separation=17,16,1,0,0,0,0,0,0
shame,17,shame=17,17,0,0,0,0,0,0,0
shipbuilding,17,shipbuilding=17,16,1,0,0,0,0,0,0
sierra,17,sierra=17,0,17,0,0,0,0,0,0
smoothly,17,smoothly=17,0,0,0,0,0,17,0,0
sole,17,sole=17,0,0,0,0,17,0,0,0
soup,17,soup=15; soups=2,17,0,0,0,0,0,0,0
sparse,17,sparse=17,3,0,2,0,12,0,0,0
spectacular,17,spectacular=17,0,1,0,0,16,0,0,0
spinning,17,spinning=17,12,0,0,0,5,0,0,0
stair,17,stairs=14; stair=3,17,0,0,0,0,0,0,0
starve,17,starve=8; starved=7; starving=2,0,0,17,0,0,0,0,0
stranding,17,strandings=17,17,0,0,0,0,0,0,0
stuart,17,stuart=17,0,17,0,0,0,0,0,0
suburban,17,suburban=17,0,0,0,0,17,0,0,0
sulfuric,17,sulfuric=17,0,1,0,0,16,0,0,0
sumer,17,sumer=17,1,16,0,0,0,0,0,0
sunflower,17,sunflower=10; sunflowers=7,17,0,0,0,0,0,0,0
sunnansund,17,sunnansund=17,0,15,0,0,2,0,0,0
sunset,17,sunset=9; sunsets=8,13,4,0,0,0,0,0,0
superiority,17,superiority=17,16,1,0,0,0,0,0,0
supreme,17,supreme=17,0,16,0,0,1,0,0,0
sweet,17,sweet=14; sweets=2; sweeter=1,2,0,0,0,15,0,0,0
tardigrade,17,tardigrades=16; tardigrade=1,15,0,2,0,0,0,0,0
terrible,17,terrible=17,0,0,0,0,17,0,0,0
totem,17,totem=16; totems=1,14,3,0,0,0,0,0,0
triceratop,17,triceratops=17,16,0,1,0,0,0,0,0
tricky,17,tricky=15; trickier=2,0,0,0,0,17,0,0,0
uncommon,17,uncommon=17,1,0,0,0,16,0,0,0
upside,17,upside=17,3,0,0,0,1,13,0,0
vadose,17,vadose=17,17,0,0,0,0,0,0,0
variability,17,variability=17,17,0,0,0,0,0,0,0
versus,17,versus=17,0,1,0,0,2,0,0,14
victorian,17,victorian=17,0,1,0,0,16,0,0,0
vigorous,17,vigorous=17,0,0,0,0,17,0,0,0
waiting,17,waiting=17,17,0,0,0,0,0,0,0
walter,17,walter=17,0,17,0,0,0,0,0,0
adena,16,adena=16,0,16,0,0,0,0,0,0
adhere,16,adhere=11; adheres=4; adhered=1,1,0,13,0,0,2,0,0
advent,16,advent=16,16,0,0,0,0,0,0,0
aerosol,16,aerosol=13; aerosols=3,16,0,0,0,0,0,0,0
akrotiri,16,akrotiri=16,0,16,0,0,0,0,0,0
altered,16,altered=16,0,0,0,0,16,0,0,0
amalgam,16,amalgam=16,15,1,0,0,0,0,0,0
applicant,16,applicants=9; applicant=7,14,0,0,0,2,0,0,0
archeological,16,archeological=16,0,0,0,0,16,0,0,0
array,16,array=16,14,2,0,0,0,0,0,0
artery,16,arteries=13; artery=3,16,0,0,0,0,0,0,0
attain,16,attained=9; attain=6; attaining=1,0,0,16,0,0,0,0,0
bare,16,bare=16,0,0,0,0,16,0,0,0
belonging,16,belongings=16,16,0,0,0,0,0,0,0
bonus,16,bonus=9; bonuses=7,16,0,0,0,0,0,0,0
borrowing,16,borrowing=12; borrowings=4,13,3,0,0,0,0,0,0
botanical,16,botanical=16,0,0,0,0,16,0,0,0
buildup,16,buildup=16,16,0,0,0,0,0,0,0
button,16,button=10; buttons=6,15,1,0,0,0,0,0,0
camping,16,camping=16,15,1,0,0,0,0,0,0
cart,16,carts=11; cart=4; carting=1,15,0,1,0,0,0,0,0
cartoon,16,cartoon=12; cartoons=4,16,0,0,0,0,0,0,0
caution,16,caution=14; cautions=2,2,1,13,0,0,0,0,0
cheaply,16,cheaply=16,0,0,0,0,0,16,0,0
childe,16,childe=16,1,15,0,0,0,0,0,0
chimney,16,chimney=14; chimneys=2,16,0,0,0,0,0,0,0
chorus,16,chorus=15; choruses=1,16,0,0,0,0,0,0,0
circulatory,16,circulatory=16,0,0,0,0,16,0,0,0
citation,16,citation=8; citations=8,16,0,0,0,0,0,0,0
colonization,16,colonization=16,16,0,0,0,0,0,0,0
compile,16,compiled=11; compile=3; compiling=2,1,0,15,0,0,0,0,0
conclusive,16,conclusive=16,0,1,0,0,15,0,0,0
configuration,16,configuration=10; configurations=6,16,0,0,0,0,0,0,0
connector,16,connectors=14; connector=2,16,0,0,0,0,0,0,0
correlation,16,correlation=15; correlations=1,16,0,0,0,0,0,0,0
cottage,16,cottage=11; cottages=5,16,0,0,0,0,0,0,0
counseling,16,counseling=16,16,0,0,0,0,0,0,0
coverage,16,coverage=16,14,2,0,0,0,0,0,0
cub,16,cubs=15; cub=1,15,0,1,0,0,0,0,0
cupules,16,cupules=16,12,4,0,0,0,0,0,0
curator,16,curators=9; curator=7,16,0,0,0,0,0,0,0
cybernetic,16,cybernetic=11; cybernetics=5,5,3,0,0,8,0,0,0
dashboard,16,dashboards=14; dashboard=2,16,0,0,0,0,0,0,0
debt,16,debt=10; debts=6,16,0,0,0,0,0,0,0
deimos,16,deimos=16,0,16,0,0,0,0,0,0
deterioration,16,deterioration=16,16,0,0,0,0,0,0,0
donkey,16,donkeys=12; donkey=4,16,0,0,0,0,0,0,0
downstream,16,downstream=16,0,2,2,0,8,4,0,0
drastic,16,drastic=16,0,0,0,0,16,0,0,0
dropping,16,droppings=13; dropping=3,16,0,0,0,0,0,0,0
eagle,16,eagles=10; eagle=6,13,3,0,0,0,0,0,0
embroidery,16,embroidery=13; embroideries=3,16,0,0,0,0,0,0,0
emu,16,emu=16,6,10,0,0,0,0,0,0
etruscans,16,etruscans=16,0,16,0,0,0,0,0,0
excite,16,excited=12; excites=3; excite=1,0,0,16,0,0,0,0,0
expel,16,expelled=9; expel=4; expelling=2; expels=1,1,0,15,0,0,0,0,0
fancy,16,fancy=16,2,0,0,0,14,0,0,0
farmers,16,farmers=16,0,16,0,0,0,0,0,0
fashioned,16,fashioned=16,1,0,0,0,15,0,0,0
florence,16,florence=16,0,16,0,0,0,0,0,0
foraging,16,foraging=16,14,2,0,0,0,0,0,0
forgery,16,forgery=9; forgeries=7,16,0,0,0,0,0,0,0
founder,16,founder=10; founders=6,16,0,0,0,0,0,0,0
frustrated,16,frustrated=16,0,1,0,0,15,0,0,0
fundamentally,16,fundamentally=16,0,0,0,0,0,16,0,0
gannet,16,gannets=13; gannet=3,16,0,0,0,0,0,0,0
genius,16,genius=12; geniuses=4,16,0,0,0,0,0,0,0
gentle,16,gentle=15; gentler=1,0,0,0,0,16,0,0,0
gently,16,gently=16,0,0,0,0,0,16,0,0
globalization,16,globalization=16,16,0,0,0,0,0,0,0
gouache,16,gouache=16,2,14,0,0,0,0,0,0
grease,16,grease=16,15,0,1,0,0,0,0,0
haul,16,haul=10; hauled=5; hauling=1,4,0,12,0,0,0,0,0
hierarchical,16,hierarchical=16,0,0,0,0,16,0,0,0
hover,16,hover=9; hovering=5; hovered=2,1,0,14,0,0,1,0,0
iceland,16,iceland=16,1,15,0,0,0,0,0,0
illegal,16,illegal=16,0,1,0,0,15,0,0,0
inevitably,16,inevitably=16,0,0,0,0,0,16,0,0
infest,16,infested=14; infest=1; infests=1,0,1,15,0,0,0,0,0
ingot,16,ingots=16,16,0,0,0,0,0,0,0
injure,16,injured=13; injure=3,0,0,16,0,0,0,0,0
inquiry,16,inquiry=12; inquiries=4,11,5,0,0,0,0,0,0
insecticide,16,insecticide=8; insecticides=8,12,1,0,0,2,0,0,1
insurance,16,insurance=16,16,0,0,0,0,0,0,0
intensification,16,intensification=16,16,0,0,0,0,0,0,0
inward,16,inward=16,0,0,0,0,2,14,0,0
ivr,16,ivr=16,3,13,0,0,0,0,0,0
jam,16,jam=8; jams=6; jammed=2,12,1,3,0,0,0,0,0
joey,16,joey=10; joeys=6,8,8,0,0,0,0,0,0
jonson,16,jonson=16,0,16,0,0,0,0,0,0
jukebox,16,jukebox=10; jukeboxes=6,9,7,0,0,0,0,0,0
katydid,16,katydid=14; katydids=2,14,2,0,0,0,0,0,0
kelp,16,kelp=16,12,2,2,0,0,0,0,0
known,16,known=16,0,0,0,0,16,0,0,0
laborer,16,laborers=16,16,0,0,0,0,0,0,0
lakes,16,lakes=16,0,16,0,0,0,0,0,0
leather,16,leather=16,16,0,0,0,0,0,0,0
lecturer,16,lecturer=15; lecturers=1,15,1,0,0,0,0,0,0
legacy,16,legacy=16,12,3,0,0,1,0,0,0
leidenfrost,16,leidenfrost=16,0,5,0,0,11,0,0,0
loosely,16,loosely=16,0,0,0,0,0,16,0,0
maturity,16,maturity=16,16,0,0,0,0,0,0,0
medal,16,medal=10; medals=6,12,2,0,0,2,0,0,0
melodrama,16,melodrama=13; melodramas=3,16,0,0,0,0,0,0,0
mesoamerica,16,mesoamerica=16,0,16,0,0,0,0,0,0
mesoamerican,16,mesoamerican=16,0,4,0,0,12,0,0,0
microbiome,16,microbiome=16,13,0,0,0,3,0,0,0
mild,16,mild=16,0,0,0,0,16,0,0,0
mulberry,16,mulberry=16,16,0,0,0,0,0,0,0
multiply,16,multiply=8; multiplied=6; multiplying=2,1,0,15,0,0,0,0,0
mycorrhizae,16,mycorrhizae=16,11,3,1,0,1,0,0,0
naive,16,naive=16,0,0,0,0,16,0,0,0
nasa,16,nasa=16,0,16,0,0,0,0,0,0
nebra,16,nebra=16,0,16,0,0,0,0,0,0
neuroscience,16,neuroscience=16,16,0,0,0,0,0,0,0
notably,16,notably=16,0,0,0,0,0,16,0,0
oasis,16,oasis=9; oases=7,16,0,0,0,0,0,0,0
oldenburg,16,oldenburg=16,0,16,0,0,0,0,0,0
organizer,16,organizers=9; organizer=7,16,0,0,0,0,0,0,0
paleo,16,paleo=16,0,16,0,0,0,0,0,0
parenting,16,parenting=16,16,0,0,0,0,0,0,0
penicillin,16,penicillin=16,16,0,0,0,0,0,0,0
periodic,16,periodic=16,0,0,0,0,16,0,0,0
permanence,16,permanence=16,15,1,0,0,0,0,0,0
personalize,16,personalized=10; personalizes=3; personalizing=2; personalize=1,0,0,16,0,0,0,0,0
physiology,16,physiology=16,11,5,0,0,0,0,0,0
pikas,16,pikas=16,9,1,0,0,6,0,0,0
politician,16,politicians=11; politician=5,16,0,0,0,0,0,0,0
presenter,16,presenters=9; presenter=7,16,0,0,0,0,0,0,0
privilege,16,privilege=10; privileges=6,16,0,0,0,0,0,0,0
probability,16,probability=16,16,0,0,0,0,0,0,0
proceed,16,proceed=6; proceeds=6; proceeded=4,5,0,11,0,0,0,0,0
publisher,16,publishers=10; publisher=6,16,0,0,0,0,0,0,0
purchasing,16,purchasing=16,14,2,0,0,0,0,0,0
reciprocal,16,reciprocal=16,0,0,0,0,16,0,0,0
recreational,16,recreational=16,0,1,0,0,15,0,0,0
reflective,16,reflective=16,0,0,0,0,16,0,0,0
render,16,rendering=7; render=4; rendered=3; renders=2,0,0,16,0,0,0,0,0
residue,16,residues=9; residue=7,16,0,0,0,0,0,0,0
retrograde,16,retrograde=16,12,2,0,0,2,0,0,0
revival,16,revival=15; revivals=1,13,3,0,0,0,0,0,0
runner,16,runners=11; runner=5,16,0,0,0,0,0,0,0
sahel,16,sahel=16,6,10,0,0,0,0,0,0
scarlet,16,scarlet=16,2,0,0,0,14,0,0,0
screening,16,screenings=9; screening=7,16,0,0,0,0,0,0,0
secret,16,secret=15; secrets=1,13,0,0,0,3,0,0,0
shiny,16,shiny=16,0,0,0,0,16,0,0,0
snowball,16,snowball=14; snowballing=1; snowballs=1,5,9,1,0,1,0,0,0
soak,16,soak=6; soaked=6; soaks=4,1,0,15,0,0,0,0,0
solitary,16,solitary=16,0,0,0,0,16,0,0,0
statistical,16,statistical=16,0,0,0,0,16,0,0,0
sulfide,16,sulfide=15; sulfides=1,14,2,0,0,0,0,0,0
sunny,16,sunny=16,0,0,0,0,16,0,0,0
superstore,16,superstore=9; superstores=7,16,0,0,0,0,0,0,0
surge,16,surge=9; surged=3; surges=2; surging=2,9,0,7,0,0,0,0,0
sweden,16,sweden=16,0,16,0,0,0,0,0,0
sword,16,swords=12; sword=4,16,0,0,0,0,0,0,0
symptom,16,symptoms=15; symptom=1,16,0,0,0,0,0,0,0
systems,16,systems=16,0,16,0,0,0,0,0,0
tape,16,tape=13; tapes=3,15,0,1,0,0,0,0,0
teapot,16,teapots=12; teapot=4,16,0,0,0,0,0,0,0
tent,16,tent=13; tents=3,16,0,0,0,0,0,0,0
tenth,16,tenth=16,1,0,0,0,15,0,0,0
theorist,16,theorists=11; theorist=5,16,0,0,0,0,0,0,0
theorize,16,theorized=13; theorize=2; theorizes=1,0,0,16,0,0,0,0,0
tutorial,16,tutorial=10; tutorials=6,12,0,0,0,4,0,0,0
understandable,16,understandable=16,0,0,0,0,16,0,0,0
uneven,16,uneven=16,0,1,0,0,15,0,0,0
unintentionally,16,unintentionally=16,0,0,0,0,0,16,0,0
upright,16,upright=16,0,2,0,0,10,4,0,0
upsweep,16,upsweep=16,15,1,0,0,0,0,0,0
uranium,16,uranium=16,13,3,0,0,0,0,0,0
urgent,16,urgent=16,0,0,0,0,16,0,0,0
utopian,16,utopian=16,0,0,0,0,16,0,0,0
von,16,von=16,0,16,0,0,0,0,0,0
wagon,16,wagons=10; wagon=6,16,0,0,0,0,0,0,0
woolen,16,woolen=15; woolens=1,1,1,0,0,14,0,0,0
z,16,z=16,12,4,0,0,0,0,0,0
zoo,16,zoo=10; zoos=6,16,0,0,0,0,0,0,0
accomplishment,15,accomplishments=9; accomplishment=6,15,0,0,0,0,0,0,0
acidity,15,acidity=15,15,0,0,0,0,0,0,0
acquisition,15,acquisition=14; acquisitions=1,15,0,0,0,0,0,0,0
acreage,15,acreage=15,15,0,0,0,0,0,0,0
activities,15,activities=15,0,15,0,0,0,0,0,0
aegean,15,aegean=15,0,10,0,0,5,0,0,0
altruism,15,altruism=15,15,0,0,0,0,0,0,0
aluminum,15,aluminum=15,14,1,0,0,0,0,0,0
anatolia,15,anatolia=15,0,15,0,0,0,0,0,0
artists,15,artists=15,0,15,0,0,0,0,0,0
artusi,15,artusi=15,0,15,0,0,0,0,0,0
ashen,15,ashen=15,1,8,0,0,6,0,0,0
assure,15,assure=14; assured=1,1,0,14,0,0,0,0,0
authorship,15,authorship=15,15,0,0,0,0,0,0,0
automatic,15,automatic=15,0,0,0,0,15,0,0,0
baseball,15,baseball=15,15,0,0,0,0,0,0,0
bats,15,bats=15,0,15,0,0,0,0,0,0
bedrock,15,bedrock=15,13,2,0,0,0,0,0,0
brian,15,brian=15,0,15,0,0,0,0,0,0
broaden,15,broaden=7; broadened=4; broadening=4,0,0,15,0,0,0,0,0
browse,15,browsing=7; browse=5; browsed=3,0,0,15,0,0,0,0,0
bump,15,bumping=5; bump=4; bumped=4; bumps=2,6,0,9,0,0,0,0,0
burden,15,burden=12; burdened=2; burdens=1,13,0,2,0,0,0,0,0
carnivore,15,carnivores=12; carnivore=3,14,1,0,0,0,0,0,0
cellular,15,cellular=15,0,0,0,0,15,0,0,0
certainty,15,certainty=15,12,3,0,0,0,0,0,0
certificate,15,certificate=12; certificates=3,15,0,0,0,0,0,0,0
civic,15,civic=14; civics=1,1,1,0,0,13,0,0,0
closing,15,closing=15,14,1,0,0,0,0,0,0
complicate,15,complicate=5; complicated=5; complicates=3; complicating=2,1,0,14,0,0,0,0,0
comprise,15,comprised=7; comprise=4; comprising=4,0,0,15,0,0,0,0,0
condensation,15,condensation=15,12,3,0,0,0,0,0,0
connecticut,15,connecticut=15,0,15,0,0,0,0,0,0
constitute,15,constitute=7; constituted=4; constitutes=3; constituting=1,0,0,15,0,0,0,0,0
creator,15,creators=11; creator=4,15,0,0,0,0,0,0,0
dairy,15,dairy=15,14,0,0,0,1,0,0,0
darken,15,darkened=8; darken=3; darkening=2; darkens=2,1,0,14,0,0,0,0,0
dear,15,dear=15,1,6,0,0,8,0,0,0
departure,15,departure=13; departures=2,15,0,0,0,0,0,0,0
deposition,15,deposition=15,13,2,0,0,0,0,0,0
descent,15,descent=14; descents=1,15,0,0,0,0,0,0,0
detritus,15,detritus=15,15,0,0,0,0,0,0,0
dickinson,15,dickinson=15,0,15,0,0,0,0,0,0
differentiate,15,differentiate=7; differentiated=7; differentiates=1,0,0,15,0,0,0,0,0
differentiation,15,differentiation=15,15,0,0,0,0,0,0,0
distributor,15,distributors=11; distributor=4,15,0,0,0,0,0,0,0
drastically,15,drastically=15,0,0,0,0,0,15,0,0
dual,15,dual=15,0,0,0,0,15,0,0,0
dung,15,dung=15,15,0,0,0,0,0,0,0
dyer,15,dyers=15,15,0,0,0,0,0,0,0
eastward,15,eastward=13; eastwards=2,2,0,0,0,2,11,0,0
ecuador,15,ecuador=15,0,15,0,0,0,0,0,0
editorial,15,editorial=12; editorials=3,9,0,0,0,6,0,0,0
endeavor,15,endeavors=8; endeavor=7,15,0,0,0,0,0,0,0
endotoxin,15,endotoxins=14; endotoxin=1,14,0,1,0,0,0,0,0
enjoyment,15,enjoyment=15,15,0,0,0,0,0,0,0
exceptionally,15,exceptionally=15,0,0,0,0,0,15,0,0
excitement,15,excitement=15,13,2,0,0,0,0,0,0
executive,15,executive=11; executives=4,5,0,0,0,10,0,0,0
fantasy,15,fantasy=14; fantasies=1,15,0,0,0,0,0,0,0
fierce,15,fierce=15,1,2,0,0,12,0,0,0
fifty,15,fifty=13; fifties=2,2,0,0,0,0,0,0,13
fluctuate,15,fluctuates=7; fluctuated=4; fluctuating=3; fluctuate=1,1,0,14,0,0,0,0,0
fool,15,fooled=8; fool=6; fooling=1,0,0,15,0,0,0,0,0
forecasting,15,forecasting=15,14,1,0,0,0,0,0,0
frustrate,15,frustrated=14; frustrate=1,0,0,15,0,0,0,0,0
frustrating,15,frustrating=15,0,0,0,0,15,0,0,0
glaci,15,glacier=15,0,0,0,0,15,0,0,0
globally,15,globally=15,0,0,0,0,0,15,0,0
gorrie,15,gorrie=15,0,15,0,0,0,0,0,0
grassfields,15,grassfields=15,0,14,0,0,1,0,0,0
hamlet,15,hamlet=14; hamlets=1,6,9,0,0,0,0,0,0
harappans,15,harappans=15,0,15,0,0,0,0,0,0
hatchery,15,hatcheries=8; hatchery=7,15,0,0,0,0,0,0,0
heidelberg,15,heidelberg=15,0,15,0,0,0,0,0,0
helicopter,15,helicopter=12; helicopters=3,14,1,0,0,0,0,0,0
helium,15,helium=15,15,0,0,0,0,0,0,0
hidden,15,hidden=15,0,4,0,0,11,0,0,0
higher,15,higher=15,0,2,0,0,0,13,0,0
hinge,15,hinges=14; hinge=1,10,0,5,0,0,0,0,0
hip,15,hip=12; hips=3,14,0,0,0,1,0,0,0
homeland,15,homeland=10; homelands=5,15,0,0,0,0,0,0,0
imagery,15,imagery=15,15,0,0,0,0,0,0,0
inconvenience,15,inconvenience=10; inconvenienced=3; inconveniences=1; inconveniencing=1,11,0,4,0,0,0,0,0
incubator,15,incubators=8; incubator=7,15,0,0,0,0,0,0,0
inexperienced,15,inexperienced=15,0,0,0,0,15,0,0,0
inferior,15,inferior=15,1,0,0,0,14,0,0,0
inhospitable,15,inhospitable=15,0,0,0,0,15,0,0,0
inorganic,15,inorganic=15,0,0,0,0,15,0,0,0
instantly,15,instantly=15,0,0,0,0,0,15,0,0
interplay,15,interplay=15,15,0,0,0,0,0,0,0
jade,15,jade=15,8,3,0,0,4,0,0,0
jumping,15,jumping=15,14,1,0,0,0,0,0,0
kessler,15,kessler=15,0,15,0,0,0,0,0,0
keystone,15,keystone=15,12,1,0,0,2,0,0,0
kin,15,kin=15,5,9,0,0,1,0,0,0
kinetic,15,kinetic=15,0,2,0,0,13,0,0,0
kinkazan,15,kinkazan=15,0,15,0,0,0,0,0,0
kite,15,kite=15,15,0,0,0,0,0,0,0
lawrence,15,lawrence=15,0,15,0,0,0,0,0,0
learner,15,learners=9; learner=6,15,0,0,0,0,0,0,0
linguist,15,linguists=14; linguist=1,15,0,0,0,0,0,0,0
lorenzo,15,lorenzo=15,0,15,0,0,0,0,0,0
lottery,15,lottery=13; lotteries=2,15,0,0,0,0,0,0,0
madagascar,15,madagascar=15,0,15,0,0,0,0,0,0
madrigal,15,madrigal=8; madrigals=7,15,0,0,0,0,0,0,0
magical,15,magical=15,0,0,0,0,15,0,0,0
magnetize,15,magnetized=14; magnetize=1,0,0,15,0,0,0,0,0
merit,15,merit=11; merits=4,14,0,1,0,0,0,0,0
meroe,15,meroe=15,0,15,0,0,0,0,0,0
meteorologist,15,meteorologists=9; meteorologist=6,15,0,0,0,0,0,0,0
methodology,15,methodology=12; methodologies=3,15,0,0,0,0,0,0,0
midnight,15,midnight=15,15,0,0,0,0,0,0,0
millet,15,millet=15,11,4,0,0,0,0,0,0
miniature,15,miniature=13; miniatures=2,3,0,0,0,12,0,0,0
monetary,15,monetary=15,0,0,0,0,15,0,0,0
morgan,15,morgan=15,0,15,0,0,0,0,0,0
nanomachine,15,nanomachines=10; nanomachine=5,15,0,0,0,0,0,0,0
newts,15,newts=15,8,7,0,0,0,0,0,0
opd,15,opd=15,0,15,0,0,0,0,0,0
ordinarily,15,ordinarily=15,0,2,0,0,0,13,0,0
ornithopter,15,ornithopter=15,15,0,0,0,0,0,0,0
outgas,15,outgassing=12; outgassed=3,0,0,15,0,0,0,0,0
overfishing,15,overfishing=15,8,7,0,0,0,0,0,0
palette,15,palette=15,15,0,0,0,0,0,0,0
pantheon,15,pantheon=14; pantheons=1,7,8,0,0,0,0,0,0
parade,15,parade=11; parades=4,15,0,0,0,0,0,0,0
pencil,15,pencil=12; pencils=3,14,0,1,0,0,0,0,0
petrucci,15,petrucci=15,0,15,0,0,0,0,0,0
phonograph,15,phonograph=15,15,0,0,0,0,0,0,0
picasso,15,picasso=15,0,15,0,0,0,0,0,0
plumbing,15,plumbing=15,15,0,0,0,0,0,0,0
pollock,15,pollock=15,2,13,0,0,0,0,0,0
portal,15,portal=15,7,0,0,0,8,0,0,0
posit,15,posits=9; posit=3; positing=2; posited=1,5,0,10,0,0,0,0,0
positively,15,positively=15,0,0,0,0,0,15,0,0
presume,15,presumed=9; presumes=5; presume=1,2,0,13,0,0,0,0,0
probable,15,probable=15,0,0,0,0,15,0,0,0
propeller,15,propeller=13; propellers=2,11,3,0,0,1,0,0,0
proud,15,proud=15,0,0,0,0,15,0,0,0
psittacine,15,psittacines=12; psittacine=3,15,0,0,0,0,0,0,0
pyrolysis,15,pyrolysis=15,11,4,0,0,0,0,0,0
qin,15,qin=15,0,15,0,0,0,0,0,0
quit,15,quit=12; quitting=2; quits=1,1,0,14,0,0,0,0,0
ranch,15,ranch=11; ranches=3; rancher=1,8,6,0,0,1,0,0,0
rectangle,15,rectangle=10; rectangles=5,14,0,1,0,0,0,0,0
reinspection,15,reinspection=15,15,0,0,0,0,0,0,0
respiratory,15,respiratory=15,0,0,0,0,15,0,0,0
retire,15,retired=7; retire=4; retiring=3; retires=1,0,0,15,0,0,0,0,0
roam,15,roam=7; roamed=5; roaming=3,0,0,15,0,0,0,0,0
rub,15,rubbing=7; rub=5; rubbed=2; rubs=1,0,0,15,0,0,0,0,0
safeguard,15,safeguard=5; safeguards=4; safeguarded=3; safeguarding=3,4,0,11,0,0,0,0,0
sake,15,sake=15,15,0,0,0,0,0,0,0
sensation,15,sensation=15,15,0,0,0,0,0,0,0
shin,15,shining=7; shines=6; shined=2,0,0,15,0,0,0,0,0
sibling,15,siblings=11; sibling=4,15,0,0,0,0,0,0,0
siderite,15,siderite=15,5,4,2,0,4,0,0,0
sludge,15,sludge=15,15,0,0,0,0,0,0,0
smelt,15,smelting=11; smelt=2; smelted=2,0,0,15,0,0,0,0,0
smile,15,smile=8; smiling=5; smiles=2,3,0,12,0,0,0,0,0
solo,15,solo=12; solos=3,9,4,0,0,2,0,0,0
starch,15,starch=10; starches=5,15,0,0,0,0,0,0,0
stuck,15,stuck=15,0,0,0,0,15,0,0,0
successive,15,successive=15,0,0,0,0,15,0,0,0
supermarket,15,supermarket=8; supermarkets=7,15,0,0,0,0,0,0,0
swirl,15,swirling=7; swirls=4; swirl=3; swirled=1,5,0,10,0,0,0,0,0
synurbic,15,synurbic=15,0,0,0,0,15,0,0,0
tangle,15,tangle=10; tangled=5,8,0,7,0,0,0,0,0
technologically,15,technologically=15,0,0,0,0,0,15,0,0
theoretically,15,theoretically=15,0,0,0,0,0,15,0,0
therapist,15,therapists=8; therapist=7,15,0,0,0,0,0,0,0
thorax,15,thorax=15,15,0,0,0,0,0,0,0
timeline,15,timeline=10; timelines=5,15,0,0,0,0,0,0,0
tlp,15,tlp=11; tlps=4,11,4,0,0,0,0,0,0
twin,15,twin=13; twins=2,9,1,0,0,5,0,0,0
unconscious,15,unconscious=15,2,0,0,0,13,0,0,0
undermine,15,undermine=7; undermined=4; undermines=4,1,0,14,0,0,0,0,0
unlimited,15,unlimited=15,0,0,0,0,15,0,0,0
unrealistic,15,unrealistic=15,0,0,0,0,15,0,0,0
upwelling,15,upwelling=13; upwellings=2,13,0,0,0,2,0,0,0
virginia,15,virginia=15,0,15,0,0,0,0,0,0
virtue,15,virtues=8; virtue=7,13,2,0,0,0,0,0,0
visceral,15,visceral=15,0,0,0,0,15,0,0,0
volcanism,15,volcanism=15,15,0,0,0,0,0,0,0
voynich,15,voynich=15,0,15,0,0,0,0,0,0
walking,15,walking=15,15,0,0,0,0,0,0,0
warehouse,15,warehouses=8; warehouse=7,15,0,0,0,0,0,0,0
wicker,15,wicker=15,15,0,0,0,0,0,0,0
worsen,15,worsened=9; worsening=3; worsen=2; worsens=1,0,0,15,0,0,0,0,0
yard,15,yard=9; yards=6,15,0,0,0,0,0,0,0
yep,15,yep=15,0,11,0,0,0,0,0,4
yuan,15,yuan=15,1,14,0,0,0,0,0,0
admiration,14,admiration=14,14,0,0,0,0,0,0,0
allen,14,allen=14,0,14,0,0,0,0,0,0
amino,14,amino=14,2,0,0,0,12,0,0,0
ample,14,ample=14,0,0,0,0,14,0,0,0
ancestral,14,ancestral=14,0,1,0,0,13,0,0,0
animals,14,animals=14,0,14,0,0,0,0,0,0
anti,14,anti=14,0,0,0,0,14,0,0,0
appoint,14,appointed=12; appoint=1; appointing=1,0,0,14,0,0,0,0,0
armor,14,armor=14,14,0,0,0,0,0,0,0
attacker,14,attackers=13; attacker=1,14,0,0,0,0,0,0,0
attaingnant,14,attaingnant=14,0,10,0,0,4,0,0,0
australians,14,australians=14,0,14,0,0,0,0,0,0
bakery,14,bakery=13; bakeries=1,13,1,0,0,0,0,0,0
believable,14,believable=14,1,0,0,0,13,0,0,0
beside,14,beside=14,0,0,0,0,0,2,0,12
biofertilizer,14,biofertilizers=13; biofertilizer=1,13,1,0,0,0,0,0,0
biomimicry,14,biomimicry=14,12,2,0,0,0,0,0,0
birthday,14,birthday=14,13,1,0,0,0,0,0,0
blending,14,blending=14,12,2,0,0,0,0,0,0
bodied,14,bodied=14,0,0,0,0,14,0,0,0
botanist,14,botanist=8; botanists=6,12,0,0,0,2,0,0,0
britannia,14,britannia=14,0,14,0,0,0,0,0,0
bulky,14,bulky=14,0,0,0,0,14,0,0,0
buying,14,buying=14,13,1,0,0,0,0,0,0
byproduct,14,byproduct=9; byproducts=5,13,0,0,0,1,0,0,0
cajal,14,cajal=14,0,14,0,0,0,0,0,0
calculus,14,calculus=14,11,1,0,0,2,0,0,0
catastrophe,14,catastrophes=9; catastrophe=5,14,0,0,0,0,0,0,0
caves,14,caves=14,0,14,0,0,0,0,0,0
chaffinch,14,chaffinches=11; chaffinch=3,14,0,0,0,0,0,0,0
chekhov,14,chekhov=14,0,14,0,0,0,0,0,0
choreographer,14,choreographer=8; choreographers=6,13,1,0,0,0,0,0,0
christian,14,christian=14,0,9,0,0,5,0,0,0
clam,14,clam=7; clams=7,14,0,0,0,0,0,0,0
collage,14,collage=11; collages=3,13,1,0,0,0,0,0,0
comparative,14,comparative=14,0,0,0,0,14,0,0,0
compartment,14,compartment=10; compartments=4,14,0,0,0,0,0,0,0
compton,14,compton=14,0,14,0,0,0,0,0,0
conceal,14,concealed=7; conceal=5; concealing=2,0,0,14,0,0,0,0,0
congregate,14,congregate=11; congregated=3,3,0,11,0,0,0,0,0
conspicuous,14,conspicuous=14,0,0,0,0,14,0,0,0
conversely,14,conversely=14,0,0,0,0,0,14,0,0
counteract,14,counteract=12; counteracted=1; counteracting=1,0,0,14,0,0,0,0,0
coursework,14,coursework=14,14,0,0,0,0,0,0,0
crafts,14,crafts=14,0,14,0,0,0,0,0,0
craftsman,14,craftsmen=12; craftsman=2,13,1,0,0,0,0,0,0
crayon,14,crayons=13; crayon=1,14,0,0,0,0,0,0,0
crocodile,14,crocodiles=12; crocodile=2,14,0,0,0,0,0,0,0
culturally,14,culturally=14,0,0,0,0,0,14,0,0
dada,14,dada=14,0,14,0,0,0,0,0,0
dareh,14,dareh=14,0,14,0,0,0,0,0,0
delta,14,delta=8; deltas=6,7,7,0,0,0,0,0,0
detrimental,14,detrimental=14,0,0,0,0,14,0,0,0
dickens,14,dickens=14,0,14,0,0,0,0,0,0
disastrous,14,disastrous=14,0,0,0,0,14,0,0,0
diverge,14,diverge=7; diverged=7,0,0,14,0,0,0,0,0
doll,14,dolls=12; doll=2,14,0,0,0,0,0,0,0
drainage,14,drainage=14,14,0,0,0,0,0,0,0
dull,14,dull=14,0,0,0,0,14,0,0,0
emfs,14,emfs=14,0,14,0,0,0,0,0,0
emus,14,emus=14,7,7,0,0,0,0,0,0
entertain,14,entertain=5; entertained=4; entertaining=4; entertains=1,1,0,13,0,0,0,0,0
epidemic,14,epidemic=7; epidemics=7,13,1,0,0,0,0,0,0
equestrian,14,equestrian=14,0,0,0,0,14,0,0,0
equilibrium,14,equilibrium=14,14,0,0,0,0,0,0,0
erie,14,erie=14,0,14,0,0,0,0,0,0
extraction,14,extraction=13; extractions=1,14,0,0,0,0,0,0,0
finalize,14,finalized=7; finalize=5; finalizing=2,0,0,14,0,0,0,0,0
firsthand,14,firsthand=14,0,0,0,0,6,8,0,0
fission,14,fission=14,12,2,0,0,0,0,0,0
flick,14,flicking=10; flick=3; flicks=1,1,0,13,0,0,0,0,0
flotsam,14,flotsam=14,1,0,0,0,13,0,0,0
frankly,14,frankly=14,0,0,0,0,0,14,0,0
freezing,14,freezing=14,11,0,0,0,3,0,0,0
functioning,14,functioning=14,14,0,0,0,0,0,0,0
ganj,14,ganj=14,0,14,0,0,0,0,0,0
gen,14,gen=14,0,14,0,0,0,0,0,0
georgia,14,georgia=14,0,14,0,0,0,0,0,0
glide,14,glide=7; gliding=5; glided=1; glides=1,3,0,11,0,0,0,0,0
gombe,14,gombe=14,0,12,1,0,1,0,0,0
grandparent,14,grandparents=13; grandparent=1,14,0,0,0,0,0,0,0
granite,14,granite=14,13,1,0,0,0,0,0,0
grasshopper,14,grasshoppers=8; grasshopper=6,14,0,0,0,0,0,0,0
hairstyle,14,hairstyles=10; hairstyle=4,14,0,0,0,0,0,0,0
herculaneum,14,herculaneum=14,0,14,0,0,0,0,0,0
hieroglyphic,14,hieroglyphic=9; hieroglyphics=5,5,0,0,0,9,0,0,0
hollywood,14,hollywood=14,0,14,0,0,0,0,0,0
horticulture,14,horticulture=14,12,2,0,0,0,0,0,0
humanity,14,humanities=7; humanity=7,14,0,0,0,0,0,0,0
hunger,14,hunger=14,14,0,0,0,0,0,0,0
husk,14,husk=8; husks=5; husking=1,13,0,1,0,0,0,0,0
impurity,14,impurities=14,14,0,0,0,0,0,0,0
inadvertently,14,inadvertently=14,0,0,0,0,0,14,0,0
increased,14,increased=14,1,12,0,0,1,0,0,0
incubation,14,incubation=14,14,0,0,0,0,0,0,0
inhibit,14,inhibit=8; inhibited=3; inhibiting=2; inhibits=1,1,0,13,0,0,0,0,0
instinctive,14,instinctive=14,2,0,0,0,12,0,0,0
integral,14,integral=14,0,0,0,0,14,0,0,0
irrational,14,irrational=14,0,0,0,0,14,0,0,0
jim,14,jim=14,0,14,0,0,0,0,0,0
jog,14,jogging=11; jogs=2; jog=1,0,0,14,0,0,0,0,0
julia,14,julia=14,1,13,0,0,0,0,0,0
kasparov,14,kasparov=14,0,14,0,0,0,0,0,0
keyboard,14,keyboard=11; keyboards=3,14,0,0,0,0,0,0,0
lantern,14,lantern=10; lanterns=4,6,1,0,0,7,0,0,0
leisure,14,leisure=14,14,0,0,0,0,0,0,0
lenski,14,lenski=14,0,14,0,0,0,0,0,0
lifespan,14,lifespan=12; lifespans=2,14,0,0,0,0,0,0,0
literacy,14,literacy=14,12,2,0,0,0,0,0,0
logic,14,logic=14,13,1,0,0,0,0,0,0
luis,14,luis=14,0,14,0,0,0,0,0,0
mammalian,14,mammalian=14,0,0,0,0,14,0,0,0
manipulation,14,manipulation=13; manipulations=1,14,0,0,0,0,0,0,0
manual,14,manual=14,7,0,1,0,6,0,0,0
mapmaker,14,mapmakers=9; mapmaker=5,14,0,0,0,0,0,0,0
margin,14,margin=7; margins=7,14,0,0,0,0,0,0,0
margulis,14,margulis=14,0,14,0,0,0,0,0,0
maunder,14,maunder=14,3,11,0,0,0,0,0,0
meantime,14,meantime=14,14,0,0,0,0,0,0,0
medication,14,medication=7; medications=7,14,0,0,0,0,0,0,0
mendelssohn,14,mendelssohn=14,0,14,0,0,0,0,0,0
metalworker,14,metalworkers=13; metalworker=1,13,0,1,0,0,0,0,0
metamorphosis,14,metamorphosis=14,14,0,0,0,0,0,0,0
micronesian,14,micronesian=14,0,0,0,0,14,0,0,0
midwest,14,midwest=14,1,13,0,0,0,0,0,0
milestone,14,milestone=7; milestones=7,14,0,0,0,0,0,0,0
miocene,14,miocene=14,0,14,0,0,0,0,0,0
misunderstand,14,misunderstood=11; misunderstand=2; misunderstands=1,0,0,14,0,0,0,0,0
monet,14,monet=14,0,14,0,0,0,0,0,0
moore,14,moore=14,0,14,0,0,0,0,0,0
mutual,14,mutual=14,0,0,0,0,14,0,0,0
nabokov,14,nabokov=14,0,14,0,0,0,0,0,0
natufian,14,natufian=14,0,9,0,0,5,0,0,0
naturalist,14,naturalist=12; naturalists=2,11,0,0,0,3,0,0,0
negotiation,14,negotiation=7; negotiations=7,14,0,0,0,0,0,0,0
niger,14,niger=14,1,13,0,0,0,0,0,0
nino,14,nino=14,0,14,0,0,0,0,0,0
nonbrittle,14,nonbrittle=14,0,0,0,0,14,0,0,0
northeast,14,northeast=14,3,6,0,0,4,1,0,0
nourish,14,nourished=8; nourish=5; nourishing=1,0,0,14,0,0,0,0,0
nourishment,14,nourishment=14,14,0,0,0,0,0,0,0
obesity,14,obesity=14,14,0,0,0,0,0,0,0
occupant,14,occupants=13; occupant=1,14,0,0,0,0,0,0,0
olympic,14,olympic=14,0,8,0,0,6,0,0,0
organizational,14,organizational=14,0,0,0,0,14,0,0,0
outlet,14,outlets=9; outlet=5,14,0,0,0,0,0,0,0
overfishe,14,overfishing=10; overfished=4,0,0,14,0,0,0,0,0
paleognath,14,paleognaths=9; paleognath=5,14,0,0,0,0,0,0,0
paleozoic,14,paleozoic=14,0,14,0,0,0,0,0,0
passive,14,passive=14,0,0,0,0,14,0,0,0
password,14,password=12; passwords=2,14,0,0,0,0,0,0,0
perceptual,14,perceptual=14,0,1,0,0,13,0,0,0
percussion,14,percussion=14,13,1,0,0,0,0,0,0
perennial,14,perennials=9; perennial=5,8,0,1,0,5,0,0,0
persians,14,persians=14,0,14,0,0,0,0,0,0
persistent,14,persistent=14,0,0,0,0,14,0,0,0
pharaoh,14,pharaoh=14,12,2,0,0,0,0,0,0
photosynthesize,14,photosynthesize=10; photosynthesizing=3; photosynthesized=1,1,0,13,0,0,0,0,0
pictorial,14,pictorial=11; pictorials=3,3,0,0,0,11,0,0,0
pivotal,14,pivotal=14,0,0,0,0,14,0,0,0
pod,14,pods=10; pod=4,14,0,0,0,0,0,0,0
polish,14,polish=6; polishing=5; polished=2; polishes=1,1,0,12,0,1,0,0,0
politically,14,politically=14,0,0,0,0,0,14,0,0
portuguese,14,portuguese=14,0,2,0,0,12,0,0,0
prescribed,14,prescribed=14,1,0,0,0,13,0,0,0
progressive,14,progressive=14,0,0,0,0,14,0,0,0
projector,14,projector=12; projectors=2,14,0,0,0,0,0,0,0
prokaryotic,14,prokaryotic=14,0,1,0,0,13,0,0,0
prosthetic,14,prosthetics=10; prosthetic=4,12,0,0,0,2,0,0,0
publicity,14,publicity=14,14,0,0,0,0,0,0,0
radius,14,radius=14,14,0,0,0,0,0,0,0
raedwald,14,raedwald=14,0,14,0,0,0,0,0,0
ramon,14,ramon=14,0,14,0,0,0,0,0,0
rating,14,ratings=10; rating=4,14,0,0,0,0,0,0,0
reassure,14,reassure=8; reassuring=5; reassured=1,0,0,14,0,0,0,0,0
reinforcement,14,reinforcement=12; reinforcements=2,14,0,0,0,0,0,0,0
reiniger,14,reiniger=14,0,14,0,0,0,0,0,0
relaxed,14,relaxed=14,0,1,0,0,13,0,0,0
releaser,14,releaser=10; releasers=4,13,1,0,0,0,0,0,0
relocation,14,relocation=14,12,2,0,0,0,0,0,0
remark,14,remarks=7; remarked=5; remark=1; remarking=1,7,0,7,0,0,0,0,0
revision,14,revisions=9; revision=5,14,0,0,0,0,0,0,0
revive,14,revive=6; revived=4; reviving=4,0,0,14,0,0,0,0,0
rewarding,14,rewarding=14,0,0,0,0,14,0,0,0
salinger,14,salinger=14,0,14,0,0,0,0,0,0
sampling,14,sampling=14,13,1,0,0,0,0,0,0
samuel,14,samuel=14,0,14,0,0,0,0,0,0
sandpiper,14,sandpipers=12; sandpiper=2,14,0,0,0,0,0,0,0
sartre,14,sartre=14,0,14,0,0,0,0,0,0
scanner,14,scanner=10; scanners=4,14,0,0,0,0,0,0,0
scholarly,14,scholarly=14,0,0,0,0,14,0,0,0
sculpt,14,sculpted=8; sculpt=5; sculpting=1,0,1,10,0,3,0,0,0
september,14,september=14,0,14,0,0,0,0,0,0
shipment,14,shipments=8; shipment=6,14,0,0,0,0,0,0,0
shorten,14,shortened=9; shorten=2; shortening=2; shortens=1,0,0,14,0,0,0,0,0
shoulder,14,shoulder=10; shoulders=4,13,0,1,0,0,0,0,0
shower,14,showers=7; shower=4; showering=2; showered=1,10,0,4,0,0,0,0,0
siderophile,14,siderophile=7; siderophiles=7,9,0,0,0,5,0,0,0
sighting,14,sightings=9; sighting=5,14,0,0,0,0,0,0,0
signing,14,signing=14,13,1,0,0,0,0,0,0
silken,14,silken=14,0,0,0,0,14,0,0,0
smog,14,smog=14,4,10,0,0,0,0,0,0
snowfall,14,snowfall=14,13,0,1,0,0,0,0,0
standardization,14,standardization=14,14,0,0,0,0,0,0,0
stationary,14,stationary=14,1,0,0,0,13,0,0,0
steer,14,steer=12; steered=1; steers=1,0,0,14,0,0,0,0,0
stonehenge,14,stonehenge=14,0,14,0,0,0,0,0,0
strait,14,strait=11; straits=3,3,11,0,0,0,0,0,0
stratosphere,14,stratosphere=14,14,0,0,0,0,0,0,0
stylistic,14,stylistic=14,0,1,0,0,13,0,0,0
superheated,14,superheated=14,0,1,0,0,13,0,0,0
surrealist,14,surrealist=11; surrealists=3,9,5,0,0,0,0,0,0
swell,14,swell=7; swelling=3; swelled=2; swells=2,4,0,10,0,0,0,0,0
synchronize,14,synchronized=9; synchronizing=3; synchronize=2,0,0,14,0,0,0,0,0
talbot,14,talbot=14,0,14,0,0,0,0,0,0
tamarin,14,tamarins=8; tamarin=6,13,1,0,0,0,0,0,0
theropod,14,theropod=8; theropods=6,6,0,1,0,7,0,0,0
treasure,14,treasure=7; treasures=7,14,0,0,0,0,0,0,0
trees,14,trees=14,0,14,0,0,0,0,0,0
triangle,14,triangle=11; triangles=3,14,0,0,0,0,0,0,0
triceratops,14,triceratops=8; triceratopses=6,6,8,0,0,0,0,0,0
trinity,14,trinity=14,0,14,0,0,0,0,0,0
tundra,14,tundra=14,7,2,1,0,2,0,0,2
ugaritic,14,ugaritic=14,0,11,0,0,3,0,0,0
unfortunate,14,unfortunate=14,0,1,0,0,13,0,0,0
unhappy,14,unhappy=14,0,0,0,0,14,0,0,0
unite,14,united=8; unite=5; uniting=1,0,1,13,0,0,0,0,0
untouched,14,untouched=14,0,0,0,0,14,0,0,0
urge,14,urge=9; urged=5,2,0,12,0,0,0,0,0
v,14,v=14,3,6,0,0,0,0,0,5
veterinary,14,veterinary=14,0,1,0,0,13,0,0,0
vice,14,vice=14,7,0,0,0,0,7,0,0
volatile,14,volatile=14,0,0,0,0,14,0,0,0
wander,14,wander=6; wandering=5; wandered=2; wanders=1,0,0,14,0,0,0,0,0
wildfire,14,wildfires=11; wildfire=3,14,0,0,0,0,0,0,0
wittfogel,14,wittfogel=14,0,14,0,0,0,0,0,0
workload,14,workload=13; workloads=1,14,0,0,0,0,0,0,0
wrapper,14,wrappers=14,14,0,0,0,0,0,0,0
y,14,y=14,0,14,0,0,0,0,0,0
zinc,14,zinc=14,13,1,0,0,0,0,0,0
accidental,13,accidental=13,0,0,0,0,13,0,0,0
adobe,13,adobe=13,10,3,0,0,0,0,0,0
aerobics,13,aerobics=13,12,1,0,0,0,0,0,0
allocate,13,allocating=7; allocate=4; allocated=2,0,0,13,0,0,0,0,0
alright,13,alright=13,0,1,0,0,3,3,0,6
amber,13,amber=12; ambers=1,3,10,0,0,0,0,0,0
amplify,13,amplify=10; amplified=1; amplifies=1; amplifying=1,0,0,13,0,0,0,0,0
amygdala,13,amygdala=13,10,1,0,0,2,0,0,0
analyst,13,analysts=12; analyst=1,13,0,0,0,0,0,0,0
anybody,13,anybody=13,0,0,0,0,0,0,13,0
anyhow,13,anyhow=13,0,0,0,0,0,12,0,1
approximate,13,approximate=13,0,0,1,0,12,0,0,0
archaic,13,archaic=13,0,11,0,0,2,0,0,0
aristocratic,13,aristocratic=13,0,0,0,0,13,0,0,0
aristophanes,13,aristophanes=13,0,13,0,0,0,0,0,0
ascend,13,ascend=9; ascends=2; ascended=1; ascending=1,0,0,13,0,0,0,0,0
atlanta,13,atlanta=13,0,13,0,0,0,0,0,0
auditory,13,auditory=13,0,0,0,0,13,0,0,0
autobiography,13,autobiography=10; autobiographies=3,11,0,2,0,0,0,0,0
awake,13,awake=12; awoke=1,1,0,1,0,10,1,0,0
bacon,13,bacon=13,3,10,0,0,0,0,0,0
belly,13,belly=7; bellied=3; bellies=3,10,0,3,0,0,0,0,0
beltracchi,13,beltracchi=13,1,12,0,0,0,0,0,0
benedict,13,benedict=13,0,13,0,0,0,0,0,0
bering,13,bering=13,0,13,0,0,0,0,0,0
biography,13,biographies=7; biography=6,13,0,0,0,0,0,0,0
bleach,13,bleaching=6; bleach=3; bleaches=3; bleached=1,5,0,8,0,0,0,0,0
blur,13,blur=7; blurred=5; blurring=1,1,0,12,0,0,0,0,0
brazil,13,brazil=13,0,13,0,0,0,0,0,0
brilliant,13,brilliant=13,1,0,0,0,12,0,0,0
buck,13,buck=9; bucked=2; bucks=2,2,9,2,0,0,0,0,0
bulletin,13,bulletin=13,13,0,0,0,0,0,0,0
buzz,13,buzzing=9; buzz=4,4,0,9,0,0,0,0,0
canaletto,13,canaletto=13,0,13,0,0,0,0,0,0
cardboard,13,cardboard=12; cardboards=1,13,0,0,0,0,0,0,0
carmen,13,carmen=13,0,13,0,0,0,0,0,0
carrel,13,carrel=9; carrels=4,13,0,0,0,0,0,0,0
cavity,13,cavities=11; cavity=2,13,0,0,0,0,0,0,0
championship,13,championship=10; championships=3,13,0,0,0,0,0,0,0
charred,13,charred=13,0,0,0,0,13,0,0,0
cheese,13,cheese=13,12,1,0,0,0,0,0,0
choreography,13,choreography=12; choreographies=1,12,1,0,0,0,0,0,0
cinematographer,13,cinematographer=11; cinematographers=2,10,2,1,0,0,0,0,0
cleaning,13,cleaning=13,12,1,0,0,0,0,0,0
clearing,13,clearing=11; clearings=2,12,0,1,0,0,0,0,0
clump,13,clumps=6; clump=4; clumped=3,7,0,6,0,0,0,0,0
columbus,13,columbus=13,0,13,0,0,0,0,0,0
comb,13,comb=8; combs=4; combing=1,11,0,2,0,0,0,0,0
conch,13,conch=13,6,5,0,0,2,0,0,0
confront,13,confront=5; confronting=5; confronted=3,0,0,13,0,0,0,0,0
coordination,13,coordination=13,13,0,0,0,0,0,0,0
copepod,13,copepods=9; copepod=4,12,1,0,0,0,0,0,0
corresponding,13,corresponding=13,1,1,0,0,11,0,0,0
cortex,13,cortex=13,13,0,0,0,0,0,0,0
crude,13,crude=13,2,0,0,0,11,0,0,0
cupule,13,cupules=9; cupule=4,10,0,2,0,1,0,0,0
cytokinin,13,cytokinins=13,13,0,0,0,0,0,0,0
dams,13,dams=13,2,9,0,1,1,0,0,0
december,13,december=13,0,13,0,0,0,0,0,0
delicious,13,delicious=13,0,1,0,0,12,0,0,0
della,13,della=13,0,12,0,0,0,0,0,1
dendrochronology,13,dendrochronology=13,7,6,0,0,0,0,0,0
detectable,13,detectable=13,0,0,0,0,13,0,0,0
developed,13,developed=13,0,0,0,0,13,0,0,0
diagnose,13,diagnosing=9; diagnose=4,0,0,13,0,0,0,0,0
dichromatic,13,dichromatic=13,0,0,2,0,11,0,0,0
diffuse,13,diffused=6; diffuse=3; diffuses=3; diffusing=1,0,0,13,0,0,0,0,0
dishonest,13,dishonest=13,0,0,0,0,13,0,0,0
displacement,13,displacement=13,13,0,0,0,0,0,0,0
distortion,13,distortions=8; distortion=5,13,0,0,0,0,0,0,0
eating,13,eating=13,11,2,0,0,0,0,0,0
election,13,election=8; elections=5,12,1,0,0,0,0,0,0
eli,13,eli=13,0,13,0,0,0,0,0,0
energetic,13,energetic=13,0,1,0,0,12,0,0,0
engaging,13,engaging=13,0,0,0,0,13,0,0,0
eradicate,13,eradicated=6; eradicate=5; eradicating=2,0,0,13,0,0,0,0,0
erect,13,erected=6; erect=5; erecting=2,0,0,9,0,4,0,0,0
exclusion,13,exclusion=13,13,0,0,0,0,0,0,0
exit,13,exit=7; exits=4; exited=1; exiting=1,10,0,3,0,0,0,0,0
fame,13,fame=12; famed=1,12,0,1,0,0,0,0,0
feat,13,feat=8; feats=5,13,0,0,0,0,0,0,0
filmmake,13,filmmaking=13,0,0,13,0,0,0,0,0
fingerprint,13,fingerprint=7; fingerprints=6,11,0,2,0,0,0,0,0
fitting,13,fitting=10; fittings=3,3,0,0,0,10,0,0,0
flynn,13,flynn=13,0,13,0,0,0,0,0,0
fulfil,13,fulfilled=10; fulfilling=3,0,0,13,0,0,0,0,0
galileo,13,galileo=13,0,13,0,0,0,0,0,0
games,13,games=13,0,13,0,0,0,0,0,0
geographically,13,geographically=13,0,0,0,0,0,13,0,0
giving,13,giving=13,12,1,0,0,0,0,0,0
glucose,13,glucose=13,13,0,0,0,0,0,0,0
grad,13,grad=13,0,4,1,0,8,0,0,0
graf,13,graves=13,13,0,0,0,0,0,0,0
gravel,13,gravel=12; gravels=1,12,0,1,0,0,0,0,0
gripper,13,gripper=7; grippers=6,13,0,0,0,0,0,0,0
grouping,13,grouping=7; groupings=6,13,0,0,0,0,0,0,0
guitar,13,guitar=12; guitars=1,13,0,0,0,0,0,0,0
habitation,13,habitation=13,13,0,0,0,0,0,0,0
hairy,13,hairy=13,0,0,0,0,13,0,0,0
halfway,13,halfway=13,2,0,0,0,0,11,0,0
handout,13,handout=11; handouts=2,13,0,0,0,0,0,0,0
handwriting,13,handwriting=13,13,0,0,0,0,0,0,0
hesitant,13,hesitant=13,0,1,0,0,12,0,0,0
hometown,13,hometown=13,13,0,0,0,0,0,0,0
hospitable,13,hospitable=13,0,0,0,0,13,0,0,0
hub,13,hubs=8; hub=5,13,0,0,0,0,0,0,0
hypnotize,13,hypnotized=13,0,0,13,0,0,0,0,0
illinois,13,illinois=13,0,13,0,0,0,0,0,0
illuminate,13,illuminate=6; illuminated=5; illuminates=2,0,0,13,0,0,0,0,0
imbalance,13,imbalances=8; imbalance=5,13,0,0,0,0,0,0,0
inclusion,13,inclusion=11; inclusions=2,13,0,0,0,0,0,0,0
inflection,13,inflection=13,13,0,0,0,0,0,0,0
instruct,13,instructed=6; instruct=5; instructing=1; instructs=1,0,0,13,0,0,0,0,0
intended,13,intended=13,0,0,0,0,13,0,0,0
intent,13,intent=13,11,0,0,0,2,0,0,0
interchangeable,13,interchangeable=13,0,0,0,0,13,0,0,0
interpersonal,13,interpersonal=13,0,1,0,0,12,0,0,0
invitation,13,invitation=12; invitations=1,13,0,0,0,0,0,0,0
iq,13,iq=13,5,8,0,0,0,0,0,0
ironically,13,ironically=13,0,0,0,0,0,13,0,0
jar,13,jars=8; jar=5,12,0,1,0,0,0,0,0
jingdezhen,13,jingdezhen=13,0,13,0,0,0,0,0,0
kahlo,13,kahlo=13,0,13,0,0,0,0,0,0
knock,13,knocked=5; knock=3; knocking=3; knocks=2,0,0,13,0,0,0,0,0
lear,13,lear=13,0,13,0,0,0,0,0,0
lease,13,lease=8; leases=2; leasing=2; leased=1,9,0,3,0,1,0,0,0
legitimate,13,legitimate=13,0,0,0,0,13,0,0,0
leopard,13,leopard=9; leopards=4,13,0,0,0,0,0,0,0
libertarianism,13,libertarianism=13,9,4,0,0,0,0,0,0
lively,13,lively=12; livelier=1,0,1,0,0,12,0,0,0
locomotion,13,locomotion=13,12,1,0,0,0,0,0,0
longfellow,13,longfellow=13,0,13,0,0,0,0,0,0
magistrate,13,magistrate=13,13,0,0,0,0,0,0,0
mandible,13,mandibles=12; mandible=1,11,0,1,0,1,0,0,0
marry,13,married=8; marry=5,0,0,13,0,0,0,0,0
matrix,13,matrix=13,13,0,0,0,0,0,0,0
metacognitive,13,metacognitive=13,0,0,0,0,13,0,0,0
metallurgy,13,metallurgy=13,9,4,0,0,0,0,0,0
microseism,13,microseisms=13,13,0,0,0,0,0,0,0
mike,13,mike=13,0,13,0,0,0,0,0,0
misplace,13,misplaced=11; misplace=1; misplacing=1,0,0,13,0,0,0,0,0
monochrome,13,monochrome=13,11,2,0,0,0,0,0,0
motor,13,motor=12; motors=1,13,0,0,0,0,0,0,0
myrmica,13,myrmica=13,0,13,0,0,0,0,0,0
nagada,13,nagada=13,0,13,0,0,0,0,0,0
nanoparticle,13,nanoparticles=13,13,0,0,0,0,0,0,0
naval,13,naval=13,0,0,0,0,13,0,0,0
neanderthal,13,neanderthal=11; neanderthals=2,9,0,0,0,4,0,0,0
nighttime,13,nighttime=13,0,2,0,0,11,0,0,0
njoya,13,njoya=13,0,13,0,0,0,0,0,0
northward,13,northward=12; northwards=1,2,0,0,0,2,9,0,0
notation,13,notation=12; notations=1,13,0,0,0,0,0,0,0
notify,13,notify=6; notified=5; notifying=2,0,0,13,0,0,0,0,0
operator,13,operators=8; operator=5,13,0,0,0,0,0,0,0
ornamentation,13,ornamentation=13,13,0,0,0,0,0,0,0
outstanding,13,outstanding=13,0,3,0,0,10,0,0,0
overload,13,overload=12; overloaded=1,9,0,4,0,0,0,0,0
packet,13,packet=11; packets=2,13,0,0,0,0,0,0,0
paradox,13,paradox=13,12,1,0,0,0,0,0,0
personalized,13,personalized=13,0,1,0,0,12,0,0,0
petroleum,13,petroleum=13,13,0,0,0,0,0,0,0
photoperiod,13,photoperiod=10; photoperiods=3,7,6,0,0,0,0,0,0
picnic,13,picnic=11; picnics=2,12,1,0,0,0,0,0,0
pinpoint,13,pinpoint=9; pinpointing=3; pinpointed=1,0,0,13,0,0,0,0,0
predictive,13,predictive=13,0,0,0,0,13,0,0,0
prerequisite,13,prerequisite=9; prerequisites=4,13,0,0,0,0,0,0,0
prescribe,13,prescribed=10; prescribing=2; prescribe=1,0,0,13,0,0,0,0,0
prestate,13,prestates=12; prestate=1,13,0,0,0,0,0,0,0
projectile,13,projectile=9; projectiles=4,13,0,0,0,0,0,0,0
prolonged,13,prolonged=13,0,0,0,0,13,0,0,0
publicize,13,publicize=7; publicized=3; publicizing=3,0,0,13,0,0,0,0,0
pulp,13,pulp=12; pulped=1,12,0,1,0,0,0,0,0
pupil,13,pupils=12; pupil=1,13,0,0,0,0,0,0,0
quad,13,quad=13,13,0,0,0,0,0,0,0
rainstorm,13,rainstorms=7; rainstorm=6,13,0,0,0,0,0,0,0
rationally,13,rationally=13,0,0,0,0,0,13,0,0
reed,13,reed=10; reeds=3,6,7,0,0,0,0,0,0
refresh,13,refresh=7; refreshed=3; refreshing=3,0,0,13,0,0,0,0,0
refrigeration,13,refrigeration=13,13,0,0,0,0,0,0,0
refute,13,refute=5; refuted=5; refuting=2; refutes=1,0,0,13,0,0,0,0,0
regeneration,13,regeneration=13,13,0,0,0,0,0,0,0
relief,13,relief=12; reliefs=1,12,1,0,0,0,0,0,0
restart,13,restart=9; restarting=3; restarted=1,0,6,7,0,0,0,0,0
richness,13,richness=13,13,0,0,0,0,0,0,0
rooftop,13,rooftop=10; rooftops=3,13,0,0,0,0,0,0,0
rude,13,rude=13,0,0,0,0,13,0,0,0
rust,13,rust=12; rusting=1,8,0,5,0,0,0,0,0
salad,13,salad=9; salads=4,6,2,2,0,3,0,0,0
sam,13,sam=13,0,13,0,0,0,0,0,0
scheme,13,scheme=10; schemes=3,13,0,0,0,0,0,0,0
seashell,13,seashells=11; seashell=2,12,1,0,0,0,0,0,0
secretion,13,secretion=13,13,0,0,0,0,0,0,0
selfish,13,selfish=13,0,0,0,0,13,0,0,0
selling,13,selling=13,13,0,0,0,0,0,0,0
semantic,13,semantic=13,0,0,0,0,13,0,0,0
seventh,13,seventh=13,0,0,0,0,13,0,0,0
situate,13,situated=12; situate=1,0,0,13,0,0,0,0,0
skip,13,skip=8; skipping=4; skipped=1,0,0,13,0,0,0,0,0
slice,13,slice=6; slices=3; slicing=3; sliced=1,9,0,4,0,0,0,0,0
sloth,13,sloths=11; sloth=2,13,0,0,0,0,0,0,0
sociality,13,sociality=13,12,1,0,0,0,0,0,0
sociogram,13,sociograms=9; sociogram=4,13,0,0,0,0,0,0,0
solvent,13,solvent=7; solvents=6,13,0,0,0,0,0,0,0
souvenir,13,souvenirs=9; souvenir=4,13,0,0,0,0,0,0,0
specialty,13,specialty=10; specialties=3,13,0,0,0,0,0,0,0
squash,13,squash=13,1,0,11,0,1,0,0,0
stiff,13,stiff=11; stiffer=2,0,0,0,0,13,0,0,0
stigma,13,stigma=10; stigmas=3,13,0,0,0,0,0,0,0
stranger,13,strangers=11; stranger=2,13,0,0,0,0,0,0,0
strive,13,striving=6; strive=5; strives=2,0,0,13,0,0,0,0,0
subsoil,13,subsoil=13,13,0,0,0,0,0,0,0
subtropical,13,subtropical=13,0,0,0,0,13,0,0,0
sue,13,sue=13,5,2,5,0,1,0,0,0
suspense,13,suspense=13,11,2,0,0,0,0,0,0
switzerland,13,switzerland=13,0,13,0,0,0,0,0,0
synesthete,13,synesthetes=9; synesthete=4,12,0,0,0,1,0,0,0
systematic,13,systematic=13,0,1,0,0,12,0,0,0
tasty,13,tasty=13,0,0,0,0,13,0,0,0
techniques,13,techniques=13,0,13,0,0,0,0,0,0
teepee,13,teepee=7; teepees=6,13,0,0,0,0,0,0,0
tempera,13,tempera=13,13,0,0,0,0,0,0,0
theia,13,theia=13,0,13,0,0,0,0,0,0
therapeutic,13,therapeutic=13,0,0,0,0,13,0,0,0
thompson,13,thompson=13,0,13,0,0,0,0,0,0
thorough,13,thorough=13,2,1,0,0,10,0,0,0
tow,13,tow=7; towed=5; towing=1,5,0,8,0,0,0,0,0
transient,13,transient=13,0,0,0,0,13,0,0,0
traps,13,traps=13,0,13,0,0,0,0,0,0
twelfth,13,twelfth=13,0,0,0,0,13,0,0,0
undersea,13,undersea=13,6,0,0,0,7,0,0,0
unexpectedly,13,unexpectedly=13,0,0,0,0,0,13,0,0
uninterrupted,13,uninterrupted=13,0,0,0,0,13,0,0,0
unity,13,unity=13,13,0,0,0,0,0,0,0
unwilling,13,unwilling=13,0,0,0,0,13,0,0,0
vaccine,13,vaccines=8; vaccine=5,13,0,0,0,0,0,0,0
verse,13,verse=9; verses=3; versed=1,12,0,1,0,0,0,0,0
viola,13,viola=13,13,0,0,0,0,0,0,0
visibility,13,visibility=13,11,2,0,0,0,0,0,0
wagner,13,wagner=13,0,13,0,0,0,0,0,0
warbler,13,warblers=9; warbler=4,13,0,0,0,0,0,0,0
westward,13,westward=12; westwards=1,1,0,0,0,4,8,0,0
wildebe,13,wildebeest=13,0,0,0,0,13,0,0,0
windy,13,windy=13,0,3,0,0,10,0,0,0
withdraw,13,withdraw=8; withdrawing=3; withdrawn=1; withdraws=1,0,0,13,0,0,0,0,0
wolbachia,13,wolbachia=13,0,13,0,0,0,0,0,0
wound,13,wounds=6; wound=5; wounded=2,11,0,2,0,0,0,0,0
accountability,12,accountability=12,12,0,0,0,0,0,0,0
adaptability,12,adaptability=12,12,0,0,0,0,0,0,0
aeolian,12,aeolian=12,0,9,0,0,3,0,0,0
agrarian,12,agrarian=12,0,1,0,0,11,0,0,0
albers,12,albers=12,0,12,0,0,0,0,0,0
alh,12,alh=12,0,12,0,0,0,0,0,0
allowance,12,allowances=7; allowance=5,12,0,0,0,0,0,0,0
amazed,12,amazed=12,0,0,0,0,12,0,0,0
amusement,12,amusement=12,11,1,0,0,0,0,0,0
anatomical,12,anatomical=12,0,0,0,0,12,0,0,0
anna,12,anna=12,0,12,0,0,0,0,0,0
anomaly,12,anomalies=10; anomaly=2,11,1,0,0,0,0,0,0
april,12,april=12,0,12,0,0,0,0,0,0
arthur,12,arthur=12,0,12,0,0,0,0,0,0
asleep,12,asleep=12,0,0,0,0,12,0,0,0
assertion,12,assertion=10; assertions=2,12,0,0,0,0,0,0,0
backbone,12,backbone=9; backbones=3,12,0,0,0,0,0,0,0
backgammon,12,backgammon=12,8,2,0,0,2,0,0,0
barton,12,barton=12,0,12,0,0,0,0,0,0
basilica,12,basilica=12,0,12,0,0,0,0,0,0
beckett,12,beckett=12,0,12,0,0,0,0,0,0
bergmann,12,bergmann=12,0,12,0,0,0,0,0,0
bioprecipitation,12,bioprecipitation=12,10,2,0,0,0,0,0,0
blind,12,blind=10; blinded=1; blinding=1,0,0,3,0,9,0,0,0
blindness,12,blindness=12,10,2,0,0,0,0,0,0
bloodstream,12,bloodstream=12,12,0,0,0,0,0,0,0
bluegill,12,bluegill=8; bluegills=4,11,0,1,0,0,0,0,0
bodily,12,bodily=12,0,0,0,0,12,0,0,0
borneo,12,borneo=12,0,12,0,0,0,0,0,0
brass,12,brass=12,11,1,0,0,0,0,0,0
breakup,12,breakup=12,12,0,0,0,0,0,0,0
buttercup,12,buttercup=12,7,4,1,0,0,0,0,0
calais,12,calais=12,0,12,0,0,0,0,0,0
canister,12,canisters=10; canister=2,12,0,0,0,0,0,0,0
cape,12,cape=12,3,9,0,0,0,0,0,0
carbonation,12,carbonation=12,12,0,0,0,0,0,0,0
casey,12,casey=12,0,12,0,0,0,0,0,0
catalogue,12,catalogue=8; catalogued=2; catalogues=2,8,1,3,0,0,0,0,0
cd,12,cd=6; cds=6,11,1,0,0,0,0,0,0
chumash,12,chumash=12,0,12,0,0,0,0,0,0
clan,12,clan=6; clans=6,12,0,0,0,0,0,0,0
coelophysis,12,coelophysis=12,1,11,0,0,0,0,0,0
commencement,12,commencement=12,12,0,0,0,0,0,0,0
conducting,12,conducting=12,12,0,0,0,0,0,0,0
conservative,12,conservative=8; conservatives=4,4,0,0,0,8,0,0,0
contend,12,contend=9; contended=2; contending=1,0,0,12,0,0,0,0,0
courtship,12,courtship=12,12,0,0,0,0,0,0,0
craftsmanship,12,craftsmanship=12,12,0,0,0,0,0,0,0
crawl,12,crawl=6; crawling=3; crawled=2; crawls=1,3,0,9,0,0,0,0,0
cryogenian,12,cryogenian=12,1,1,0,0,10,0,0,0
danish,12,danish=12,0,5,0,0,7,0,0,0
daydream,12,daydreaming=6; daydream=5; daydreams=1,1,0,11,0,0,0,0,0
deny,12,denied=7; deny=4; denies=1,0,0,12,0,0,0,0,0
depart,12,depart=7; departed=3; departs=2,2,0,10,0,0,0,0,0
detach,12,detached=9; detach=3,0,1,11,0,0,0,0,0
diana,12,diana=12,0,12,0,0,0,0,0,0
dilute,12,dilute=7; diluted=4; dilutes=1,3,0,8,0,1,0,0,0
diplomacy,12,diplomacy=12,12,0,0,0,0,0,0,0
dirty,12,dirty=12,0,0,0,0,12,0,0,0
dispose,12,dispose=6; disposed=6,1,1,10,0,0,0,0,0
diver,12,divers=9; diver=3,12,0,0,0,0,0,0,0
doctrine,12,doctrine=12,12,0,0,0,0,0,0,0
dvm,12,dvm=12,2,10,0,0,0,0,0,0
earring,12,earring=11; earrings=1,7,5,0,0,0,0,0,0
echolocate,12,echolocate=11; echolocating=1,0,0,12,0,0,0,0,0
eddy,12,eddies=7; eddy=5,7,5,0,0,0,0,0,0
eighteen,12,eighteen=12,0,0,0,0,0,0,0,12
elizabeth,12,elizabeth=12,0,12,0,0,0,0,0,0
encouragement,12,encouragement=11; encouragements=1,11,1,0,0,0,0,0,0
entrepreneurship,12,entrepreneurship=12,12,0,0,0,0,0,0,0
epicurus,12,epicurus=12,0,12,0,0,0,0,0,0
established,12,established=12,0,1,0,0,11,0,0,0
eurydice,12,eurydice=12,0,12,0,0,0,0,0,0
exclusive,12,exclusive=12,0,0,0,0,12,0,0,0
exoskeleton,12,exoskeleton=7; exoskeletons=5,6,6,0,0,0,0,0,0
extremity,12,extremities=12,12,0,0,0,0,0,0,0
eyesight,12,eyesight=12,12,0,0,0,0,0,0,0
falls,12,falls=12,0,12,0,0,0,0,0,0
familiarity,12,familiarity=12,12,0,0,0,0,0,0,0
fatigue,12,fatigue=12,12,0,0,0,0,0,0,0
fault,12,faults=7; fault=5,10,0,2,0,0,0,0,0
fern,12,ferns=8; fern=4,9,1,1,0,1,0,0,0
fighting,12,fighting=12,12,0,0,0,0,0,0,0
filing,12,filing=12,12,0,0,0,0,0,0,0
firework,12,fireworks=12,12,0,0,0,0,0,0,0
flame,12,flame=8; flames=4,12,0,0,0,0,0,0,0
flatten,12,flattened=6; flatten=3; flattening=2; flattens=1,0,0,12,0,0,0,0,0
flip,12,flipping=4; flip=3; flipped=3; flips=2,0,0,10,0,2,0,0,0
flush,12,flushing=4; flush=3; flushes=3; flushed=2,0,0,10,0,2,0,0,0
fmrls,12,fmrls=12,0,12,0,0,0,0,0,0
foodstuff,12,foodstuffs=11; foodstuff=1,12,0,0,0,0,0,0,0
fortunate,12,fortunate=12,1,0,0,0,11,0,0,0
fragrance,12,fragrance=8; fragrances=4,12,0,0,0,0,0,0,0
fugitive,12,fugitive=12,0,1,0,0,11,0,0,0
fundraising,12,fundraising=12,12,0,0,0,0,0,0,0
furnishing,12,furnishings=12,12,0,0,0,0,0,0,0
gamburtsev,12,gamburtsev=12,0,12,0,0,0,0,0,0
geese,12,geese=12,1,4,0,0,7,0,0,0
gemstone,12,gemstones=10; gemstone=2,12,0,0,0,0,0,0,0
gender,12,gender=8; genders=4,12,0,0,0,0,0,0,0
generalization,12,generalization=7; generalizations=5,11,1,0,0,0,0,0,0
gigantic,12,gigantic=12,0,0,0,0,12,0,0,0
glance,12,glance=10; glanced=2,9,0,3,0,0,0,0,0
gondwana,12,gondwana=12,0,12,0,0,0,0,0,0
goose,12,goose=7; geese=5,12,0,0,0,0,0,0,0
governmental,12,governmental=12,0,1,0,0,11,0,0,0
grants,12,grants=12,0,12,0,0,0,0,0,0
grinding,12,grinding=12,3,9,0,0,0,0,0,0
grove,12,groves=11; grove=1,11,1,0,0,0,0,0,0
habitual,12,habitual=12,0,3,0,0,9,0,0,0
hadrosaurs,12,hadrosaurs=12,0,10,0,0,0,0,2,0
harp,12,harp=11; harps=1,12,0,0,0,0,0,0,0
harvard,12,harvard=12,0,12,0,0,0,0,0,0
highland,12,highlands=9; highland=3,3,3,6,0,0,0,0,0
hinderer,12,hinderer=11; hinderers=1,12,0,0,0,0,0,0,0
hoe,12,hoe=6; hoes=6,11,0,0,0,0,1,0,0
horizontally,12,horizontally=12,0,0,0,0,0,12,0,0
hostile,12,hostile=12,0,0,0,0,12,0,0,0
humor,12,humor=11; humors=1,11,0,1,0,0,0,0,0
hurrians,12,hurrians=12,0,12,0,0,0,0,0,0
hybrid,12,hybrid=9; hybrids=3,6,1,0,0,5,0,0,0
industrialize,12,industrialized=10; industrializing=2,0,0,12,0,0,0,0,0
inevitable,12,inevitable=12,0,0,0,0,12,0,0,0
influx,12,influx=12,11,0,1,0,0,0,0,0
informational,12,informational=12,0,0,0,0,12,0,0,0
infrasound,12,infrasound=12,11,0,0,0,1,0,0,0
insightful,12,insightful=12,0,0,0,0,12,0,0,0
interconnect,12,interconnected=11; interconnecting=1,0,0,12,0,0,0,0,0
interglacial,12,interglacial=11; interglacials=1,1,0,0,0,11,0,0,0
interruption,12,interruption=7; interruptions=5,12,0,0,0,0,0,0,0
inupiat,12,inupiat=12,1,11,0,0,0,0,0,0
jill,12,jill=12,0,12,0,0,0,0,0,0
joe,12,joe=12,0,12,0,0,0,0,0,0
jungle,12,jungle=12,12,0,0,0,0,0,0,0
justin,12,justin=12,0,12,0,0,0,0,0,0
kepler,12,kepler=12,0,12,0,0,0,0,0,0
lansdowne,12,lansdowne=12,0,12,0,0,0,0,0,0
laser,12,laser=9; lasers=3,11,1,0,0,0,0,0,0
leatherback,12,leatherbacks=8; leatherback=4,11,0,1,0,0,0,0,0
likewise,12,likewise=12,0,0,0,0,0,12,0,0
lmc,12,lmc=12,0,10,0,0,2,0,0,0
logo,12,logo=12,12,0,0,0,0,0,0,0
magnitude,12,magnitude=12,12,0,0,0,0,0,0,0
marconi,12,marconi=12,0,12,0,0,0,0,0,0
massachusetts,12,massachusetts=12,0,12,0,0,0,0,0,0
masterpiece,12,masterpieces=8; masterpiece=4,12,0,0,0,0,0,0,0
mauritius,12,mauritius=12,0,12,0,0,0,0,0,0
microwave,12,microwave=11; microwaves=1,11,0,1,0,0,0,0,0
midday,12,midday=12,12,0,0,0,0,0,0,0
misinformation,12,misinformation=12,11,1,0,0,0,0,0,0
mittelbach,12,mittelbach=12,0,12,0,0,0,0,0,0
motionless,12,motionless=12,12,0,0,0,0,0,0,0
mussel,12,mussels=9; mussel=3,12,0,0,0,0,0,0,0
namely,12,namely=12,0,0,0,0,0,12,0,0
natufians,12,natufians=12,0,12,0,0,0,0,0,0
neat,12,neat=12,0,0,0,0,12,0,0,0
neutralize,12,neutralize=7; neutralized=2; neutralizes=2; neutralizing=1,0,0,12,0,0,0,0,0
nigeria,12,nigeria=12,0,12,0,0,0,0,0,0
nonavian,12,nonavian=12,0,1,0,0,11,0,0,0
notebook,12,notebook=7; notebooks=5,12,0,0,0,0,0,0,0
obey,12,obey=10; obeying=2,0,0,12,0,0,0,0,0
objectively,12,objectively=12,0,0,0,0,0,12,0,0
obsolete,12,obsolete=12,0,0,0,0,12,0,0,0
oregon,12,oregon=12,0,12,0,0,0,0,0,0
overland,12,overland=12,7,4,0,0,1,0,0,0
overwhelm,12,overwhelmed=6; overwhelm=5; overwhelming=1,0,0,12,0,0,0,0,0
parrotlet,12,parrotlets=11; parrotlet=1,11,0,0,0,1,0,0,0
persian,12,persian=12,0,7,0,0,5,0,0,0
persuasive,12,persuasive=12,0,0,0,0,12,0,0,0
petal,12,petals=11; petal=1,11,0,0,0,1,0,0,0
pictographic,12,pictographic=12,0,0,0,0,12,0,0,0
pierce,12,pierce=8; piercing=3; pierced=1,0,6,6,0,0,0,0,0
planktivore,12,planktivores=12,12,0,0,0,0,0,0,0
plantation,12,plantations=9; plantation=3,12,0,0,0,0,0,0,0
plunge,12,plunging=8; plunge=4,2,0,10,0,0,0,0,0
pompeii,12,pompeii=12,3,9,0,0,0,0,0,0
portugal,12,portugal=12,0,12,0,0,0,0,0,0
potassium,12,potassium=12,11,1,0,0,0,0,0,0
pouch,12,pouch=8; pouches=4,12,0,0,0,0,0,0,0
predate,12,predates=6; predate=3; predated=3,1,0,10,0,1,0,0,0
premise,12,premise=10; premises=2,12,0,0,0,0,0,0,0
progression,12,progression=12,12,0,0,0,0,0,0,0
protoplanetary,12,protoplanetary=12,0,0,0,0,12,0,0,0
quantify,12,quantify=8; quantified=3; quantifying=1,0,0,12,0,0,0,0,0
radically,12,radically=12,0,0,0,0,0,12,0,0
realistically,12,realistically=12,0,0,0,0,0,12,0,0
reset,12,reset=9; resetting=3,2,1,9,0,0,0,0,0
resolution,12,resolution=12,12,0,0,0,0,0,0,0
resting,12,resting=12,12,0,0,0,0,0,0,0
rhythmic,12,rhythmic=12,0,0,0,0,12,0,0,0
rose,12,rose=7; roses=5,6,5,0,0,1,0,0,0
router,12,router=9; routers=3,12,0,0,0,0,0,0,0
rrp,12,rrp=12,0,12,0,0,0,0,0,0
running,12,running=12,9,0,0,0,3,0,0,0
rye,12,rye=12,9,1,2,0,0,0,0,0
sack,12,sacks=5; sack=4; sacked=2; sacking=1,9,0,3,0,0,0,0,0
salinization,12,salinization=12,12,0,0,0,0,0,0,0
saturation,12,saturation=12,12,0,0,0,0,0,0,0
scorsese,12,scorsese=12,0,12,0,0,0,0,0,0
scottish,12,scottish=12,0,1,0,0,11,0,0,0
sedentism,12,sedentism=12,5,5,0,0,0,0,2,0
servant,12,servants=11; servant=1,12,0,0,0,0,0,0,0
sfumato,12,sfumato=12,9,2,1,0,0,0,0,0
slash,12,slash=9; slashed=3,4,0,8,0,0,0,0,0
slater,12,slater=12,5,7,0,0,0,0,0,0
southward,12,southward=11; southwards=1,2,0,0,0,1,9,0,0
spatial,12,spatial=12,0,0,0,0,12,0,0,0
splash,12,splash=9; splashing=2; splashes=1,5,3,4,0,0,0,0,0
spoken,12,spoken=12,0,0,0,0,12,0,0,0
spontaneously,12,spontaneously=12,0,0,0,0,0,12,0,0
standing,12,standing=12,12,0,0,0,0,0,0,0
streamline,12,streamline=9; streamlined=2; streamlining=1,0,0,12,0,0,0,0,0
stump,12,stump=7; stumps=4; stumped=1,11,0,1,0,0,0,0,0
subjective,12,subjective=12,0,0,0,0,12,0,0,0
subway,12,subway=11; subways=1,12,0,0,0,0,0,0,0
sunrise,12,sunrise=11; sunrises=1,9,3,0,0,0,0,0,0
supercontinent,12,supercontinent=12,12,0,0,0,0,0,0,0
swiss,12,swiss=12,0,2,0,0,10,0,0,0
tai,12,tai=12,0,12,0,0,0,0,0,0
tasmania,12,tasmania=12,0,12,0,0,0,0,0,0
tim,12,tim=12,0,12,0,0,0,0,0,0
tp,12,tp=12,2,10,0,0,0,0,0,0
traction,12,traction=12,12,0,0,0,0,0,0,0
tractor,12,tractors=8; tractor=4,12,0,0,0,0,0,0,0
transatlantic,12,transatlantic=12,0,0,0,0,12,0,0,0
transpiration,12,transpiration=12,12,0,0,0,0,0,0,0
tuber,12,tubers=12,12,0,0,0,0,0,0,0
ultimate,12,ultimate=12,0,0,0,0,12,0,0,0
unaware,12,unaware=12,0,0,0,0,12,0,0,0
uncomfortable,12,uncomfortable=12,0,0,0,0,12,0,0,0
undesirable,12,undesirable=12,0,0,1,0,11,0,0,0
unimportant,12,unimportant=12,1,0,0,0,11,0,0,0
unlock,12,unlock=6; unlocked=4; unlocking=1; unlocks=1,0,1,11,0,0,0,0,0
unsafe,12,unsafe=12,0,0,0,0,12,0,0,0
uranus,12,uranus=12,0,12,0,0,0,0,0,0
useless,12,useless=12,0,0,0,0,12,0,0,0
vegetarian,12,vegetarian=11; vegetarians=1,2,0,1,0,9,0,0,0
vein,12,veins=12,12,0,0,0,0,0,0,0
victory,12,victory=9; victories=3,12,0,0,0,0,0,0,0
vulnerability,12,vulnerability=12,12,0,0,0,0,0,0,0
waterproof,12,waterproof=11; waterproofed=1,1,0,1,0,10,0,0,0
wynne,12,wynne=12,0,12,0,0,0,0,0,0
youth,12,youth=12,12,0,0,0,0,0,0,0
zebras,12,zebras=12,0,12,0,0,0,0,0,0
accustomed,11,accustomed=11,0,1,0,0,10,0,0,0
administer,11,administered=8; administer=3,1,0,10,0,0,0,0,0
adverse,11,adverse=11,0,0,0,0,11,0,0,0
advertiser,11,advertisers=11,11,0,0,0,0,0,0,0
agriculturalist,11,agriculturalists=11,11,0,0,0,0,0,0,0
airborne,11,airborne=11,0,0,0,0,11,0,0,0
alliance,11,alliances=6; alliance=5,8,3,0,0,0,0,0,0
alpine,11,alpine=11,8,3,0,0,0,0,0,0
amenity,11,amenities=11,11,0,0,0,0,0,0,0
anecdote,11,anecdotes=7; anecdote=4,11,0,0,0,0,0,0,0
angry,11,angry=10; angrier=1,0,1,0,0,10,0,0,0
angu,11,angu=11,0,11,0,0,0,0,0,0
ankle,11,ankles=7; ankle=4,11,0,0,0,0,0,0,0
antibody,11,antibodies=11,11,0,0,0,0,0,0,0
apollo,11,apollo=11,0,11,0,0,0,0,0,0
approximation,11,approximation=10; approximations=1,11,0,0,0,0,0,0,0
arousal,11,arousal=11,9,2,0,0,0,0,0,0
astonishing,11,astonishing=11,0,0,0,0,11,0,0,0
automation,11,automation=11,11,0,0,0,0,0,0,0
autonomy,11,autonomy=11,11,0,0,0,0,0,0,0
avant,11,avant=11,0,0,0,0,7,4,0,0
awful,11,awful=11,0,0,0,0,11,0,0,0
bass,11,bass=11,11,0,0,0,0,0,0,0
bathymetry,11,bathymetry=11,8,3,0,0,0,0,0,0
beginner,11,beginners=7; beginner=4,11,0,0,0,0,0,0,0
beowulf,11,beowulf=11,0,11,0,0,0,0,0,0
berg,11,berg=11,0,11,0,0,0,0,0,0
berlioz,11,berlioz=11,0,9,0,0,2,0,0,0
bighorn,11,bighorn=11,0,6,0,0,5,0,0,0
binocular,11,binoculars=7; binocular=4,7,0,0,0,4,0,0,0
blurry,11,blurry=11,0,1,0,0,10,0,0,0
brady,11,brady=11,0,11,0,0,0,0,0,0
braidwood,11,braidwood=11,0,11,0,0,0,0,0,0
brave,11,brave=11,0,5,0,0,6,0,0,0
breeze,11,breeze=8; breezes=3,11,0,0,0,0,0,0,0
brooding,11,brooding=11,11,0,0,0,0,0,0,0
buffer,11,buffers=5; buffer=4; buffered=1; buffering=1,8,0,3,0,0,0,0,0
bull,11,bulls=7; bull=4,11,0,0,0,0,0,0,0
burying,11,burying=11,11,0,0,0,0,0,0,0
capsule,11,capsule=8; capsules=3,8,0,1,0,2,0,0,0
carbonaceous,11,carbonaceous=11,0,0,0,0,11,0,0,0
casual,11,casual=11,0,1,0,0,10,0,0,0
catering,11,catering=11,11,0,0,0,0,0,0,0
cautious,11,cautious=11,0,1,0,0,10,0,0,0
cedar,11,cedar=11,11,0,0,0,0,0,0,0
certify,11,certified=11,0,0,11,0,0,0,0,0
cfl,11,cfls=7; cfl=4,10,1,0,0,0,0,0,0
champion,11,champions=6; championed=3; champion=1; championing=1,6,0,5,0,0,0,0,0
charitable,11,charitable=11,0,0,0,0,11,0,0,0
clarification,11,clarification=11,11,0,0,0,0,0,0,0
coalfield,11,coalfields=11,11,0,0,0,0,0,0,0
coenophiala,11,coenophiala=11,11,0,0,0,0,0,0,0
cognition,11,cognition=11,11,0,0,0,0,0,0,0
coinage,11,coinage=11,11,0,0,0,0,0,0,0
comique,11,comique=11,10,1,0,0,0,0,0,0
command,11,commands=4; command=3; commanded=2; commanding=2,4,0,7,0,0,0,0,0
commonplace,11,commonplace=11,1,0,0,0,10,0,0,0
companion,11,companions=7; companion=4,11,0,0,0,0,0,0,0
compatible,11,compatible=11,0,0,0,0,11,0,0,0
completion,11,completion=11,11,0,0,0,0,0,0,0
concentric,11,concentric=11,0,1,0,0,10,0,0,0
congratulation,11,congratulations=11,11,0,0,0,0,0,0,0
contradictory,11,contradictory=11,0,0,0,0,11,0,0,0
conveniently,11,conveniently=11,0,1,0,0,0,10,0,0
couch,11,couch=7; couches=4,11,0,0,0,0,0,0,0
courage,11,courage=11,5,6,0,0,0,0,0,0
creatively,11,creatively=11,0,0,0,0,1,10,0,0
crustacean,11,crustaceans=10; crustacean=1,11,0,0,0,0,0,0,0
cryptochrome,11,cryptochrome=11,10,1,0,0,0,0,0,0
cubism,11,cubism=11,0,11,0,0,0,0,0,0
cucumber,11,cucumber=7; cucumbers=4,10,1,0,0,0,0,0,0
cumulative,11,cumulative=11,0,1,0,0,10,0,0,0
curiosity,11,curiosity=11,8,3,0,0,0,0,0,0
curl,11,curl=4; curls=4; curled=2; curling=1,3,0,8,0,0,0,0,0
cwd,11,cwd=11,0,11,0,0,0,0,0,0
cycling,11,cycling=11,10,0,0,0,1,0,0,0
decisive,11,decisive=11,0,0,0,0,11,0,0,0
deduce,11,deduced=9; deduce=2,0,0,11,0,0,0,0,0
deepen,11,deepen=8; deepened=2; deepening=1,0,0,11,0,0,0,0,0
dependable,11,dependable=11,0,0,0,0,11,0,0,0
depletion,11,depletion=11,9,1,0,0,1,0,0,0
deploy,11,deployed=6; deploying=3; deploy=1; deploys=1,0,0,11,0,0,0,0,0
desertification,11,desertification=11,11,0,0,0,0,0,0,0
deter,11,deter=7; deters=2; deterred=1; deterring=1,0,0,11,0,0,0,0,0
determination,11,determination=11,11,0,0,0,0,0,0,0
dilemma,11,dilemma=11,11,0,0,0,0,0,0,0
disappointment,11,disappointment=11,6,5,0,0,0,0,0,0
diversification,11,diversification=11,11,0,0,0,0,0,0,0
don,11,don=11,0,11,0,0,0,0,0,0
downturn,11,downturn=8; downturns=3,11,0,0,0,0,0,0,0
dravidian,11,dravidian=11,0,2,0,0,9,0,0,0
drummer,11,drummers=6; drummer=5,11,0,0,0,0,0,0,0
duveen,11,duveen=11,0,11,0,0,0,0,0,0
elimination,11,elimination=11,10,1,0,0,0,0,0,0
embed,11,embedded=11,0,0,11,0,0,0,0,0
enceladus,11,enceladus=11,0,11,0,0,0,0,0,0
endosymbiotic,11,endosymbiotic=11,0,1,0,0,10,0,0,0
endotherm,11,endotherms=11,11,0,0,0,0,0,0,0
engrave,11,engraved=11,0,0,11,0,0,0,0,0
erroneous,11,erroneous=11,0,0,0,0,11,0,0,0
estuarine,11,estuarine=11,5,0,0,0,6,0,0,0
ethnographic,11,ethnographic=11,0,0,0,0,11,0,0,0
expressive,11,expressive=11,0,0,0,0,11,0,0,0
fascination,11,fascination=11,11,0,0,0,0,0,0,0
fashionable,11,fashionable=11,0,0,0,0,11,0,0,0
fieldwork,11,fieldwork=11,9,2,0,0,0,0,0,0
filming,11,filming=11,11,0,0,0,0,0,0,0
firewood,11,firewood=11,10,1,0,0,0,0,0,0
flag,11,flag=6; flags=3; flagged=2,9,0,2,0,0,0,0,0
fleet,11,fleet=7; fleets=4,10,1,0,0,0,0,0,0
floral,11,floral=9; florals=2,2,1,0,0,8,0,0,0
forge,11,forge=4; forging=3; forged=2; forges=2,4,0,7,0,0,0,0,0
forger,11,forgers=8; forger=3,11,0,0,0,0,0,0,0
forum,11,forum=9; forums=2,11,0,0,0,0,0,0,0
fragmented,11,fragmented=11,0,0,0,0,11,0,0,0
francis,11,francis=11,0,11,0,0,0,0,0,0
francisco,11,francisco=11,0,11,0,0,0,0,0,0
frustration,11,frustration=11,10,1,0,0,0,0,0,0
galápagos,11,galápagos=11,0,11,0,0,0,0,0,0
garcia,11,garcia=11,0,11,0,0,0,0,0,0
gasoline,11,gasoline=11,11,0,0,0,0,0,0,0
gause,11,gause=11,1,10,0,0,0,0,0,0
gel,11,gel=10; gels=1,11,0,0,0,0,0,0,0
generalist,11,generalists=7; generalist=4,11,0,0,0,0,0,0,0
generator,11,generator=6; generators=5,11,0,0,0,0,0,0,0
germination,11,germination=11,11,0,0,0,0,0,0,0
gershwin,11,gershwin=11,0,11,0,0,0,0,0,0
governance,11,governance=11,11,0,0,0,0,0,0,0
griffith,11,griffith=11,0,11,0,0,0,0,0,0
hallway,11,hallway=9; hallways=2,11,0,0,0,0,0,0,0
halt,11,halt=6; halted=4; halting=1,4,0,7,0,0,0,0,0
handful,11,handful=11,11,0,0,0,0,0,0,0
hazardous,11,hazardous=11,0,0,0,0,11,0,0,0
hilltop,11,hilltop=6; hilltops=5,9,2,0,0,0,0,0,0
holding,11,holding=6; holdings=5,11,0,0,0,0,0,0,0
horticultural,11,horticultural=11,0,0,0,0,11,0,0,0
humid,11,humid=11,0,0,0,0,11,0,0,0
hurrian,11,hurrian=11,0,0,0,0,11,0,0,0
hut,11,hut=7; huts=4,11,0,0,0,0,0,0,0
hébrard,11,hébrard=11,0,11,0,0,0,0,0,0
ideally,11,ideally=11,0,0,0,0,0,11,0,0
identifiable,11,identifiable=11,0,0,0,0,11,0,0,0
immigration,11,immigration=11,9,2,0,0,0,0,0,0
impractical,11,impractical=11,0,0,0,0,10,1,0,0
impulse,11,impulse=8; impulses=3,9,0,1,0,1,0,0,0
inattentional,11,inattentional=11,0,2,0,0,9,0,0,0
incubate,11,incubate=5; incubating=4; incubated=1; incubates=1,0,0,11,0,0,0,0,0
indus,11,indus=11,0,11,0,0,0,0,0,0
industrialized,11,industrialized=11,0,0,0,0,11,0,0,0
instructional,11,instructional=11,0,0,0,0,11,0,0,0
instrumental,11,instrumental=11,0,0,0,0,11,0,0,0
interdisciplinary,11,interdisciplinary=11,2,0,0,0,9,0,0,0
irregular,11,irregular=11,0,0,0,0,11,0,0,0
jacket,11,jacket=8; jackets=3,10,1,0,0,0,0,0,0
jet,11,jets=6; jet=5,11,0,0,0,0,0,0,0
joy,11,joy=11,9,2,0,0,0,0,0,0
july,11,july=11,0,11,0,0,0,0,0,0
junior,11,junior=6; juniors=5,5,1,0,0,5,0,0,0
keeping,11,keeping=11,11,0,0,0,0,0,0,0
kitt,11,kitt=11,0,11,0,0,0,0,0,0
ladder,11,ladder=8; ladders=3,11,0,0,0,0,0,0,0
laugh,11,laugh=6; laughing=3; laughed=1; laughs=1,5,0,6,0,0,0,0,0
lettuce,11,lettuce=11,9,1,1,0,0,0,0,0
literate,11,literate=11,0,0,0,0,11,0,0,0
madrid,11,madrid=11,0,11,0,0,0,0,0,0
malcolm,11,malcolm=11,0,11,0,0,0,0,0,0
matching,11,matching=11,8,1,0,0,2,0,0,0
max,11,max=11,0,11,0,0,0,0,0,0
maxwell,11,maxwell=11,0,11,0,0,0,0,0,0
maze,11,maze=10; mazes=1,11,0,0,0,0,0,0,0
measurable,11,measurable=11,0,0,0,0,11,0,0,0
mediocre,11,mediocre=11,1,0,0,0,10,0,0,0
mesopelagic,11,mesopelagic=11,0,0,0,0,11,0,0,0
microphone,11,microphone=8; microphones=3,11,0,0,0,0,0,0,0
milder,11,milder=11,10,0,0,0,1,0,0,0
minded,11,minded=11,0,0,0,0,11,0,0,0
ming,11,ming=11,0,11,0,0,0,0,0,0
mislead,11,misleading=4; misled=4; mislead=3,0,0,11,0,0,0,0,0
mollusk,11,mollusks=6; mollusk=5,11,0,0,0,0,0,0,0
moonlight,11,moonlight=11,11,0,0,0,0,0,0,0
morality,11,morality=11,11,0,0,0,0,0,0,0
mozart,11,mozart=11,0,11,0,0,0,0,0,0
muddy,11,muddy=11,0,0,0,0,11,0,0,0
nail,11,nails=8; nail=3,9,0,2,0,0,0,0,0
nancy,11,nancy=11,1,10,0,0,0,0,0,0
narwhal,11,narwhal=6; narwhals=5,7,0,0,0,4,0,0,0
navigational,11,navigational=11,0,1,0,0,10,0,0,0
newsletter,11,newsletter=11,10,1,0,0,0,0,0,0
ohio,11,ohio=11,0,11,0,0,0,0,0,0
oliver,11,oliver=11,0,11,0,0,0,0,0,0
olmec,11,olmec=11,0,11,0,0,0,0,0,0
optimize,11,optimize=5; optimizing=3; optimizes=2; optimized=1,1,0,10,0,0,0,0,0
orchard,11,orchard=9; orchards=2,11,0,0,0,0,0,0,0
orff,11,orff=11,0,11,0,0,0,0,0,0
ornamental,11,ornamental=11,0,0,0,0,11,0,0,0
orpheus,11,orpheus=11,0,11,0,0,0,0,0,0
outlying,11,outlying=11,0,1,0,0,10,0,0,0
overuse,11,overuse=7; overused=2; overusing=2,4,2,4,0,1,0,0,0
overview,11,overview=11,11,0,0,0,0,0,0,0
oxidation,11,oxidation=11,10,1,0,0,0,0,0,0
paleontology,11,paleontology=11,8,3,0,0,0,0,0,0
pastel,11,pastel=8; pastels=3,3,0,0,0,8,0,0,0
pastoral,11,pastoral=11,0,0,0,0,11,0,0,0
pastry,11,pastries=11,11,0,0,0,0,0,0,0
patience,11,patience=11,11,0,0,0,0,0,0,0
peg,11,peg=8; pegs=3,3,8,0,0,0,0,0,0
pennsylvania,11,pennsylvania=11,0,11,0,0,0,0,0,0
perforated,11,perforated=11,0,0,0,0,11,0,0,0
persia,11,persia=11,0,11,0,0,0,0,0,0
pessimistic,11,pessimistic=11,0,0,0,0,11,0,0,0
phenologie,11,phenologies=11,11,0,0,0,0,0,0,0
pierre,11,pierre=11,0,11,0,0,0,0,0,0
pika,11,pika=8; pikas=3,11,0,0,0,0,0,0,0
playground,11,playground=9; playgrounds=2,11,0,0,0,0,0,0,0
pointed,11,pointed=11,0,0,0,0,11,0,0,0
portland,11,portland=11,0,11,0,0,0,0,0,0
premium,11,premium=6; premiums=5,9,0,0,0,2,0,0,0
printmaker,11,printmakers=6; printmaker=5,11,0,0,0,0,0,0,0
programmer,11,programmer=7; programmers=4,11,0,0,0,0,0,0,0
protagonist,11,protagonist=11,11,0,0,0,0,0,0,0
punctuation,11,punctuation=11,10,1,0,0,0,0,0,0
punishment,11,punishment=7; punishments=4,11,0,0,0,0,0,0,0
pv,11,pv=11,5,6,0,0,0,0,0,0
rachel,11,rachel=11,0,11,0,0,0,0,0,0
railway,11,railways=7; railway=4,11,0,0,0,0,0,0,0
reappear,11,reappear=6; reappeared=5,0,0,10,0,1,0,0,0
redefine,11,redefined=5; redefining=4; redefine=2,0,0,11,0,0,0,0,0
reel,11,reel=6; reeled=2; reeling=2; reels=1,3,0,6,0,2,0,0,0
reintroduction,11,reintroduction=10; reintroductions=1,11,0,0,0,0,0,0,0
relativity,11,relativity=11,11,0,0,0,0,0,0,0
relevance,11,relevance=11,11,0,0,0,0,0,0,0
remotely,11,remotely=11,0,0,0,0,0,11,0,0
representational,11,representational=11,0,0,0,0,11,0,0,0
rex,11,rex=11,4,7,0,0,0,0,0,0
rigor,11,rigor=7; rigors=4,9,2,0,0,0,0,0,0
rim,11,rim=8; rims=3,8,3,0,0,0,0,0,0
ripen,11,ripen=5; ripening=4; ripens=2,2,0,9,0,0,0,0,0
rite,11,rite=8; rites=3,3,8,0,0,0,0,0,0
rna,11,rna=11,0,11,0,0,0,0,0,0
rodent,11,rodents=9; rodent=2,10,0,1,0,0,0,0,0
rounded,11,rounded=11,0,1,0,0,10,0,0,0
sahlins,11,sahlins=11,0,11,0,0,0,0,0,0
sapling,11,saplings=11,11,0,0,0,0,0,0,0
scout,11,scouts=6; scout=5,10,0,1,0,0,0,0,0
seedling,11,seedlings=10; seedling=1,11,0,0,0,0,0,0,0
seep,11,seeps=6; seep=3; seeped=1; seeping=1,4,0,7,0,0,0,0,0
seldom,11,seldom=11,0,0,0,0,0,11,0,0
setup,11,setup=11,10,1,0,0,0,0,0,0
shamans,11,shamans=11,0,11,0,0,0,0,0,0
shout,11,shouting=4; shout=3; shouted=2; shouts=2,1,0,10,0,0,0,0,0
sicily,11,sicily=11,0,11,0,0,0,0,0,0
simplified,11,simplified=11,0,0,0,0,11,0,0,0
simplify,11,simplify=5; simplified=4; simplifying=2,0,0,11,0,0,0,0,0
sodium,11,sodium=11,9,0,0,0,2,0,0,0
soften,11,soften=4; softening=3; softened=2; softens=2,0,0,11,0,0,0,0,0
solidarity,11,solidarity=11,7,4,0,0,0,0,0,0
sonification,11,sonification=11,11,0,0,0,0,0,0,0
speciation,11,speciation=11,11,0,0,0,0,0,0,0
staircase,11,staircase=9; staircases=2,9,2,0,0,0,0,0,0
stake,11,stake=8; stakes=3,9,0,2,0,0,0,0,0
standardize,11,standardized=9; standardize=1; standardizing=1,0,0,11,0,0,0,0,0
starting,11,starting=11,11,0,0,0,0,0,0,0
steamship,11,steamships=10; steamship=1,11,0,0,0,0,0,0,0
structured,11,structured=11,0,0,0,0,11,0,0,0
stunning,11,stunning=11,0,0,0,0,11,0,0,0
stylize,11,stylized=11,0,0,11,0,0,0,0,0
subsidize,11,subsidizing=7; subsidized=3; subsidizes=1,0,0,11,0,0,0,0,0
sugary,11,sugary=11,0,0,0,0,11,0,0,0
symmetrical,11,symmetrical=11,0,0,0,0,11,0,0,0
tactic,11,tactics=6; tactic=5,11,0,0,0,0,0,0,0
tactile,11,tactile=11,6,1,1,0,1,0,0,2
taperinha,11,taperinha=11,0,11,0,0,0,0,0,0
tasmanians,11,tasmanians=11,0,11,0,0,0,0,0,0
teen,11,teens=8; teen=3,11,0,0,0,0,0,0,0
telephone,11,telephone=10; telephones=1,11,0,0,0,0,0,0,0
tempo,11,tempo=11,10,0,1,0,0,0,0,0
tesserae,11,tesserae=11,9,2,0,0,0,0,0,0
thornton,11,thornton=11,0,11,0,0,0,0,0,0
topsoil,11,topsoil=11,11,0,0,0,0,0,0,0
tortoiseshell,11,tortoiseshell=6; tortoiseshells=5,11,0,0,0,0,0,0,0
tradespeople,11,tradespeople=11,11,0,0,0,0,0,0,0
transparency,11,transparency=11,11,0,0,0,0,0,0,0
treatise,11,treatise=7; treatises=4,11,0,0,0,0,0,0,0
tulip,11,tulips=6; tulip=5,7,0,1,0,3,0,0,0
tupilak,11,tupilak=6; tupilaks=5,8,1,0,0,2,0,0,0
ubi,11,ubi=11,0,11,0,0,0,0,0,0
umbrella,11,umbrella=9; umbrellas=2,8,3,0,0,0,0,0,0
unchanged,11,unchanged=11,0,0,0,0,11,0,0,0
uncle,11,uncle=9; uncles=2,11,0,0,0,0,0,0,0
understory,11,understory=11,5,0,0,0,6,0,0,0
unearth,11,unearthed=10; unearthing=1,0,0,11,0,0,0,0,0
unpopular,11,unpopular=11,0,0,0,0,11,0,0,0
usher,11,usher=8; ushers=2; ushered=1,1,1,2,0,7,0,0,0
valsuani,11,valsuani=11,0,11,0,0,0,0,0,0
vasa,11,vasa=11,1,10,0,0,0,0,0,0
vegan,11,vegan=10; vegans=1,11,0,0,0,0,0,0,0
vegetative,11,vegetative=11,0,1,0,0,10,0,0,0
ventilation,11,ventilation=11,10,1,0,0,0,0,0,0
villager,11,villagers=11,11,0,0,0,0,0,0,0
waggle,11,waggle=11,8,2,0,0,1,0,0,0
walnut,11,walnut=9; walnuts=2,5,4,0,0,2,0,0,0
wasteful,11,wasteful=11,0,0,0,0,11,0,0,0
weathercasters,11,weathercasters=11,0,11,0,0,0,0,0,0
weekday,11,weekdays=7; weekday=4,9,2,0,0,0,0,0,0
whoever,11,whoever=11,0,0,0,0,0,0,11,0
williamsburg,11,williamsburg=11,0,11,0,0,0,0,0,0
wireless,11,wireless=11,0,0,0,0,11,0,0,0
woode,11,wooded=11,0,0,11,0,0,0,0,0
xiongnu,11,xiongnu=11,0,11,0,0,0,0,0,0
yogurt,11,yogurt=11,6,5,0,0,0,0,0,0
aboard,10,aboard=10,0,0,0,0,0,2,0,8
accountable,10,accountable=10,0,1,0,0,9,0,0,0
adaptations,10,adaptations=10,0,10,0,0,0,0,0,0
aeschylus,10,aeschylus=10,0,10,0,0,0,0,0,0
alaskan,10,alaskan=10,0,0,0,0,10,0,0,0
amazonia,10,amazonia=10,0,10,0,0,0,0,0,0
analogy,10,analogy=9; analogies=1,10,0,0,0,0,0,0,0
annually,10,annually=10,0,0,0,0,0,10,0,0
anonymous,10,anonymous=10,0,0,0,0,10,0,0,0
arable,10,arable=10,0,0,0,0,10,0,0,0
arbitrary,10,arbitrary=10,0,0,0,0,10,0,0,0
artificially,10,artificially=10,0,0,0,0,0,10,0,0
atlantis,10,atlantis=10,0,10,0,0,0,0,0,0
atomic,10,atomic=10,0,0,0,0,10,0,0,0
atwood,10,atwood=10,0,10,0,0,0,0,0,0
august,10,august=10,0,10,0,0,0,0,0,0
authorize,10,authorized=8; authorize=1; authorizing=1,0,0,10,0,0,0,0,0
autoinducer,10,autoinducers=8; autoinducer=2,10,0,0,0,0,0,0,0
barren,10,barren=10,0,0,0,0,10,0,0,0
baxter,10,baxter=10,0,10,0,0,0,0,0,0
bedroom,10,bedroom=7; bedrooms=3,10,0,0,0,0,0,0,0
bitter,10,bitter=10,0,0,0,0,10,0,0,0
blackbird,10,blackbirds=8; blackbird=2,10,0,0,0,0,0,0,0
bladder,10,bladder=6; bladders=4,10,0,0,0,0,0,0,0
bloch,10,bloch=10,0,10,0,0,0,0,0,0
bolt,10,bolts=8; bolt=2,10,0,0,0,0,0,0,0
bud,10,buds=7; budding=3,7,0,3,0,0,0,0,0
bundle,10,bundle=4; bundling=4; bundled=1; bundles=1,4,0,6,0,0,0,0,0
buoyant,10,buoyant=10,1,0,0,0,9,0,0,0
cameron,10,cameron=10,0,10,0,0,0,0,0,0
caracol,10,caracol=10,0,10,0,0,0,0,0,0
cartridge,10,cartridges=6; cartridge=4,10,0,0,0,0,0,0,0
cellulase,10,cellulase=9; cellulases=1,9,1,0,0,0,0,0,0
characteristics,10,characteristics=10,0,10,0,0,0,0,0,0
chemist,10,chemist=7; chemists=3,10,0,0,0,0,0,0,0
chronology,10,chronology=9; chronologies=1,10,0,0,0,0,0,0,0
clark,10,clark=10,0,10,0,0,0,0,0,0
clicking,10,clicking=10,10,0,0,0,0,0,0,0
climatologist,10,climatologists=7; climatologist=3,10,0,0,0,0,0,0,0
clinic,10,clinic=9; clinics=1,9,1,0,0,0,0,0,0
clownfish,10,clownfish=10,4,0,0,0,6,0,0,0
coarse,10,coarse=10,0,0,0,0,10,0,0,0
cob,10,cob=10,9,0,0,0,1,0,0,0
cohesion,10,cohesion=10,10,0,0,0,0,0,0,0
conflicting,10,conflicting=10,2,5,0,0,3,0,0,0
consciously,10,consciously=10,0,0,0,0,0,10,0,0
contagious,10,contagious=10,0,0,0,0,10,0,0,0
contour,10,contour=5; contours=5,6,0,0,0,2,1,1,0
cooky,10,cookies=10,10,0,0,0,0,0,0,0
coordinated,10,coordinated=10,0,0,0,0,10,0,0,0
corporate,10,corporate=10,0,0,0,0,10,0,0,0
costa,10,costa=10,0,10,0,0,0,0,0,0
counterintuitive,10,counterintuitive=10,3,0,0,0,7,0,0,0
cricket,10,cricket=6; crickets=4,10,0,0,0,0,0,0,0
cryptic,10,cryptic=10,0,0,0,0,10,0,0,0
curved,10,curved=10,0,1,0,0,9,0,0,0
cypress,10,cypress=10,5,5,0,0,0,0,0,0
damaged,10,damaged=10,0,0,0,0,10,0,0,0
damselfish,10,damselfish=10,9,0,1,0,0,0,0,0
deadly,10,deadly=10,0,2,0,0,8,0,0,0
decent,10,decent=10,0,0,0,0,10,0,0,0
dependency,10,dependency=10,8,2,0,0,0,0,0,0
disappointing,10,disappointing=10,0,0,0,0,10,0,0,0
discern,10,discern=8; discerned=1; discerning=1,1,0,9,0,0,0,0,0
disintegrate,10,disintegrate=4; disintegrates=4; disintegrated=2,0,0,10,0,0,0,0,0
disposable,10,disposable=10,0,0,0,0,10,0,0,0
disruptive,10,disruptive=10,0,0,0,0,10,0,0,0
distress,10,distress=10,10,0,0,0,0,0,0,0
diversify,10,diversify=5; diversifying=3; diversified=2,0,0,10,0,0,0,0,0
domesday,10,domesday=10,0,10,0,0,0,0,0,0
dorian,10,dorian=10,0,0,0,0,10,0,0,0
duplicate,10,duplicate=3; duplicated=3; duplicates=2; duplicating=2,2,0,8,0,0,0,0,0
easel,10,easel=8; easels=2,9,1,0,0,0,0,0,0
effigy,10,effigy=10,1,0,0,0,9,0,0,0
electrophone,10,electrophones=10,10,0,0,0,0,0,0,0
elicit,10,elicit=4; elicited=2; eliciting=2; elicits=2,0,0,10,0,0,0,0,0
eliot,10,eliot=10,0,10,0,0,0,0,0,0
emf,10,emf=10,1,9,0,0,0,0,0,0
enamel,10,enamel=9; enameled=1,0,9,1,0,0,0,0,0
enforcement,10,enforcement=10,10,0,0,0,0,0,0,0
enhancement,10,enhancement=7; enhancements=3,10,0,0,0,0,0,0,0
entail,10,entails=7; entailed=2; entail=1,1,0,9,0,0,0,0,0
environmentalist,10,environmentalists=10,10,0,0,0,0,0,0,0
epichloe,10,epichloe=10,0,10,0,0,0,0,0,0
eradication,10,eradication=10,10,0,0,0,0,0,0,0
eric,10,eric=10,0,10,0,0,0,0,0,0
esteem,10,esteem=9; esteemed=1,9,0,1,0,0,0,0,0
eukaryote,10,eukaryotes=8; eukaryote=2,10,0,0,0,0,0,0,0
expanse,10,expanses=6; expanse=4,10,0,0,0,0,0,0,0
experimentally,10,experimentally=10,0,0,0,0,0,10,0,0
exposition,10,exposition=9; expositions=1,7,3,0,0,0,0,0,0
factual,10,factual=10,0,0,0,0,10,0,0,0
falconet,10,falconet=10,0,10,0,0,0,0,0,0
famine,10,famine=9; famines=1,6,3,1,0,0,0,0,0
faulty,10,faulty=10,0,0,0,0,10,0,0,0
fauna,10,fauna=8; faunas=2,10,0,0,0,0,0,0,0
feast,10,feasts=6; feast=4,10,0,0,0,0,0,0,0
fiadh,10,fiadh=10,1,9,0,0,0,0,0,0
filtering,10,filtering=10,9,1,0,0,0,0,0,0
fireplace,10,fireplaces=9; fireplace=1,10,0,0,0,0,0,0,0
firstly,10,firstly=10,0,0,0,0,0,10,0,0
foil,10,foil=10,10,0,0,0,0,0,0,0
folios,10,folios=10,0,10,0,0,0,0,0,0
foraminifera,10,foraminifera=10,5,5,0,0,0,0,0,0
forelimb,10,forelimbs=10,10,0,0,0,0,0,0,0
foremost,10,foremost=10,0,0,0,0,4,6,0,0
fortune,10,fortune=6; fortunes=4,10,0,0,0,0,0,0,0
fossilized,10,fossilized=10,0,1,0,0,9,0,0,0
founding,10,founding=10,9,1,0,0,0,0,0,0
foundry,10,foundry=8; foundries=2,10,0,0,0,0,0,0,0
fringe,10,fringe=8; fringes=2,10,0,0,0,0,0,0,0
fulacht,10,fulacht=10,1,9,0,0,0,0,0,0
futurist,10,futurist=9; futurists=1,4,3,0,0,3,0,0,0
gamma,10,gamma=10,10,0,0,0,0,0,0,0
garde,10,garde=10,0,0,0,0,10,0,0,0
gauge,10,gauge=7; gauging=2; gauges=1,3,0,7,0,0,0,0,0
gerald,10,gerald=10,0,10,0,0,0,0,0,0
gilbert,10,gilbert=10,0,10,0,0,0,0,0,0
godot,10,godot=10,0,10,0,0,0,0,0,0
goldsmith,10,goldsmiths=8; goldsmith=2,10,0,0,0,0,0,0,0
grandfather,10,grandfather=10,10,0,0,0,0,0,0,0
grandmother,10,grandmother=9; grandmothers=1,10,0,0,0,0,0,0,0
greenwood,10,greenwood=10,0,10,0,0,0,0,0,0
grizzly,10,grizzly=8; grizzlies=2,9,1,0,0,0,0,0,0
groyne,10,groynes=10,10,0,0,0,0,0,0,0
ha,10,ha=10,0,0,0,0,0,0,0,10
hale,10,hale=10,1,9,0,0,0,0,0,0
handed,10,handed=10,0,0,0,0,10,0,0,0
hardy,10,hardy=10,0,3,0,0,7,0,0,0
hasome,10,hasome=10,0,10,0,0,0,0,0,0
hassam,10,hassam=10,0,10,0,0,0,0,0,0
hawthorne,10,hawthorne=10,6,4,0,0,0,0,0,0
heaven,10,heavens=8; heaven=2,8,2,0,0,0,0,0,0
hectare,10,hectare=7; hectares=3,10,0,0,0,0,0,0,0
heighten,10,heightened=7; heighten=3,0,0,10,0,0,0,0,0
henri,10,henri=10,0,10,0,0,0,0,0,0
herding,10,herding=10,10,0,0,0,0,0,0,0
hierakonpolis,10,hierakonpolis=10,0,10,0,0,0,0,0,0
hills,10,hills=10,0,10,0,0,0,0,0,0
humus,10,humus=10,7,3,0,0,0,0,0,0
hurdle,10,hurdles=7; hurdle=3,9,1,0,0,0,0,0,0
hutchinson,10,hutchinson=10,0,10,0,0,0,0,0,0
hydrodynamic,10,hydrodynamic=10,0,0,0,0,10,0,0,0
idealize,10,idealized=6; idealize=4,0,0,10,0,0,0,0,0
iii,10,iii=10,0,10,0,0,0,0,0,0
imitative,10,imitative=10,0,0,0,0,10,0,0,0
inaccessible,10,inaccessible=10,0,0,0,0,10,0,0,0
inaccuracy,10,inaccuracies=8; inaccuracy=2,10,0,0,0,0,0,0,0
inappropriate,10,inappropriate=10,0,0,0,0,10,0,0,0
info,10,info=10,7,3,0,0,0,0,0,0
inlay,10,inlay=4; inlays=3; inlaid=2; inlaying=1,7,0,3,0,0,0,0,0
innovator,10,innovator=6; innovators=4,10,0,0,0,0,0,0,0
intramural,10,intramural=10,0,0,0,0,10,0,0,0
iraq,10,iraq=10,0,10,0,0,0,0,0,0
jonas,10,jonas=10,0,10,0,0,0,0,0,0
josepho,10,josepho=10,0,10,0,0,0,0,0,0
kakanaut,10,kakanaut=10,0,10,0,0,0,0,0,0
lady,10,lady=10,6,4,0,0,0,0,0,0
lag,10,lag=5; lagged=4; lagging=1,4,0,6,0,0,0,0,0
laurentide,10,laurentide=10,0,10,0,0,0,0,0,0
league,10,league=8; leagues=2,5,5,0,0,0,0,0,0
legislation,10,legislation=10,10,0,0,0,0,0,0,0
lick,10,licks=5; lick=3; licking=2,6,0,4,0,0,0,0,0
lineage,10,lineages=8; lineage=2,10,0,0,0,0,0,0,0
litter,10,litter=7; littered=2; litters=1,7,0,3,0,0,0,0,0
lobby,10,lobby=9; lobbies=1,9,0,1,0,0,0,0,0
logically,10,logically=10,0,1,0,0,0,9,0,0
lucia,10,lucia=10,0,10,0,0,0,0,0,0
lux,10,lux=10,10,0,0,0,0,0,0,0
magnificent,10,magnificent=10,0,2,0,0,8,0,0,0
manetho,10,manetho=10,1,9,0,0,0,0,0,0
maneuver,10,maneuver=6; maneuvers=4,6,0,4,0,0,0,0,0
manor,10,manor=7; manors=3,8,2,0,0,0,0,0,0
mansion,10,mansion=9; mansions=1,10,0,0,0,0,0,0,0
matthew,10,matthew=10,0,10,0,0,0,0,0,0
maturation,10,maturation=10,9,1,0,0,0,0,0,0
medicinal,10,medicinal=10,0,0,0,0,10,0,0,0
mesopotamians,10,mesopotamians=10,0,10,0,0,0,0,0,0
metalwork,10,metalwork=10,10,0,0,0,0,0,0,0
metaphilosophy,10,metaphilosophy=10,7,3,0,0,0,0,0,0
mhm,10,mhm=10,0,8,0,0,0,0,0,2
microhabitat,10,microhabitats=7; microhabitat=3,10,0,0,0,0,0,0,0
milankovitch,10,milankovitch=10,0,10,0,0,0,0,0,0
milky,10,milky=10,0,9,0,0,1,0,0,0
millimeter,10,millimeters=7; millimeter=3,10,0,0,0,0,0,0,0
molt,10,molts=5; molt=4; molted=1,9,0,1,0,0,0,0,0
mona,10,mona=10,0,10,0,0,0,0,0,0
mongoose,10,mongooses=7; mongoose=3,9,0,1,0,0,0,0,0
monopoly,10,monopoly=9; monopolies=1,10,0,0,0,0,0,0,0
moody,10,moody=10,0,10,0,0,0,0,0,0
motivated,10,motivated=10,0,0,0,0,10,0,0,0
moulin,10,moulin=7; moulins=3,7,3,0,0,0,0,0,0
mri,10,mris=6; mri=4,7,3,0,0,0,0,0,0
multitasker,10,multitaskers=10,10,0,0,0,0,0,0,0
mutation,10,mutations=7; mutation=3,10,0,0,0,0,0,0,0
nacre,10,nacre=10,1,9,0,0,0,0,0,0
newt,10,newt=10,2,0,0,0,7,1,0,0
niépce,10,niépce=10,0,10,0,0,0,0,0,0
noticeably,10,noticeably=10,0,0,0,0,0,10,0,0
nuanced,10,nuanced=10,0,0,0,0,10,0,0,0
nurture,10,nurture=6; nurturing=2; nurtured=1; nurtures=1,3,0,7,0,0,0,0,0
officially,10,officially=10,0,0,0,0,0,10,0,0
organelle,10,organelles=9; organelle=1,9,1,0,0,0,0,0,0
organisms,10,organisms=10,0,10,0,0,0,0,0,0
orographic,10,orographic=10,0,0,0,0,10,0,0,0
ought,10,ought=10,0,0,0,10,0,0,0,0
outing,10,outings=6; outing=4,10,0,0,0,0,0,0,0
overlying,10,overlying=10,0,0,0,0,10,0,0,0
overstate,10,overstates=5; overstated=4; overstate=1,1,0,9,0,0,0,0,0
ox,10,ox=10,6,4,0,0,0,0,0,0
panspermia,10,panspermia=10,8,1,0,0,1,0,0,0
pedestrian,10,pedestrians=6; pedestrian=4,10,0,0,0,0,0,0,0
peel,10,peels=5; peel=4; peeling=1,7,0,3,0,0,0,0,0
photocopy,10,photocopies=9; photocopy=1,9,1,0,0,0,0,0,0
pictorialism,10,pictorialism=10,5,5,0,0,0,0,0,0
poisoning,10,poisoning=10,10,0,0,0,0,0,0,0
polynesians,10,polynesians=10,0,10,0,0,0,0,0,0
portrayal,10,portrayal=7; portrayals=3,10,0,0,0,0,0,0,0
posting,10,posting=5; postings=5,10,0,0,0,0,0,0,0
precipitate,10,precipitated=5; precipitate=4; precipitates=1,2,0,8,0,0,0,0,0
predecessor,10,predecessors=8; predecessor=2,10,0,0,0,0,0,0,0
preliminary,10,preliminary=10,0,0,0,0,10,0,0,0
probiotic,10,probiotic=5; probiotics=5,5,0,0,0,5,0,0,0
processor,10,processor=6; processors=4,10,0,0,0,0,0,0,0
proliferate,10,proliferate=6; proliferated=4,0,0,9,0,1,0,0,0
prolong,10,prolonged=6; prolongs=2; prolong=1; prolonging=1,1,0,9,0,0,0,0,0
pursuit,10,pursuit=9; pursuits=1,10,0,0,0,0,0,0,0
qubit,10,qubits=8; qubit=2,10,0,0,0,0,0,0,0
quietly,10,quietly=10,0,0,0,0,0,10,0,0
rainbow,10,rainbow=6; rainbows=4,9,0,1,0,0,0,0,0
regime,10,regime=10,10,0,0,0,0,0,0,0
regrow,10,regrow=8; regrowing=2,0,0,10,0,0,0,0,0
reimburse,10,reimburse=5; reimbursed=4; reimbursing=1,0,0,10,0,0,0,0,0
ribbon,10,ribbon=7; ribbons=3,10,0,0,0,0,0,0,0
rica,10,rica=10,0,10,0,0,0,0,0,0
romance,10,romance=9; romances=1,6,4,0,0,0,0,0,0
ruling,10,ruling=9; rulings=1,10,0,0,0,0,0,0,0
rumor,10,rumors=6; rumor=4,10,0,0,0,0,0,0,0
scar,10,scars=3; scared=2; scares=2; scar=1; scaring=1; scarred=1,4,0,6,0,0,0,0,0
schelling,10,schelling=10,1,9,0,0,0,0,0,0
scrutiny,10,scrutiny=10,8,2,0,0,0,0,0,0
seafood,10,seafood=10,10,0,0,0,0,0,0,0
secular,10,secular=10,0,0,0,0,10,0,0,0
seismometer,10,seismometers=8; seismometer=2,10,0,0,0,0,0,0,0
serial,10,serial=10,0,0,0,0,10,0,0,0
sew,10,sewn=9; sew=1,0,0,10,0,0,0,0,0
shine,10,shine=9; shone=1,3,0,7,0,0,0,0,0
sickness,10,sickness=9; sicknesses=1,9,1,0,0,0,0,0,0
silcrete,10,silcrete=10,8,0,0,0,2,0,0,0
sir,10,sir=10,0,10,0,0,0,0,0,0
skater,10,skaters=8; skater=2,9,0,0,0,1,0,0,0
smithson,10,smithson=10,0,10,0,0,0,0,0,0
soar,10,soared=4; soaring=4; soar=2,0,0,10,0,0,0,0,0
staging,10,staging=10,8,2,0,0,0,0,0,0
stained,10,stained=10,0,0,0,0,10,0,0,0
steadman,10,steadman=10,0,10,0,0,0,0,0,0
steamboat,10,steamboat=6; steamboats=4,7,3,0,0,0,0,0,0
stellar,10,stellar=10,0,0,0,0,10,0,0,0
stimulation,10,stimulation=10,10,0,0,0,0,0,0,0
strategically,10,strategically=10,0,0,0,0,0,10,0,0
supervision,10,supervision=10,10,0,0,0,0,0,0,0
supportive,10,supportive=10,0,0,0,0,10,0,0,0
surpass,10,surpassed=4; surpasses=3; surpass=2; surpassing=1,0,0,10,0,0,0,0,0
surrealism,10,surrealism=10,8,2,0,0,0,0,0,0
surveillance,10,surveillance=10,9,1,0,0,0,0,0,0
sushi,10,sushi=10,6,4,0,0,0,0,0,0
symbolism,10,symbolism=10,10,0,0,0,0,0,0,0
teenage,10,teenage=10,0,0,0,0,10,0,0,0
tennis,10,tennis=10,9,1,0,0,0,0,0,0
tesauro,10,tesauro=10,1,9,0,0,0,0,0,0
thoreau,10,thoreau=10,0,10,0,0,0,0,0,0
thrill,10,thrilled=5; thrill=4; thrilling=1,4,0,6,0,0,0,0,0
throat,10,throat=9; throats=1,10,0,0,0,0,0,0,0
throate,10,throated=10,0,0,10,0,0,0,0,0
tolerant,10,tolerant=10,0,1,0,0,9,0,0,0
tolkien,10,tolkien=10,0,10,0,0,0,0,0,0
topography,10,topography=9; topographies=1,10,0,0,0,0,0,0,0
tournament,10,tournament=9; tournaments=1,10,0,0,0,0,0,0,0
trompe,10,trompe=10,1,9,0,0,0,0,0,0
trumpet,10,trumpet=6; trumpets=4,10,0,0,0,0,0,0,0
trustworthy,10,trustworthy=10,0,0,0,0,10,0,0,0
turbulence,10,turbulence=10,10,0,0,0,0,0,0,0
turbulent,10,turbulent=10,0,0,0,0,10,0,0,0
underscore,10,underscoring=5; underscore=3; underscores=2,0,0,10,0,0,0,0,0
unfavorable,10,unfavorable=10,0,0,0,0,10,0,0,0
unfold,10,unfold=5; unfolded=3; unfolding=2,1,0,9,0,0,0,0,0
universally,10,universally=10,0,0,0,0,1,9,0,0
unnoticed,10,unnoticed=10,0,0,0,0,10,0,0,0
unpredictability,10,unpredictability=10,10,0,0,0,0,0,0,0
unsaturated,10,unsaturated=10,0,0,0,0,10,0,0,0
uptake,10,uptake=10,10,0,0,0,0,0,0,0
ursa,10,ursa=10,0,10,0,0,0,0,0,0
utility,10,utility=9; utilities=1,10,0,0,0,0,0,0,0
vacancy,10,vacancy=8; vacancies=2,9,1,0,0,0,0,0,0
venue,10,venue=7; venues=3,10,0,0,0,0,0,0,0
verbal,10,verbal=10,0,1,0,0,9,0,0,0
vet,10,vet=10,8,0,1,0,1,0,0,0
vikings,10,vikings=10,0,10,0,0,0,0,0,0
violate,10,violate=4; violates=3; violating=2; violated=1,0,0,10,0,0,0,0,0
vocalization,10,vocalizations=8; vocalization=2,10,0,0,0,0,0,0,0
vole,10,voles=7; vole=3,6,0,1,0,3,0,0,0
wallet,10,wallets=6; wallet=4,10,0,0,0,0,0,0,0
ward,10,ward=10,1,9,0,0,0,0,0,0
welles,10,welles=10,0,10,0,0,0,0,0,0
wilt,10,wilt=10,10,0,0,0,0,0,0,0
wine,10,wine=8; wines=2,10,0,0,0,0,0,0,0
woodblock,10,woodblock=10,10,0,0,0,0,0,0,0
yale,10,yale=10,0,10,0,0,0,0,0,0
yucatan,10,yucatan=10,0,10,0,0,0,0,0,0
zeidan,10,zeidan=10,0,10,0,0,0,0,0,0
abbey,9,abbey=5; abbeys=4,7,2,0,0,0,0,0,0
abrupt,9,abrupt=9,0,0,0,0,9,0,0,0
abu,9,abu=9,0,9,0,0,0,0,0,0
academically,9,academically=9,0,0,0,0,0,9,0,0
adhesive,9,adhesive=7; adhesives=2,4,0,1,0,4,0,0,0
airline,9,airlines=5; airline=4,9,0,0,0,0,0,0,0
akkadians,9,akkadians=9,0,9,0,0,0,0,0,0
alfred,9,alfred=9,0,9,0,0,0,0,0,0
algorithms,9,algorithms=9,4,4,0,0,1,0,0,0
alice,9,alice=9,0,9,0,0,0,0,0,0
altruistic,9,altruistic=9,0,0,0,0,9,0,0,0
alvarez,9,alvarez=9,0,9,0,0,0,0,0,0
alyssa,9,alyssa=9,0,9,0,0,0,0,0,0
ancestry,9,ancestry=9,9,0,0,0,0,0,0,0
antelope,9,antelope=6; antelopes=3,9,0,0,0,0,0,0,0
antibacterial,9,antibacterial=9,0,0,0,0,9,0,0,0
antikythera,9,antikythera=9,0,9,0,0,0,0,0,0
anxious,9,anxious=9,0,0,0,0,9,0,0,0
archaea,9,archaea=9,4,3,0,0,1,0,0,1
archipelago,9,archipelago=7; archipelagos=2,6,3,0,0,0,0,0,0
argentina,9,argentina=9,0,9,0,0,0,0,0,0
attachment,9,attachment=6; attachments=3,9,0,0,0,0,0,0,0
auction,9,auction=5; auctions=4,9,0,0,0,0,0,0,0
aurignacian,9,aurignacian=9,1,2,0,0,6,0,0,0
authenticate,9,authenticate=7; authenticating=2,0,0,7,0,2,0,0,0
avenue,9,avenue=8; avenues=1,6,3,0,0,0,0,0,0
axe,9,axe=9,9,0,0,0,0,0,0,0
backward,9,backward=9,0,0,0,0,1,8,0,0
badge,9,badge=6; badges=3,9,0,0,0,0,0,0,0
baked,9,baked=9,0,1,0,0,8,0,0,0
balcony,9,balcony=5; balconies=4,6,0,0,0,3,0,0,0
baleen,9,baleen=9,9,0,0,0,0,0,0,0
barrel,9,barrel=5; barrels=4,9,0,0,0,0,0,0,0
bathtub,9,bathtub=8; bathtubs=1,9,0,0,0,0,0,0,0
behaviour,9,behaviour=8; behaviours=1,9,0,0,0,0,0,0,0
belize,9,belize=9,0,9,0,0,0,0,0,0
bella,9,bella=9,1,8,0,0,0,0,0,0
bench,9,benches=6; bench=3,9,0,0,0,0,0,0,0
biologically,9,biologically=9,0,0,0,0,0,9,0,0
biotechnology,9,biotechnology=9,9,0,0,0,0,0,0,0
biotic,9,biotic=9,0,0,0,0,9,0,0,0
bizarre,9,bizarre=9,0,0,0,0,9,0,0,0
bored,9,bored=9,0,1,0,0,8,0,0,0
boredom,9,boredom=9,7,2,0,0,0,0,0,0
brochure,9,brochure=7; brochures=2,9,0,0,0,0,0,0,0
buea,9,buea=9,0,9,0,0,0,0,0,0
buzzing,9,buzzing=9,9,0,0,0,0,0,0,0
capitalism,9,capitalism=9,9,0,0,0,0,0,0,0
carcass,9,carcasses=5; carcass=4,9,0,0,0,0,0,0,0
caribou,9,caribou=9,6,3,0,0,0,0,0,0
carrion,9,carrion=9,9,0,0,0,0,0,0,0
casting,9,casting=8; castings=1,9,0,0,0,0,0,0,0
catfish,9,catfish=9,9,0,0,0,0,0,0,0
cautiously,9,cautiously=9,0,1,0,0,0,8,0,0
cease,9,ceased=4; cease=3; ceases=1; ceasing=1,1,0,8,0,0,0,0,0
challenges,9,challenges=9,0,9,0,0,0,0,0,0
childcare,9,childcare=9,9,0,0,0,0,0,0,0
christopher,9,christopher=9,0,9,0,0,0,0,0,0
cities,9,cities=9,0,9,0,0,0,0,0,0
civilian,9,civilian=9,2,0,0,0,7,0,0,0
cloudy,9,cloudy=9,0,0,0,0,9,0,0,0
coke,9,coke=9,7,1,1,0,0,0,0,0
colorless,9,colorless=9,0,0,0,0,9,0,0,0
columbian,9,columbian=9,0,5,0,0,4,0,0,0
coma,9,coma=9,9,0,0,0,0,0,0,0
commercialization,9,commercialization=9,8,1,0,0,0,0,0,0
commuting,9,commuting=9,9,0,0,0,0,0,0,0
competence,9,competence=9,8,1,0,0,0,0,0,0
complication,9,complications=6; complication=3,8,1,0,0,0,0,0,0
complimentary,9,complimentary=9,0,0,0,0,9,0,0,0
conditions,9,conditions=9,0,9,0,0,0,0,0,0
constituent,9,constituent=6; constituents=3,3,0,0,0,6,0,0,0
constructive,9,constructive=9,0,0,0,0,9,0,0,0
continual,9,continual=9,0,0,0,0,9,0,0,0
contributor,9,contributor=7; contributors=2,9,0,0,0,0,0,0,0
convincingly,9,convincingly=9,0,0,0,0,0,9,0,0
credibility,9,credibility=9,9,0,0,0,0,0,0,0
creek,9,creek=8; creeks=1,6,3,0,0,0,0,0,0
crest,9,crests=4; crest=3; crested=2,7,0,2,0,0,0,0,0
crewless,9,crewless=9,4,3,0,0,2,0,0,0
crumble,9,crumble=3; crumbled=3; crumbling=2; crumbles=1,0,0,9,0,0,0,0,0
cvd,9,cvd=9,0,9,0,0,0,0,0,0
cyprus,9,cyprus=9,0,9,0,0,0,0,0,0
dc,9,dc=9,0,9,0,0,0,0,0,0
deck,9,deck=4; decks=3; decked=2,7,0,2,0,0,0,0,0
decode,9,decoding=7; decode=2,0,0,9,0,0,0,0,0
definite,9,definite=9,0,0,0,0,9,0,0,0
deflect,9,deflect=5; deflected=2; deflecting=1; deflects=1,0,0,9,0,0,0,0,0
demic,9,demic=9,0,0,0,0,9,0,0,0
destabilize,9,destabilized=6; destabilize=2; destabilizing=1,0,0,9,0,0,0,0,0
digitize,9,digitized=4; digitize=3; digitizing=2,0,0,9,0,0,0,0,0
diploma,9,diploma=5; diplomas=4,9,0,0,0,0,0,0,0
dipper,9,dipper=9,0,9,0,0,0,0,0,0
disguise,9,disguise=5; disguised=2; disguises=1; disguising=1,1,0,7,0,1,0,0,0
dissipate,9,dissipate=6; dissipated=2; dissipating=1,0,0,9,0,0,0,0,0
distinctly,9,distinctly=9,0,0,0,0,0,9,0,0
divergence,9,divergence=9,9,0,0,0,0,0,0,0
drip,9,dripped=6; drip=2; drips=1,1,0,8,0,0,0,0,0
drown,9,drowning=4; drown=3; drowned=2,0,0,9,0,0,0,0,0
décima,9,décima=9,5,4,0,0,0,0,0,0
ecologically,9,ecologically=9,0,0,0,0,0,9,0,0
egalitarian,9,egalitarian=9,0,0,0,0,9,0,0,0
electrically,9,electrically=9,0,0,0,0,0,9,0,0
emerson,9,emerson=9,0,9,0,0,0,0,0,0
empirical,9,empirical=9,0,0,0,0,9,0,0,0
endless,9,endless=9,0,0,0,0,9,0,0,0
endosymbiont,9,endosymbionts=5; endosymbiont=4,7,1,0,0,1,0,0,0
enthusiast,9,enthusiasts=8; enthusiast=1,9,0,0,0,0,0,0,0
equality,9,equality=9,9,0,0,0,0,0,0,0
equatorial,9,equatorial=9,1,0,0,0,8,0,0,0
ethiopia,9,ethiopia=9,0,9,0,0,0,0,0,0
evil,9,evil=9,4,0,0,0,5,0,0,0
examples,9,examples=9,0,9,0,0,0,0,0,0
exemplify,9,exemplified=5; exemplifies=2; exemplify=2,0,0,9,0,0,0,0,0
experimenter,9,experimenter=5; experimenters=4,9,0,0,0,0,0,0,0
farley,9,farley=9,0,9,0,0,0,0,0,0
fecundity,9,fecundity=9,9,0,0,0,0,0,0,0
federate,9,federate=7; federates=2,8,0,0,0,1,0,0,0
feldspar,9,feldspar=9,9,0,0,0,0,0,0,0
ferment,9,ferment=5; fermented=4,0,0,8,0,1,0,0,0
forestry,9,forestry=9,9,0,0,0,0,0,0,0
forgot,9,forgot=9,3,0,6,0,0,0,0,0
foundational,9,foundational=9,0,0,0,0,9,0,0,0
fourier,9,fourier=9,0,9,0,0,0,0,0,0
fragmentary,9,fragmentary=9,0,0,0,0,9,0,0,0
fraught,9,fraught=9,1,0,0,0,8,0,0,0
freshly,9,freshly=9,0,0,0,0,0,9,0,0
frighten,9,frighten=5; frightened=4,0,0,9,0,0,0,0,0
galactic,9,galactic=9,0,1,0,0,8,0,0,0
garamantes,9,garamantes=9,0,9,0,0,0,0,0,0
garry,9,garry=9,0,9,0,0,0,0,0,0
garter,9,garter=9,9,0,0,0,0,0,0,0
gecko,9,gecko=6; geckos=3,9,0,0,0,0,0,0,0
generalize,9,generalize=3; generalized=3; generalizing=3,0,0,9,0,0,0,0,0
genotype,9,genotypes=9,9,0,0,0,0,0,0,0
geoengineere,9,geoengineering=9,0,0,9,0,0,0,0,0
geographer,9,geographers=6; geographer=3,9,0,0,0,0,0,0,0
gerbil,9,gerbils=9,9,0,0,0,0,0,0,0
glassmaking,9,glassmaking=9,7,2,0,0,0,0,0,0
gloomy,9,gloomy=9,0,0,0,0,9,0,0,0
grammatical,9,grammatical=9,0,0,0,0,9,0,0,0
grateful,9,grateful=9,0,0,0,0,9,0,0,0
gun,9,guns=5; gun=4,9,0,0,0,0,0,0,0
harpoon,9,harpoon=5; harpoons=4,9,0,0,0,0,0,0,0
hiroshige,9,hiroshige=9,0,9,0,0,0,0,0,0
hpht,9,hpht=9,0,9,0,0,0,0,0,0
hugely,9,hugely=9,0,0,0,0,0,9,0,0
hureyra,9,hureyra=9,0,9,0,0,0,0,0,0
hydrophobic,9,hydrophobic=9,2,1,1,0,5,0,0,0
hypnotist,9,hypnotist=9,9,0,0,0,0,0,0,0
immerse,9,immersed=6; immerse=2; immerses=1,0,0,9,0,0,0,0,0
immersion,9,immersion=9,9,0,0,0,0,0,0,0
importation,9,importation=9,9,0,0,0,0,0,0,0
inanimate,9,inanimate=9,1,0,2,0,6,0,0,0
incapable,9,incapable=9,0,0,0,0,9,0,0,0
inconsistency,9,inconsistency=6; inconsistencies=3,9,0,0,0,0,0,0,0
indefinitely,9,indefinitely=9,0,0,0,0,0,9,0,0
individualized,9,individualized=9,0,0,0,0,9,0,0,0
induction,9,induction=9,7,2,0,0,0,0,0,0
informatic,9,informatics=9,9,0,0,0,0,0,0,0
ingenious,9,ingenious=9,0,0,0,0,9,0,0,0
insects,9,insects=9,0,9,0,0,0,0,0,0
instant,9,instant=9,0,0,0,0,9,0,0,0
instinctual,9,instinctual=9,0,0,0,0,9,0,0,0
internally,9,internally=9,0,0,0,0,0,9,0,0
intrude,9,intruded=4; intrude=3; intruding=2,1,0,8,0,0,0,0,0
inundation,9,inundation=8; inundations=1,9,0,0,0,0,0,0,0
ipplepen,9,ipplepen=9,2,7,0,0,0,0,0,0
islamic,9,islamic=9,0,0,0,0,9,0,0,0
january,9,january=9,0,9,0,0,0,0,0,0
jonathan,9,jonathan=9,0,9,0,0,0,0,0,0
julie,9,julie=9,0,9,0,0,0,0,0,0
kandinsky,9,kandinsky=9,0,9,0,0,0,0,0,0
kate,9,kate=9,0,9,0,0,0,0,0,0
ken,9,ken=9,0,9,0,0,0,0,0,0
kerouac,9,kerouac=9,0,9,0,0,0,0,0,0
keynote,9,keynote=9,2,3,0,0,4,0,0,0
khipus,9,khipus=9,0,6,0,0,0,3,0,0
kim,9,kim=9,0,9,0,0,0,0,0,0
knitting,9,knitting=9,9,0,0,0,0,0,0,0
kritios,9,kritios=9,0,9,0,0,0,0,0,0
landholder,9,landholders=7; landholder=2,9,0,0,0,0,0,0,0
lapse,9,lapse=9,9,0,0,0,0,0,0,0
laura,9,laura=9,0,9,0,0,0,0,0,0
layered,9,layered=9,0,0,0,0,9,0,0,0
le,9,le=9,0,9,0,0,0,0,0,0
legion,9,legions=7; legion=2,7,2,0,0,0,0,0,0
leo,9,leo=9,0,9,0,0,0,0,0,0
lessen,9,lessen=4; lessened=2; lessens=2; lessening=1,1,0,8,0,0,0,0,0
lewis,9,lewis=9,0,9,0,0,0,0,0,0
lily,9,lilies=6; lily=3,7,2,0,0,0,0,0,0
lipid,9,lipids=6; lipid=3,9,0,0,0,0,0,0,0
livelihood,9,livelihood=8; livelihoods=1,9,0,0,0,0,0,0,0
logging,9,logging=9,8,1,0,0,0,0,0,0
lopez,9,lopez=9,0,9,0,0,0,0,0,0
lover,9,lovers=6; lover=3,8,1,0,0,0,0,0,0
lumber,9,lumber=6; lumbering=3,5,1,3,0,0,0,0,0
macaque,9,macaques=8; macaque=1,8,0,0,0,1,0,0,0
mada,9,mada=9,0,9,0,0,0,0,0,0
malfunction,9,malfunction=6; malfunctioned=2; malfunctioning=1,6,0,3,0,0,0,0,0
maltese,9,maltese=9,0,0,0,0,9,0,0,0
mammals,9,mammals=9,0,9,0,0,0,0,0,0
manageable,9,manageable=9,1,0,0,0,8,0,0,0
manchester,9,manchester=9,0,9,0,0,0,0,0,0
masters,9,masters=9,0,9,0,0,0,0,0,0
materials,9,materials=9,0,9,0,0,0,0,0,0
mayor,9,mayor=8; mayors=1,9,0,0,0,0,0,0,0
meditation,9,meditation=9,9,0,0,0,0,0,0,0
melanin,9,melanin=9,5,2,2,0,0,0,0,0
merchandise,9,merchandise=9,9,0,0,0,0,0,0,0
microsystem,9,microsystems=6; microsystem=3,9,0,0,0,0,0,0,0
millennial,9,millennials=7; millennial=2,7,0,0,0,2,0,0,0
minimalism,9,minimalism=9,8,1,0,0,0,0,0,0
mire,9,mire=5; mires=4,8,1,0,0,0,0,0,0
moderately,9,moderately=9,0,0,0,0,0,9,0,0
monoculture,9,monoculture=7; monocultures=2,8,1,0,0,0,0,0,0
moving,9,moving=9,7,1,0,0,1,0,0,0
muscular,9,muscular=9,0,0,0,0,9,0,0,0
mustang,9,mustangs=9,9,0,0,0,0,0,0,0
mycin,9,mycin=9,0,9,0,0,0,0,0,0
mythological,9,mythological=9,0,0,0,0,9,0,0,0
nacreous,9,nacreous=9,0,0,0,0,9,0,0,0
nasal,9,nasal=9,4,0,0,0,5,0,0,0
naturalism,9,naturalism=9,6,3,0,0,0,0,0,0
navigable,9,navigable=9,0,0,0,0,9,0,0,0
negotiate,9,negotiate=5; negotiated=3; negotiating=1,0,0,9,0,0,0,0,0
nettles,9,nettles=9,0,9,0,0,0,0,0,0
neural,9,neural=9,0,0,0,0,9,0,0,0
neutral,9,neutral=9,0,0,0,0,9,0,0,0
nostalgia,9,nostalgia=9,9,0,0,0,0,0,0,0
observational,9,observational=9,0,0,0,0,9,0,0,0
orbiter,9,orbiter=9,5,4,0,0,0,0,0,0
orson,9,orson=9,0,9,0,0,0,0,0,0
outnumber,9,outnumber=6; outnumbered=3,0,0,9,0,0,0,0,0
overhead,9,overhead=9,2,0,0,0,5,2,0,0
overkill,9,overkill=9,8,1,0,0,0,0,0,0
overshadow,9,overshadow=4; overshadowed=3; overshadowing=1; overshadows=1,0,0,9,0,0,0,0,0
painters,9,painters=9,0,9,0,0,0,0,0,0
parthians,9,parthians=9,0,9,0,0,0,0,0,0
passageway,9,passageway=5; passageways=4,9,0,0,0,0,0,0,0
passionate,9,passionate=9,0,0,0,0,9,0,0,0
patel,9,patel=9,0,9,0,0,0,0,0,0
patrick,9,patrick=9,0,9,0,0,0,0,0,0
pea,9,peas=8; pea=1,9,0,0,0,0,0,0,0
pei,9,pei=9,0,9,0,0,0,0,0,0
permian,9,permian=9,0,1,0,0,8,0,0,0
petition,9,petition=5; petitions=4,8,0,1,0,0,0,0,0
phaistos,9,phaistos=9,0,9,0,0,0,0,0,0
phenomena,9,phenomena=9,6,3,0,0,0,0,0,0
philippines,9,philippines=9,0,9,0,0,0,0,0,0
phlogiston,9,phlogiston=9,0,9,0,0,0,0,0,0
photosynthate,9,photosynthate=5; photosynthates=4,9,0,0,0,0,0,0,0
pianist,9,pianist=9,9,0,0,0,0,0,0,0
pipeline,9,pipelines=6; pipeline=3,9,0,0,0,0,0,0,0
pitcher,9,pitcher=9,9,0,0,0,0,0,0,0
planter,9,planters=9,9,0,0,0,0,0,0,0
plateau,9,plateau=9,5,4,0,0,0,0,0,0
pluralistic,9,pluralistic=9,0,0,0,0,9,0,0,0
poach,9,poaching=7; poached=2,0,0,9,0,0,0,0,0
poke,9,poked=4; poke=3; poking=2,0,0,9,0,0,0,0,0
polyamide,9,polyamide=9,7,0,0,0,2,0,0,0
portraiture,9,portraiture=9,8,0,1,0,0,0,0,0
practicality,9,practicality=9,9,0,0,0,0,0,0,0
predators,9,predators=9,0,9,0,0,0,0,0,0
printmaking,9,printmaking=9,9,0,0,0,0,0,0,0
problems,9,problems=9,0,9,0,0,0,0,0,0
processualist,9,processualists=8; processualist=1,8,0,0,0,1,0,0,0
promotional,9,promotional=9,0,2,0,0,7,0,0,0
promptly,9,promptly=9,0,0,0,0,0,9,0,0
protest,9,protest=4; protested=4; protesting=1,4,0,5,0,0,0,0,0
protocol,9,protocols=8; protocol=1,9,0,0,0,0,0,0,0
provenance,9,provenance=9,7,2,0,0,0,0,0,0
qing,9,qing=9,0,9,0,0,0,0,0,0
quaggas,9,quaggas=9,0,9,0,0,0,0,0,0
radial,9,radial=9,0,0,0,0,9,0,0,0
radiometric,9,radiometric=9,0,1,0,0,8,0,0,0
ramp,9,ramps=5; ramp=4,9,0,0,0,0,0,0,0
rano,9,rano=9,0,9,0,0,0,0,0,0
raraku,9,raraku=9,0,9,0,0,0,0,0,0
realization,9,realization=8; realizations=1,9,0,0,0,0,0,0,0
rebecca,9,rebecca=9,5,4,0,0,0,0,0,0
receipt,9,receipt=7; receipts=2,9,0,0,0,0,0,0,0
reception,9,reception=9,9,0,0,0,0,0,0,0
reddish,9,reddish=9,0,1,0,0,8,0,0,0
reliant,9,reliant=9,0,1,0,0,8,0,0,0
reorganize,9,reorganize=3; reorganized=3; reorganizing=3,0,0,9,0,0,0,0,0
repel,9,repels=5; repel=4,1,0,8,0,0,0,0,0
resonate,9,resonates=7; resonating=2,0,0,9,0,0,0,0,0
restock,9,restocked=4; restocking=3; restock=2,0,0,9,0,0,0,0,0
rhinos,9,rhinos=9,9,0,0,0,0,0,0,0
rifle,9,rifles=5; rifle=4,9,0,0,0,0,0,0,0
rig,9,rigs=7; rig=1; rigged=1,8,0,1,0,0,0,0,0
riley,9,riley=9,0,9,0,0,0,0,0,0
ringelmann,9,ringelmann=9,0,9,0,0,0,0,0,0
riverbank,9,riverbanks=8; riverbank=1,7,0,1,0,1,0,0,0
riverbed,9,riverbeds=5; riverbed=4,9,0,0,0,0,0,0,0
rivers,9,rivers=9,0,9,0,0,0,0,0,0
rob,9,rob=5; robbed=3; robs=1,1,3,5,0,0,0,0,0
rudimentary,9,rudimentary=9,0,0,0,0,9,0,0,0
résumé,9,résumé=9,5,0,0,0,4,0,0,0
saline,9,saline=9,7,0,0,0,2,0,0,0
salon,9,salon=6; salons=3,6,3,0,0,0,0,0,0
sandra,9,sandra=9,2,7,0,0,0,0,0,0
schmidt,9,schmidt=9,0,8,0,0,1,0,0,0
schooling,9,schooling=9,7,2,0,0,0,0,0,0
scientifically,9,scientifically=9,0,0,0,0,0,9,0,0
scn,9,scn=9,0,9,0,0,0,0,0,0
seam,9,seams=9,9,0,0,0,0,0,0,0
seawall,9,seawalls=9,9,0,0,0,0,0,0,0
secretary,9,secretary=8; secretaries=1,7,2,0,0,0,0,0,0
semiconductor,9,semiconductor=7; semiconductors=2,9,0,0,0,0,0,0,0
shale,9,shale=9,5,2,0,0,2,0,0,0
shatter,9,shatter=4; shattered=4; shattering=1,1,0,8,0,0,0,0,0
shaw,9,shaw=9,0,9,0,0,0,0,0,0
shortcoming,9,shortcomings=7; shortcoming=2,9,0,0,0,0,0,0,0
sika,9,sika=9,5,2,0,0,2,0,0,0
skiing,9,skiing=9,9,0,0,0,0,0,0,0
slippery,9,slippery=9,0,0,0,0,9,0,0,0
slowdown,9,slowdown=8; slowdowns=1,8,1,0,0,0,0,0,0
snowstorm,9,snowstorm=5; snowstorms=4,9,0,0,0,0,0,0,0
sociodramatic,9,sociodramatic=9,0,0,0,0,9,0,0,0
spare,9,spare=9,0,0,5,0,4,0,0,0
spectator,9,spectators=8; spectator=1,9,0,0,0,0,0,0,0
starter,9,starters=6; starter=3,6,0,0,0,3,0,0,0
sterilize,9,sterilized=5; sterilizing=3; sterilize=1,0,0,9,0,0,0,0,0
sting,9,sting=3; stings=3; stinging=2; stung=1,4,0,5,0,0,0,0,0
stoicism,9,stoicism=9,0,9,0,0,0,0,0,0
stratified,9,stratified=9,0,0,0,0,9,0,0,0
straw,9,straw=9,9,0,0,0,0,0,0,0
streaming,9,streaming=9,6,1,0,0,2,0,0,0
studiolo,9,studiolo=7; studiolos=2,6,3,0,0,0,0,0,0
suck,9,sucking=4; suck=2; sucked=2; sucks=1,0,0,9,0,0,0,0,0
summit,9,summits=5; summit=4,7,2,0,0,0,0,0,0
supermoon,9,supermoon=6; supermoons=3,9,0,0,0,0,0,0,0
syllable,9,syllables=9,9,0,0,0,0,0,0,0
symposium,9,symposium=9,9,0,0,0,0,0,0,0
synthesizer,9,synthesizers=8; synthesizer=1,9,0,0,0,0,0,0,0
syria,9,syria=9,0,9,0,0,0,0,0,0
tannin,9,tannins=8; tannin=1,8,1,0,0,0,0,0,0
tariff,9,tariffs=9,9,0,0,0,0,0,0,0
taxation,9,taxation=9,9,0,0,0,0,0,0,0
td,9,td=9,0,9,0,0,0,0,0,0
thoughtful,9,thoughtful=9,1,0,0,0,8,0,0,0
thrust,9,thrust=9,1,0,8,0,0,0,0,0
tile,9,tile=4; tiles=4; tiled=1,8,0,1,0,0,0,0,0
toddler,9,toddlers=9,9,0,0,0,0,0,0,0
toothbrush,9,toothbrush=7; toothbrushes=2,9,0,0,0,0,0,0,0
toss,9,toss=3; tossed=3; tossing=3,0,0,9,0,0,0,0,0
toucan,9,toucan=9,0,8,0,0,1,0,0,0
tranquility,9,tranquility=9,9,0,0,0,0,0,0,0
transplanted,9,transplanted=9,0,0,0,0,9,0,0,0
treadmill,9,treadmills=6; treadmill=3,9,0,0,0,0,0,0,0
tremendously,9,tremendously=9,0,0,0,0,0,9,0,0
tribrachidium,9,tribrachidium=9,2,7,0,0,0,0,0,0
tribute,9,tribute=6; tributes=3,9,0,0,0,0,0,0,0
trichromatic,9,trichromatic=9,0,1,0,0,8,0,0,0
trilogy,9,trilogy=9,9,0,0,0,0,0,0,0
triple,9,tripled=6; triple=3,0,0,6,0,3,0,0,0
trolley,9,trolley=5; trolleys=4,9,0,0,0,0,0,0,0
ttx,9,ttx=9,3,6,0,0,0,0,0,0
turner,9,turner=8; turners=1,1,8,0,0,0,0,0,0
turning,9,turning=9,9,0,0,0,0,0,0,0
tyler,9,tyler=9,0,9,0,0,0,0,0,0
unaffected,9,unaffected=9,0,0,0,0,9,0,0,0
underside,9,underside=6; undersides=3,8,0,0,0,1,0,0,0
underway,9,underway=9,0,0,0,0,8,1,0,0
unemployment,9,unemployment=9,9,0,0,0,0,0,0,0
unfinished,9,unfinished=9,0,0,0,0,9,0,0,0
unforeseen,9,unforeseen=9,0,1,3,0,5,0,0,0
unified,9,unified=9,0,0,0,0,9,0,0,0
uniformity,9,uniformity=9,9,0,0,0,0,0,0,0
unusable,9,unusable=9,0,0,0,0,9,0,0,0
upstream,9,upstream=9,2,0,0,0,6,1,0,0
urgency,9,urgency=9,7,1,0,0,1,0,0,0
utensil,9,utensils=9,8,0,1,0,0,0,0,0
verb,9,verb=6; verbs=3,9,0,0,0,0,0,0,0
vere,9,vere=9,1,8,0,0,0,0,0,0
versatile,9,versatile=9,1,0,0,0,8,0,0,0
veterinarian,9,veterinarian=6; veterinarians=3,9,0,0,0,0,0,0,0
vicinity,9,vicinity=9,9,0,0,0,0,0,0,0
victim,9,victims=6; victim=3,9,0,0,0,0,0,0,0
waterlogge,9,waterlogged=9,0,0,9,0,0,0,0,0
waxy,9,waxy=9,6,0,0,0,3,0,0,0
welfare,9,welfare=9,9,0,0,0,0,0,0,0
wetter,9,wetter=9,8,1,0,0,0,0,0,0
whaling,9,whaling=9,9,0,0,0,0,0,0,0
whereby,9,whereby=9,0,0,0,0,0,0,0,9
wholly,9,wholly=9,0,0,0,0,0,9,0,0
widow,9,widow=9,9,0,0,0,0,0,0,0
wil,9,wil=9,2,4,3,0,0,0,0,0
wilson,9,wilson=9,0,9,0,0,0,0,0,0
worlds,9,worlds=9,0,9,0,0,0,0,0,0
yearly,9,yearly=9,0,0,0,0,8,1,0,0
yeast,9,yeast=5; yeasts=4,9,0,0,0,0,0,0,0
yolk,9,yolk=9,8,0,1,0,0,0,0,0
abstraction,8,abstraction=7; abstractions=1,8,0,0,0,0,0,0,0
accountant,8,accountant=7; accountants=1,8,0,0,0,0,0,0,0
adept,8,adept=8,0,0,0,0,8,0,0,0
agenda,8,agenda=7; agendas=1,8,0,0,0,0,0,0,0
album,8,album=8,8,0,0,0,0,0,0,0
alchemy,8,alchemy=8,3,2,0,0,0,3,0,0
alex,8,alex=8,0,8,0,0,0,0,0,0
algal,8,algal=8,0,1,0,0,7,0,0,0
allocation,8,allocation=8,8,0,0,0,0,0,0,0
ally,8,allies=5; allied=1; ally=1; allying=1,6,0,2,0,0,0,0,0
alma,8,alma=8,0,8,0,0,0,0,0,0
alternatively,8,alternatively=8,0,0,0,0,0,8,0,0
amarna,8,amarna=8,0,8,0,0,0,0,0,0
amuse,8,amused=6; amuse=2,0,0,8,0,0,0,0,0
animation,8,animations=5; animation=3,8,0,0,0,0,0,0,0
annoying,8,annoying=8,0,0,0,0,8,0,0,0
appalachian,8,appalachian=8,0,7,0,0,1,0,0,0
appiah,8,appiah=8,0,8,0,0,0,0,0,0
apprenticeship,8,apprenticeship=7; apprenticeships=1,8,0,0,0,0,0,0,0
aquifer,8,aquifers=7; aquifer=1,8,0,0,0,0,0,0,0
arnold,8,arnold=8,0,8,0,0,0,0,0,0
arsenic,8,arsenic=8,0,1,0,0,7,0,0,0
artistically,8,artistically=8,0,0,0,0,0,8,0,0
artistry,8,artistry=8,8,0,0,0,0,0,0,0
aspire,8,aspiring=4; aspires=3; aspire=1,0,0,8,0,0,0,0,0
assembly,8,assembly=8,8,0,0,0,0,0,0,0
assyrian,8,assyrian=8,0,0,0,0,8,0,0,0
auklet,8,auklets=8,8,0,0,0,0,0,0,0
avoidance,8,avoidance=8,8,0,0,0,0,0,0,0
backing,8,backing=8,8,0,0,0,0,0,0,0
badis,8,badis=8,8,0,0,0,0,0,0,0
badly,8,badly=8,0,0,0,0,0,8,0,0
barometric,8,barometric=8,0,2,0,0,6,0,0,0
bdellovibrio,8,bdellovibrio=8,0,8,0,0,0,0,0,0
bedded,8,bedded=8,0,0,0,0,8,0,0,0
berbers,8,berbers=8,0,8,0,0,0,0,0,0
berlin,8,berlin=8,0,8,0,0,0,0,0,0
besserat,8,besserat=8,0,8,0,0,0,0,0,0
bilateral,8,bilateral=8,0,0,0,0,8,0,0,0
booklet,8,booklet=6; booklets=2,8,0,0,0,0,0,0,0
brahui,8,brahui=8,0,8,0,0,0,0,0,0
breadfruit,8,breadfruit=8,6,2,0,0,0,0,0,0
breast,8,breast=8,8,0,0,0,0,0,0,0
brent,8,brent=8,1,7,0,0,0,0,0,0
bt,8,bt=8,1,7,0,0,0,0,0,0
bumblebees,8,bumblebees=8,0,8,0,0,0,0,0,0
bureaucrat,8,bureaucrats=8,8,0,0,0,0,0,0,0
burghers,8,burghers=8,0,8,0,0,0,0,0,0
businessman,8,businessmen=6; businessman=2,8,0,0,0,0,0,0,0
butler,8,butler=8,0,8,0,0,0,0,0,0
campbell,8,campbell=8,0,8,0,0,0,0,0,0
canary,8,canary=8,0,8,0,0,0,0,0,0
capillary,8,capillary=8,0,0,0,0,8,0,0,0
carlos,8,carlos=8,0,8,0,0,0,0,0,0
carpenter,8,carpenters=5; carpenter=3,6,2,0,0,0,0,0,0
cdr,8,cdr=8,0,8,0,0,0,0,0,0
charlemagne,8,charlemagne=8,0,8,0,0,0,0,0,0
cheetah,8,cheetahs=5; cheetah=3,8,0,0,0,0,0,0,0
chen,8,chen=8,0,8,0,0,0,0,0,0
chico,8,chico=8,1,7,0,0,0,0,0,0
chiefdom,8,chiefdoms=8,8,0,0,0,0,0,0,0
chile,8,chile=8,0,8,0,0,0,0,0,0
chronic,8,chronic=8,0,0,0,0,8,0,0,0
circumference,8,circumference=8,8,0,0,0,0,0,0,0
clams,8,clams=8,7,1,0,0,0,0,0,0
clare,8,clare=8,0,8,0,0,0,0,0,0
clash,8,clash=3; clashes=3; clashed=1; clashing=1,3,0,5,0,0,0,0,0
clinical,8,clinical=8,0,0,0,0,8,0,0,0
clockwise,8,clockwise=8,8,0,0,0,0,0,0,0
closure,8,closure=7; closures=1,8,0,0,0,0,0,0,0
collagraph,8,collagraph=6; collagraphs=2,8,0,0,0,0,0,0,0
comeback,8,comeback=8,8,0,0,0,0,0,0,0
commander,8,commander=5; commanders=3,7,1,0,0,0,0,0,0
communicative,8,communicative=8,0,0,0,0,8,0,0,0
compaction,8,compaction=8,8,0,0,0,0,0,0,0
competent,8,competent=8,0,0,0,0,8,0,0,0
conditioner,8,conditioner=5; conditioners=3,8,0,0,0,0,0,0,0
connelly,8,connelly=8,0,7,0,0,0,1,0,0
consistency,8,consistency=8,8,0,0,0,0,0,0,0
contradiction,8,contradiction=5; contradictions=3,8,0,0,0,0,0,0,0
copán,8,copán=8,0,8,0,0,0,0,0,0
cordilleran,8,cordilleran=8,0,8,0,0,0,0,0,0
corrosive,8,corrosive=8,0,0,0,0,8,0,0,0
counterproof,8,counterproofs=5; counterproof=3,8,0,0,0,0,0,0,0
crank,8,crank=5; cranked=1; cranking=1; cranks=1,6,0,2,0,0,0,0,0
cultivator,8,cultivators=8,8,0,0,0,0,0,0,0
curb,8,curb=7; curbs=1,8,0,0,0,0,0,0,0
cure,8,cure=6; curing=2,2,0,6,0,0,0,0,0
cyclone,8,cyclones=6; cyclone=2,8,0,0,0,0,0,0,0
cylindrical,8,cylindrical=8,0,0,0,0,8,0,0,0
daydreaming,8,daydreaming=8,6,2,0,0,0,0,0,0
deceive,8,deceived=3; deceiving=3; deceive=2,0,0,8,0,0,0,0,0
defect,8,defect=4; defects=4,8,0,0,0,0,0,0,0
definitive,8,definitive=8,0,0,0,0,8,0,0,0
demise,8,demise=8,8,0,0,0,0,0,0,0
denis,8,denis=8,0,8,0,0,0,0,0,0
dent,8,dent=8,5,3,0,0,0,0,0,0
desirability,8,desirability=8,8,0,0,0,0,0,0,0
desking,8,desking=8,7,1,0,0,0,0,0,0
diagnosis,8,diagnosis=5; diagnoses=3,8,0,0,0,0,0,0,0
dice,8,dice=8,8,0,0,0,0,0,0,0
dilution,8,dilution=8,8,0,0,0,0,0,0,0
diseased,8,diseased=8,0,0,0,0,8,0,0,0
dissatisfied,8,dissatisfied=8,0,1,0,0,7,0,0,0
dissimilar,8,dissimilar=8,0,0,0,0,8,0,0,0
domination,8,domination=8,8,0,0,0,0,0,0,0
donald,8,donald=8,0,8,0,0,0,0,0,0
drawer,8,drawer=8,8,0,0,0,0,0,0,0
drone,8,drone=4; drones=4,8,0,0,0,0,0,0,0
dump,8,dumped=4; dump=3; dumps=1,3,0,5,0,0,0,0,0
dune,8,dunes=6; dune=2,7,0,0,0,1,0,0,0
dweller,8,dwellers=8,8,0,0,0,0,0,0,0
dwindle,8,dwindled=3; dwindling=3; dwindle=2,2,0,6,0,0,0,0,0
dynamo,8,dynamo=8,7,1,0,0,0,0,0,0
eastgate,8,eastgate=8,0,8,0,0,0,0,0,0
electrostatic,8,electrostatic=8,0,0,0,0,8,0,0,0
elusive,8,elusive=8,0,0,0,0,8,0,0,0
emery,8,emery=8,3,5,0,0,0,0,0,0
emma,8,emma=8,0,8,0,0,0,0,0,0
enigmatic,8,enigmatic=8,0,0,0,0,8,0,0,0
entitle,8,entitled=8,0,0,8,0,0,0,0,0
ephemeral,8,ephemeral=6; ephemerals=2,4,0,1,0,3,0,0,0
ernst,8,ernst=8,0,8,0,0,0,0,0,0
et,8,et=8,8,0,0,0,0,0,0,0
ethnic,8,ethnic=8,0,0,0,0,8,0,0,0
etruscan,8,etruscan=8,0,0,0,0,8,0,0,0
eubacteria,8,eubacteria=8,5,2,0,0,1,0,0,0
exaggeration,8,exaggeration=5; exaggerations=3,7,1,0,0,0,0,0,0
excellence,8,excellence=8,7,1,0,0,0,0,0,0
excluder,8,excluders=6; excluder=2,8,0,0,0,0,0,0,0
excrete,8,excrete=6; excreted=2,0,0,7,0,1,0,0,0
expenditure,8,expenditure=7; expenditures=1,8,0,0,0,0,0,0,0
extracellular,8,extracellular=8,0,0,0,0,8,0,0,0
facilitation,8,facilitation=8,7,1,0,0,0,0,0,0
facilitator,8,facilitator=4; facilitators=4,8,0,0,0,0,0,0,0
fairness,8,fairness=8,8,0,0,0,0,0,0,0
faithfully,8,faithfully=8,0,0,0,0,0,8,0,0
fallow,8,fallow=8,1,0,0,0,7,0,0,0
famously,8,famously=8,0,0,0,0,0,8,0,0
fearful,8,fearful=8,0,0,0,0,8,0,0,0
february,8,february=8,0,8,0,0,0,0,0,0
ferghana,8,ferghana=8,0,8,0,0,0,0,0,0
fibrous,8,fibrous=8,0,0,0,0,8,0,0,0
firing,8,firing=7; firings=1,8,0,0,0,0,0,0,0
flask,8,flask=6; flasks=2,8,0,0,0,0,0,0,0
floodwater,8,floodwaters=8,8,0,0,0,0,0,0,0
flying,8,flying=8,7,1,0,0,0,0,0,0
frontal,8,frontal=8,0,0,0,0,8,0,0,0
fujita,8,fujita=8,0,8,0,0,0,0,0,0
functionality,8,functionality=8,8,0,0,0,0,0,0,0
fuzzy,8,fuzzy=7; fuzzier=1,0,0,0,0,8,0,0,0
gammon,8,gammon=8,0,8,0,0,0,0,0,0
gangi,8,gangi=8,0,8,0,0,0,0,0,0
gaudens,8,gaudens=8,0,8,0,0,0,0,0,0
genus,8,genus=8,8,0,0,0,0,0,0,0
geometry,8,geometry=8,8,0,0,0,0,0,0,0
glimpse,8,glimpse=4; glimpses=4,8,0,0,0,0,0,0,0
goddard,8,goddard=8,0,8,0,0,0,0,0,0
gogo,8,gogo=8,0,8,0,0,0,0,0,0
gordon,8,gordon=8,0,8,0,0,0,0,0,0
gorgeous,8,gorgeous=8,0,1,0,0,7,0,0,0
greater,8,greater=8,0,7,0,0,0,1,0,0
groups,8,groups=8,0,8,0,0,0,0,0,0
handy,8,handy=8,1,0,0,0,7,0,0,0
hardship,8,hardship=6; hardships=2,8,0,0,0,0,0,0,0
harmonic,8,harmonic=8,0,2,0,0,6,0,0,0
hate,8,hate=8,0,0,8,0,0,0,0,0
haze,8,haze=8,7,0,0,0,1,0,0,0
headphone,8,headphones=8,8,0,0,0,0,0,0,0
helmet,8,helmet=6; helmets=2,8,0,0,0,0,0,0,0
hemispherical,8,hemispherical=8,0,0,0,0,8,0,0,0
heroic,8,heroic=8,0,0,0,0,8,0,0,0
hibernator,8,hibernators=7; hibernator=1,8,0,0,0,0,0,0,0
hieratic,8,hieratic=8,0,0,0,0,8,0,0,0
himid,8,himid=8,0,8,0,0,0,0,0,0
homeowner,8,homeowner=5; homeowners=3,8,0,0,0,0,0,0,0
horseback,8,horseback=8,8,0,0,0,0,0,0,0
hugh,8,hugh=8,1,7,0,0,0,0,0,0
hughes,8,hughes=8,0,8,0,0,0,0,0,0
hydraulic,8,hydraulic=8,1,0,0,0,7,0,0,0
hydroelectric,8,hydroelectric=8,0,0,0,0,8,0,0,0
hypnotized,8,hypnotized=8,0,2,0,0,6,0,0,0
ideas,8,ideas=8,0,8,0,0,0,0,0,0
igloos,8,igloos=8,5,2,1,0,0,0,0,0
ignite,8,ignited=5; ignite=2; ignites=1,0,0,8,0,0,0,0,0
ignorance,8,ignorance=8,8,0,0,0,0,0,0,0
illumination,8,illumination=8,8,0,0,0,0,0,0,0
images,8,images=8,0,8,0,0,0,0,0,0
immigrate,8,immigrated=6; immigrating=2,0,0,8,0,0,0,0,0
implementation,8,implementation=7; implementations=1,8,0,0,0,0,0,0,0
incident,8,incident=6; incidents=2,8,0,0,0,0,0,0,0
inconclusive,8,inconclusive=8,0,0,0,0,8,0,0,0
infusion,8,infusion=8,8,0,0,0,0,0,0,0
inn,8,inn=5; inns=3,6,2,0,0,0,0,0,0
innkeeper,8,innkeepers=8,7,0,1,0,0,0,0,0
insignificant,8,insignificant=8,0,0,0,0,8,0,0,0
intensely,8,intensely=8,0,0,0,0,0,8,0,0
interdependence,8,interdependence=8,8,0,0,0,0,0,0,0
interglaciation,8,interglaciations=8,8,0,0,0,0,0,0,0
intervene,8,intervene=4; intervening=3; intervenes=1,0,0,8,0,0,0,0,0
intimate,8,intimate=8,0,0,0,0,8,0,0,0
intimidate,8,intimidated=3; intimidating=3; intimidate=2,0,0,8,0,0,0,0,0
intraplate,8,intraplate=8,0,4,0,0,4,0,0,0
iran,8,iran=8,0,8,0,0,0,0,0,0
irregularity,8,irregularities=7; irregularity=1,8,0,0,0,0,0,0,0
javelin,8,javelin=6; javelins=2,6,2,0,0,0,0,0,0
jeffrey,8,jeffrey=8,0,8,0,0,0,0,0,0
jenny,8,jenny=8,0,8,0,0,0,0,0,0
juan,8,juan=8,0,8,0,0,0,0,0,0
julius,8,julius=8,0,8,0,0,0,0,0,0
karl,8,karl=8,0,8,0,0,0,0,0,0
kettlewell,8,kettlewell=8,0,8,0,0,0,0,0,0
kit,8,kit=4; kits=4,8,0,0,0,0,0,0,0
kngwarreye,8,kngwarreye=8,0,8,0,0,0,0,0,0
krait,8,kraits=8,8,0,0,0,0,0,0,0
krill,8,krill=8,6,2,0,0,0,0,0,0
lactic,8,lactic=8,0,0,0,0,8,0,0,0
landing,8,landing=8,8,0,0,0,0,0,0,0
lap,8,lap=4; laps=4,7,0,1,0,0,0,0,0
layering,8,layering=8,8,0,0,0,0,0,0,0
lazy,8,lazy=7; lazier=1,0,0,0,0,8,0,0,0
legitimacy,8,legitimacy=8,8,0,0,0,0,0,0,0
libby,8,libby=8,0,8,0,0,0,0,0,0
liberal,8,liberal=6; liberals=2,2,0,0,0,6,0,0,0
liberty,8,liberty=6; liberties=2,8,0,0,0,0,0,0,0
lifelike,8,lifelike=8,0,0,0,0,6,2,0,0
lignin,8,lignin=8,1,6,1,0,0,0,0,0
longevity,8,longevity=8,8,0,0,0,0,0,0,0
louise,8,louise=8,1,7,0,0,0,0,0,0
lyric,8,lyrics=8,8,0,0,0,0,0,0,0
macronutrient,8,macronutrient=4; macronutrients=4,8,0,0,0,0,0,0,0
manufactured,8,manufactured=8,0,1,0,0,7,0,0,0
marketer,8,marketers=8,8,0,0,0,0,0,0,0
masking,8,masking=8,5,3,0,0,0,0,0,0
mastery,8,mastery=8,8,0,0,0,0,0,0,0
meltzoff,8,meltzoff=8,0,8,0,0,0,0,0,0
mentally,8,mentally=8,0,0,0,0,0,8,0,0
meshing,8,meshing=8,8,0,0,0,0,0,0,0
messy,8,messy=8,0,1,0,0,7,0,0,0
meticulously,8,meticulously=8,0,0,0,0,0,8,0,0
microcapsule,8,microcapsules=7; microcapsule=1,8,0,0,0,0,0,0,0
milan,8,milan=8,0,8,0,0,0,0,0,0
miro,8,miro=8,0,8,0,0,0,0,0,0
missouri,8,missouri=8,0,8,0,0,0,0,0,0
mla,8,mla=8,0,8,0,0,0,0,0,0
modernize,8,modernize=5; modernizing=3,0,0,8,0,0,0,0,0
monochromatic,8,monochromatic=8,0,0,0,0,8,0,0,0
monteverde,8,monteverde=8,0,8,0,0,0,0,0,0
moravian,8,moravian=8,0,7,0,0,1,0,0,0
mover,8,movers=6; mover=2,7,0,0,0,1,0,0,0
musicians,8,musicians=8,0,8,0,0,0,0,0,0
nahl,8,nahl=8,0,8,0,0,0,0,0,0
nanomaterial,8,nanomaterials=5; nanomaterial=3,8,0,0,0,0,0,0,0
nap,8,naps=4; nap=3; napping=1,7,0,1,0,0,0,0,0
nazca,8,nazca=8,0,8,0,0,0,0,0,0
newborn,8,newborn=4; newborns=4,5,0,0,0,3,0,0,0
nobleman,8,noblemen=5; nobleman=3,8,0,0,0,0,0,0,0
nomadism,8,nomadism=8,8,0,0,0,0,0,0,0
nostril,8,nostrils=8,8,0,0,0,0,0,0,0
notification,8,notification=4; notifications=4,7,1,0,0,0,0,0,0
nursery,8,nurseries=4; nursery=4,8,0,0,0,0,0,0,0
observations,8,observations=8,0,8,0,0,0,0,0,0
oily,8,oily=8,0,1,0,0,7,0,0,0
operational,8,operational=8,1,0,0,0,7,0,0,0
optimum,8,optimum=8,1,0,0,0,7,0,0,0
optional,8,optional=8,0,1,0,0,7,0,0,0
oresteia,8,oresteia=8,0,8,0,0,0,0,0,0
originality,8,originality=8,8,0,0,0,0,0,0,0
osmoconformer,8,osmoconformers=7; osmoconformer=1,8,0,0,0,0,0,0,0
overestimate,8,overestimate=4; overestimated=4,0,0,8,0,0,0,0,0
ovule,8,ovules=6; ovule=2,8,0,0,0,0,0,0,0
oxidize,8,oxidize=3; oxidized=2; oxidizing=2; oxidizes=1,0,0,8,0,0,0,0,0
parisian,8,parisian=8,0,4,0,0,4,0,0,0
parliament,8,parliament=8,0,8,0,0,0,0,0,0
partition,8,partition=5; partitioning=2; partitions=1,6,0,2,0,0,0,0,0
patination,8,patination=7; patinations=1,8,0,0,0,0,0,0,0
pcb,8,pcbs=8,8,0,0,0,0,0,0,0
petraglia,8,petraglia=8,0,8,0,0,0,0,0,0
photosynthetic,8,photosynthetic=8,0,0,0,0,8,0,0,0
physic,8,physics=8,8,0,0,0,0,0,0,0
pie,8,pie=8,7,1,0,0,0,0,0,0
pilfer,8,pilfered=5; pilfering=2; pilfer=1,0,0,8,0,0,0,0,0
pirate,8,pirates=8,8,0,0,0,0,0,0,0
pleasing,8,pleasing=8,1,0,0,0,7,0,0,0
pledge,8,pledges=7; pledged=1,7,0,1,0,0,0,0,0
plutonium,8,plutonium=8,8,0,0,0,0,0,0,0
poacher,8,poachers=8,8,0,0,0,0,0,0,0
policymaker,8,policymakers=8,8,0,0,0,0,0,0,0
polluter,8,polluters=7; polluter=1,8,0,0,0,0,0,0,0
polynesia,8,polynesia=8,0,8,0,0,0,0,0,0
ponderosa,8,ponderosa=8,0,3,0,0,5,0,0,0
postmodernism,8,postmodernism=8,4,4,0,0,0,0,0,0
potent,8,potent=8,0,0,0,0,8,0,0,0
prawn,8,prawns=8,8,0,0,0,0,0,0,0
precursor,8,precursor=5; precursors=3,8,0,0,0,0,0,0,0
predominantly,8,predominantly=8,0,0,0,0,0,8,0,0
preferable,8,preferable=8,0,0,0,0,8,0,0,0
prefrontal,8,prefrontal=8,0,0,0,0,8,0,0,0
preschooler,8,preschoolers=7; preschooler=1,8,0,0,0,0,0,0,0
primavera,8,primavera=8,1,7,0,0,0,0,0,0
prime,8,prime=8,1,0,0,0,7,0,0,0
prince,8,prince=8,4,4,0,0,0,0,0,0
printmake,8,printmaking=8,0,0,8,0,0,0,0,0
proboscidean,8,proboscidean=4; proboscideans=4,4,0,0,0,4,0,0,0
professionally,8,professionally=8,0,0,0,0,0,8,0,0
prominence,8,prominence=8,8,0,0,0,0,0,0,0
pronounce,8,pronounced=6; pronounce=2,0,0,8,0,0,0,0,0
prosper,8,prospered=5; prosper=2; prospers=1,1,0,7,0,0,0,0,0
publishing,8,publishing=8,7,1,0,0,0,0,0,0
puya,8,puya=8,0,8,0,0,0,0,0,0
quantitative,8,quantitative=8,0,0,0,0,8,0,0,0
quieter,8,quieter=8,8,0,0,0,0,0,0,0
quilting,8,quilting=8,7,1,0,0,0,0,0,0
quotation,8,quotation=7; quotations=1,8,0,0,0,0,0,0,0
raid,8,raiding=4; raided=2; raid=1; raids=1,1,0,7,0,0,0,0,0
raimondii,8,raimondii=8,8,0,0,0,0,0,0,0
raising,8,raising=8,6,2,0,0,0,0,0,0
rebirth,8,rebirth=8,8,0,0,0,0,0,0,0
recap,8,recap=8,7,0,1,0,0,0,0,0
recede,8,recede=4; receded=3; recedes=1,1,0,6,0,1,0,0,0
recipient,8,recipient=4; recipients=4,8,0,0,0,0,0,0,0
reciprocity,8,reciprocity=8,8,0,0,0,0,0,0,0
recycled,8,recycled=8,0,0,0,0,8,0,0,0
refined,8,refined=8,0,0,0,0,8,0,0,0
rejection,8,rejection=8,8,0,0,0,0,0,0,0
reopen,8,reopen=4; reopens=2; reopened=1; reopening=1,0,1,7,0,0,0,0,0
required,8,required=8,0,1,0,0,7,0,0,0
residency,8,residency=8,8,0,0,0,0,0,0,0
revolve,8,revolves=4; revolving=2; revolve=1; revolved=1,1,0,7,0,0,0,0,0
rhone,8,rhone=8,0,8,0,0,0,0,0,0
rhyme,8,rhyme=5; rhyming=3,4,1,3,0,0,0,0,0
richardson,8,richardson=8,0,8,0,0,0,0,0,0
ridership,8,ridership=8,8,0,0,0,0,0,0,0
rocks,8,rocks=8,0,8,0,0,0,0,0,0
santorini,8,santorini=8,0,8,0,0,0,0,0,0
sap,8,sap=8,4,3,1,0,0,0,0,0
sawyer,8,sawyer=8,1,7,0,0,0,0,0,0
scorpion,8,scorpions=5; scorpion=3,8,0,0,0,0,0,0,0
scott,8,scott=8,0,8,0,0,0,0,0,0
sculptural,8,sculptural=8,0,0,0,0,8,0,0,0
semi,8,semi=8,0,1,0,0,7,0,0,0
seravezza,8,seravezza=8,0,8,0,0,0,0,0,0
shading,8,shading=8,8,0,0,0,0,0,0,0
sheer,8,sheer=8,0,0,0,0,8,0,0,0
sheltered,8,sheltered=8,0,0,0,0,8,0,0,0
shubun,8,shubun=8,1,7,0,0,0,0,0,0
signify,8,signify=7; signifying=1,1,0,7,0,0,0,0,0
silverware,8,silverware=8,8,0,0,0,0,0,0,0
simplistic,8,simplistic=8,0,0,0,0,8,0,0,0
sizable,8,sizable=8,0,1,0,0,7,0,0,0
smalt,8,smalt=8,5,0,0,0,3,0,0,0
snap,8,snap=4; snapped=3; snaps=1,1,0,6,0,1,0,0,0
snapper,8,snapper=5; snappers=3,7,0,0,0,1,0,0,0
sophistication,8,sophistication=8,8,0,0,0,0,0,0,0
southerly,8,southerly=8,0,2,0,0,4,2,0,0
soybean,8,soybeans=6; soybean=2,8,0,0,0,0,0,0,0
spacious,8,spacious=8,0,0,0,0,8,0,0,0
spectacle,8,spectacle=6; spectacles=2,8,0,0,0,0,0,0,0
spicy,8,spicy=7; spicier=1,2,1,0,0,5,0,0,0
spreadsheet,8,spreadsheets=6; spreadsheet=2,8,0,0,0,0,0,0,0
srm,8,srm=8,0,8,0,0,0,0,0,0
statuary,8,statuary=8,6,0,0,0,2,0,0,0
stephen,8,stephen=8,0,8,0,0,0,0,0,0
stitch,8,stitch=3; stitches=3; stitched=2,4,0,4,0,0,0,0,0
stravinsky,8,stravinsky=8,0,8,0,0,0,0,0,0
structurally,8,structurally=8,0,0,0,0,0,8,0,0
stumble,8,stumble=3; stumbled=3; stumbles=2,1,0,6,0,1,0,0,0
stunt,8,stunted=6; stunts=2,1,0,7,0,0,0,0,0
subcontinent,8,subcontinent=8,8,0,0,0,0,0,0,0
substrate,8,substrate=4; substrates=4,8,0,0,0,0,0,0,0
subtly,8,subtly=8,0,0,0,0,0,8,0,0
sufficiency,8,sufficiency=8,8,0,0,0,0,0,0,0
sundays,8,sundays=8,0,8,0,0,0,0,0,0
sunglass,8,sunglasses=8,8,0,0,0,0,0,0,0
survivorship,8,survivorship=8,8,0,0,0,0,0,0,0
susanna,8,susanna=8,0,8,0,0,0,0,0,0
swimmer,8,swimmers=6; swimmer=2,8,0,0,0,0,0,0,0
symphony,8,symphony=8,5,2,0,0,1,0,0,0
syonomone,8,syonomone=8,8,0,0,0,0,0,0,0
systematically,8,systematically=8,0,0,0,0,0,8,0,0
tackle,8,tackle=7; tackled=1,0,0,8,0,0,0,0,0
taiwan,8,taiwan=8,0,8,0,0,0,0,0,0
tan,8,tan=3; tanning=3; tans=2,2,3,3,0,0,0,0,0
tanguy,8,tanguy=8,0,8,0,0,0,0,0,0
tasting,8,tasting=8,8,0,0,0,0,0,0,0
thaw,8,thaw=4; thawing=2; thaws=2,4,0,4,0,0,0,0,0
thief,8,thieves=7; thief=1,8,0,0,0,0,0,0,0
tit,8,tits=8,8,0,0,0,0,0,0,0
tools,8,tools=8,0,8,0,0,0,0,0,0
transcend,8,transcend=7; transcends=1,0,0,8,0,0,0,0,0
translucent,8,translucent=8,0,0,0,0,8,0,0,0
transmitter,8,transmitters=6; transmitter=2,8,0,0,0,0,0,0,0
transplant,8,transplants=4; transplant=2; transplanted=1; transplanting=1,4,0,4,0,0,0,0,0
trophic,8,trophic=8,1,1,0,0,6,0,0,0
tucson,8,tucson=8,0,8,0,0,0,0,0,0
tumbling,8,tumbling=8,7,0,0,0,1,0,0,0
turf,8,turf=8,7,0,0,0,1,0,0,0
turkish,8,turkish=8,0,1,0,0,7,0,0,0
types,8,types=8,0,8,0,0,0,0,0,0
uluburun,8,uluburun=8,0,8,0,0,0,0,0,0
unattractive,8,unattractive=8,0,0,0,0,8,0,0,0
undeveloped,8,undeveloped=8,0,1,0,0,7,0,0,0
undisturbed,8,undisturbed=8,0,0,0,0,8,0,0,0
uniqueness,8,uniqueness=8,8,0,0,0,0,0,0,0
unpaid,8,unpaid=8,0,0,0,0,8,0,0,0
unravel,8,unravel=6; unraveled=2,0,0,7,0,1,0,0,0
upcycle,8,upcycling=8,0,0,8,0,0,0,0,0
uplift,8,uplift=7; uplifting=1,5,0,3,0,0,0,0,0
urine,8,urine=8,8,0,0,0,0,0,0,0
utah,8,utah=8,0,8,0,0,0,0,0,0
utilitarianism,8,utilitarianism=8,7,1,0,0,0,0,0,0
validity,8,validity=8,8,0,0,0,0,0,0,0
varie,8,varies=8,8,0,0,0,0,0,0,0
viceroy,8,viceroy=8,1,7,0,0,0,0,0,0
viewing,8,viewing=8,8,0,0,0,0,0,0,0
violence,8,violence=8,8,0,0,0,0,0,0,0
visigoths,8,visigoths=8,0,8,0,0,0,0,0,0
vivant,8,vivants=5; vivant=3,8,0,0,0,0,0,0,0
volcanically,8,volcanically=8,0,0,0,0,0,8,0,0
vygotsky,8,vygotsky=8,0,8,0,0,0,0,0,0
wallaby,8,wallaby=6; wallabies=2,7,1,0,0,0,0,0,0
walt,8,walt=8,0,8,0,0,0,0,0,0
warship,8,warship=4; warships=4,8,0,0,0,0,0,0,0
watery,8,watery=8,0,0,0,0,8,0,0,0
weber,8,weber=8,0,8,0,0,0,0,0,0
wintering,8,wintering=8,8,0,0,0,0,0,0,0
works,8,works=8,0,8,0,0,0,0,0,0
workspace,8,workspace=7; workspaces=1,8,0,0,0,0,0,0,0
worthy,8,worthy=8,0,0,0,0,8,0,0,0
xenophon,8,xenophon=8,0,8,0,0,0,0,0,0
zigzag,8,zigzag=7; zigzags=1,4,4,0,0,0,0,0,0
zwart,8,zwart=7; zwarts=1,1,7,0,0,0,0,0,0
abandonment,7,abandonment=7,7,0,0,0,0,0,0,0
abelard,7,abelard=7,0,7,0,0,0,0,0,0
accessibility,7,accessibility=7,7,0,0,0,0,0,0,0
accomplished,7,accomplished=7,0,0,0,0,7,0,0,0
accrete,7,accreted=4; accreting=2; accrete=1,0,0,7,0,0,0,0,0
accustom,7,accustomed=7,0,0,7,0,0,0,0,0
additive,7,additives=4; additive=3,6,0,0,0,1,0,0,0
adjoining,7,adjoining=7,1,0,0,0,6,0,0,0
adversely,7,adversely=7,0,0,0,0,0,7,0,0
aeroponic,7,aeroponic=7,0,0,0,0,7,0,0,0
affluent,7,affluent=7,1,0,0,0,6,0,0,0
aggression,7,aggression=7,7,0,0,0,0,0,0,0
agile,7,agile=7,0,0,0,0,7,0,0,0
aha,7,aha=7,0,6,0,0,0,0,0,1
airflow,7,airflow=7,2,0,0,0,1,4,0,0
akin,7,akin=7,0,0,0,0,7,0,0,0
albedo,7,albedo=7,0,7,0,0,0,0,0,0
alignment,7,alignment=4; alignments=3,7,0,0,0,0,0,0,0
allata,7,allata=7,2,3,0,0,2,0,0,0
alleviate,7,alleviate=6; alleviated=1,1,0,6,0,0,0,0,0
alternation,7,alternation=6; alternations=1,7,0,0,0,0,0,0,0
amazingly,7,amazingly=7,0,1,0,0,0,6,0,0
amsterdam,7,amsterdam=7,0,7,0,0,0,0,0,0
angler,7,angler=7,0,2,0,0,5,0,0,0
announcer,7,announcer=7,7,0,0,0,0,0,0,0
anoura,7,anoura=7,0,7,0,0,0,0,0,0
antique,7,antique=5; antiques=2,3,0,0,0,4,0,0,0
antiquity,7,antiquity=6; antiquities=1,7,0,0,0,0,0,0,0
anytime,7,anytime=7,0,0,0,0,0,7,0,0
apparatus,7,apparatus=6; apparatuses=1,7,0,0,0,0,0,0,0
aquinas,7,aquinas=7,0,7,0,0,0,0,0,0
ascent,7,ascent=7,6,1,0,0,0,0,0,0
assyrians,7,assyrians=7,0,7,0,0,0,0,0,0
athenian,7,athenian=7,0,2,0,0,5,0,0,0
attribution,7,attribution=7,7,0,0,0,0,0,0,0
autobiographical,7,autobiographical=7,0,0,0,0,7,0,0,0
awkward,7,awkward=7,0,0,0,0,7,0,0,0
backup,7,backup=7,4,0,0,0,3,0,0,0
backyard,7,backyard=4; backyards=3,6,1,0,0,0,0,0,0
beg,7,begging=4; beg=2; begged=1,0,0,7,0,0,0,0,0
beringia,7,beringia=7,0,7,0,0,0,0,0,0
bihai,7,bihai=7,5,2,0,0,0,0,0,0
biofuel,7,biofuel=4; biofuels=3,6,0,0,0,1,0,0,0
biomimetic,7,biomimetics=7,7,0,0,0,0,0,0,0
birch,7,birch=5; birches=2,5,2,0,0,0,0,0,0
biting,7,biting=7,2,0,0,0,5,0,0,0
blight,7,blight=7,7,0,0,0,0,0,0,0
blubber,7,blubber=7,3,4,0,0,0,0,0,0
boast,7,boasted=6; boasts=1,1,0,6,0,0,0,0,0
bob,7,bob=7,0,7,0,0,0,0,0,0
bombus,7,bombus=7,0,7,0,0,0,0,0,0
botticelli,7,botticelli=7,0,7,0,0,0,0,0,0
bottled,7,bottled=7,0,0,0,0,7,0,0,0
bradford,7,bradford=7,0,7,0,0,0,0,0,0
bradley,7,bradley=7,1,6,0,0,0,0,0,0
branding,7,branding=7,6,0,0,0,1,0,0,0
breadth,7,breadth=7,7,0,0,0,0,0,0,0
brighten,7,brighten=5; brightened=1; brightens=1,0,0,7,0,0,0,0,0
bruegel,7,bruegel=7,0,7,0,0,0,0,0,0
buffalo,7,buffalo=7,3,3,0,0,1,0,0,0
bureaucracy,7,bureaucracy=4; bureaucracies=3,7,0,0,0,0,0,0,0
caffeine,7,caffeine=7,7,0,0,0,0,0,0,0
calcite,7,calcite=7,5,1,0,0,1,0,0,0
cambrian,7,cambrian=7,0,3,0,0,4,0,0,0
cameroon,7,cameroon=7,0,7,0,0,0,0,0,0
campion,7,campion=7,7,0,0,0,0,0,0,0
cane,7,cane=7,7,0,0,0,0,0,0,0
cardio,7,cardio=7,0,1,0,0,6,0,0,0
caregiver,7,caregivers=6; caregiver=1,7,0,0,0,0,0,0,0
carl,7,carl=7,0,7,0,0,0,0,0,0
carla,7,carla=7,0,7,0,0,0,0,0,0
carol,7,carol=7,0,7,0,0,0,0,0,0
carolinas,7,carolinas=7,0,7,0,0,0,0,0,0
carpoid,7,carpoids=7,7,0,0,0,0,0,0,0
carrier,7,carriers=4; carrier=3,7,0,0,0,0,0,0,0
carthaginian,7,carthaginian=7,0,0,0,0,7,0,0,0
carved,7,carved=7,0,1,0,0,6,0,0,0
cassius,7,cassius=7,0,7,0,0,0,0,0,0
cellphone,7,cellphone=6; cellphones=1,7,0,0,0,0,0,0,0
cetera,7,cetera=7,7,0,0,0,0,0,0,0
chanson,7,chanson=7,2,5,0,0,0,0,0,0
chapel,7,chapel=6; chapels=1,3,4,0,0,0,0,0,0
cheat,7,cheat=4; cheating=3,0,0,7,0,0,0,0,0
chemosynthesis,7,chemosynthesis=7,7,0,0,0,0,0,0,0
chicxulub,7,chicxulub=7,0,7,0,0,0,0,0,0
chilie,7,chilies=7,7,0,0,0,0,0,0,0
chop,7,chop=4; chopped=2; chopping=1,0,0,7,0,0,0,0,0
chordate,7,chordates=6; chordate=1,6,0,0,0,1,0,0,0
christianity,7,christianity=7,0,7,0,0,0,0,0,0
cleaner,7,cleaner=4; cleaners=3,4,2,0,0,0,1,0,0
clot,7,clot=3; clots=2; clotting=2,5,0,2,0,0,0,0,0
clouds,7,clouds=7,0,7,0,0,0,0,0,0
coherent,7,coherent=7,0,0,0,0,7,0,0,0
collecting,7,collecting=7,6,1,0,0,0,0,0,0
collins,7,collins=7,0,7,0,0,0,0,0,0
colorado,7,colorado=7,0,7,0,0,0,0,0,0
colour,7,colours=5; colour=2,7,0,0,0,0,0,0,0
combined,7,combined=7,0,0,0,0,7,0,0,0
commentary,7,commentary=7,7,0,0,0,0,0,0,0
conception,7,conceptions=4; conception=3,7,0,0,0,0,0,0,0
conceptual,7,conceptual=7,0,0,0,0,7,0,0,0
concord,7,concord=7,5,1,1,0,0,0,0,0
conductivity,7,conductivity=7,7,0,0,0,0,0,0,0
conjunction,7,conjunction=7,7,0,0,0,0,0,0,0
conquered,7,conquered=7,0,0,0,0,7,0,0,0
consolidation,7,consolidation=7,6,0,1,0,0,0,0,0
continuation,7,continuation=7,7,0,0,0,0,0,0,0
continued,7,continued=7,0,0,0,0,7,0,0,0
continuity,7,continuity=7,7,0,0,0,0,0,0,0
cooperatively,7,cooperatively=7,0,0,0,0,0,7,0,0
corpora,7,corpora=7,0,6,1,0,0,0,0,0
correspondingly,7,correspondingly=7,0,0,0,0,0,7,0,0
counterclockwise,7,counterclockwise=7,7,0,0,0,0,0,0,0
county,7,county=7,7,0,0,0,0,0,0,0
courtly,7,courtly=7,0,1,0,0,2,4,0,0
crabs,7,crabs=7,0,7,0,0,0,0,0,0
criminal,7,criminal=6; criminals=1,2,0,0,0,5,0,0,0
crispr,7,crispr=7,0,7,0,0,0,0,0,0
crusoe,7,crusoe=7,0,7,0,0,0,0,0,0
crustal,7,crustal=7,1,0,0,0,6,0,0,0
cubist,7,cubist=7,4,3,0,0,0,0,0,0
cumbersome,7,cumbersome=7,0,0,0,0,7,0,0,0
cumbi,7,cumbi=7,3,1,1,0,2,0,0,0
cylinder,7,cylinder=4; cylinders=3,7,0,0,0,0,0,0,0
debatable,7,debatable=7,0,1,0,0,6,0,0,0
defective,7,defective=7,0,0,0,0,7,0,0,0
delighted,7,delighted=7,0,0,0,0,7,0,0,0
delve,7,delve=4; delving=2; delves=1,0,0,7,0,0,0,0,0
dendrochronologist,7,dendrochronologists=6; dendrochronologist=1,7,0,0,0,0,0,0,0
desalination,7,desalination=7,7,0,0,0,0,0,0,0
determinist,7,determinists=7,7,0,0,0,0,0,0,0
dichotomy,7,dichotomy=7,7,0,0,0,0,0,0,0
dinosaurs,7,dinosaurs=7,0,7,0,0,0,0,0,0
dip,7,dipping=4; dipped=2; dip=1,0,0,7,0,0,0,0,0
directional,7,directional=7,0,0,0,0,7,0,0,0
discomfort,7,discomfort=7,7,0,0,0,0,0,0,0
disintegration,7,disintegration=7,7,0,0,0,0,0,0,0
disorient,7,disoriented=5; disorient=1; disorienting=1,0,0,7,0,0,0,0,0
disposal,7,disposal=7,6,1,0,0,0,0,0,0
doable,7,doable=7,0,0,0,0,7,0,0,0
dolphins,7,dolphins=7,0,7,0,0,0,0,0,0
dos,7,doses=7,7,0,0,0,0,0,0,0
downhill,7,downhill=7,0,0,0,0,0,7,0,0
downtime,7,downtime=7,7,0,0,0,0,0,0,0
draper,7,drapers=7,7,0,0,0,0,0,0,0
dryness,7,dryness=7,7,0,0,0,0,0,0,0
duel,7,duels=3; duel=2; dueling=2,5,0,2,0,0,0,0,0
ea,7,eas=7,7,0,0,0,0,0,0,0
earthworm,7,earthworms=5; earthworm=2,6,0,1,0,0,0,0,0
eas,7,eas=7,0,7,0,0,0,0,0,0
eavesdropping,7,eavesdropping=7,7,0,0,0,0,0,0,0
ecotourist,7,ecotourists=6; ecotourist=1,6,0,0,0,1,0,0,0
eelgrass,7,eelgrass=7,5,1,1,0,0,0,0,0
effects,7,effects=7,0,7,0,0,0,0,0,0
ejecta,7,ejecta=7,5,1,0,0,1,0,0,0
eld,7,eldest=4; elder=3,0,0,0,0,7,0,0,0
elder,7,elders=5; elder=2,7,0,0,0,0,0,0,0
electronically,7,electronically=7,0,0,0,0,0,7,0,0
embankment,7,embankments=6; embankment=1,6,0,0,0,1,0,0,0
eminent,7,eminent=7,0,4,0,0,3,0,0,0
encode,7,encoding=4; encoded=2; encode=1,0,0,7,0,0,0,0,0
encryption,7,encryption=7,7,0,0,0,0,0,0,0
endosymbiosis,7,endosymbiosis=7,7,0,0,0,0,0,0,0
entertaining,7,entertaining=7,0,1,0,0,6,0,0,0
entity,7,entities=4; entity=3,7,0,0,0,0,0,0,0
epicurean,7,epicurean=7,1,1,0,0,5,0,0,0
epicureanism,7,epicureanism=7,3,4,0,0,0,0,0,0
epistolary,7,epistolary=7,1,0,0,0,6,0,0,0
erase,7,erased=6; erase=1,0,0,7,0,0,0,0,0
esem,7,esem=7,0,7,0,0,0,0,0,0
eukaryotic,7,eukaryotic=7,0,0,0,0,7,0,0,0
euro,7,euro=6; euros=1,1,6,0,0,0,0,0,0
exacerbate,7,exacerbate=6; exacerbated=1,0,0,7,0,0,0,0,0
excel,7,excel=4; excelled=3,0,1,6,0,0,0,0,0
expectancy,7,expectancy=7,7,0,0,0,0,0,0,0
expire,7,expire=3; expired=3; expires=1,0,0,7,0,0,0,0,0
fable,7,fable=6; fables=1,4,0,0,0,3,0,0,0
faraway,7,faraway=7,0,1,0,0,6,0,0,0
fare,7,fares=4; fare=2; fared=1,6,0,1,0,0,0,0,0
fissure,7,fissures=4; fissure=3,7,0,0,0,0,0,0,0
fistulata,7,fistulata=7,4,3,0,0,0,0,0,0
flare,7,flare=5; flares=2,7,0,0,0,0,0,0,0
flora,7,flora=7,6,1,0,0,0,0,0,0
fluorescent,7,fluorescent=7,6,0,0,0,1,0,0,0
fmris,7,fmris=7,3,0,0,0,4,0,0,0
follicle,7,follicle=4; follicles=3,7,0,0,0,0,0,0,0
forearm,7,forearms=5; forearm=2,6,0,0,0,1,0,0,0
forecaster,7,forecaster=6; forecasters=1,7,0,0,0,0,0,0,0
formidable,7,formidable=7,0,0,0,0,7,0,0,0
forty,7,forty=7,0,1,0,0,0,0,0,6
frank,7,frank=7,0,6,0,0,1,0,0,0
frida,7,frida=7,0,7,0,0,0,0,0,0
frightening,7,frightening=7,0,0,0,0,7,0,0,0
frontier,7,frontier=4; frontiers=3,7,0,0,0,0,0,0,0
fulfillment,7,fulfillment=7,7,0,0,0,0,0,0,0
furnish,7,furnished=4; furnish=2; furnishing=1,0,0,7,0,0,0,0,0
furry,7,furry=7,0,0,0,0,7,0,0,0
gabbroic,7,gabbroic=7,1,2,0,0,4,0,0,0
ganger,7,ganger=7,0,7,0,0,0,0,0,0
garbage,7,garbage=7,7,0,0,0,0,0,0,0
gawasis,7,gawasis=7,0,7,0,0,0,0,0,0
gem,7,gems=5; gem=2,7,0,0,0,0,0,0,0
generational,7,generational=7,0,1,0,0,6,0,0,0
ginning,7,ginning=7,6,1,0,0,0,0,0,0
giorgio,7,giorgio=7,0,7,0,0,0,0,0,0
giraffe,7,giraffes=7,7,0,0,0,0,0,0,0
gliding,7,gliding=7,7,0,0,0,0,0,0,0
glorify,7,glorified=4; glorifies=1; glorify=1; glorifying=1,0,0,7,0,0,0,0,0
gloss,7,gloss=5; glosses=2,7,0,0,0,0,0,0,0
glossy,7,glossy=7,0,0,0,0,7,0,0,0
goods,7,goods=7,0,7,0,0,0,0,0,0
gorman,7,gorman=7,0,7,0,0,0,0,0,0
gotcha,7,gotcha=7,3,3,1,0,0,0,0,0
gradation,7,gradations=4; gradation=3,7,0,0,0,0,0,0,0
gradient,7,gradient=5; gradients=2,6,0,0,0,1,0,0,0
grammar,7,grammar=7,7,0,0,0,0,0,0,0
grapple,7,grappling=4; grapple=2; grappled=1,0,0,5,0,2,0,0,0
gravitation,7,gravitation=7,7,0,0,0,0,0,0,0
grijzenhout,7,grijzenhout=7,0,7,0,0,0,0,0,0
grooming,7,grooming=7,4,0,0,0,3,0,0,0
groupthink,7,groupthink=7,5,1,1,0,0,0,0,0
guzman,7,guzman=7,0,7,0,0,0,0,0,0
hamid,7,hamid=7,0,7,0,0,0,0,0,0
handheld,7,handheld=7,0,0,0,0,7,0,0,0
handicap,7,handicap=3; handicaps=3; handicapped=1,5,0,1,0,1,0,0,0
handwritten,7,handwritten=7,0,0,0,0,7,0,0,0
harmonious,7,harmonious=7,0,0,0,0,7,0,0,0
hazy,7,hazy=7,0,0,0,0,7,0,0,0
hd,7,hd=7,3,3,1,0,0,0,0,0
hectic,7,hectic=7,0,0,0,0,7,0,0,0
hesitate,7,hesitate=7,0,1,6,0,0,0,0,0
heyerdahl,7,heyerdahl=7,1,6,0,0,0,0,0,0
hilly,7,hilly=7,0,0,0,0,5,2,0,0
hippocampus,7,hippocampus=7,2,5,0,0,0,0,0,0
historians,7,historians=7,0,7,0,0,0,0,0,0
holland,7,holland=7,0,7,0,0,0,0,0,0
holy,7,holy=7,1,4,0,0,2,0,0,0
hoof,7,hooves=4; hoof=2; hoofed=1,4,1,1,0,1,0,0,0
howler,7,howler=7,3,4,0,0,0,0,0,0
humorous,7,humorous=7,0,0,0,0,7,0,0,0
humpback,7,humpback=7,7,0,0,0,0,0,0,0
huns,7,huns=7,0,7,0,0,0,0,0,0
husband,7,husband=6; husbands=1,7,0,0,0,0,0,0,0
hyena,7,hyenas=7,7,0,0,0,0,0,0,0
hypha,7,hyphae=7,7,0,0,0,0,0,0,0
hypnotic,7,hypnotic=7,0,2,0,0,5,0,0,0
iambulus,7,iambulus=7,0,7,0,0,0,0,0,0
iau,7,iau=7,0,7,0,0,0,0,0,0
ideology,7,ideology=5; ideologies=2,7,0,0,0,0,0,0,0
imperfection,7,imperfections=5; imperfection=2,7,0,0,0,0,0,0,0
implant,7,implants=6; implanted=1,6,0,1,0,0,0,0,0
improvisational,7,improvisational=7,0,0,0,0,7,0,0,0
inborn,7,inborn=7,0,0,0,0,7,0,0,0
industrialist,7,industrialists=6; industrialist=1,7,0,0,0,0,0,0,0
inedible,7,inedible=7,0,0,0,0,7,0,0,0
inefficiency,7,inefficiency=4; inefficiencies=3,7,0,0,0,0,0,0,0
infinite,7,infinite=7,0,1,0,0,6,0,0,0
innovate,7,innovate=6; innovated=1,0,0,7,0,0,0,0,0
inscribe,7,inscribed=7,0,0,7,0,0,0,0,0
inspector,7,inspectors=5; inspector=2,7,0,0,0,0,0,0,0
instinctively,7,instinctively=7,0,0,0,0,0,7,0,0
interconnected,7,interconnected=7,0,0,0,0,7,0,0,0
interdependent,7,interdependent=7,0,0,0,0,7,0,0,0
intermingle,7,intermingle=4; intermingling=3,0,0,7,0,0,0,0,0
intermission,7,intermission=7,7,0,0,0,0,0,0,0
internationally,7,internationally=7,0,0,0,0,0,7,0,0
interplanetary,7,interplanetary=7,0,1,0,0,6,0,0,0
intuition,7,intuition=7,7,0,0,0,0,0,0,0
iranian,7,iranian=7,0,0,0,0,7,0,0,0
irreversible,7,irreversible=7,0,1,0,0,6,0,0,0
isaac,7,isaac=7,0,7,0,0,0,0,0,0
isthmus,7,isthmus=7,1,6,0,0,0,0,0,0
jason,7,jason=7,1,6,0,0,0,0,0,0
jawbone,7,jawbone=6; jawbones=1,7,0,0,0,0,0,0,0
jimmy,7,jimmy=7,1,6,0,0,0,0,0,0
johnny,7,johnny=7,0,7,0,0,0,0,0,0
jovian,7,jovian=7,0,0,0,0,7,0,0,0
juniper,7,juniper=7,7,0,0,0,0,0,0,0
junk,7,junk=7,7,0,0,0,0,0,0,0
justification,7,justification=7,6,1,0,0,0,0,0,0
karkoschka,7,karkoschka=7,0,7,0,0,0,0,0,0
katie,7,katie=7,0,7,0,0,0,0,0,0
kcal,7,kcal=7,1,6,0,0,0,0,0,0
keen,7,keen=7,0,0,0,0,7,0,0,0
keith,7,keith=7,0,7,0,0,0,0,0,0
kevin,7,kevin=7,0,7,0,0,0,0,0,0
knight,7,knight=7,4,3,0,0,0,0,0,0
korea,7,korea=7,0,7,0,0,0,0,0,0
latitudinal,7,latitudinal=7,0,0,0,0,7,0,0,0
lesser,7,lesser=7,0,0,0,0,0,7,0,0
lime,7,lime=7,7,0,0,0,0,0,0,0
lip,7,lips=7,7,0,0,0,0,0,0,0
locality,7,localities=6; locality=1,7,0,0,0,0,0,0,0
lodgepole,7,lodgepole=7,2,1,0,0,4,0,0,0
looking,7,looking=7,6,0,0,0,1,0,0,0
lubricant,7,lubricant=4; lubricants=3,6,0,0,0,1,0,0,0
lucrative,7,lucrative=7,0,0,0,0,7,0,0,0
lump,7,lumps=4; lump=1; lumped=1; lumping=1,4,0,3,0,0,0,0,0
lush,7,lush=7,0,0,0,0,7,0,0,0
lyell,7,lyell=7,0,7,0,0,0,0,0,0
magellanic,7,magellanic=7,0,6,0,0,1,0,0,0
mainstream,7,mainstream=7,4,0,0,0,3,0,0,0
malory,7,malory=7,0,7,0,0,0,0,0,0
manhattan,7,manhattan=7,0,7,0,0,0,0,0,0
marcus,7,marcus=7,0,7,0,0,0,0,0,0
marked,7,marked=7,0,0,0,0,7,0,0,0
mast,7,masts=5; mast=2,7,0,0,0,0,0,0,0
mathematician,7,mathematician=6; mathematicians=1,2,0,0,0,5,0,0,0
mccloskey,7,mccloskey=7,0,7,0,0,0,0,0,0
mechanization,7,mechanization=7,6,1,0,0,0,0,0,0
melanism,7,melanism=7,7,0,0,0,0,0,0,0
melissa,7,melissa=7,0,6,0,0,0,0,0,1
members,7,members=7,0,7,0,0,0,0,0,0
mentoring,7,mentoring=7,7,0,0,0,0,0,0,0
microorganisms,7,microorganisms=7,0,7,0,0,0,0,0,0
midden,7,midden=5; middens=2,7,0,0,0,0,0,0,0
migrant,7,migrants=7,7,0,0,0,0,0,0,0
misalignment,7,misalignment=7,7,0,0,0,0,0,0,0
missionary,7,missionaries=5; missionary=2,5,0,0,0,2,0,0,0
mister,7,mister=7,0,7,0,0,0,0,0,0
mockingbird,7,mockingbirds=5; mockingbird=2,5,1,0,0,0,1,0,0
moco,7,moco=7,4,3,0,0,0,0,0,0
monk,7,monks=5; monk=2,6,1,0,0,0,0,0,0
monks,7,monks=7,0,7,0,0,0,0,0,0
mountaineering,7,mountaineering=7,3,4,0,0,0,0,0,0
mountaintop,7,mountaintop=4; mountaintops=3,7,0,0,0,0,0,0,0
mouthpart,7,mouthparts=7,7,0,0,0,0,0,0,0
movable,7,movable=7,1,1,0,0,5,0,0,0
mummy,7,mummies=7,7,0,0,0,0,0,0,0
murder,7,murder=5; murdered=1; murders=1,4,0,3,0,0,0,0,0
mustache,7,mustache=7,7,0,0,0,0,0,0,0
mutate,7,mutate=2; mutated=2; mutating=2; mutates=1,0,0,7,0,0,0,0,0
mycelium,7,mycelium=7,7,0,0,0,0,0,0,0
myrtos,7,myrtos=7,0,7,0,0,0,0,0,0
nabi,7,nabi=7,0,7,0,0,0,0,0,0
natalie,7,natalie=7,0,7,0,0,0,0,0,0
naturalistic,7,naturalistic=7,0,0,0,0,7,0,0,0
navigator,7,navigators=6; navigator=1,7,0,0,0,0,0,0,0
norte,7,norte=7,2,5,0,0,0,0,0,0
noteworthy,7,noteworthy=7,0,0,0,0,7,0,0,0
novelist,7,novelist=5; novelists=2,7,0,0,0,0,0,0,0
november,7,november=7,0,7,0,0,0,0,0,0
odyssey,7,odyssey=7,0,7,0,0,0,0,0,0
olmsted,7,olmsted=7,0,7,0,0,0,0,0,0
omnibus,7,omnibus=4; omnibuses=3,5,1,0,0,1,0,0,0
omnivore,7,omnivores=6; omnivore=1,7,0,0,0,0,0,0,0
oneself,7,oneself=7,0,0,0,0,0,0,7,0
operating,7,operating=7,7,0,0,0,0,0,0,0
optic,7,optics=4; optic=3,6,0,0,0,1,0,0,0
orangutan,7,orangutans=7,7,0,0,0,0,0,0,0
orcas,7,orcas=7,0,5,0,0,2,0,0,0
orchid,7,orchids=4; orchid=3,7,0,0,0,0,0,0,0
ornate,7,ornate=7,2,0,0,0,4,1,0,0
ornithologist,7,ornithologist=4; ornithologists=3,6,0,0,0,1,0,0,0
osmoregulator,7,osmoregulators=6; osmoregulator=1,7,0,0,0,0,0,0,0
overcrowded,7,overcrowded=7,0,0,0,0,7,0,0,0
overgraze,7,overgrazed=3; overgrazing=3; overgraze=1,0,0,7,0,0,0,0,0
pal,7,pal=6; pales=1,6,0,1,0,0,0,0,0
pale,7,pale=7,0,0,0,0,7,0,0,0
pangaea,7,pangaea=7,0,7,0,0,0,0,0,0
pantomime,7,pantomime=6; pantomimes=1,6,0,0,0,1,0,0,0
paradise,7,paradise=7,2,5,0,0,0,0,0,0
paternal,7,paternal=7,0,1,0,0,6,0,0,0
patrol,7,patrol=3; patrolling=3; patrols=1,1,0,6,0,0,0,0,0
paula,7,paula=7,0,7,0,0,0,0,0,0
peanut,7,peanuts=7,7,0,0,0,0,0,0,0
pebble,7,pebbles=4; pebble=3,4,0,0,0,3,0,0,0
peculiar,7,peculiar=7,0,0,0,0,7,0,0,0
peoples,7,peoples=7,0,7,0,0,0,0,0,0
perch,7,perches=4; perched=3,2,0,5,0,0,0,0,0
periglacial,7,periglacial=7,1,1,0,0,5,0,0,0
perkins,7,perkins=7,0,7,0,0,0,0,0,0
perpendicular,7,perpendicular=7,0,0,0,0,7,0,0,0
pertain,7,pertaining=3; pertain=2; pertains=2,2,0,5,0,0,0,0,0
peruvian,7,peruvian=6; peruvians=1,1,0,0,0,6,0,0,0
peterson,7,peterson=7,0,7,0,0,0,0,0,0
petrels,7,petrels=7,0,7,0,0,0,0,0,0
ph,7,ph=7,1,2,0,0,4,0,0,0
phosphor,7,phosphor=5; phosphors=2,7,0,0,0,0,0,0,0
pinger,7,pingers=6; pinger=1,7,0,0,0,0,0,0,0
plants,7,plants=7,0,7,0,0,0,0,0,0
pneumonia,7,pneumonia=7,7,0,0,0,0,0,0,0
polite,7,polite=7,0,0,0,0,7,0,0,0
positional,7,positional=7,0,0,0,0,7,0,0,0
preapproval,7,preapproval=7,6,0,0,0,1,0,0,0
pregnant,7,pregnant=7,0,0,0,0,7,0,0,0
preschool,7,preschool=7,3,0,0,0,4,0,0,0
pricey,7,pricey=7,0,0,0,0,7,0,0,0
prism,7,prism=6; prisms=1,7,0,0,0,0,0,0,0
prized,7,prized=7,0,0,0,0,7,0,0,0
pro,7,pros=4; pro=3,4,0,0,0,3,0,0,0
processualism,7,processualism=7,5,0,0,0,2,0,0,0
proclaim,7,proclaimed=4; proclaims=2; proclaiming=1,0,0,7,0,0,0,0,0
progressively,7,progressively=7,0,0,0,0,0,7,0,0
prolific,7,prolific=7,2,0,0,0,5,0,0,0
prospect,7,prospect=5; prospecting=2,4,0,3,0,0,0,0,0
pseudo,7,pseudo=7,7,0,0,0,0,0,0,0
pseudomonas,7,pseudomonas=7,0,7,0,0,0,0,0,0
puerto,7,puerto=7,0,5,0,0,2,0,0,0
punish,7,punished=3; punishing=3; punish=1,0,0,7,0,0,0,0,0
purification,7,purification=7,7,0,0,0,0,0,0,0
radiologist,7,radiologists=7,7,0,0,0,0,0,0,0
ramirez,7,ramirez=7,0,7,0,0,0,0,0,0
ramona,7,ramona=7,0,7,0,0,0,0,0,0
rangeland,7,rangeland=7,7,0,0,0,0,0,0,0
rarity,7,rarity=7,7,0,0,0,0,0,0,0
rayon,7,rayon=7,5,2,0,0,0,0,0,0
reactance,7,reactance=7,3,4,0,0,0,0,0,0
reasonably,7,reasonably=7,0,0,0,0,0,7,0,0
recapture,7,recapture=6; recapturing=1,6,0,1,0,0,0,0,0
receiver,7,receiver=6; receivers=1,7,0,0,0,0,0,0,0
receptive,7,receptive=7,0,0,0,0,7,0,0,0
recite,7,reciting=5; recite=2,0,0,7,0,0,0,0,0
redesign,7,redesigning=3; redesign=2; redesigned=2,0,0,7,0,0,0,0,0
rediscover,7,rediscovered=5; rediscover=1; rediscovering=1,0,0,7,0,0,0,0,0
reforestation,7,reforestation=7,7,0,0,0,0,0,0,0
refurbish,7,refurbished=6; refurbish=1,1,0,6,0,0,0,0,0
reliably,7,reliably=7,0,0,0,0,0,7,0,0
rem,7,rem=7,7,0,0,0,0,0,0,0
remainder,7,remainder=7,7,0,0,0,0,0,0,0
rembrandts,7,rembrandts=7,0,7,0,0,0,0,0,0
reporting,7,reporting=7,7,0,0,0,0,0,0,0
reside,7,reside=3; resided=2; resides=1; residing=1,0,0,7,0,0,0,0,0
residual,7,residual=7,0,0,0,0,7,0,0,0
resonance,7,resonance=7,6,1,0,0,0,0,0,0
respectively,7,respectively=7,0,0,0,0,0,7,0,0
restrictive,7,restrictive=7,0,0,0,0,7,0,0,0
restroom,7,restrooms=5; restroom=2,7,0,0,0,0,0,0,0
resurface,7,resurfaced=4; resurfacing=2; resurface=1,1,0,6,0,0,0,0,0
revolt,7,revolt=4; revolted=2; revolting=1,3,0,4,0,0,0,0,0
rewrite,7,rewrite=4; rewriting=2; rewritten=1,0,0,7,0,0,0,0,0
rigorous,7,rigorous=7,0,0,0,0,7,0,0,0
rip,7,ripped=4; rip=2; rips=1,1,0,6,0,0,0,0,0
riparian,7,riparian=7,0,0,0,0,7,0,0,0
rivera,7,rivera=7,0,7,0,0,0,0,0,0
riverside,7,riverside=7,2,5,0,0,0,0,0,0
roller,7,rollers=6; roller=1,7,0,0,0,0,0,0,0
rooting,7,rooting=7,7,0,0,0,0,0,0,0
rowan,7,rowan=7,0,7,0,0,0,0,0,0
rugged,7,rugged=7,0,1,0,0,6,0,0,0
sadness,7,sadness=7,7,0,0,0,0,0,0,0
saga,7,saga=4; sagas=3,7,0,0,0,0,0,0,0
sanctuary,7,sanctuary=5; sanctuaries=2,7,0,0,0,0,0,0,0
santa,7,santa=7,0,7,0,0,0,0,0,0
satisfactory,7,satisfactory=7,0,0,0,0,7,0,0,0
saying,7,saying=7,7,0,0,0,0,0,0,0
scaffold,7,scaffolding=6; scaffold=1,1,0,6,0,0,0,0,0
scaffolding,7,scaffolding=7,7,0,0,0,0,0,0,0
scattering,7,scattering=7,7,0,0,0,0,0,0,0
schmandt,7,schmandt=7,0,7,0,0,0,0,0,0
schoolteacher,7,schoolteachers=5; schoolteacher=2,7,0,0,0,0,0,0,0
scoop,7,scoop=4; scooped=2; scooping=1,1,0,6,0,0,0,0,0
seabed,7,seabed=7,6,1,0,0,0,0,0,0
seagull,7,seagulls=7,7,0,0,0,0,0,0,0
sehgal,7,sehgal=7,0,7,0,0,0,0,0,0
selectively,7,selectively=7,0,0,0,0,0,7,0,0
separator,7,separator=4; separators=3,7,0,0,0,0,0,0,0
shadowgraph,7,shadowgraphs=4; shadowgraph=3,7,0,0,0,0,0,0,0
shareholder,7,shareholders=7,7,0,0,0,0,0,0,0
shocked,7,shocked=7,0,0,0,0,7,0,0,0
shovel,7,shovel=5; shoveled=1; shovels=1,6,0,1,0,0,0,0,0
siberian,7,siberian=7,0,5,0,0,2,0,0,0
silly,7,silly=7,0,0,0,0,7,0,0,0
simmons,7,simmons=7,0,7,0,0,0,0,0,0
simultaneous,7,simultaneous=7,0,0,0,0,7,0,0,0
sinking,7,sinking=7,7,0,0,0,0,0,0,0
sinus,7,sinus=4; sinuses=3,7,0,0,0,0,0,0,0
skate,7,skate=6; skating=1,5,0,2,0,0,0,0,0
ski,7,ski=5; skied=1; skiing=1,2,0,3,0,2,0,0,0
skillful,7,skillful=7,0,0,0,0,7,0,0,0
skillfully,7,skillfully=7,0,0,0,0,0,7,0,0
slave,7,slaves=5; slave=2,7,0,0,0,0,0,0,0
sleeping,7,sleeping=7,7,0,0,0,0,0,0,0
slop,7,sloping=5; sloped=1; slopes=1,0,0,7,0,0,0,0,0
soapstone,7,soapstone=7,3,0,0,0,0,0,0,4
sofa,7,sofa=4; sofas=3,6,1,0,0,0,0,0,0
solidifie,7,solidifies=7,7,0,0,0,0,0,0,0
solutrean,7,solutrean=7,0,1,0,0,6,0,0,0
soprano,7,soprano=4; sopranos=3,7,0,0,0,0,0,0,0
sosa,7,sosa=7,0,7,0,0,0,0,0,0
spectrogram,7,spectrogram=4; spectrograms=3,6,1,0,0,0,0,0,0
spectroscopy,7,spectroscopy=7,2,3,0,0,2,0,0,0
speculative,7,speculative=7,0,0,0,0,7,0,0,0
spherical,7,spherical=7,0,0,0,0,7,0,0,0
spike,7,spikes=4; spike=3,6,0,1,0,0,0,0,0
spine,7,spines=6; spine=1,7,0,0,0,0,0,0,0
spoon,7,spoons=6; spoon=1,7,0,0,0,0,0,0,0
spruce,7,spruce=5; spruces=2,7,0,0,0,0,0,0,0
spur,7,spurred=5; spur=2,1,0,6,0,0,0,0,0
squirm,7,squirming=4; squirm=3,0,0,7,0,0,0,0,0
stereo,7,stereos=6; stereo=1,7,0,0,0,0,0,0,0
stockholm,7,stockholm=7,0,7,0,0,0,0,0,0
storefront,7,storefront=5; storefronts=2,4,0,0,0,3,0,0,0
storyteller,7,storyteller=4; storytellers=3,7,0,0,0,0,0,0,0
straighten,7,straighten=6; straightening=1,0,0,7,0,0,0,0,0
striation,7,striations=7,7,0,0,0,0,0,0,0
studen,7,studen=7,0,7,0,0,0,0,0,0
sturdy,7,sturdy=6; sturdier=1,0,0,0,0,7,0,0,0
subordinate,7,subordinate=3; subordinates=3; subordinated=1,4,0,1,0,2,0,0,0
subpolar,7,subpolar=7,0,0,0,0,7,0,0,0
subscribe,7,subscribe=3; subscribes=3; subscribed=1,2,0,5,0,0,0,0,0
subsist,7,subsist=5; subsisted=1; subsisting=1,3,0,4,0,0,0,0,0
subspecie,7,subspecies=7,7,0,0,0,0,0,0,0
suffix,7,suffix=7,3,3,0,0,1,0,0,0
suggestive,7,suggestive=7,5,0,0,0,2,0,0,0
sunscreen,7,sunscreen=7,5,1,0,0,0,1,0,0
supplier,7,suppliers=5; supplier=2,7,0,0,0,0,0,0,0
surgery,7,surgery=5; surgeries=2,7,0,0,0,0,0,0,0
swiftlet,7,swiftlet=6; swiftlets=1,7,0,0,0,0,0,0,0
synapsis,7,synapses=7,7,0,0,0,0,0,0,0
synurbization,7,synurbization=7,7,0,0,0,0,0,0,0
syringae,7,syringae=7,7,0,0,0,0,0,0,0
taking,7,taking=7,7,0,0,0,0,0,0,0
tamarind,7,tamarind=4; tamarinds=3,7,0,0,0,0,0,0,0
tanzania,7,tanzania=7,0,7,0,0,0,0,0,0
tarsi,7,tarsi=7,5,2,0,0,0,0,0,0
tempest,7,tempest=7,1,6,0,0,0,0,0,0
terrific,7,terrific=7,0,1,0,0,6,0,0,0
thermoregulation,7,thermoregulation=7,7,0,0,0,0,0,0,0
thirsty,7,thirsty=7,0,0,0,0,7,0,0,0
threadlike,7,threadlike=7,0,5,0,0,0,0,0,2
thrower,7,throwers=6; thrower=1,6,0,0,0,0,1,0,0
thünen,7,thünen=7,0,7,0,0,0,0,0,0
timely,7,timely=7,0,0,0,0,7,0,0,0
toland,7,toland=7,0,6,0,0,1,0,0,0
tomography,7,tomography=7,6,1,0,0,0,0,0,0
tony,7,tony=7,0,7,0,0,0,0,0,0
toothpaste,7,toothpaste=7,7,0,0,0,0,0,0,0
torch,7,torches=6; torched=1,6,0,1,0,0,0,0,0
toxicity,7,toxicity=7,7,0,0,0,0,0,0,0
tragic,7,tragic=7,0,0,0,0,7,0,0,0
transgenic,7,transgenic=7,1,1,0,0,5,0,0,0
transhumance,7,transhumance=7,3,4,0,0,0,0,0,0
transitive,7,transitive=7,0,0,0,0,7,0,0,0
translocation,7,translocation=7,7,0,0,0,0,0,0,0
trawl,7,trawl=3; trawling=3; trawls=1,4,0,3,0,0,0,0,0
tritium,7,tritium=7,7,0,0,0,0,0,0,0
trough,7,trough=4; troughs=3,7,0,0,0,0,0,0,0
tunisia,7,tunisia=7,0,7,0,0,0,0,0,0
unanswered,7,unanswered=7,0,0,0,0,7,0,0,0
undergrad,7,undergrad=4; undergrads=3,7,0,0,0,0,0,0,0
undertaking,7,undertaking=7,7,0,0,0,0,0,0,0
uniformly,7,uniformly=7,0,0,0,0,0,7,0,0
unoccupied,7,unoccupied=7,0,0,0,0,7,0,0,0
unrest,7,unrest=7,7,0,0,0,0,0,0,0
upload,7,upload=5; uploaded=2,0,1,6,0,0,0,0,0
vacant,7,vacant=7,0,0,0,0,7,0,0,0
valencia,7,valencia=7,0,6,0,0,1,0,0,0
validate,7,validated=5; validate=2,0,0,7,0,0,0,0,0
vassal,7,vassal=5; vassals=2,7,0,0,0,0,0,0,0
vastly,7,vastly=7,0,0,0,0,0,7,0,0
vault,7,vaults=3; vault=2; vaulted=2,5,0,2,0,0,0,0,0
vector,7,vector=6; vectors=1,6,1,0,0,0,0,0,0
vendor,7,vendors=4; vendor=3,7,0,0,0,0,0,0,0
veronese,7,veronese=7,0,7,0,0,0,0,0,0
versa,7,versa=7,0,1,0,0,0,6,0,0
volunteering,7,volunteering=7,7,0,0,0,0,0,0,0
vs,7,vs=7,0,0,0,0,0,1,0,6
warren,7,warren=7,0,7,0,0,0,0,0,0
wastewater,7,wastewater=7,6,1,0,0,0,0,0,0
weaponry,7,weaponry=7,7,0,0,0,0,0,0,0
wendy,7,wendy=7,0,7,0,0,0,0,0,0
williamsville,7,williamsville=7,0,7,0,0,0,0,0,0
wingless,7,wingless=7,7,0,0,0,0,0,0,0
winslow,7,winslow=7,0,7,0,0,0,0,0,0
woad,7,woad=7,2,1,0,0,4,0,0,0
wyoming,7,wyoming=7,0,7,0,0,0,0,0,0
ydb,7,ydb=7,0,7,0,0,0,0,0,0
zeno,7,zeno=7,0,7,0,0,0,0,0,0
absurd,6,absurd=6,1,0,0,0,5,0,0,0
abyad,6,abyad=6,0,6,0,0,0,0,0,0
acacias,6,acacias=6,5,0,0,0,1,0,0,0
accessory,6,accessories=6,6,0,0,0,0,0,0,0
activation,6,activation=6,6,0,0,0,0,0,0,0
actors,6,actors=6,0,6,0,0,0,0,0,0
actress,6,actress=6,6,0,0,0,0,0,0,0
acute,6,acute=6,1,0,0,0,5,0,0,0
adjustable,6,adjustable=6,0,1,0,0,5,0,0,0
adorn,6,adorn=2; adorned=2; adorning=1; adorns=1,0,0,6,0,0,0,0,0
aedes,6,aedes=6,0,6,0,0,0,0,0,0
aegypti,6,aegypti=6,1,2,3,0,0,0,0,0
affiliate,6,affiliated=6,0,0,6,0,0,0,0,0
aggregation,6,aggregation=4; aggregations=2,6,0,0,0,0,0,0,0
aging,6,aging=6,6,0,0,0,0,0,0,0
aikens,6,aikens=6,0,6,0,0,0,0,0,0
aisle,6,aisle=3; aisles=3,5,1,0,0,0,0,0,0
akkad,6,akkad=6,1,5,0,0,0,0,0,0
algorithmic,6,algorithmic=6,0,0,0,0,6,0,0,0
allison,6,allison=6,0,6,0,0,0,0,0,0
altimetric,6,altimetric=6,0,3,0,0,3,0,0,0
ambiguous,6,ambiguous=6,0,0,0,0,6,0,0,0
amid,6,amid=6,0,0,0,0,0,0,0,6
amongst,6,amongst=6,0,1,0,0,0,0,0,5
amplifie,6,amplifies=6,6,0,0,0,0,0,0,0
angela,6,angela=6,0,6,0,0,0,0,0,0
anger,6,anger=5; angered=1,5,0,1,0,0,0,0,0
angiosperms,6,angiosperms=6,0,6,0,0,0,0,0,0
annie,6,annie=6,0,6,0,0,0,0,0,0
annoy,6,annoyed=6,0,0,6,0,0,0,0,0
antagonistic,6,antagonistic=6,0,1,0,0,5,0,0,0
appendage,6,appendages=6,6,0,0,0,0,0,0,0
appetite,6,appetite=5; appetites=1,6,0,0,0,0,0,0,0
arab,6,arab=6,0,1,0,0,5,0,0,0
arabic,6,arabic=6,0,2,0,0,4,0,0,0
archeology,6,archeology=6,3,3,0,0,0,0,0,0
areas,6,areas=6,0,6,0,0,0,0,0,0
ashore,6,ashore=6,0,0,0,0,0,6,0,0
aspects,6,aspects=6,0,6,0,0,0,0,0,0
assimilate,6,assimilated=5; assimilating=1,0,0,6,0,0,0,0,0
asterism,6,asterism=6,6,0,0,0,0,0,0,0
ats,6,ats=6,0,6,0,0,0,0,0,0
attest,6,attest=4; attested=2,1,0,5,0,0,0,0,0
attire,6,attire=6,6,0,0,0,0,0,0,0
aunt,6,aunt=6,6,0,0,0,0,0,0,0
austen,6,austen=6,0,6,0,0,0,0,0,0
autoradiography,6,autoradiography=6,6,0,0,0,0,0,0,0
aversion,6,aversion=6,6,0,0,0,0,0,0,0
backfire,6,backfire=4; backfired=2,0,0,6,0,0,0,0,0
backpacking,6,backpacking=6,0,5,0,0,1,0,0,0
badger,6,badger=6,6,0,0,0,0,0,0,0
baltimore,6,baltimore=6,0,6,0,0,0,0,0,0
barbara,6,barbara=6,0,6,0,0,0,0,0,0
bargain,6,bargain=6,5,0,1,0,0,0,0,0
barge,6,barge=4; barges=2,5,0,1,0,0,0,0,0
bates,6,bates=6,0,6,0,0,0,0,0,0
bc,6,bc=6,0,6,0,0,0,0,0,0
beaker,6,beaker=5; beakers=1,1,5,0,0,0,0,0,0
beast,6,beasts=6,6,0,0,0,0,0,0,0
beautify,6,beautify=6,0,0,6,0,0,0,0,0
beeswax,6,beeswax=6,6,0,0,0,0,0,0,0
behalf,6,behalf=6,6,0,0,0,0,0,0,0
belting,6,belting=6,6,0,0,0,0,0,0,0
bent,6,bent=6,1,0,1,0,4,0,0,0
bicycling,6,bicycling=6,5,1,0,0,0,0,0,0
bioacoustic,6,bioacoustics=6,6,0,0,0,0,0,0,0
biofluorescence,6,biofluorescence=6,6,0,0,0,0,0,0,0
biohacking,6,biohacking=6,1,4,0,0,1,0,0,0
blacken,6,blackened=6,0,0,6,0,0,0,0,0
blah,6,blah=6,0,1,0,0,0,0,0,5
blake,6,blake=6,0,6,0,0,0,0,0,0
bobtail,6,bobtail=6,6,0,0,0,0,0,0,0
bombard,6,bombarded=5; bombard=1,0,0,6,0,0,0,0,0
bonheur,6,bonheur=6,0,6,0,0,0,0,0,0
bony,6,bony=6,6,0,0,0,0,0,0,0
borelli,6,borelli=6,0,6,0,0,0,0,0,0
botswana,6,botswana=6,0,6,0,0,0,0,0,0
boulton,6,boulton=6,0,6,0,0,0,0,0,0
brainstorm,6,brainstorm=3; brainstorming=2; brainstormed=1,0,0,6,0,0,0,0,0
brazilian,6,brazilian=6,0,0,0,0,6,0,0,0
breakage,6,breakage=6,6,0,0,0,0,0,0,0
brew,6,brew=4; brewing=2,3,0,3,0,0,0,0,0
brightpath,6,brightpath=6,0,6,0,0,0,0,0,0
bromeliad,6,bromeliad=4; bromeliads=2,6,0,0,0,0,0,0,0
bronfenbrenner,6,bronfenbrenner=6,0,6,0,0,0,0,0,0
brownfield,6,brownfield=6,1,1,0,0,4,0,0,0
bubonic,6,bubonic=6,2,0,0,0,4,0,0,0
buddhist,6,buddhist=6,0,1,0,0,5,0,0,0
budgeting,6,budgeting=6,6,0,0,0,0,0,0,0
buffering,6,buffering=6,5,1,0,0,0,0,0,0
buonarotti,6,buonarotti=6,0,6,0,0,0,0,0,0
businesspeople,6,businesspeople=6,6,0,0,0,0,0,0,0
bypass,6,bypass=3; bypassed=2; bypassing=1,1,0,5,0,0,0,0,0
camus,6,camus=6,0,6,0,0,0,0,0,0
candle,6,candles=5; candle=1,6,0,0,0,0,0,0,0
capsaicin,6,capsaicin=6,0,6,0,0,0,0,0,0
captain,6,captain=4; captains=2,5,1,0,0,0,0,0,0
caribaea,6,caribaea=6,5,1,0,0,0,0,0,0
caribs,6,caribs=6,6,0,0,0,0,0,0,0
carolingian,6,carolingian=6,0,6,0,0,0,0,0,0
carriage,6,carriage=4; carriages=2,6,0,0,0,0,0,0,0
carrying,6,carrying=6,6,0,0,0,0,0,0,0
cathedrals,6,cathedrals=6,0,6,0,0,0,0,0,0
causal,6,causal=6,2,0,0,0,4,0,0,0
cavalry,6,cavalry=6,6,0,0,0,0,0,0,0
census,6,census=5; censuses=1,6,0,0,0,0,0,0,0
certification,6,certification=6,6,0,0,0,0,0,0,0
cetaceans,6,cetaceans=6,0,6,0,0,0,0,0,0
chacoans,6,chacoans=6,0,6,0,0,0,0,0,0
chalk,6,chalk=5; chalks=1,5,0,1,0,0,0,0,0
challenger,6,challenger=4; challengers=2,2,4,0,0,0,0,0,0
char,6,charred=4; char=1; charring=1,0,1,5,0,0,0,0,0
cherry,6,cherry=5; cherries=1,4,2,0,0,0,0,0,0
chilly,6,chilly=6,0,0,0,0,5,1,0,0
chloe,6,chloe=6,0,6,0,0,0,0,0,0
chlorofluorocarbon,6,chlorofluorocarbons=6,6,0,0,0,0,0,0,0
choreographic,6,choreographic=6,0,0,0,0,6,0,0,0
chronologically,6,chronologically=6,0,0,0,0,0,6,0,0
churn,6,churned=3; churn=2; churns=1,0,0,6,0,0,0,0,0
coagulation,6,coagulation=6,6,0,0,0,0,0,0,0
commercialize,6,commercialized=5; commercializing=1,0,0,6,0,0,0,0,0
commuter,6,commuters=4; commuter=2,6,0,0,0,0,0,0,0
compression,6,compression=6,6,0,0,0,0,0,0,0
conceive,6,conceived=4; conceive=2,0,0,6,0,0,0,0,0
concierge,6,concierge=6,6,0,0,0,0,0,0,0
conclusively,6,conclusively=6,0,0,0,0,0,6,0,0
confrontation,6,confrontation=3; confrontations=3,6,0,0,0,0,0,0,0
conjecture,6,conjecture=6,6,0,0,0,0,0,0,0
consolidate,6,consolidate=5; consolidating=1,0,0,6,0,0,0,0,0
constantinople,6,constantinople=6,0,6,0,0,0,0,0,0
convection,6,convection=6,6,0,0,0,0,0,0,0
converge,6,converge=4; converged=2,0,0,6,0,0,0,0,0
cookware,6,cookware=6,5,0,0,0,1,0,0,0
cooper,6,cooper=6,0,6,0,0,0,0,0,0
cop,6,coping=5; coped=1,0,0,6,0,0,0,0,0
corinth,6,corinth=6,0,6,0,0,0,0,0,0
counting,6,counting=6,6,0,0,0,0,0,0,0
crucible,6,crucibles=6,6,0,0,0,0,0,0,0
cubic,6,cubic=6,0,0,0,0,6,0,0,0
cultured,6,cultured=6,0,0,0,0,6,0,0,0
cupiennius,6,cupiennius=6,0,6,0,0,0,0,0,0
curtain,6,curtain=5; curtains=1,6,0,0,0,0,0,0,0
customary,6,customary=6,1,0,0,0,5,0,0,0
customize,6,customized=4; customize=2,0,0,6,0,0,0,0,0
daguerreotypes,6,daguerreotypes=6,0,6,0,0,0,0,0,0
darker,6,darker=6,0,5,0,0,0,1,0,0
darwinian,6,darwinian=6,0,0,0,0,6,0,0,0
decalcomania,6,decalcomania=6,0,5,0,0,1,0,0,0
decentralization,6,decentralization=6,6,0,0,0,0,0,0,0
decima,6,decima=6,1,4,0,0,1,0,0,0
dedicated,6,dedicated=6,0,0,0,0,6,0,0,0
defenseless,6,defenseless=6,0,0,0,0,6,0,0,0
defer,6,defer=3; deferred=3,0,0,6,0,0,0,0,0
deferred,6,deferred=6,0,0,0,0,6,0,0,0
deficiency,6,deficiencies=3; deficiency=3,6,0,0,0,0,0,0,0
deform,6,deformed=4; deform=1; deforms=1,2,0,4,0,0,0,0,0
democratic,6,democratic=6,0,0,0,0,6,0,0,0
denim,6,denim=6,2,2,0,0,2,0,0,0
dentist,6,dentists=4; dentist=2,6,0,0,0,0,0,0,0
deprivation,6,deprivation=6,6,0,0,0,0,0,0,0
desalinate,6,desalinated=3; desalinate=2; desalinating=1,0,0,6,0,0,0,0,0
detroit,6,detroit=6,0,6,0,0,0,0,0,0
devastate,6,devastated=5; devastate=1,0,0,5,0,1,0,0,0
devoted,6,devoted=6,0,0,0,0,6,0,0,0
diabete,6,diabetes=6,6,0,0,0,0,0,0,0
diabetes,6,diabetes=6,6,0,0,0,0,0,0,0
diagram,6,diagrams=5; diagram=1,6,0,0,0,0,0,0,0
dialect,6,dialect=4; dialects=2,6,0,0,0,0,0,0,0
digitally,6,digitally=6,0,0,0,0,0,6,0,0
diner,6,diners=6,6,0,0,0,0,0,0,0
discharge,6,discharge=4; discharged=2,1,1,4,0,0,0,0,0
disconnect,6,disconnect=3; disconnected=1; disconnecting=1; disconnects=1,0,2,4,0,0,0,0,0
disorganize,6,disorganized=6,0,0,6,0,0,0,0,0
disperser,6,disperser=3; dispersers=3,6,0,0,0,0,0,0,0
dissipation,6,dissipation=6,5,1,0,0,0,0,0,0
distinctively,6,distinctively=6,0,0,0,0,0,6,0,0
distinguished,6,distinguished=6,0,0,0,0,6,0,0,0
diurnal,6,diurnal=6,0,2,0,0,4,0,0,0
divan,6,divan=6,0,6,0,0,0,0,0,0
dixieland,6,dixieland=6,0,6,0,0,0,0,0,0
dock,6,docked=3; dock=2; docks=1,3,0,3,0,0,0,0,0
doge,6,doge=6,0,6,0,0,0,0,0,0
dogs,6,dogs=6,0,6,0,0,0,0,0,0
dolomite,6,dolomite=6,2,0,4,0,0,0,0,0
doorway,6,doorway=3; doorways=3,6,0,0,0,0,0,0,0
dorians,6,dorians=6,0,6,0,0,0,0,0,0
dowitcher,6,dowitchers=5; dowitcher=1,6,0,0,0,0,0,0,0
downplay,6,downplay=4; downplayed=1; downplaying=1,0,0,6,0,0,0,0,0
dunlin,6,dunlins=5; dunlin=1,5,1,0,0,0,0,0,0
dysentery,6,dysentery=6,6,0,0,0,0,0,0,0
dystopian,6,dystopian=6,0,0,0,0,6,0,0,0
edgar,6,edgar=6,0,6,0,0,0,0,0,0
eeg,6,eeg=6,1,5,0,0,0,0,0,0
eighty,6,eighty=5; eighties=1,1,0,0,0,0,0,0,5
elation,6,elation=6,5,1,0,0,0,0,0,0
elements,6,elements=6,0,6,0,0,0,0,0,0
elena,6,elena=6,0,6,0,0,0,0,0,0
eleven,6,eleven=6,0,0,0,0,0,0,0,6
elkins,6,elkins=6,0,6,0,0,0,0,0,0
emanate,6,emanating=3; emanate=1; emanated=1; emanates=1,1,0,5,0,0,0,0,0
embarrassed,6,embarrassed=6,0,1,0,0,5,0,0,0
en,6,en=6,0,0,0,0,0,0,0,6
endorse,6,endorse=3; endorsed=1; endorses=1; endorsing=1,0,0,6,0,0,0,0,0
equitable,6,equitable=6,0,0,0,0,6,0,0,0
etiquette,6,etiquette=6,4,2,0,0,0,0,0,0
eucalyptus,6,eucalyptus=6,6,0,0,0,0,0,0,0
exceedingly,6,exceedingly=6,0,0,0,0,0,6,0,0
excursion,6,excursions=5; excursion=1,6,0,0,0,0,0,0,0
execute,6,executed=3; execute=2; executing=1,1,0,5,0,0,0,0,0
exhale,6,exhaled=4; exhale=1; exhaling=1,1,0,5,0,0,0,0,0
exhaustion,6,exhaustion=6,6,0,0,0,0,0,0,0
exothermic,6,exothermic=6,4,1,0,0,1,0,0,0
experts,6,experts=6,0,6,0,0,0,0,0,0
exquisite,6,exquisite=6,0,0,0,0,6,0,0,0
extracurricular,6,extracurricular=6,0,0,0,0,6,0,0,0
farth,6,farther=3; farthest=3,0,0,0,0,6,0,0,0
fatal,6,fatal=6,0,0,0,0,6,0,0,0
fatty,6,fatty=6,0,0,0,0,5,1,0,0
feudalism,6,feudalism=6,5,1,0,0,0,0,0,0
fictional,6,fictional=6,0,0,0,0,6,0,0,0
fig,6,fig=3; figs=3,6,0,0,0,0,0,0,0
filmmaking,6,filmmaking=6,3,0,0,0,3,0,0,0
fired,6,fired=6,0,5,0,0,1,0,0,0
flagellum,6,flagellum=6,6,0,0,0,0,0,0,0
flake,6,flake=3; flaked=2; flaking=1,0,0,6,0,0,0,0,0
flex,6,flex=3; flexing=3,0,0,3,0,3,0,0,0
flotation,6,flotation=6,6,0,0,0,0,0,0,0
flowering,6,flowering=6,6,0,0,0,0,0,0,0
flux,6,flux=6,6,0,0,0,0,0,0,0
foam,6,foam=6,6,0,0,0,0,0,0,0
foliage,6,foliage=6,6,0,0,0,0,0,0,0
fond,6,fond=5; fonds=1,1,0,0,0,5,0,0,0
foolish,6,foolish=6,0,0,0,0,6,0,0,0
forehead,6,forehead=6,6,0,0,0,0,0,0,0
fossils,6,fossils=6,0,6,0,0,0,0,0,0
fouling,6,fouling=6,6,0,0,0,0,0,0,0
fournou,6,fournou=6,0,6,0,0,0,0,0,0
freighter,6,freighters=4; freighter=2,6,0,0,0,0,0,0,0
frenchman,6,frenchman=6,3,3,0,0,0,0,0,0
frigate,6,frigate=6,2,2,0,0,2,0,0,0
frogs,6,frogs=6,0,6,0,0,0,0,0,0
g,6,g=6,0,5,0,0,0,0,0,1
gall,6,gall=5; galls=1,5,1,0,0,0,0,0,0
ganja,6,ganja=6,0,6,0,0,0,0,0,0
gardners,6,gardners=6,0,6,0,0,0,0,0,0
gazelles,6,gazelles=6,0,6,0,0,0,0,0,0
gesso,6,gesso=6,6,0,0,0,0,0,0,0
gibbon,6,gibbons=6,6,0,0,0,0,0,0,0
gifted,6,gifted=6,0,1,0,0,5,0,0,0
giza,6,giza=6,0,6,0,0,0,0,0,0
globular,6,globular=6,6,0,0,0,0,0,0,0
goats,6,goats=6,0,6,0,0,0,0,0,0
godefroit,6,godefroit=6,0,6,0,0,0,0,0,0
gopher,6,gopher=4; gophers=2,6,0,0,0,0,0,0,0
graham,6,graham=6,0,6,0,0,0,0,0,0
grandeur,6,grandeur=6,6,0,0,0,0,0,0,0
grape,6,grapes=4; grape=2,6,0,0,0,0,0,0,0
graphite,6,graphite=6,5,1,0,0,0,0,0,0
greet,6,greeted=4; greet=1; greeting=1,0,0,6,0,0,0,0,0
grip,6,grip=5; gripping=1,4,0,2,0,0,0,0,0
groundbreaking,6,groundbreaking=6,3,0,0,0,3,0,0,0
groundwork,6,groundwork=6,6,0,0,0,0,0,0,0
guatemala,6,guatemala=6,0,6,0,0,0,0,0,0
guidebook,6,guidebook=5; guidebooks=1,6,0,0,0,0,0,0,0
guilde,6,guilders=6,6,0,0,0,0,0,0,0
habitability,6,habitability=6,6,0,0,0,0,0,0,0
hail,6,hail=4; hailed=2,4,0,2,0,0,0,0,0
hamilton,6,hamilton=6,0,6,0,0,0,0,0,0
handmade,6,handmade=6,0,0,3,0,3,0,0,0
hans,6,hans=6,0,6,0,0,0,0,0,0
hardness,6,hardness=6,6,0,0,0,0,0,0,0
harlem,6,harlem=6,0,6,0,0,0,0,0,0
harris,6,harris=6,0,6,0,0,0,0,0,0
hassle,6,hassle=5; hassled=1,5,0,1,0,0,0,0,0
heap,6,heaps=5; heap=1,6,0,0,0,0,0,0,0
heartland,6,heartland=5; heartlands=1,6,0,0,0,0,0,0,0
hebrew,6,hebrew=6,0,3,0,0,3,0,0,0
hedge,6,hedges=3; hedge=2; hedging=1,4,0,2,0,0,0,0,0
herre,6,herring=6,0,0,6,0,0,0,0,0
holder,6,holders=5; holder=1,6,0,0,0,0,0,0,0
holism,6,holism=6,6,0,0,0,0,0,0,0
homogeneous,6,homogeneous=6,0,0,0,0,6,0,0,0
huaynaputina,6,huaynaputina=6,0,6,0,0,0,0,0,0
hubble,6,hubble=6,0,6,0,0,0,0,0,0
hydrated,6,hydrated=6,0,1,0,0,5,0,0,0
hydrolysis,6,hydrolysis=6,6,0,0,0,0,0,0,0
hyphae,6,hyphae=6,0,5,0,0,1,0,0,0
icefish,6,icefish=6,1,3,0,0,2,0,0,0
icelandic,6,icelandic=6,0,0,0,0,6,0,0,0
imaginative,6,imaginative=6,0,1,0,0,5,0,0,0
impatience,6,impatience=6,5,1,0,0,0,0,0,0
impressively,6,impressively=6,0,1,0,0,0,5,0,0
improvements,6,improvements=6,0,6,0,0,0,0,0,0
inaccurately,6,inaccurately=6,0,0,0,0,0,6,0,0
inaudible,6,inaudible=6,1,3,0,0,2,0,0,0
incan,6,incan=6,0,2,0,0,4,0,0,0
indentation,6,indentations=4; indentation=2,6,0,0,0,0,0,0,0
indicative,6,indicative=6,0,0,0,0,6,0,0,0
induced,6,induced=6,0,0,0,0,6,0,0,0
inertia,6,inertia=6,6,0,0,0,0,0,0,0
infants,6,infants=6,0,6,0,0,0,0,0,0
informally,6,informally=6,0,0,0,0,0,6,0,0
infringe,6,infringes=3; infringing=2; infringe=1,0,0,6,0,0,0,0,0
inherently,6,inherently=6,0,0,0,0,0,6,0,0
integrity,6,integrity=6,6,0,0,0,0,0,0,0
intermittency,6,intermittency=6,6,0,0,0,0,0,0,0
interrelated,6,interrelated=6,0,0,0,0,6,0,0,0
interspecie,6,interspecies=6,6,0,0,0,0,0,0,0
interstate,6,interstate=6,0,0,0,0,6,0,0,0
intonation,6,intonation=6,6,0,0,0,0,0,0,0
invariably,6,invariably=6,0,0,0,0,0,6,0,0
ironic,6,ironic=6,0,0,0,0,6,0,0,0
irrelevant,6,irrelevant=6,0,0,0,0,6,0,0,0
irritation,6,irritation=6,5,1,0,0,0,0,0,0
irving,6,irving=6,0,6,0,0,0,0,0,0
isles,6,isles=6,0,6,0,0,0,0,0,0
jacob,6,jacob=6,0,6,0,0,0,0,0,0
jagged,6,jagged=6,0,0,0,0,6,0,0,0
janet,6,janet=6,0,6,0,0,0,0,0,0
japonais,6,japonais=6,0,6,0,0,0,0,0,0
jeff,6,jeff=6,0,6,0,0,0,0,0,0
jenkins,6,jenkins=6,0,6,0,0,0,0,0,0
jensen,6,jensen=6,0,6,0,0,0,0,0,0
jersey,6,jersey=6,0,6,0,0,0,0,0,0
jewel,6,jewel=3; jewels=3,5,1,0,0,0,0,0,0
johannes,6,johannes=6,0,6,0,0,0,0,0,0
jupiters,6,jupiters=6,0,6,0,0,0,0,0,0
kennett,6,kennett=6,0,6,0,0,0,0,0,0
keynes,6,keynes=6,0,6,0,0,0,0,0,0
kidney,6,kidneys=5; kidney=1,6,0,0,0,0,0,0,0
kinda,6,kinda=6,0,2,1,0,0,3,0,0
kirby,6,kirby=6,0,6,0,0,0,0,0,0
kleptoparasite,6,kleptoparasites=6,6,0,0,0,0,0,0,0
koriphi,6,koriphi=6,0,6,0,0,0,0,0,0
labanotation,6,labanotation=6,0,6,0,0,0,0,0,0
labrouste,6,labrouste=6,0,6,0,0,0,0,0,0
laden,6,laden=6,2,1,0,0,3,0,0,0
lafayette,6,lafayette=6,0,6,0,0,0,0,0,0
landform,6,landforms=4; landform=2,6,0,0,0,0,0,0,0
landholding,6,landholding=4; landholdings=2,6,0,0,0,0,0,0,0
landscaping,6,landscaping=6,5,1,0,0,0,0,0,0
landslide,6,landslide=3; landslides=3,6,0,0,0,0,0,0,0
latewood,6,latewood=6,2,4,0,0,0,0,0,0
lawyer,6,lawyer=4; lawyers=2,6,0,0,0,0,0,0,0
lending,6,lending=6,6,0,0,0,0,0,0,0
levee,6,levees=6,6,0,0,0,0,0,0,0
libertarians,6,libertarians=6,0,6,0,0,0,0,0,0
lifeguard,6,lifeguard=6,6,0,0,0,0,0,0,0
lifelong,6,lifelong=6,0,0,0,0,6,0,0,0
lineup,6,lineup=6,6,0,0,0,0,0,0,0
liter,6,liters=6,6,0,0,0,0,0,0,0
lithograph,6,lithographs=6,6,0,0,0,0,0,0,0
liverpool,6,liverpool=6,0,6,0,0,0,0,0,0
liverwort,6,liverworts=4; liverwort=2,6,0,0,0,0,0,0,0
loline,6,loline=6,2,0,0,0,4,0,0,0
longitude,6,longitude=6,6,0,0,0,0,0,0,0
lotus,6,lotus=6,3,3,0,0,0,0,0,0
lovely,6,lovely=6,0,0,0,0,6,0,0,0
lubaina,6,lubaina=6,0,6,0,0,0,0,0,0
lunchtime,6,lunchtime=6,3,1,0,0,2,0,0,0
magpie,6,magpie=4; magpies=2,4,0,0,0,2,0,0,0
makris,6,makris=6,0,6,0,0,0,0,0,0
malaria,6,malaria=6,4,2,0,0,0,0,0,0
malta,6,malta=6,0,6,0,0,0,0,0,0
manorial,6,manorial=6,0,0,0,0,6,0,0,0
margay,6,margay=5; margays=1,2,3,1,0,0,0,0,0
markedly,6,markedly=6,0,0,0,0,0,6,0,0
masquerade,6,masquerade=6,5,1,0,0,0,0,0,0
matt,6,matt=6,0,6,0,0,0,0,0,0
mckinsey,6,mckinsey=6,0,6,0,0,0,0,0,0
measurements,6,measurements=6,0,6,0,0,0,0,0,0
mechanically,6,mechanically=6,0,0,0,0,0,6,0,0
mediation,6,mediation=6,6,0,0,0,0,0,0,0
melanistic,6,melanistic=6,0,0,0,0,6,0,0,0
mesolithic,6,mesolithic=6,0,6,0,0,0,0,0,0
metacognition,6,metacognition=6,6,0,0,0,0,0,0,0
metaphor,6,metaphors=4; metaphor=2,6,0,0,0,0,0,0,0
metering,6,metering=6,6,0,0,0,0,0,0,0
meticulous,6,meticulous=6,0,0,0,0,6,0,0,0
microclimate,6,microclimate=5; microclimates=1,6,0,0,0,0,0,0,0
microenvironment,6,microenvironment=3; microenvironments=3,6,0,0,0,0,0,0,0
microplankton,6,microplankton=6,0,6,0,0,0,0,0,0
minority,6,minority=5; minorities=1,6,0,0,0,0,0,0,0
mobilize,6,mobilize=3; mobilizing=2; mobilized=1,0,0,6,0,0,0,0,0
moccasin,6,moccasins=4; moccasin=2,5,1,0,0,0,0,0,0
mock,6,mock=4; mocking=2,0,0,2,0,4,0,0,0
monastic,6,monastic=5; monastics=1,1,0,0,0,5,0,0,0
monologue,6,monologue=3; monologues=3,6,0,0,0,0,0,0,0
monster,6,monster=3; monsters=3,6,0,0,0,0,0,0,0
mortar,6,mortar=6,6,0,0,0,0,0,0,0
mudie,6,mudie=6,0,6,0,0,0,0,0,0
multidisciplinary,6,multidisciplinary=6,0,0,0,0,6,0,0,0
multitasking,6,multitasking=6,5,0,0,0,1,0,0,0
multitude,6,multitude=6,6,0,0,0,0,0,0,0
murray,6,murray=6,0,6,0,0,0,0,0,0
naked,6,naked=6,0,0,0,0,6,0,0,0
nano,6,nano=6,5,1,0,0,0,0,0,0
naples,6,naples=6,0,6,0,0,0,0,0,0
narration,6,narration=6,6,0,0,0,0,0,0,0
nascar,6,nascar=6,2,4,0,0,0,0,0,0
nass,6,nass=6,0,6,0,0,0,0,0,0
ndm,6,ndm=6,0,6,0,0,0,0,0,0
neatly,6,neatly=6,0,0,0,0,0,6,0,0
necessitate,6,necessitated=4; necessitate=1; necessitating=1,0,0,6,0,0,0,0,0
nestling,6,nestlings=6,6,0,0,0,0,0,0,0
newcomen,6,newcomen=6,0,6,0,0,0,0,0,0
newtonian,6,newtonian=6,0,0,0,0,6,0,0,0
nitrate,6,nitrate=5; nitrates=1,1,0,0,0,5,0,0,0
nomad,6,nomads=6,6,0,0,0,0,0,0,0
nominalism,6,nominalism=6,5,1,0,0,0,0,0,0
nonfiction,6,nonfiction=6,5,1,0,0,0,0,0,0
nonlinear,6,nonlinear=6,0,0,0,0,6,0,0,0
norman,6,norman=6,0,6,0,0,0,0,0,0
notate,6,notated=3; notating=2; notate=1,0,0,6,0,0,0,0,0
notoriously,6,notoriously=6,0,0,0,0,0,6,0,0
numerical,6,numerical=6,0,3,0,0,3,0,0,0
oats,6,oats=6,4,2,0,0,0,0,0,0
obligate,6,obligate=4; obligated=1; obligates=1,3,1,2,0,0,0,0,0
oblige,6,obliged=6,0,0,6,0,0,0,0,0
observable,6,observable=6,0,0,0,0,6,0,0,0
observed,6,observed=6,0,0,0,0,6,0,0,0
oceanography,6,oceanography=6,3,3,0,0,0,0,0,0
offend,6,offend=3; offended=3,0,0,6,0,0,0,0,0
olbers,6,olbers=6,0,6,0,0,0,0,0,0
olmste,6,olmsted=6,0,0,6,0,0,0,0,0
onward,6,onward=6,0,0,0,0,0,6,0,0
openness,6,openness=6,6,0,0,0,0,0,0,0
opportunities,6,opportunities=6,0,6,0,0,0,0,0,0
orii,6,orii=6,0,6,0,0,0,0,0,0
ostia,6,ostia=6,0,6,0,0,0,0,0,0
ostrich,6,ostriches=6,6,0,0,0,0,0,0,0
outage,6,outage=3; outages=3,6,0,0,0,0,0,0,0
outgassing,6,outgassing=6,2,3,0,0,1,0,0,0
outlook,6,outlook=5; outlooks=1,5,1,0,0,0,0,0,0
overcrowding,6,overcrowding=6,6,0,0,0,0,0,0,0
overdue,6,overdue=6,0,0,0,0,6,0,0,0
overflow,6,overflow=3; overflowing=3,2,0,4,0,0,0,0,0
overgrazing,6,overgrazing=6,5,0,0,0,1,0,0,0
overtone,6,overtone=6,6,0,0,0,0,0,0,0
pad,6,pads=5; pad=1,6,0,0,0,0,0,0,0
painstaking,6,painstaking=6,0,0,0,0,6,0,0,0
palmer,6,palmer=6,0,6,0,0,0,0,0,0
pane,6,pane=3; panes=3,6,0,0,0,0,0,0,0
parachute,6,parachute=3; parachutes=3,5,0,0,0,1,0,0,0
paradoxically,6,paradoxically=6,0,0,0,0,0,6,0,0
paramecium,6,paramecium=6,0,6,0,0,0,0,0,0
parchment,6,parchment=6,6,0,0,0,0,0,0,0
participants,6,participants=6,0,6,0,0,0,0,0,0
patchwork,6,patchwork=6,6,0,0,0,0,0,0,0
patriarchy,6,patriarchy=4; patriarchies=2,6,0,0,0,0,0,0,0
patricia,6,patricia=6,0,6,0,0,0,0,0,0
paved,6,paved=6,0,0,0,0,6,0,0,0
peach,6,peach=6,2,3,0,0,1,0,0,0
penetration,6,penetration=6,6,0,0,0,0,0,0,0
pepys,6,pepys=6,0,6,0,0,0,0,0,0
periodical,6,periodicals=5; periodical=1,5,0,0,0,1,0,0,0
persevere,6,persevere=5; persevered=1,3,0,3,0,0,0,0,0
pharmaceutical,6,pharmaceutical=4; pharmaceuticals=2,3,0,0,0,3,0,0,0
phenology,6,phenology=6,5,1,0,0,0,0,0,0
phenotype,6,phenotype=4; phenotypes=2,5,1,0,0,0,0,0,0
phosphoru,6,phosphorus=6,6,0,0,0,0,0,0,0
picky,6,picky=6,0,0,0,0,6,0,0,0
piracy,6,piracy=6,6,0,0,0,0,0,0,0
playa,6,playa=6,3,3,0,0,0,0,0,0
plume,6,plumes=4; plume=2,6,0,0,0,0,0,0,0
polished,6,polished=6,0,0,0,0,6,0,0,0
polo,6,polo=6,5,1,0,0,0,0,0,0
polyp,6,polyps=6,6,0,0,0,0,0,0,0
populated,6,populated=6,0,0,0,0,6,0,0,0
porous,6,porous=6,0,0,0,0,6,0,0,0
postclassic,6,postclassic=6,0,6,0,0,0,0,0,0
postman,6,postman=6,3,3,0,0,0,0,0,0
postmodern,6,postmodern=6,1,1,0,0,4,0,0,0
postulate,6,postulate=2; postulated=2; postulates=1; postulating=1,2,0,4,0,0,0,0,0
posture,6,posture=5; postures=1,6,0,0,0,0,0,0,0
potted,6,potted=6,0,0,0,0,6,0,0,0
poultry,6,poultry=6,6,0,0,0,0,0,0,0
pozzolana,6,pozzolana=6,0,6,0,0,0,0,0,0
prayer,6,prayers=5; prayer=1,6,0,0,0,0,0,0,0
predictability,6,predictability=6,6,0,0,0,0,0,0,0
predmosti,6,predmosti=6,0,6,0,0,0,0,0,0
predominate,6,predominate=3; predominated=3,0,0,6,0,0,0,0,0
pregnancy,6,pregnancy=5; pregnancies=1,6,0,0,0,0,0,0,0
prehistory,6,prehistory=6,3,3,0,0,0,0,0,0
prevalence,6,prevalence=6,6,0,0,0,0,0,0,0
prevention,6,prevention=6,6,0,0,0,0,0,0,0
preview,6,preview=4; previews=2,4,0,2,0,0,0,0,0
priceless,6,priceless=6,0,0,0,0,6,0,0,0
procrastination,6,procrastination=6,6,0,0,0,0,0,0,0
professors,6,professors=6,0,6,0,0,0,0,0,0
prog,6,progs=4; prog=2,4,0,2,0,0,0,0,0
prominently,6,prominently=6,0,0,0,0,0,6,0,0
prototype,6,prototype=3; prototypes=3,6,0,0,0,0,0,0,0
protrusion,6,protrusion=6,6,0,0,0,0,0,0,0
proven,6,proven=6,0,0,0,0,6,0,0,0
provencal,6,provencal=6,0,6,0,0,0,0,0,0
provincial,6,provincial=6,0,0,0,0,6,0,0,0
ps,6,ps=6,3,3,0,0,0,0,0,0
pueblo,6,pueblo=5; pueblos=1,3,3,0,0,0,0,0,0
pulter,6,pulter=6,6,0,0,0,0,0,0,0
pumice,6,pumice=6,6,0,0,0,0,0,0,0
purse,6,purses=6,6,0,0,0,0,0,0,0
pythian,6,pythian=6,0,6,0,0,0,0,0,0
python,6,python=4; pythons=2,5,0,0,0,1,0,0,0
quadrat,6,quadrat=4; quadrats=2,6,0,0,0,0,0,0,0
quest,6,quest=6,3,3,0,0,0,0,0,0
questionable,6,questionable=6,0,0,0,0,6,0,0,0
quill,6,quill=5; quills=1,3,3,0,0,0,0,0,0
quinn,6,quinn=6,0,6,0,0,0,0,0,0
rancher,6,ranchers=5; rancher=1,6,0,0,0,0,0,0,0
raphaelites,6,raphaelites=6,0,6,0,0,0,0,0,0
ratchet,6,ratchet=6,5,1,0,0,0,0,0,0
ravage,6,ravaged=3; ravages=3,3,0,3,0,0,0,0,0
reactive,6,reactive=6,1,0,0,0,5,0,0,0
rearrange,6,rearrange=3; rearranged=1; rearranges=1; rearranging=1,0,0,6,0,0,0,0,0
reassemble,6,reassembled=4; reassemble=1; reassembles=1,0,0,6,0,0,0,0,0
rebound,6,rebounded=4; rebound=2,0,0,6,0,0,0,0,0
recache,6,recache=4; recaching=2,0,0,6,0,0,0,0,0
recital,6,recital=6,6,0,0,0,0,0,0,0
records,6,records=6,0,6,0,0,0,0,0,0
recount,6,recounts=3; recount=2; recounting=1,0,0,6,0,0,0,0,0
reductionism,6,reductionism=6,5,1,0,0,0,0,0,0
reductionist,6,reductionist=4; reductionists=2,4,0,0,0,2,0,0,0
reestablish,6,reestablish=5; reestablishing=1,0,0,6,0,0,0,0,0
referencing,6,referencing=6,3,1,0,0,2,0,0,0
refill,6,refill=2; refilling=2; refilled=1; refills=1,3,0,3,0,0,0,0,0
refuge,6,refuge=5; refuges=1,6,0,0,0,0,0,0,0
refugia,6,refugia=6,4,1,0,0,1,0,0,0
regain,6,regain=5; regained=1,0,0,6,0,0,0,0,0
regularity,6,regularity=6,6,0,0,0,0,0,0,0
reinstall,6,reinstall=2; reinstalled=2; reinstalling=2,0,0,6,0,0,0,0,0
reiterate,6,reiterate=4; reiterated=1; reiterates=1,0,0,5,0,1,0,0,0
relaxation,6,relaxation=6,5,1,0,0,0,0,0,0
renewal,6,renewal=6,6,0,0,0,0,0,0,0
renowned,6,renowned=6,0,0,0,0,6,0,0,0
resettle,6,resettled=4; resettle=2,0,0,5,0,1,0,0,0
resistivity,6,resistivity=6,6,0,0,0,0,0,0,0
responsive,6,responsive=6,0,0,0,0,6,0,0,0
restructure,6,restructured=5; restructure=1,1,0,5,0,0,0,0,0
rethink,6,rethink=5; rethinking=1,0,0,6,0,0,0,0,0
retirement,6,retirement=6,6,0,0,0,0,0,0,0
rib,6,ribs=6,6,0,0,0,0,0,0,0
richards,6,richards=6,0,6,0,0,0,0,0,0
ripple,6,rippled=3; rippling=2; ripple=1,0,0,5,0,1,0,0,0
roar,6,roars=3; roaring=2; roar=1,3,0,3,0,0,0,0,0
robe,6,robe=4; robes=2,6,0,0,0,0,0,0,0
rodriguez,6,rodriguez=6,0,6,0,0,0,0,0,0
rosa,6,rosa=6,0,6,0,0,0,0,0,0
rot,6,rot=3; rotting=2; rotted=1,0,0,6,0,0,0,0,0
rotational,6,rotational=6,0,0,0,0,6,0,0,0
routinely,6,routinely=6,0,0,0,0,0,6,0,0
ruminant,6,ruminants=4; ruminant=2,6,0,0,0,0,0,0,0
rupture,6,rupture=2; ruptured=2; ruptures=2,2,0,4,0,0,0,0,0
ruth,6,ruth=6,0,6,0,0,0,0,0,0
sabi,6,sabi=6,0,6,0,0,0,0,0,0
sabuleti,6,sabuleti=6,3,3,0,0,0,0,0,0
sainte,6,sainte=6,0,6,0,0,0,0,0,0
salei,6,salei=6,6,0,0,0,0,0,0,0
sardine,6,sardine=3; sardines=3,6,0,0,0,0,0,0,0
sardinia,6,sardinia=6,0,6,0,0,0,0,0,0
satisfying,6,satisfying=6,0,0,0,0,6,0,0,0
scenic,6,scenic=6,0,0,0,0,6,0,0,0
schoenberg,6,schoenberg=6,0,6,0,0,0,0,0,0
schools,6,schools=6,0,6,0,0,0,0,0,0
scream,6,scream=3; screamed=2; screaming=1,0,1,5,0,0,0,0,0
scrutinize,6,scrutinizing=4; scrutinize=1; scrutinizes=1,0,0,6,0,0,0,0,0
seaport,6,seaport=6,6,0,0,0,0,0,0,0
securely,6,securely=6,0,0,0,0,0,6,0,0
semiarid,6,semiarid=6,1,0,0,0,5,0,0,0
sentiment,6,sentiment=5; sentiments=1,6,0,0,0,0,0,0,0
sequential,6,sequential=6,0,0,0,0,6,0,0,0
seville,6,seville=6,0,6,0,0,0,0,0,0
sewage,6,sewage=6,6,0,0,0,0,0,0,0
shall,6,shall=6,0,0,0,6,0,0,0,0
shaman,6,shamans=6,6,0,0,0,0,0,0,0
shared,6,shared=6,0,0,0,0,6,0,0,0
shoaling,6,shoaling=6,6,0,0,0,0,0,0,0
shoemaker,6,shoemakers=4; shoemaker=2,6,0,0,0,0,0,0,0
shorter,6,shorter=6,0,2,0,0,1,3,0,0
showing,6,showing=6,6,0,0,0,0,0,0,0
sideways,6,sideways=6,0,0,0,0,4,2,0,0
silversmith,6,silversmith=3; silversmiths=3,5,1,0,0,0,0,0,0
simulated,6,simulated=6,0,0,0,0,6,0,0,0
sisyphus,6,sisyphus=6,0,6,0,0,0,0,0,0
sixteen,6,sixteen=6,0,0,0,0,0,0,0,6
skeptic,6,skeptics=4; skeptic=2,5,0,0,0,1,0,0,0
skinned,6,skinned=6,0,0,0,0,6,0,0,0
slag,6,slag=5; slagging=1,5,0,1,0,0,0,0,0
snapshot,6,snapshot=3; snapshots=3,6,0,0,0,0,0,0,0
snare,6,snare=4; snares=2,6,0,0,0,0,0,0,0
sneak,6,sneak=4; sneaking=1; sneaks=1,1,0,5,0,0,0,0,0
socioeconomic,6,socioeconomic=6,0,0,0,0,6,0,0,0
solving,6,solving=6,6,0,0,0,0,0,0,0
songbird,6,songbirds=5; songbird=1,6,0,0,0,0,0,0,0
soundboard,6,soundboard=6,6,0,0,0,0,0,0,0
specification,6,specifications=5; specification=1,6,0,0,0,0,0,0,0
speciman,6,specimen=6,6,0,0,0,0,0,0,0
spectral,6,spectral=6,0,0,0,0,6,0,0,0
spew,6,spewed=4; spewing=2,0,0,6,0,0,0,0,0
spotted,6,spotted=6,0,0,0,0,6,0,0,0
stalagmite,6,stalagmites=6,6,0,0,0,0,0,0,0
stall,6,stall=3; stalls=3,3,0,3,0,0,0,0,0
stark,6,stark=6,0,0,0,0,6,0,0,0
startle,6,startle=5; startled=1,0,1,3,0,2,0,0,0
statistically,6,statistically=6,0,0,0,0,0,6,0,0
statute,6,statute=3; statutes=3,6,0,0,0,0,0,0,0
steelmaking,6,steelmaking=6,6,0,0,0,0,0,0,0
stencil,6,stencils=6,6,0,0,0,0,0,0,0
stifle,6,stifle=6,1,0,5,0,0,0,0,0
stir,6,stir=4; stirred=1; stirs=1,1,0,5,0,0,0,0,0
stormwater,6,stormwater=6,6,0,0,0,0,0,0,0
stormy,6,stormy=6,0,1,0,0,5,0,0,0
storyline,6,storyline=6,6,0,0,0,0,0,0,0
stroll,6,stroll=3; strolling=3,1,0,5,0,0,0,0,0
subdivide,6,subdivided=4; subdividing=2,0,0,6,0,0,0,0,0
subsurface,6,subsurface=6,6,0,0,0,0,0,0,0
sucker,6,suckers=5; sucker=1,6,0,0,0,0,0,0,0
suffering,6,suffering=6,6,0,0,0,0,0,0,0
sugarland,6,sugarland=6,0,6,0,0,0,0,0,0
suger,6,suger=6,0,6,0,0,0,0,0,0
sunfish,6,sunfish=6,5,1,0,0,0,0,0,0
supernovas,6,supernovas=6,2,3,0,0,1,0,0,0
supplemental,6,supplemental=6,0,0,0,0,6,0,0,0
surviving,6,surviving=6,6,0,0,0,0,0,0,0
swampy,6,swampy=6,0,0,1,0,5,0,0,0
sweat,6,sweat=5; sweating=1,3,0,3,0,0,0,0,0
syahbandar,6,syahbandar=4; syahbandars=2,6,0,0,0,0,0,0,0
synchronized,6,synchronized=6,0,1,0,0,5,0,0,0
syndicate,6,syndicate=6,6,0,0,0,0,0,0,0
synthesize,6,synthesize=3; synthesized=2; synthesizing=1,1,0,5,0,0,0,0,0
takeoff,6,takeoff=6,6,0,0,0,0,0,0,0
tangible,6,tangible=6,0,0,0,0,6,0,0,0
tanner,6,tanners=6,6,0,0,0,0,0,0,0
tanning,6,tanning=6,5,1,0,0,0,0,0,0
teachers,6,teachers=6,0,6,0,0,0,0,0,0
tearl,6,tearl=6,0,6,0,0,0,0,0,0
ted,6,teds=4; ted=2,4,1,0,0,1,0,0,0
tempt,6,tempted=6,0,0,6,0,0,0,0,0
tempting,6,tempting=6,0,0,0,0,6,0,0,0
tender,6,tender=4; tenders=2,4,0,0,0,2,0,0,0
tenet,6,tenets=4; tenet=2,6,0,0,0,0,0,0,0
tensile,6,tensile=6,0,0,0,0,6,0,0,0
tentacle,6,tentacles=6,5,0,1,0,0,0,0,0
tepenecz,6,tepenecz=6,0,6,0,0,0,0,0,0
terebinth,6,terebinth=6,3,2,0,0,1,0,0,0
theft,6,theft=6,5,0,0,0,1,0,0,0
theirs,6,theirs=6,0,1,0,0,0,0,5,0
theories,6,theories=6,0,6,0,0,0,0,0,0
theremin,6,theremin=6,6,0,0,0,0,0,0,0
thermonuclear,6,thermonuclear=6,0,6,0,0,0,0,0,0
thriving,6,thriving=6,0,0,0,0,6,0,0,0
throne,6,throne=6,6,0,0,0,0,0,0,0
thruster,6,thrusters=4; thruster=2,6,0,0,0,0,0,0,0
thursdays,6,thursdays=6,0,6,0,0,0,0,0,0
ticketing,6,ticketing=6,6,0,0,0,0,0,0,0
tiffany,6,tiffany=6,0,6,0,0,0,0,0,0
tiring,6,tiring=6,1,0,0,0,5,0,0,0
titian,6,titian=6,0,6,0,0,0,0,0,0
tonal,6,tonal=6,0,0,0,0,6,0,0,0
torosaurus,6,torosaurus=6,0,6,0,0,0,0,0,0
tourneur,6,tourneur=6,0,6,0,0,0,0,0,0
tours,6,tours=6,0,6,0,0,0,0,0,0
transformative,6,transformative=6,2,0,2,0,2,0,0,0
transitional,6,transitional=6,0,0,0,0,6,0,0,0
triassic,6,triassic=6,0,6,0,0,0,0,0,0
triumph,6,triumph=5; triumphs=1,4,0,2,0,0,0,0,0
tuba,6,tuba=6,0,6,0,0,0,0,0,0
turmoil,6,turmoil=6,6,0,0,0,0,0,0,0
ugly,6,ugly=6,0,0,0,0,6,0,0,0
umm,6,umm=6,0,4,0,0,2,0,0,0
unavoidable,6,unavoidable=6,0,0,0,0,6,0,0,0
undang,6,undang=6,0,6,0,0,0,0,0,0
undecorated,6,undecorated=6,0,1,0,0,5,0,0,0
underglaze,6,underglaze=6,0,0,0,0,6,0,0,0
underserved,6,underserved=6,0,0,0,0,6,0,0,0
understood,6,understood=6,0,4,0,0,2,0,0,0
unequal,6,unequal=6,0,0,0,0,6,0,0,0
unfairly,6,unfairly=6,0,0,0,0,0,6,0,0
unharmed,6,unharmed=6,0,0,0,0,6,0,0,0
unheard,6,unheard=6,0,0,0,0,6,0,0,0
uniquely,6,uniquely=6,0,0,0,0,0,6,0,0
unload,6,unload=2; unloaded=2; unloading=2,0,0,6,0,0,0,0,0
unnecessarily,6,unnecessarily=6,0,0,0,0,0,6,0,0
unpack,6,unpacking=4; unpack=2,0,0,6,0,0,0,0,0
unpredictably,6,unpredictably=6,0,1,0,0,0,5,0,0
unskilled,6,unskilled=6,0,0,0,0,6,0,0,0
unsustainable,6,unsustainable=6,0,0,0,0,6,0,0,0
unthinkable,6,unthinkable=6,0,0,0,0,6,0,0,0
upstairs,6,upstairs=6,0,0,0,0,0,6,0,0
urkesh,6,urkesh=6,0,5,0,0,1,0,0,0
urn,6,urn=4; urns=2,5,1,0,0,0,0,0,0
variations,6,variations=6,0,6,0,0,0,0,0,0
venomous,6,venomous=6,0,0,0,0,6,0,0,0
versatility,6,versatility=6,6,0,0,0,0,0,0,0
vertically,6,vertically=6,0,0,0,0,0,6,0,0
veteran,6,veterans=6,6,0,0,0,0,0,0,0
vibrate,6,vibrate=3; vibrating=2; vibrates=1,2,0,4,0,0,0,0,0
vietnam,6,vietnam=6,0,6,0,0,0,0,0,0
vigorously,6,vigorously=6,0,0,0,0,0,6,0,0
viscous,6,viscous=6,0,0,0,0,6,0,0,0
volcanoes,6,volcanoes=6,0,6,0,0,0,0,0,0
wales,6,wales=6,0,6,0,0,0,0,0,0
walled,6,walled=6,0,0,0,0,6,0,0,0
washoe,6,washoe=6,1,5,0,0,0,0,0,0
webpage,6,webpage=6,6,0,0,0,0,0,0,0
whatsoever,6,whatsoever=6,0,0,0,0,0,6,0,0
whichever,6,whichever=6,0,0,0,0,0,0,0,6
whitelaw,6,whitelaw=6,0,6,0,0,0,0,0,0
widen,6,widening=3; widened=2; widen=1,0,0,6,0,0,0,0,0
wider,6,wider=6,0,0,0,0,0,6,0,0
wildly,6,wildly=6,0,0,0,0,0,6,0,0
willpower,6,willpower=6,6,0,0,0,0,0,0,0
wisely,6,wisely=6,0,0,0,0,0,6,0,0
workable,6,workable=6,0,0,0,0,6,0,0,0
workers,6,workers=6,0,6,0,0,0,0,0,0
workstation,6,workstations=5; workstation=1,6,0,0,0,0,0,0,0
wright,6,wright=6,0,6,0,0,0,0,0,0
yours,6,yours=6,0,0,0,0,0,0,6,0
zagros,6,zagros=6,0,6,0,0,0,0,0,0
zhou,6,zhou=6,0,6,0,0,0,0,0,0
aa,5,aa=5,0,5,0,0,0,0,0,0
aboveground,5,aboveground=5,0,0,0,0,3,2,0,0
abuse,5,abuse=4; abuses=1,5,0,0,0,0,0,0,0
acrobatic,5,acrobatics=4; acrobatic=1,4,0,0,0,1,0,0,0
activism,5,activism=5,5,0,0,0,0,0,0,0
adding,5,adding=5,0,5,0,0,0,0,0,0
admittedly,5,admittedly=5,0,0,0,0,0,5,0,0
adolescent,5,adolescents=3; adolescent=2,3,0,0,0,2,0,0,0
advances,5,advances=5,0,5,0,0,0,0,0,0
advantages,5,advantages=5,0,5,0,0,0,0,0,0
aerate,5,aerate=4; aerated=1,0,0,5,0,0,0,0,0
aeration,5,aeration=5,3,2,0,0,0,0,0,0
aerodynamic,5,aerodynamic=3; aerodynamics=2,2,0,0,0,3,0,0,0
affordability,5,affordability=5,5,0,0,0,0,0,0,0
aged,5,aged=5,0,1,0,0,4,0,0,0
agility,5,agility=5,4,1,0,0,0,0,0,0
alternately,5,alternately=5,0,0,0,0,0,5,0,0
ambient,5,ambient=5,0,1,0,0,4,0,0,0
anaerobic,5,anaerobic=5,2,0,1,0,2,0,0,0
analytical,5,analytical=5,0,0,0,0,5,0,0,0
anthesis,5,anthesis=5,5,0,0,0,0,0,0,0
anthropological,5,anthropological=5,1,0,0,0,4,0,0,0
anticipated,5,anticipated=5,0,1,0,0,4,0,0,0
antioxidant,5,antioxidants=4; antioxidant=1,5,0,0,0,0,0,0,0
ants,5,ants=5,0,5,0,0,0,0,0,0
anvil,5,anvil=5,5,0,0,0,0,0,0,0
appeasement,5,appeasement=5,0,1,0,0,4,0,0,0
arguably,5,arguably=5,0,0,0,0,0,5,0,0
aridity,5,aridity=5,5,0,0,0,0,0,0,0
artisans,5,artisans=5,0,5,0,0,0,0,0,0
ascertain,5,ascertain=4; ascertaining=1,0,0,5,0,0,0,0,0
aspen,5,aspen=4; aspens=1,3,0,2,0,0,0,0,0
asr,5,asr=5,0,5,0,0,0,0,0,0
asset,5,assets=3; asset=2,5,0,0,0,0,0,0,0
associative,5,associative=5,0,1,0,0,4,0,0,0
assurance,5,assurance=5,5,0,0,0,0,0,0,0
astrobiologist,5,astrobiologists=5,5,0,0,0,0,0,0,0
attendant,5,attendant=3; attendants=2,5,0,0,0,0,0,0,0
augment,5,augmented=3; augmenting=2,0,0,5,0,0,0,0,0
authorization,5,authorization=5,5,0,0,0,0,0,0,0
automated,5,automated=5,0,0,0,0,5,0,0,0
autonomous,5,autonomous=5,0,0,0,0,5,0,0,0
avocado,5,avocado=4; avocados=1,2,0,0,0,3,0,0,0
awaken,5,awakened=3; awaken=2,0,0,5,0,0,0,0,0
babylon,5,babylon=5,0,5,0,0,0,0,0,0
babylonian,5,babylonian=5,0,1,0,0,4,0,0,0
backdrop,5,backdrops=3; backdrop=2,5,0,0,0,0,0,0,0
backstage,5,backstage=5,4,0,0,0,1,0,0,0
baffin,5,baffin=5,0,5,0,0,0,0,0,0
bakker,5,bakker=5,0,5,0,0,0,0,0,0
bandwagon,5,bandwagon=5,3,2,0,0,0,0,0,0
bang,5,bang=3; banging=2,0,3,2,0,0,0,0,0
barter,5,barter=5,5,0,0,0,0,0,0,0
basalt,5,basalt=3; basalts=2,4,1,0,0,0,0,0,0
beard,5,beard=4; beards=1,5,0,0,0,0,0,0,0
beech,5,beech=5,5,0,0,0,0,0,0,0
bees,5,bees=5,0,5,0,0,0,0,0,0
beet,5,beet=4; beets=1,4,1,0,0,0,0,0,0
begging,5,begging=5,4,1,0,0,0,0,0,0
berber,5,berbers=4; berber=1,4,1,0,0,0,0,0,0
bernard,5,bernard=5,0,5,0,0,0,0,0,0
better,5,better=5,0,5,0,0,0,0,0,0
biased,5,biased=5,0,0,0,0,5,0,0,0
biochemistry,5,biochemistry=5,5,0,0,0,0,0,0,0
biofluorescent,5,biofluorescent=5,5,0,0,0,0,0,0,0
biographical,5,biographical=5,0,0,0,0,5,0,0,0
biohacke,5,biohacking=5,0,0,5,0,0,0,0,0
birdlike,5,birdlike=5,1,0,0,0,4,0,0,0
blazer,5,blazers=5,5,0,0,0,0,0,0,0
blessing,5,blessing=3; blessings=2,5,0,0,0,0,0,0,0
blonde,5,blonde=5,1,0,0,0,4,0,0,0
blossom,5,blossom=3; blossoms=2,4,1,0,0,0,0,0,0
blunt,5,blunt=5,1,0,0,0,4,0,0,0
boarding,5,boarding=5,5,0,0,0,0,0,0,0
bollworm,5,bollworm=5,5,0,0,0,0,0,0,0
bookshelf,5,bookshelf=3; bookshelves=2,5,0,0,0,0,0,0,0
bordeaux,5,bordeaux=5,0,5,0,0,0,0,0,0
borehole,5,boreholes=3; borehole=2,4,1,0,0,0,0,0,0
boss,5,boss=4; bosses=1,5,0,0,0,0,0,0,0
bounty,5,bounty=5,5,0,0,0,0,0,0,0
boutique,5,boutique=4; boutiques=1,4,1,0,0,0,0,0,0
braid,5,braided=2; braid=1; braiding=1; braids=1,2,0,3,0,0,0,0,0
brilliance,5,brilliance=5,5,0,0,0,0,0,0,0
britons,5,britons=5,0,5,0,0,0,0,0,0
brunswick,5,brunswick=5,0,5,0,0,0,0,0,0
buckle,5,buckles=4; buckling=1,4,0,1,0,0,0,0,0
burgundy,5,burgundy=5,0,5,0,0,0,0,0,0
burke,5,burke=5,0,5,0,0,0,0,0,0
bustling,5,bustling=5,0,0,0,0,5,0,0,0
butcher,5,butcher=2; butchered=2; butchers=1,2,0,3,0,0,0,0,0
cabbage,5,cabbage=5,5,0,0,0,0,0,0,0
cadmium,5,cadmium=5,5,0,0,0,0,0,0,0
calibrate,5,calibrated=4; calibrate=1,0,0,5,0,0,0,0,0
candlestick,5,candlesticks=5,5,0,0,0,0,0,0,0
capercaillie,5,capercaillie=5,4,1,0,0,0,0,0,0
capitalist,5,capitalist=4; capitalists=1,2,0,0,0,3,0,0,0
capitalize,5,capitalize=2; capitalizes=2; capitalized=1,1,0,4,0,0,0,0,0
caption,5,captions=5,5,0,0,0,0,0,0,0
carbonaria,5,carbonaria=5,0,5,0,0,0,0,0,0
cardiovascular,5,cardiovascular=5,0,0,0,0,5,0,0,0
carnivorous,5,carnivorous=5,0,0,0,0,5,0,0,0
caroline,5,caroline=5,3,2,0,0,0,0,0,0
carter,5,carter=5,1,4,0,0,0,0,0,0
caryatid,5,caryatid=3; caryatids=2,4,0,0,0,1,0,0,0
cassette,5,cassette=4; cassettes=1,5,0,0,0,0,0,0,0
cassowary,5,cassowaries=4; cassowary=1,5,0,0,0,0,0,0,0
catalhöyük,5,catalhöyük=5,0,5,0,0,0,0,0,0
catastrophism,5,catastrophism=5,5,0,0,0,0,0,0,0
catlin,5,catlin=5,0,5,0,0,0,0,0,0
caudatum,5,caudatum=5,5,0,0,0,0,0,0,0
cello,5,cello=5,5,0,0,0,0,0,0,0
cenozoic,5,cenozoic=5,0,5,0,0,0,0,0,0
chalcolithic,5,chalcolithic=5,0,3,0,0,2,0,0,0
charger,5,charger=5,5,0,0,0,0,0,0,0
charismatic,5,charismatic=5,0,0,0,0,5,0,0,0
charm,5,charm=5,5,0,0,0,0,0,0,0
chartres,5,chartres=5,0,5,0,0,0,0,0,0
cheer,5,cheer=3; cheering=1; cheers=1,1,0,4,0,0,0,0,0
chest,5,chest=4; chests=1,5,0,0,0,0,0,0,0
childbirth,5,childbirth=5,5,0,0,0,0,0,0,0
chlorophyll,5,chlorophyll=5,4,1,0,0,0,0,0,0
choreograph,5,choreographed=3; choreograph=1; choreographing=1,0,0,5,0,0,0,0,0
chronological,5,chronological=5,0,0,0,0,5,0,0,0
cinematic,5,cinematic=5,0,0,0,0,5,0,0,0
circularize,5,circularized=3; circularize=1; circularizing=1,0,0,5,0,0,0,0,0
clayton,5,clayton=5,0,5,0,0,0,0,0,0
cling,5,cling=2; clinging=1; clings=1; clung=1,2,0,3,0,0,0,0,0
clip,5,clips=4; clip=1,4,0,1,0,0,0,0,0
clotting,5,clotting=5,5,0,0,0,0,0,0,0
cobalt,5,cobalt=5,5,0,0,0,0,0,0,0
cockeyed,5,cockeyed=5,0,0,0,0,5,0,0,0
coincidentally,5,coincidentally=5,0,0,0,0,0,5,0,0
collaborator,5,collaborators=3; collaborator=2,5,0,0,0,0,0,0,0
comfortably,5,comfortably=5,0,0,0,0,0,5,0,0
committed,5,committed=5,0,0,0,0,5,0,0,0
communicating,5,communicating=5,3,2,0,0,0,0,0,0
compel,5,compelled=3; compel=2,0,0,5,0,0,0,0,0
compensation,5,compensation=5,5,0,0,0,0,0,0,0
composite,5,composite=5,1,0,0,0,4,0,0,0
comprehension,5,comprehension=5,5,0,0,0,0,0,0,0
compressed,5,compressed=5,0,0,0,0,5,0,0,0
computation,5,computation=3; computations=2,5,0,0,0,0,0,0,0
compute,5,computing=3; compute=1; computed=1,0,0,5,0,0,0,0,0
condemn,5,condemned=5,0,0,5,0,0,0,0,0
confer,5,confer=3; conferred=1; conferring=1,0,0,5,0,0,0,0,0
confluence,5,confluence=5,5,0,0,0,0,0,0,0
connolly,5,connolly=5,0,4,0,0,1,0,0,0
conqueror,5,conqueror=3; conquerors=2,5,0,0,0,0,0,0,0
containment,5,containment=5,5,0,0,0,0,0,0,0
contemplate,5,contemplate=5,1,0,4,0,0,0,0,0
contextual,5,contextual=5,0,0,0,0,5,0,0,0
contracting,5,contracting=5,5,0,0,0,0,0,0,0
cookie,5,cookie=5,5,0,0,0,0,0,0,0
copying,5,copying=5,5,0,0,0,0,0,0,0
coquis,5,coquis=5,5,0,0,0,0,0,0,0
coriolis,5,coriolis=5,0,2,0,0,3,0,0,0
corrode,5,corrode=3; corroded=1; corrodes=1,1,0,4,0,0,0,0,0
counterfeit,5,counterfeit=4; counterfeiting=1,0,0,1,0,4,0,0,0
countershade,5,countershading=4; countershaded=1,0,0,5,0,0,0,0,0
courses,5,courses=5,0,5,0,0,0,0,0,0
crawler,5,crawlers=3; crawler=2,5,0,0,0,0,0,0,0
craze,5,craze=4; crazed=1,4,0,1,0,0,0,0,0
credence,5,credence=5,4,1,0,0,0,0,0,0
credential,5,credentials=5,5,0,0,0,0,0,0,0
crevice,5,crevices=5,5,0,0,0,0,0,0,0
crunch,5,crunching=3; crunched=1; crunches=1,0,0,5,0,0,0,0,0
cruz,5,cruz=5,0,5,0,0,0,0,0,0
crystalline,5,crystalline=5,3,0,0,0,2,0,0,0
ct,5,ct=5,0,5,0,0,0,0,0,0
culbert,5,culbert=5,0,5,0,0,0,0,0,0
culinary,5,culinary=5,0,0,0,0,5,0,0,0
culmination,5,culmination=5,5,0,0,0,0,0,0,0
cushion,5,cushion=5,3,0,2,0,0,0,0,0
cyanobacteria,5,cyanobacteria=5,0,5,0,0,0,0,0,0
dad,5,dad=5,5,0,0,0,0,0,0,0
damsel,5,damsel=5,4,1,0,0,0,0,0,0
daniel,5,daniel=5,0,5,0,0,0,0,0,0
darling,5,darling=5,0,5,0,0,0,0,0,0
ddt,5,ddt=5,1,4,0,0,0,0,0,0
debbie,5,debbie=5,0,5,0,0,0,0,0,0
decree,5,decree=2; decreed=1; decreeing=1; decrees=1,2,0,3,0,0,0,0,0
deed,5,deeds=3; deed=2,4,0,1,0,0,0,0,0
defy,5,defy=2; defied=1; defies=1; defying=1,0,0,5,0,0,0,0,0
dega,5,dega=5,0,5,0,0,0,0,0,0
deliberation,5,deliberation=5,5,0,0,0,0,0,0,0
dengue,5,dengue=5,3,2,0,0,0,0,0,0
denial,5,denial=5,5,0,0,0,0,0,0,0
depot,5,depots=4; depot=1,5,0,0,0,0,0,0,0
designing,5,designing=5,2,3,0,0,0,0,0,0
determinant,5,determinant=3; determinants=2,5,0,0,0,0,0,0,0
detour,5,detour=2; detours=2; detoured=1,4,0,1,0,0,0,0,0
detoxify,5,detoxify=5,0,0,5,0,0,0,0,0
detractor,5,detractors=5,5,0,0,0,0,0,0,0
diagnostic,5,diagnostic=4; diagnostics=1,1,0,0,0,4,0,0,0
didi,5,didi=5,0,5,0,0,0,0,0,0
digging,5,digging=5,5,0,0,0,0,0,0,0
dionysian,5,dionysian=5,0,0,0,0,5,0,0,0
disassemble,5,disassembled=4; disassemble=1,0,0,5,0,0,0,0,0
discolor,5,discolor=2; discolored=2; discolors=1,2,1,2,0,0,0,0,0
discriminate,5,discriminate=4; discriminating=1,0,0,5,0,0,0,0,0
dispersion,5,dispersion=4; dispersions=1,5,0,0,0,0,0,0,0
dissatisfaction,5,dissatisfaction=5,5,0,0,0,0,0,0,0
doing,5,doing=5,5,0,0,0,0,0,0,0
dose,5,dose=5,5,0,0,0,0,0,0,0
douglas,5,douglas=5,0,5,0,0,0,0,0,0
downfall,5,downfall=5,4,1,0,0,0,0,0,0
downstairs,5,downstairs=5,0,0,0,0,1,4,0,0
downwind,5,downwind=5,1,0,0,0,2,2,0,0
dramatize,5,dramatized=2; dramatizes=2; dramatize=1,0,0,5,0,0,0,0,0
drape,5,drapes=4; draped=1,4,0,1,0,0,0,0,0
dynastic,5,dynastic=5,0,0,0,0,5,0,0,0
eccentricity,5,eccentricity=5,5,0,0,0,0,0,0,0
ectomycorrhizal,5,ectomycorrhizal=5,5,0,0,0,0,0,0,0
ed,5,ed=5,1,4,0,0,0,0,0,0
eisenhower,5,eisenhower=5,0,5,0,0,0,0,0,0
electrify,5,electrified=3; electrify=2,0,0,5,0,0,0,0,0
electronics,5,electronics=5,4,1,0,0,0,0,0,0
elm,5,elm=5,0,5,0,0,0,0,0,0
emigrate,5,emigrating=4; emigrate=1,0,0,5,0,0,0,0,0
empower,5,empowered=3; empower=2,0,0,5,0,0,0,0,0
enact,5,enacted=3; enact=2,0,0,5,0,0,0,0,0
encase,5,encased=3; encase=1; encasing=1,0,0,5,0,0,0,0,0
encouraging,5,encouraging=5,0,3,0,0,2,0,0,0
endothermy,5,endothermy=5,1,4,0,0,0,0,0,0
energize,5,energized=3; energizes=1; energizing=1,0,0,5,0,0,0,0,0
engl,5,engl=5,0,5,0,0,0,0,0,0
ensue,5,ensued=3; ensuing=2,0,0,5,0,0,0,0,0
entangle,5,entangled=4; entangle=1,0,0,5,0,0,0,0,0
entertainer,5,entertainers=4; entertainer=1,5,0,0,0,0,0,0,0
entrepreneurial,5,entrepreneurial=5,0,0,0,0,5,0,0,0
equity,5,equity=5,5,0,0,0,0,0,0,0
es,5,es=5,0,3,0,0,0,0,0,2
ether,5,ether=5,3,0,0,0,2,0,0,0
ethospecie,5,ethospecies=5,5,0,0,0,0,0,0,0
evans,5,evans=5,0,5,0,0,0,0,0,0
excessively,5,excessively=5,0,0,0,0,0,5,0,0
execution,5,execution=5,5,0,0,0,0,0,0,0
exhausted,5,exhausted=5,0,0,0,0,5,0,0,0
existentialism,5,existentialism=5,5,0,0,0,0,0,0,0
explicitly,5,explicitly=5,0,0,0,0,0,5,0,0
exporter,5,exporter=4; exporters=1,5,0,0,0,0,0,0,0
exposed,5,exposed=5,0,0,0,0,5,0,0,0
externality,5,externalities=3; externality=2,5,0,0,0,0,0,0,0
extraordinarily,5,extraordinarily=5,0,0,0,0,0,5,0,0
eyed,5,eyed=5,1,0,0,0,4,0,0,0
eyre,5,eyre=5,0,5,0,0,0,0,0,0
ezra,5,ezra=5,0,5,0,0,0,0,0,0
fabricate,5,fabricated=3; fabricate=1; fabricating=1,0,0,5,0,0,0,0,0
fainter,5,fainter=5,5,0,0,0,0,0,0,0
falcon,5,falcon=3; falcons=2,5,0,0,0,0,0,0,0
fallen,5,fallen=5,0,4,0,0,1,0,0,0
fascinated,5,fascinated=5,0,1,0,0,4,0,0,0
faulkner,5,faulkner=5,0,5,0,0,0,0,0,0
faunal,5,faunal=5,0,1,0,0,4,0,0,0
favorably,5,favorably=5,0,0,0,0,0,5,0,0
featherworker,5,featherworkers=5,5,0,0,0,0,0,0,0
festive,5,festive=5,0,1,0,0,4,0,0,0
feudal,5,feudal=5,0,0,0,0,5,0,0,0
fi,5,fi=5,0,5,0,0,0,0,0,0
fiat,5,fiat=5,0,5,0,0,0,0,0,0
fingernail,5,fingernails=3; fingernail=2,5,0,0,0,0,0,0,0
fiscal,5,fiscal=5,0,0,0,0,5,0,0,0
fixing,5,fixing=5,5,0,0,0,0,0,0,0
flammable,5,flammable=5,0,0,0,0,5,0,0,0
flemish,5,flemish=5,0,3,0,0,2,0,0,0
fleshy,5,fleshy=4; fleshier=1,0,0,0,0,5,0,0,0
flicker,5,flickering=3; flickered=1; flickers=1,0,0,5,0,0,0,0,0
flier,5,fliers=3; flier=2,5,0,0,0,0,0,0,0
flint,5,flint=5,3,0,0,0,2,0,0,0
folding,5,folding=5,5,0,0,0,0,0,0,0
forbid,5,forbade=3; forbidden=1; forbids=1,0,0,5,0,0,0,0,0
forcefully,5,forcefully=5,0,0,0,0,0,5,0,0
forefront,5,forefront=5,4,0,0,0,1,0,0,0
formality,5,formality=4; formalities=1,5,0,0,0,0,0,0,0
formulaic,5,formulaic=5,0,0,0,0,5,0,0,0
fortify,5,fortified=5,0,0,5,0,0,0,0,0
franks,5,franks=5,0,5,0,0,0,0,0,0
frederick,5,frederick=5,0,5,0,0,0,0,0,0
freight,5,freight=5,5,0,0,0,0,0,0,0
fridays,5,fridays=5,0,5,0,0,0,0,0,0
frigid,5,frigid=5,0,0,0,0,5,0,0,0
frown,5,frowning=3; frown=2,0,0,5,0,0,0,0,0
fruiting,5,fruiting=5,3,0,0,0,2,0,0,0
funeral,5,funeral=3; funerals=2,5,0,0,0,0,0,0,0
funnel,5,funnel=5,3,0,2,0,0,0,0,0
gala,5,gala=5,5,0,0,0,0,0,0,0
gardener,5,gardeners=4; gardener=1,5,0,0,0,0,0,0,0
gauging,5,gauging=5,5,0,0,0,0,0,0,0
gaze,5,gazes=2; gazing=2; gaze=1,2,0,3,0,0,0,0,0
geneticist,5,geneticists=3; geneticist=2,4,1,0,0,0,0,0,0
genevieve,5,genevieve=5,0,5,0,0,0,0,0,0
germ,5,germs=4; germ=1,4,0,1,0,0,0,0,0
gestation,5,gestation=5,5,0,0,0,0,0,0,0
gibbons,5,gibbons=5,0,5,0,0,0,0,0,0
giotto,5,giotto=5,0,5,0,0,0,0,0,0
glycerol,5,glycerol=5,5,0,0,0,0,0,0,0
goddess,5,goddess=5,5,0,0,0,0,0,0,0
goer,5,goers=4; goer=1,5,0,0,0,0,0,0,0
grains,5,grains=5,0,5,0,0,0,0,0,0
graphical,5,graphical=5,0,0,0,0,5,0,0,0
gravitationally,5,gravitationally=5,0,0,0,0,0,5,0,0
greener,5,greener=5,5,0,0,0,0,0,0,0
greg,5,greg=5,0,5,0,0,0,0,0,0
greyhound,5,greyhound=4; greyhounds=1,1,4,0,0,0,0,0,0
groundbreake,5,groundbreaking=5,0,0,5,0,0,0,0,0
guardian,5,guardian=3; guardians=2,5,0,0,0,0,0,0,0
guggenheim,5,guggenheim=5,0,5,0,0,0,0,0,0
gust,5,gust=3; gusts=2,5,0,0,0,0,0,0,0
h,5,h=5,1,4,0,0,0,0,0,0
hadrianic,5,hadrianic=5,0,5,0,0,0,0,0,0
hailstone,5,hailstones=5,5,0,0,0,0,0,0,0
hallmark,5,hallmarks=3; hallmark=2,5,0,0,0,0,0,0,0
handedness,5,handedness=5,4,1,0,0,0,0,0,0
hannah,5,hannah=5,0,5,0,0,0,0,0,0
hannibal,5,hannibal=5,0,5,0,0,0,0,0,0
hardwood,5,hardwood=3; hardwoods=2,4,0,0,0,1,0,0,0
harold,5,harold=5,0,5,0,0,0,0,0,0
hatching,5,hatching=4; hatchings=1,2,1,0,0,2,0,0,0
heir,5,heir=3; heirs=2,5,0,0,0,0,0,0,0
heraclidae,5,heraclidae=5,0,5,0,0,0,0,0,0
heroine,5,heroine=4; heroines=1,5,0,0,0,0,0,0,0
historicist,5,historicist=5,0,0,0,0,5,0,0,0
hm,5,hm=5,0,5,0,0,0,0,0,0
hoax,5,hoax=5,5,0,0,0,0,0,0,0
homophily,5,homophily=5,0,0,0,0,0,5,0,0
hooked,5,hooked=5,0,0,0,0,5,0,0,0
hornbill,5,hornbill=4; hornbills=1,5,0,0,0,0,0,0,0
horrible,5,horrible=5,0,0,0,0,5,0,0,0
horticulturalist,5,horticulturalists=4; horticulturalist=1,5,0,0,0,0,0,0,0
hospitality,5,hospitality=5,5,0,0,0,0,0,0,0
hotspot,5,hotspot=4; hotspots=1,5,0,0,0,0,0,0,0
huang,5,huang=5,0,5,0,0,0,0,0,0
humour,5,humours=5,5,0,0,0,0,0,0,0
hygiene,5,hygiene=5,5,0,0,0,0,0,0,0
hypothetical,5,hypothetical=5,0,0,0,0,5,0,0,0
iberian,5,iberian=5,0,5,0,0,0,0,0,0
idealized,5,idealized=5,0,1,0,0,4,0,0,0
ifd,5,ifd=5,0,5,0,0,0,0,0,0
immensely,5,immensely=5,0,0,0,0,0,5,0,0
impair,5,impair=3; impaired=2,1,0,4,0,0,0,0,0
importer,5,importer=3; importers=2,5,0,0,0,0,0,0,0
inactivity,5,inactivity=5,5,0,0,0,0,0,0,0
inbox,5,inbox=5,5,0,0,0,0,0,0,0
inclination,5,inclination=5,5,0,0,0,0,0,0,0
incline,5,incline=3; inclined=2,3,0,2,0,0,0,0,0
incorporation,5,incorporation=5,5,0,0,0,0,0,0,0
incumbent,5,incumbents=3; incumbent=2,3,0,0,0,2,0,0,0
indifferent,5,indifferent=5,0,3,0,0,2,0,0,0
indigofera,5,indigofera=5,1,4,0,0,0,0,0,0
indispensable,5,indispensable=5,0,0,0,0,5,0,0,0
individuals,5,individuals=5,0,5,0,0,0,0,0,0
industries,5,industries=5,0,5,0,0,0,0,0,0
inflammation,5,inflammation=5,5,0,0,0,0,0,0,0
ingenuity,5,ingenuity=5,5,0,0,0,0,0,0,0
innermost,5,innermost=5,5,0,0,0,0,0,0,0
innovations,5,innovations=5,0,5,0,0,0,0,0,0
insecure,5,insecure=5,1,0,1,0,3,0,0,0
inspiring,5,inspiring=5,0,0,0,0,5,0,0,0
institutional,5,institutional=5,0,0,0,0,5,0,0,0
intarsia,5,intarsia=5,3,2,0,0,0,0,0,0
interbreed,5,interbreed=2; interbreeding=2; interbred=1,0,0,5,0,0,0,0,0
intermittent,5,intermittent=5,0,0,0,0,5,0,0,0
intermolecular,5,intermolecular=5,0,0,0,0,5,0,0,0
interrelate,5,interrelated=5,0,0,5,0,0,0,0,0
intersect,5,intersected=2; intersect=1; intersecting=1; intersects=1,0,0,5,0,0,0,0,0
intimately,5,intimately=5,0,0,0,0,0,5,0,0
intimidating,5,intimidating=5,0,0,0,0,5,0,0,0
intruder,5,intruders=3; intruder=2,5,0,0,0,0,0,0,0
intuitive,5,intuitive=5,0,0,0,0,5,0,0,0
ionize,5,ionized=4; ionize=1,0,0,5,0,0,0,0,0
irony,5,irony=3; ironies=2,5,0,0,0,0,0,0,0
irregularly,5,irregularly=5,0,0,0,0,0,5,0,0
jan,5,jan=5,0,5,0,0,0,0,0,0
jargon,5,jargon=5,0,5,0,0,0,0,0,0
jarmo,5,jarmo=5,0,5,0,0,0,0,0,0
jelly,5,jelly=5,1,0,0,0,1,3,0,0
jesse,5,jesse=5,0,5,0,0,0,0,0,0
jessica,5,jessica=5,0,5,0,0,0,0,0,0
jeweler,5,jewelers=3; jeweler=2,4,1,0,0,0,0,0,0
jewellery,5,jewellery=5,5,0,0,0,0,0,0,0
jewitt,5,jewitt=5,0,5,0,0,0,0,0,0
josef,5,josef=5,0,5,0,0,0,0,0,0
judgement,5,judgements=5,5,0,0,0,0,0,0,0
julio,5,julio=5,0,5,0,0,0,0,0,0
kant,5,kant=5,0,5,0,0,0,0,0,0
kayak,5,kayaking=2; kayaks=2; kayak=1,3,0,2,0,0,0,0,0
kenya,5,kenya=5,0,5,0,0,0,0,0,0
keratin,5,keratin=5,3,2,0,0,0,0,0,0
kestrel,5,kestrel=5,3,0,0,0,2,0,0,0
kg,5,kg=5,5,0,0,0,0,0,0,0
kingfisher,5,kingfisher=4; kingfishers=1,4,1,0,0,0,0,0,0
kuiper,5,kuiper=5,0,5,0,0,0,0,0,0
kush,5,kush=5,0,5,0,0,0,0,0,0
laborious,5,laborious=5,0,0,0,0,5,0,0,0
lapis,5,lapis=5,2,0,0,0,3,0,0,0
laplace,5,laplace=5,0,5,0,0,0,0,0,0
latent,5,latent=5,1,1,0,0,3,0,0,0
lavas,5,lavas=5,3,2,0,0,0,0,0,0
lavish,5,lavish=5,0,0,0,0,5,0,0,0
laws,5,laws=5,0,5,0,0,0,0,0,0
lazuli,5,lazuli=5,4,1,0,0,0,0,0,0
legally,5,legally=5,0,0,0,0,0,5,0,0
legume,5,legumes=5,5,0,0,0,0,0,0,0
lehner,5,lehner=5,0,5,0,0,0,0,0,0
lengthy,5,lengthy=5,1,0,0,0,4,0,0,0
liable,5,liable=5,0,0,0,0,5,0,0,0
libertarian,5,libertarians=4; libertarian=1,4,0,0,0,1,0,0,0
lightstone,5,lightstone=5,0,5,0,0,0,0,0,0
linger,5,linger=2; lingering=2; lingers=1,0,0,4,0,1,0,0,0
lithosphere,5,lithosphere=5,4,0,0,0,1,0,0,0
loa,5,loa=5,0,5,0,0,0,0,0,0
localized,5,localized=5,0,0,0,0,5,0,0,0
locust,5,locust=3; locusts=2,5,0,0,0,0,0,0,0
loew,5,loew=5,0,5,0,0,0,0,0,0
logger,5,loggers=5,5,0,0,0,0,0,0,0
lone,5,lone=5,1,0,0,0,4,0,0,0
longtime,5,longtime=5,0,0,0,0,5,0,0,0
lookout,5,lookout=5,5,0,0,0,0,0,0,0
loosen,5,loosening=2; loosen=1; loosened=1; loosens=1,0,0,5,0,0,0,0,0
loudly,5,loudly=5,0,0,0,0,0,5,0,0
lpplepen,5,lpplepen=5,5,0,0,0,0,0,0,0
lsland,5,lsland=5,3,2,0,0,0,0,0,0
lubart,5,lubart=5,0,5,0,0,0,0,0,0
luckily,5,luckily=5,0,0,0,0,0,5,0,0
luminosity,5,luminosity=4; luminosities=1,5,0,0,0,0,0,0,0
luminous,5,luminous=5,0,0,0,0,5,0,0,0
luxurious,5,luxurious=5,0,0,0,0,5,0,0,0
machete,5,machetes=4; machete=1,5,0,0,0,0,0,0,0
madeline,5,madeline=5,0,5,0,0,0,0,0,0
magnetoreception,5,magnetoreception=5,4,1,0,0,0,0,0,0
magnify,5,magnified=3; magnifies=1; magnify=1,0,0,5,0,0,0,0,0
mailing,5,mailing=5,4,1,0,0,0,0,0,0
malay,5,malay=5,0,4,0,0,1,0,0,0
mall,5,mall=3; malls=2,5,0,0,0,0,0,0,0
mandate,5,mandate=4; mandates=1,3,1,1,0,0,0,0,0
manifest,5,manifest=2; manifests=2; manifested=1,0,0,3,0,2,0,0,0
mantua,5,mantua=5,0,5,0,0,0,0,0,0
manure,5,manure=5,5,0,0,0,0,0,0,0
mariner,5,mariners=3; mariner=2,3,2,0,0,0,0,0,0
marketable,5,marketable=5,0,0,0,0,5,0,0,0
marler,5,marler=5,0,5,0,0,0,0,0,0
marshall,5,marshall=5,0,5,0,0,0,0,0,0
marshmallow,5,marshmallows=3; marshmallow=2,5,0,0,0,0,0,0,0
marvel,5,marvel=3; marvels=2,3,0,2,0,0,0,0,0
maryland,5,maryland=5,0,5,0,0,0,0,0,0
massey,5,massey=5,0,5,0,0,0,0,0,0
maternal,5,maternal=5,0,0,0,0,5,0,0,0
maternity,5,maternity=5,5,0,0,0,0,0,0,0
matrilineal,5,matrilineal=5,0,0,0,0,5,0,0,0
mauna,5,mauna=5,0,5,0,0,0,0,0,0
mausoleum,5,mausoleums=5,5,0,0,0,0,0,0,0
maxim,5,maxim=5,0,5,0,0,0,0,0,0
median,5,median=5,0,0,0,0,5,0,0,0
megafaunal,5,megafaunal=5,0,1,0,0,4,0,0,0
melatonin,5,melatonin=5,2,3,0,0,0,0,0,0
melodic,5,melodic=5,0,0,0,0,5,0,0,0
meme,5,meme=3; memes=2,5,0,0,0,0,0,0,0
men,5,men=5,0,5,0,0,0,0,0,0
mercantile,5,mercantile=5,5,0,0,0,0,0,0,0
mesocosm,5,mesocosm=3; mesocosms=2,5,0,0,0,0,0,0,0
meteorological,5,meteorological=5,0,0,0,0,5,0,0,0
mezhirich,5,mezhirich=5,0,5,0,0,0,0,0,0
microalgae,5,microalgae=5,4,1,0,0,0,0,0,0
microchip,5,microchips=5,5,0,0,0,0,0,0,0
minstrel,5,minstrels=3; minstrel=2,5,0,0,0,0,0,0,0
mismatch,5,mismatched=2; mismatches=2; mismatch=1,3,0,2,0,0,0,0,0
misuse,5,misuse=4; misused=1,4,0,1,0,0,0,0,0
moisten,5,moisten=2; moistened=1; moistening=1; moistens=1,0,0,5,0,0,0,0,0
mole,5,mole=5,1,0,0,0,4,0,0,0
momentum,5,momentum=5,5,0,0,0,0,0,0,0
montana,5,montana=5,0,5,0,0,0,0,0,0
morphological,5,morphological=5,0,0,0,0,5,0,0,0
motivational,5,motivational=5,0,0,0,0,5,0,0,0
mris,5,mris=5,0,5,0,0,0,0,0,0
multicellular,5,multicellular=5,0,0,0,0,5,0,0,0
multiplane,5,multiplane=5,1,1,0,0,3,0,0,0
mundane,5,mundane=5,0,0,0,0,5,0,0,0
murakami,5,murakami=5,1,4,0,0,0,0,0,0
murky,5,murky=5,0,0,0,0,5,0,0,0
musculature,5,musculature=5,5,0,0,0,0,0,0,0
musicianship,5,musicianship=5,0,4,0,0,1,0,0,0
musk,5,musk=5,0,5,0,0,0,0,0,0
mycenae,5,mycenae=5,0,5,0,0,0,0,0,0
mycorrhiza,5,mycorrhiza=4; mycorrhizas=1,3,2,0,0,0,0,0,0
mythical,5,mythical=5,0,0,0,0,5,0,0,0
n,5,n=5,1,0,0,0,0,0,0,4
naginski,5,naginski=5,0,5,0,0,0,0,0,0
narrate,5,narrated=2; narrates=2; narrate=1,0,0,4,0,1,0,0,0
nations,5,nations=5,0,5,0,0,0,0,0,0
natron,5,natron=5,3,2,0,0,0,0,0,0
neanderthals,5,neanderthals=5,0,5,0,0,0,0,0,0
nebraska,5,nebraska=5,0,5,0,0,0,0,0,0
nebular,5,nebular=5,0,0,0,0,5,0,0,0
necho,5,necho=5,0,5,0,0,0,0,0,0
negativity,5,negativity=5,3,1,0,0,1,0,0,0
negligible,5,negligible=5,0,0,0,0,5,0,0,0
networks,5,networks=5,0,5,0,0,0,0,0,0
neurotransmitter,5,neurotransmitter=4; neurotransmitters=1,5,0,0,0,0,0,0,0
newbery,5,newbery=5,0,5,0,0,0,0,0,0
newtoni,5,newtoni=5,5,0,0,0,0,0,0,0
nia,5,nia=5,0,5,0,0,0,0,0,0
nicely,5,nicely=5,0,0,0,0,0,5,0,0
nimrud,5,nimrud=5,0,5,0,0,0,0,0,0
nitrogenous,5,nitrogenous=5,0,0,0,0,5,0,0,0
nonindustrial,5,nonindustrial=5,5,0,0,0,0,0,0,0
nonprofit,5,nonprofit=5,0,0,0,0,5,0,0,0
nontechnical,5,nontechnical=5,0,0,0,0,5,0,0,0
nontraditional,5,nontraditional=5,0,0,0,0,5,0,0,0
normative,5,normative=5,0,0,0,0,5,0,0,0
northernmost,5,northernmost=5,0,0,0,0,3,2,0,0
nosed,5,nosed=5,0,0,0,0,5,0,0,0
nye,5,nye=5,0,5,0,0,0,0,0,0
nylon,5,nylon=5,5,0,0,0,0,0,0,0
obsession,5,obsession=5,5,0,0,0,0,0,0,0
obstruct,5,obstructed=3; obstruct=1; obstructing=1,1,0,4,0,0,0,0,0
occupational,5,occupational=5,0,0,0,0,5,0,0,0
oceans,5,oceans=5,0,5,0,0,0,0,0,0
opaque,5,opaque=5,0,0,0,0,5,0,0,0
openly,5,openly=5,0,0,0,0,0,5,0,0
ophicleide,5,ophicleide=5,4,0,0,0,0,1,0,0
opéra,5,opéra=5,5,0,0,0,0,0,0,0
oscillation,5,oscillation=3; oscillations=2,2,3,0,0,0,0,0,0
ours,5,ours=5,0,0,0,0,1,0,4,0
outermost,5,outermost=5,0,0,0,0,5,0,0,0
outgoing,5,outgoing=5,0,0,0,0,5,0,0,0
outlier,5,outliers=3; outlier=2,5,0,0,0,0,0,0,0
outright,5,outright=5,0,0,0,0,1,4,0,0
outskirt,5,outskirts=5,5,0,0,0,0,0,0,0
oval,5,oval=5,5,0,0,0,0,0,0,0
overboard,5,overboard=5,0,0,0,0,0,5,0,0
overtime,5,overtime=5,4,1,0,0,0,0,0,0
overturn,5,overturned=4; overturning=1,0,0,5,0,0,0,0,0
oxford,5,oxford=5,0,5,0,0,0,0,0,0
pablo,5,pablo=5,0,5,0,0,0,0,0,0
packing,5,packing=5,5,0,0,0,0,0,0,0
paddle,5,paddling=4; paddle=1,1,0,4,0,0,0,0,0
painful,5,painful=5,0,0,0,0,5,0,0,0
paintbrush,5,paintbrush=4; paintbrushes=1,5,0,0,0,0,0,0,0
paleoendemic,5,paleoendemic=5,0,1,0,0,4,0,0,0
palladium,5,palladium=5,5,0,0,0,0,0,0,0
pant,5,panting=2; pants=2; pant=1,3,0,2,0,0,0,0,0
paolo,5,paolo=5,0,5,0,0,0,0,0,0
paraphrase,5,paraphrasing=3; paraphrase=2,2,0,3,0,0,0,0,0
parker,5,parker=5,0,5,0,0,0,0,0,0
parts,5,parts=5,0,5,0,0,0,0,0,0
passively,5,passively=5,0,0,0,0,0,5,0,0
passport,5,passport=5,5,0,0,0,0,0,0,0
patrician,5,patricians=5,5,0,0,0,0,0,0,0
payoff,5,payoff=5,4,0,1,0,0,0,0,0
pedal,5,pedals=3; pedal=1; pedaled=1,4,0,1,0,0,0,0,0
pellagra,5,pellagra=5,1,4,0,0,0,0,0,0
perforate,5,perforated=5,0,0,5,0,0,0,0,0
performances,5,performances=5,0,5,0,0,0,0,0,0
peripheral,5,peripheral=5,0,0,0,0,5,0,0,0
perishable,5,perishable=5,0,0,0,0,5,0,0,0
persistence,5,persistence=5,5,0,0,0,0,0,0,0
personnel,5,personnel=5,5,0,0,0,0,0,0,0
petrichor,5,petrichor=5,1,4,0,0,0,0,0,0
phd,5,phd=5,5,0,0,0,0,0,0,0
phoenicia,5,phoenicia=5,0,5,0,0,0,0,0,0
phonetic,5,phonetic=5,0,0,0,0,5,0,0,0
phosphate,5,phosphates=3; phosphate=2,3,0,0,0,2,0,0,0
photographers,5,photographers=5,0,5,0,0,0,0,0,0
photoperiodic,5,photoperiodic=5,0,1,0,0,4,0,0,0
pieces,5,pieces=5,0,5,0,0,0,0,0,0
pilgrim,5,pilgrims=5,5,0,0,0,0,0,0,0
pin,5,pins=3; pin=1; pinned=1,4,0,1,0,0,0,0,0
planned,5,planned=5,0,0,0,0,5,0,0,0
plaque,5,plaque=5,4,1,0,0,0,0,0,0
pleiades,5,pleiades=5,0,5,0,0,0,0,0,0
plover,5,plovers=5,4,0,1,0,0,0,0,0
plowing,5,plowing=5,4,1,0,0,0,0,0,0
pluton,5,pluton=3; plutons=2,3,2,0,0,0,0,0,0
polaris,5,polaris=5,5,0,0,0,0,0,0,0
politely,5,politely=5,0,0,0,0,0,5,0,0
poll,5,polls=4; polling=1,4,0,1,0,0,0,0,0
poly,5,poly=5,0,0,0,0,5,0,0,0
polycleitos,5,polycleitos=5,0,5,0,0,0,0,0,0
polymer,5,polymer=3; polymers=2,5,0,0,0,0,0,0,0
polypropylene,5,polypropylene=5,4,1,0,0,0,0,0,0
popularize,5,popularized=5,0,0,5,0,0,0,0,0
powdered,5,powdered=5,0,0,0,0,5,0,0,0
powerfully,5,powerfully=5,0,0,0,0,0,5,0,0
preadaptation,5,preadaptation=5,4,1,0,0,0,0,0,0
precautionary,5,precautionary=5,0,0,0,0,5,0,0,0
predictably,5,predictably=5,0,0,0,0,0,5,0,0
predominant,5,predominant=5,0,0,0,0,5,0,0,0
preferentially,5,preferentially=5,0,0,0,0,0,5,0,0
preindustrial,5,preindustrial=5,0,0,0,0,5,0,0,0
premier,5,premier=3; premiered=2,2,0,2,0,1,0,0,0
presidential,5,presidential=5,0,0,0,0,5,0,0,0
prickle,5,prickle=4; prickles=1,5,0,0,0,0,0,0,0
princess,5,princess=5,5,0,0,0,0,0,0,0
pristine,5,pristine=5,0,0,0,0,5,0,0,0
proboscideans,5,proboscideans=5,0,5,0,0,0,0,0,0
profoundly,5,profoundly=5,0,0,0,0,0,5,0,0
programme,5,programme=5,5,0,0,0,0,0,0,0
programs,5,programs=5,0,5,0,0,0,0,0,0
pronounced,5,pronounced=5,0,0,0,0,5,0,0,0
proportional,5,proportional=5,0,0,0,0,5,0,0,0
proportionately,5,proportionately=5,0,0,0,0,0,5,0,0
prospector,5,prospectors=4; prospector=1,5,0,0,0,0,0,0,0
protoplanet,5,protoplanets=4; protoplanet=1,5,0,0,0,0,0,0,0
provider,5,providers=4; provider=1,5,0,0,0,0,0,0,0
psych,5,psych=5,5,0,0,0,0,0,0,0
purify,5,purify=3; purifying=2,0,0,5,0,0,0,0,0
purity,5,purity=5,3,1,1,0,0,0,0,0
purposely,5,purposely=5,0,0,0,0,0,5,0,0
quota,5,quotas=4; quota=1,5,0,0,0,0,0,0,0
radiant,5,radiant=5,0,0,0,0,5,0,0,0
rage,5,rage=5,5,0,0,0,0,0,0,0
ralph,5,ralph=5,0,5,0,0,0,0,0,0
ram,5,ram=2; rammed=1; ramming=1; rams=1,3,0,2,0,0,0,0,0
rationality,5,rationality=5,5,0,0,0,0,0,0,0
recession,5,recession=3; recessions=2,5,0,0,0,0,0,0,0
recharge,5,recharge=3; recharges=1; recharging=1,0,0,5,0,0,0,0,0
recruitment,5,recruitment=5,5,0,0,0,0,0,0,0
redhead,5,redheads=3; redhead=2,4,0,0,0,1,0,0,0
redirect,5,redirected=2; redirect=1; redirecting=1; redirects=1,0,0,5,0,0,0,0,0
redistribute,5,redistributed=4; redistributing=1,0,0,5,0,0,0,0,0
redistribution,5,redistribution=5,5,0,0,0,0,0,0,0
redistributor,5,redistributors=5,5,0,0,0,0,0,0,0
refinement,5,refinement=5,5,0,0,0,0,0,0,0
reflex,5,reflexes=3; reflex=2,5,0,0,0,0,0,0,0
reflexive,5,reflexive=5,0,0,0,0,5,0,0,0
refreeze,5,refreeze=2; refreezing=2; refreezes=1,0,0,5,0,0,0,0,0
regrowth,5,regrowth=5,5,0,0,0,0,0,0,0
relay,5,relay=5,4,0,1,0,0,0,0,0
remedy,5,remedy=4; remedies=1,4,0,1,0,0,0,0,0
remora,5,remora=4; remoras=1,4,1,0,0,0,0,0,0
repaint,5,repainted=3; repaint=1; repainting=1,0,0,5,0,0,0,0,0
repertoire,5,repertoire=5,5,0,0,0,0,0,0,0
replant,5,replanted=3; replant=2,0,0,4,0,1,0,0,0
repurpose,5,repurposed=4; repurpose=1,0,0,5,0,0,0,0,0
resonant,5,resonant=5,2,0,0,0,3,0,0,0
respectful,5,respectful=5,0,0,0,0,5,0,0,0
resubmit,5,resubmit=5,0,1,4,0,0,0,0,0
resurgence,5,resurgence=5,5,0,0,0,0,0,0,0
retell,5,retell=2; retold=2; retells=1,0,0,5,0,0,0,0,0
reversible,5,reversible=5,0,0,0,0,5,0,0,0
revert,5,revert=5,0,0,4,0,1,0,0,0
revisit,5,revisited=2; revisiting=2; revisits=1,0,0,5,0,0,0,0,0
rhinoceros,5,rhinoceros=3; rhinoceroses=2,4,1,0,0,0,0,0,0
rickenbacker,5,rickenbacker=5,0,5,0,0,0,0,0,0
rico,5,rico=5,0,5,0,0,0,0,0,0
ridiculous,5,ridiculous=5,0,0,0,0,5,0,0,0
rigidly,5,rigidly=5,0,0,0,0,0,5,0,0
rings,5,rings=5,0,5,0,0,0,0,0,0
robust,5,robust=5,0,0,0,0,5,0,0,0
romanticize,5,romanticized=3; romanticize=1; romanticizing=1,0,0,5,0,0,0,0,0
rooms,5,rooms=5,0,5,0,0,0,0,0,0
roosting,5,roosting=5,5,0,0,0,0,0,0,0
rooted,5,rooted=5,0,0,0,0,5,0,0,0
rover,5,rover=5,5,0,0,0,0,0,0,0
rut,5,rut=2; ruts=2; rutted=1,4,0,1,0,0,0,0,0
sacs,5,sacs=5,0,5,0,0,0,0,0,0
sailboat,5,sailboats=4; sailboat=1,5,0,0,0,0,0,0,0
salespeople,5,salespeople=5,4,1,0,0,0,0,0,0
samantha,5,samantha=5,1,4,0,0,0,0,0,0
samaritan,5,samaritan=5,0,5,0,0,0,0,0,0
sandbox,5,sandbox=5,5,0,0,0,0,0,0,0
satirical,5,satirical=5,0,0,0,0,5,0,0,0
saturdays,5,saturdays=5,0,5,0,0,0,0,0,0
sauce,5,sauce=4; sauces=1,5,0,0,0,0,0,0,0
saw,5,saw=2; sawed=1; sawing=1; saws=1,2,0,2,0,1,0,0,0
scary,5,scary=5,0,0,0,0,5,0,0,0
scavenge,5,scavenging=4; scavenged=1,0,0,5,0,0,0,0,0
scholars,5,scholars=5,0,5,0,0,0,0,0,0
scientists,5,scientists=5,0,5,0,0,0,0,0,0
screenwriter,5,screenwriters=3; screenwriter=2,5,0,0,0,0,0,0,0
seafarer,5,seafarers=5,5,0,0,0,0,0,0,0
seafaring,5,seafaring=5,5,0,0,0,0,0,0,0
seagoe,5,seagoing=5,0,0,5,0,0,0,0,0
seamlessly,5,seamlessly=5,0,0,0,0,0,5,0,0
sedimentation,5,sedimentation=5,5,0,0,0,0,0,0,0
sensibility,5,sensibility=3; sensibilities=2,5,0,0,0,0,0,0,0
sentimental,5,sentimental=5,0,0,0,0,5,0,0,0
sga,5,sga=5,0,5,0,0,0,0,0,0
shallower,5,shallower=5,3,0,1,0,1,0,0,0
shaped,5,shaped=5,0,0,0,0,5,0,0,0
sharpen,5,sharpen=5,0,0,5,0,0,0,0,0
sherd,5,sherds=5,5,0,0,0,0,0,0,0
sherman,5,sherman=5,0,5,0,0,0,0,0,0
shifting,5,shifting=5,3,1,0,0,1,0,0,0
shimmering,5,shimmering=5,2,0,0,0,3,0,0,0
shiner,5,shiners=3; shiner=2,5,0,0,0,0,0,0,0
shipworm,5,shipworms=4; shipworm=1,5,0,0,0,0,0,0,0
shocking,5,shocking=5,0,0,0,0,5,0,0,0
shy,5,shy=5,0,1,0,0,4,0,0,0
signaler,5,signaler=4; signalers=1,5,0,0,0,0,0,0,0
silhouette,5,silhouette=3; silhouetted=1; silhouettes=1,4,0,1,0,0,0,0,0
singapore,5,singapore=5,0,5,0,0,0,0,0,0
siqueiros,5,siqueiros=5,0,5,0,0,0,0,0,0
sitter,5,sitter=3; sitters=2,2,3,0,0,0,0,0,0
sixty,5,sixty=5,0,0,0,0,0,0,0,5
skew,5,skew=4; skewing=1,0,0,5,0,0,0,0,0
skim,5,skimming=3; skim=1; skimmed=1,0,0,5,0,0,0,0,0
slab,5,slabs=4; slab=1,5,0,0,0,0,0,0,0
slaughter,5,slaughter=2; slaughtered=2; slaughtering=1,1,0,4,0,0,0,0,0
sleepy,5,sleepy=5,0,1,0,0,4,0,0,0
slender,5,slender=5,2,0,0,0,3,0,0,0
slideshow,5,slideshow=4; slideshows=1,5,0,0,0,0,0,0,0
slim,5,slim=5,0,0,0,0,5,0,0,0
slime,5,slime=5,5,0,0,0,0,0,0,0
sluice,5,sluices=3; sluice=2,5,0,0,0,0,0,0,0
smc,5,smc=5,0,5,0,0,0,0,0,0
sneaker,5,sneaker=5,4,1,0,0,0,0,0,0
snout,5,snout=5,5,0,0,0,0,0,0,0
sociological,5,sociological=5,0,0,0,0,5,0,0,0
sola,5,sola=5,1,4,0,0,0,0,0,0
solicit,5,solicit=4; solicits=1,0,0,5,0,0,0,0,0
soluble,5,soluble=5,0,0,0,0,5,0,0,0
spacing,5,spacing=5,5,0,0,0,0,0,0,0
sparsely,5,sparsely=5,0,0,0,0,0,5,0,0
spiderwebs,5,spiderwebs=5,3,0,0,0,2,0,0,0
spikelet,5,spikelet=3; spikelets=2,5,0,0,0,0,0,0,0
spinifex,5,spinifex=5,0,5,0,0,0,0,0,0
spotlight,5,spotlight=4; spotlights=1,5,0,0,0,0,0,0,0
springwood,5,springwood=5,5,0,0,0,0,0,0,0
sprint,5,sprint=4; sprinting=1,4,0,1,0,0,0,0,0
stanton,5,stanton=5,0,5,0,0,0,0,0,0
stature,5,stature=5,5,0,0,0,0,0,0,0
sterile,5,sterile=5,0,0,0,0,5,0,0,0
sterilization,5,sterilization=5,4,1,0,0,0,0,0,0
steve,5,steve=5,0,5,0,0,0,0,0,0
stieglitz,5,stieglitz=5,0,5,0,0,0,0,0,0
stimulating,5,stimulating=5,0,0,0,0,5,0,0,0
stinger,5,stingers=4; stinger=1,5,0,0,0,0,0,0,0
stouter,5,stouter=5,2,1,0,0,2,0,0,0
strangely,5,strangely=5,0,0,0,0,0,5,0,0
streets,5,streets=5,0,5,0,0,0,0,0,0
stride,5,stride=4; strides=1,5,0,0,0,0,0,0,0
stromatolites,5,stromatolites=5,0,5,0,0,0,0,0,0
subconscious,5,subconscious=5,1,0,0,0,4,0,0,0
subdivision,5,subdivision=4; subdivisions=1,5,0,0,0,0,0,0,0
subdue,5,subdued=5,0,0,5,0,0,0,0,0
subnivean,5,subnivean=5,5,0,0,0,0,0,0,0
substitution,5,substitution=4; substitutions=1,5,0,0,0,0,0,0,0
subtlety,5,subtleties=3; subtlety=2,5,0,0,0,0,0,0,0
subtract,5,subtracted=3; subtract=1; subtracting=1,0,0,5,0,0,0,0,0
successor,5,successors=3; successor=2,5,0,0,0,0,0,0,0
superb,5,superb=5,0,0,0,0,5,0,0,0
susceptibility,5,susceptibility=5,5,0,0,0,0,0,0,0
suspicion,5,suspicion=3; suspicions=2,5,0,0,0,0,0,0,0
sustenance,5,sustenance=5,5,0,0,0,0,0,0,0
swiftly,5,swiftly=5,0,0,0,0,0,5,0,0
sylvia,5,sylvia=5,0,5,0,0,0,0,0,0
synchronous,5,synchronous=5,0,0,0,0,5,0,0,0
syracuse,5,syracuse=5,0,5,0,0,0,0,0,0
tableaux,5,tableaux=5,0,1,0,0,4,0,0,0
takeout,5,takeout=5,3,0,0,0,2,0,0,0
tally,5,tally=3; tallying=2,0,1,4,0,0,0,0,0
tanton,5,tanton=5,0,5,0,0,0,0,0,0
taxi,5,taxi=4; taxis=1,5,0,0,0,0,0,0,0
temper,5,tempered=2; tempering=2; tempers=1,1,0,4,0,0,0,0,0
temperatures,5,temperatures=5,0,5,0,0,0,0,0,0
temporal,5,temporal=5,0,0,0,0,5,0,0,0
tenochtitlan,5,tenochtitlan=5,0,5,0,0,0,0,0,0
terns,5,terns=5,0,5,0,0,0,0,0,0
terracotta,5,terracotta=5,1,4,0,0,0,0,0,0
terry,5,terry=5,0,5,0,0,0,0,0,0
tetrodotoxin,5,tetrodotoxin=5,4,1,0,0,0,0,0,0
texas,5,texas=5,0,5,0,0,0,0,0,0
thermo,5,thermos=5,5,0,0,0,0,0,0,0
thermostat,5,thermostat=4; thermostats=1,5,0,0,0,0,0,0,0
thicket,5,thickets=5,5,0,0,0,0,0,0,0
thinly,5,thinly=5,0,0,0,0,0,5,0,0
thrilled,5,thrilled=5,0,0,0,0,5,0,0,0
thumb,5,thumb=5,5,0,0,0,0,0,0,0
tiber,5,tiber=5,0,5,0,0,0,0,0,0
timeless,5,timeless=5,0,0,0,0,5,0,0,0
tino,5,tino=5,0,5,0,0,0,0,0,0
titanium,5,titanium=5,4,1,0,0,0,0,0,0
touching,5,touching=5,0,0,0,0,5,0,0,0
trample,5,trample=2; trampled=2; trampling=1,2,0,3,0,0,0,0,0
trance,5,trance=3; trances=2,5,0,0,0,0,0,0,0
trawling,5,trawling=5,5,0,0,0,0,0,0,0
trench,5,trenches=5,5,0,0,0,0,0,0,0
trends,5,trends=5,0,5,0,0,0,0,0,0
trinidad,5,trinidad=5,0,5,0,0,0,0,0,0
troubling,5,troubling=5,0,0,0,0,5,0,0,0
truthful,5,truthful=5,0,0,0,0,5,0,0,0
turnout,5,turnout=5,5,0,0,0,0,0,0,0
turnover,5,turnover=5,5,0,0,0,0,0,0,0
twisting,5,twisting=5,3,2,0,0,0,0,0,0
ubiquitous,5,ubiquitous=5,0,0,0,0,5,0,0,0
umbrellas,5,umbrellas=5,0,5,0,0,0,0,0,0
unattended,5,unattended=5,0,0,0,0,5,0,0,0
unbaked,5,unbaked=5,0,0,0,0,5,0,0,0
unchanging,5,unchanging=5,0,0,0,0,5,0,0,0
undecided,5,undecided=5,0,0,0,0,5,0,0,0
underdeveloped,5,underdeveloped=5,0,0,0,0,5,0,0,0
undetected,5,undetected=5,0,0,0,0,5,0,0,0
undo,5,undoing=2; undone=2; undo=1,0,0,5,0,0,0,0,0
unevenly,5,unevenly=5,0,0,0,0,0,5,0,0
universality,5,universality=5,5,0,0,0,0,0,0,0
unprotected,5,unprotected=5,0,1,0,0,4,0,0,0
unreasonable,5,unreasonable=5,0,0,0,0,5,0,0,0
unveil,5,unveiled=3; unveiling=2,0,0,5,0,0,0,0,0
uphill,5,uphill=5,0,0,0,0,5,0,0,0
uphold,5,uphold=3; upheld=1; upholds=1,0,0,5,0,0,0,0,0
upland,5,upland=4; uplands=1,2,3,0,0,0,0,0,0
uplifted,5,uplifted=5,0,0,0,0,5,0,0,0
upperclassman,5,upperclassmen=5,5,0,0,0,0,0,0,0
uprising,5,uprising=3; uprisings=2,5,0,0,0,0,0,0,0
upwind,5,upwind=5,3,0,0,0,1,1,0,0
urbanized,5,urbanized=5,0,0,0,0,5,0,0,0
vas,5,vases=5,5,0,0,0,0,0,0,0
veganism,5,veganism=5,4,1,0,0,0,0,0,0
vertebral,5,vertebral=5,0,0,0,0,5,0,0,0
victor,5,victor=4; victors=1,3,2,0,0,0,0,0,0
videotape,5,videotape=3; videotaping=2,3,0,2,0,0,0,0,0
vike,5,viking=5,0,0,5,0,0,0,0,0
vincent,5,vincent=5,0,5,0,0,0,0,0,0
vineyard,5,vineyard=3; vineyards=2,4,1,0,0,0,0,0,0
vinyl,5,vinyl=5,4,1,0,0,0,0,0,0
violently,5,violently=5,0,0,0,0,0,5,0,0
virtuous,5,virtuous=5,0,0,0,0,5,0,0,0
voiceover,5,voiceover=4; voiceovers=1,5,0,0,0,0,0,0,0
volvation,5,volvation=5,4,0,0,0,1,0,0,0
vorticists,5,vorticists=5,0,5,0,0,0,0,0,0
vulture,5,vultures=5,5,0,0,0,0,0,0,0
waive,5,waive=3; waived=2,0,0,5,0,0,0,0,0
walkway,5,walkways=4; walkway=1,5,0,0,0,0,0,0,0
walrus,5,walrus=3; walruses=2,4,1,0,0,0,0,0,0
warlike,5,warlike=5,0,1,1,0,3,0,0,0
washer,5,washers=3; washer=2,5,0,0,0,0,0,0,0
watermill,5,watermills=5,5,0,0,0,0,0,0,0
westerners,5,westerners=5,0,5,0,0,0,0,0,0
wheelbarrow,5,wheelbarrow=5,4,1,0,0,0,0,0,0
wheelmen,5,wheelmen=5,0,5,0,0,0,0,0,0
whimsy,5,whimsies=5,5,0,0,0,0,0,0,0
whisper,5,whisper=2; whispers=2; whispering=1,4,0,1,0,0,0,0,0
wingspan,5,wingspan=4; wingspans=1,5,0,0,0,0,0,0,0
women,5,women=5,0,5,0,0,0,0,0,0
woolens,5,woolens=5,3,2,0,0,0,0,0,0
workday,5,workday=5,5,0,0,0,0,0,0,0
worn,5,worn=5,0,0,0,0,5,0,0,0
worship,5,worship=4; worshipped=1,3,0,2,0,0,0,0,0
wreck,5,wreck=5,5,0,0,0,0,0,0,0
xenopus,5,xenopus=5,0,5,0,0,0,0,0,0
yawn,5,yawning=2; yawns=2; yawn=1,1,0,3,0,0,1,0,0
yucatán,5,yucatán=5,0,5,0,0,0,0,0,0
zoology,5,zoology=5,5,0,0,0,0,0,0,0
abbot,4,abbot=4,0,4,0,0,0,0,0,0
abedus,4,abedus=4,0,4,0,0,0,0,0,0
abnormality,4,abnormalities=4,4,0,0,0,0,0,0,0
abramovic,4,abramovic=4,0,4,0,0,0,0,0,0
absorbent,4,absorbent=4,0,0,0,0,4,0,0,0
absurdist,4,absurdist=4,2,1,0,0,1,0,0,0
accreditation,4,accreditation=4,4,0,0,0,0,0,0,0
accuse,4,accused=3; accuse=1,0,0,4,0,0,0,0,0
acorn,4,acorns=4,4,0,0,0,0,0,0,0
acquaintance,4,acquaintance=3; acquaintances=1,4,0,0,0,0,0,0,0
acrylic,4,acrylic=4,3,0,1,0,0,0,0,0
actions,4,actions=4,0,4,0,0,0,0,0,0
activist,4,activist=3; activists=1,3,0,0,0,1,0,0,0
adder,4,adder=4,4,0,0,0,0,0,0,0
admirer,4,admirer=2; admirers=2,3,1,0,0,0,0,0,0
advocacy,4,advocacy=4,4,0,0,0,0,0,0,0
aerobic,4,aerobic=4,0,0,0,0,4,0,0,0
aerospace,4,aerospace=4,4,0,0,0,0,0,0,0
aesthetically,4,aesthetically=4,0,0,0,0,0,4,0,0
affection,4,affection=2; affections=2,3,1,0,0,0,0,0,0
affinity,4,affinity=4,4,0,0,0,0,0,0,0
afterlife,4,afterlife=4,4,0,0,0,0,0,0,0
aftermath,4,aftermath=4,4,0,0,0,0,0,0,0
agatha,4,agatha=4,0,4,0,0,0,0,0,0
aggregate,4,aggregate=4,1,0,3,0,0,0,0,0
ahmed,4,ahmed=4,0,4,0,0,0,0,0,0
airfoil,4,airfoil=3; airfoils=1,4,0,0,0,0,0,0,0
airtight,4,airtight=4,4,0,0,0,0,0,0,0
alan,4,alan=4,0,4,0,0,0,0,0,0
albany,4,albany=4,0,4,0,0,0,0,0,0
alber,4,albers=4,4,0,0,0,0,0,0,0
alga,4,alga=4,4,0,0,0,0,0,0,0
alien,4,alien=3; aliens=1,1,0,0,0,3,0,0,0
alkali,4,alkali=4,1,3,0,0,0,0,0,0
allege,4,alleged=4,0,0,4,0,0,0,0,0
alligator,4,alligator=2; alligators=2,4,0,0,0,0,0,0,0
alphabetic,4,alphabetic=4,1,0,0,0,3,0,0,0
altamira,4,altamira=4,0,4,0,0,0,0,0,0
altruistically,4,altruistically=4,0,0,0,0,0,4,0,0
alzheimer,4,alzheimer=4,0,4,0,0,0,0,0,0
ambition,4,ambition=3; ambitions=1,4,0,0,0,0,0,0,0
amphiphilic,4,amphiphilic=4,1,0,0,0,2,1,0,0
amphitheater,4,amphitheaters=3; amphitheater=1,4,0,0,0,0,0,0,0
amusing,4,amusing=4,0,1,0,0,3,0,0,0
analyse,4,analyse=1; analysed=1; analyses=1; analysing=1,0,0,4,0,0,0,0,0
analytics,4,analytics=4,0,4,0,0,0,0,0,0
anecdotal,4,anecdotal=4,0,1,0,0,3,0,0,0
anechoic,4,anechoic=4,1,0,0,0,3,0,0,0
anglian,4,anglian=4,0,3,0,0,1,0,0,0
ann,4,ann=4,1,3,0,0,0,0,0,0
annihilation,4,annihilation=4,4,0,0,0,0,0,0,0
annoyed,4,annoyed=4,0,2,0,0,2,0,0,0
anorexia,4,anorexia=4,2,1,0,0,1,0,0,0
anther,4,anthers=3; anther=1,4,0,0,0,0,0,0,0
anthony,4,anthony=4,0,4,0,0,0,0,0,0
apalachicola,4,apalachicola=4,0,4,0,0,0,0,0,0
apis,4,apis=4,0,4,0,0,0,0,0,0
apm,4,apms=4,4,0,0,0,0,0,0,0
apocalypse,4,apocalypse=4,0,4,0,0,0,0,0,0
apologetic,4,apologetic=4,0,2,0,0,2,0,0,0
applicable,4,applicable=4,0,0,0,0,4,0,0,0
arabian,4,arabian=4,0,4,0,0,0,0,0,0
aragonite,4,aragonite=4,0,0,0,0,0,4,0,0
aran,4,aran=4,0,4,0,0,0,0,0,0
arbitration,4,arbitration=4,4,0,0,0,0,0,0,0
arboreal,4,arboreal=4,1,0,0,0,3,0,0,0
arc,4,arc=3; arcs=1,4,0,0,0,0,0,0,0
archaean,4,archaean=4,0,3,0,0,1,0,0,0
archaeologists,4,archaeologists=4,0,4,0,0,0,0,0,0
architects,4,architects=4,0,4,0,0,0,0,0,0
argon,4,argon=4,3,1,0,0,0,0,0,0
arizona,4,arizona=4,0,4,0,0,0,0,0,0
armstrong,4,armstrong=4,0,4,0,0,0,0,0,0
arnhem,4,arnhem=4,0,4,0,0,0,0,0,0
arrowhead,4,arrowhead=2; arrowheads=2,4,0,0,0,0,0,0,0
arthropod,4,arthropods=4,4,0,0,0,0,0,0,0
articulate,4,articulated=3; articulate=1,0,0,4,0,0,0,0,0
asch,4,asch=4,0,4,0,0,0,0,0,0
associational,4,associational=4,0,1,0,0,3,0,0,0
astounding,4,astounding=4,0,0,0,0,4,0,0,0
astrophotography,4,astrophotography=4,4,0,0,0,0,0,0,0
asymmetry,4,asymmetry=4,4,0,0,0,0,0,0,0
atlas,4,atlas=4,1,3,0,0,0,0,0,0
atop,4,atop=4,0,0,0,0,0,0,0,4
atp,4,atp=4,0,4,0,0,0,0,0,0
attending,4,attending=4,2,2,0,0,0,0,0,0
audiobook,4,audiobooks=4,4,0,0,0,0,0,0,0
audiovisual,4,audiovisual=4,0,1,0,0,3,0,0,0
augmented,4,augmented=4,0,1,0,0,3,0,0,0
auguste,4,auguste=4,0,4,0,0,0,0,0,0
aulos,4,aulos=4,1,3,0,0,0,0,0,0
aurelia,4,aurelia=4,0,4,0,0,0,0,0,0
aurelius,4,aurelius=4,0,4,0,0,0,0,0,0
autobiographies,4,autobiographies=4,0,4,0,0,0,0,0,0
auxin,4,auxin=4,1,3,0,0,0,0,0,0
avid,4,avid=4,0,0,0,0,4,0,0,0
await,4,await=2; awaited=1; awaiting=1,0,0,4,0,0,0,0,0
aztecs,4,aztecs=4,0,4,0,0,0,0,0,0
backwards,4,backwards=4,0,0,0,0,0,4,0,0
bailey,4,bailey=4,0,4,0,0,0,0,0,0
ballpoint,4,ballpoint=4,4,0,0,0,0,0,0,0
bamum,4,bamum=4,0,4,0,0,0,0,0,0
banana,4,banana=4,3,1,0,0,0,0,0,0
barometer,4,barometer=4,4,0,0,0,0,0,0,0
batting,4,batting=4,4,0,0,0,0,0,0,0
bearing,4,bearing=3; bearings=1,4,0,0,0,0,0,0,0
beautification,4,beautification=4,3,1,0,0,0,0,0,0
behaviors,4,behaviors=4,0,4,0,0,0,0,0,0
belgian,4,belgian=4,0,0,0,0,4,0,0,0
bergman,4,bergman=4,1,3,0,0,0,0,0,0
bestseller,4,bestseller=3; bestsellers=1,4,0,0,0,0,0,0,0
betray,4,betrayed=2; betray=1; betraying=1,0,0,4,0,0,0,0,0
betsy,4,betsy=4,0,4,0,0,0,0,0,0
beverly,4,beverly=4,0,4,0,0,0,0,0,0
bijou,4,bijou=4,0,4,0,0,0,0,0,0
billboard,4,billboards=3; billboard=1,4,0,0,0,0,0,0,0
biodegradable,4,biodegradable=4,0,0,0,0,4,0,0,0
birkenhead,4,birkenhead=4,0,4,0,0,0,0,0,0
bitler,4,bitler=4,1,3,0,0,0,0,0,0
bleak,4,bleak=4,0,0,0,0,4,0,0,0
blockade,4,blockade=4,4,0,0,0,0,0,0,0
bloody,4,bloody=4,0,0,0,0,4,0,0,0
blurred,4,blurred=4,0,0,0,0,4,0,0,0
boiler,4,boiler=2; boilers=2,4,0,0,0,0,0,0,0
bonito,4,bonito=4,0,4,0,0,0,0,0,0
books,4,books=4,0,4,0,0,0,0,0,0
boomerang,4,boomerang=4,0,2,0,0,2,0,0,0
booming,4,booming=4,0,0,0,0,4,0,0,0
bowling,4,bowling=4,3,1,0,0,0,0,0,0
bravery,4,bravery=4,4,0,0,0,0,0,0,0
brecht,4,brecht=4,0,4,0,0,0,0,0,0
bree,4,breed=4,0,0,4,0,0,0,0,0
brett,4,brett=4,0,4,0,0,0,0,0,0
briggs,4,briggs=4,0,4,0,0,0,0,0,0
brink,4,brink=4,4,0,0,0,0,0,0,0
broom,4,broom=3; brooms=1,4,0,0,0,0,0,0,0
browser,4,browsers=3; browser=1,4,0,0,0,0,0,0,0
browsing,4,browsing=4,3,1,0,0,0,0,0,0
bryozoan,4,bryozoan=3; bryozoans=1,4,0,0,0,0,0,0,0
bucket,4,bucket=2; buckets=2,4,0,0,0,0,0,0,0
buckey,4,buckey=4,0,4,0,0,0,0,0,0
buckyball,4,buckyball=2; buckyballs=2,4,0,0,0,0,0,0,0
burgher,4,burghers=4,4,0,0,0,0,0,0,0
burrowing,4,burrowing=4,0,1,0,0,3,0,0,0
byzantium,4,byzantium=4,0,3,0,0,1,0,0,0
cabin,4,cabin=4,4,0,0,0,0,0,0,0
caesars,4,caesars=4,0,4,0,0,0,0,0,0
calculator,4,calculator=3; calculators=1,4,0,0,0,0,0,0,0
callahan,4,callahan=4,0,4,0,0,0,0,0,0
calligraphy,4,calligraphy=4,4,0,0,0,0,0,0,0
calving,4,calving=4,4,0,0,0,0,0,0,0
cancellation,4,cancellation=4,4,0,0,0,0,0,0,0
cannibalization,4,cannibalization=4,4,0,0,0,0,0,0,0
cantiere,4,cantiere=4,0,4,0,0,0,0,0,0
capuchin,4,capuchin=2; capuchins=2,2,2,0,0,0,0,0,0
caravan,4,caravan=4,4,0,0,0,0,0,0,0
carbohydrates,4,carbohydrates=4,0,4,0,0,0,0,0,0
carbonic,4,carbonic=4,2,0,0,0,2,0,0,0
carnival,4,carnival=3; carnivals=1,3,1,0,0,0,0,0,0
carnosine,4,carnosine=4,2,2,0,0,0,0,0,0
carrara,4,carrara=4,0,4,0,0,0,0,0,0
carthaginians,4,carthaginians=4,0,4,0,0,0,0,0,0
cashier,4,cashier=4,4,0,0,0,0,0,0,0
cataclysmic,4,cataclysmic=4,0,0,0,0,4,0,0,0
catalhoyuk,4,catalhoyuk=4,0,4,0,0,0,0,0,0
cater,4,catered=2; cater=1; catering=1,0,0,4,0,0,0,0,0
caudillo,4,caudillo=2; caudillos=2,4,0,0,0,0,0,0,0
caudipteryx,4,caudipteryx=4,0,4,0,0,0,0,0,0
ceci,4,ceci=4,0,4,0,0,0,0,0,0
centralize,4,centralized=3; centralize=1,0,0,4,0,0,0,0,0
ceylon,4,ceylon=4,0,4,0,0,0,0,0,0
cfcs,4,cfcs=4,0,4,0,0,0,0,0,0
changsha,4,changsha=4,0,4,0,0,0,0,0,0
chant,4,chanting=2; chants=2,2,0,2,0,0,0,0,0
characteristically,4,characteristically=4,0,0,0,0,0,4,0,0
charisma,4,charisma=4,4,0,0,0,0,0,0,0
chartre,4,chartres=4,4,0,0,0,0,0,0,0
chaude,4,chaude=4,0,4,0,0,0,0,0,0
chauvet,4,chauvet=4,0,4,0,0,0,0,0,0
checklist,4,checklist=4,4,0,0,0,0,0,0,0
chiefly,4,chiefly=4,0,0,0,0,0,4,0,0
childish,4,childish=4,0,1,0,0,3,0,0,0
chime,4,chimes=3; chime=1,2,0,2,0,0,0,0,0
chungungo,4,chungungo=4,0,4,0,0,0,0,0,0
ciguatera,4,ciguatera=4,3,1,0,0,0,0,0,0
circuit,4,circuit=2; circuits=2,4,0,0,0,0,0,0,0
citium,4,citium=4,0,4,0,0,0,0,0,0
citrus,4,citrus=4,4,0,0,0,0,0,0,0
classwork,4,classwork=4,4,0,0,0,0,0,0,0
claudius,4,claudius=4,0,4,0,0,0,0,0,0
clientele,4,clientele=4,4,0,0,0,0,0,0,0
clime,4,climes=4,4,0,0,0,0,0,0,0
clog,4,clog=2; clogging=1; clogs=1,0,0,4,0,0,0,0,0
clupeid,4,clupeid=4,2,0,0,0,2,0,0,0
coalesce,4,coalesce=2; coalesced=2,1,0,3,0,0,0,0,0
coarsely,4,coarsely=4,0,0,0,0,0,4,0,0
cobble,4,cobbles=3; cobble=1,3,0,0,0,0,1,0,0
cockatoo,4,cockatoo=2; cockatoos=2,2,0,0,0,0,2,0,0
codify,4,codified=3; codify=1,0,0,4,0,0,0,0,0
coffeehouse,4,coffeehouses=3; coffeehouse=1,3,0,1,0,0,0,0,0
cohesive,4,cohesive=4,1,0,0,0,3,0,0,0
colobopsis,4,colobopsis=4,0,4,0,0,0,0,0,0
colonel,4,colonel=4,0,4,0,0,0,0,0,0
columbia,4,columbia=4,0,4,0,0,0,0,0,0
com,4,com=4,3,1,0,0,0,0,0,0
commemorate,4,commemorate=2; commemorates=1; commemorating=1,0,0,4,0,0,0,0,0
commensalism,4,commensalism=4,4,0,0,0,0,0,0,0
commensurate,4,commensurate=4,0,0,0,0,4,0,0,0
compacted,4,compacted=4,0,1,0,0,3,0,0,0
complement,4,complement=2; complemented=2,0,0,4,0,0,0,0,0
complementary,4,complementary=4,0,0,0,0,4,0,0,0
compliance,4,compliance=4,3,1,0,0,0,0,0,0
comply,4,comply=3; complied=1,0,0,4,0,0,0,0,0
conceptualism,4,conceptualism=4,2,2,0,0,0,0,0,0
confidential,4,confidential=4,0,0,0,0,4,0,0,0
confidentiality,4,confidentiality=4,4,0,0,0,0,0,0,0
confucian,4,confucian=4,0,0,0,0,4,0,0,0
conical,4,conical=4,0,0,0,0,4,0,0,0
consent,4,consent=4,4,0,0,0,0,0,0,0
considerate,4,considerate=4,3,0,0,0,1,0,0,0
consonant,4,consonants=3; consonant=1,3,0,0,0,1,0,0,0
conspire,4,conspired=4,0,0,4,0,0,0,0,0
consultation,4,consultation=3; consultations=1,4,0,0,0,0,0,0,0
consuming,4,consuming=4,4,0,0,0,0,0,0,0
conversational,4,conversational=4,0,0,0,0,4,0,0,0
convinced,4,convinced=4,0,0,0,0,4,0,0,0
cooler,4,cooler=4,3,0,0,0,1,0,0,0
coqui,4,coqui=4,4,0,0,0,0,0,0,0
cornerstone,4,cornerstone=4,4,0,0,0,0,0,0,0
corona,4,corona=4,3,1,0,0,0,0,0,0
corrupt,4,corrupted=3; corrupt=1,0,0,3,0,1,0,0,0
corruption,4,corruption=4,4,0,0,0,0,0,0,0
cortazar,4,cortazar=4,0,4,0,0,0,0,0,0
cosine,4,cosine=4,4,0,0,0,0,0,0,0
cosmo,4,cosmos=4,4,0,0,0,0,0,0,0
cougar,4,cougars=4,4,0,0,0,0,0,0,0
coupon,4,coupon=3; coupons=1,4,0,0,0,0,0,0,0
courbet,4,courbet=4,0,4,0,0,0,0,0,0
couscous,4,couscous=4,0,0,0,0,4,0,0,0
covered,4,covered=4,0,0,0,0,4,0,0,0
coyote,4,coyote=3; coyotes=1,4,0,0,0,0,0,0,0
cramp,4,cramped=3; cramps=1,1,0,3,0,0,0,0,0
cramped,4,cramped=4,0,0,0,0,4,0,0,0
creoles,4,creoles=4,0,4,0,0,0,0,0,0
critics,4,critics=4,0,4,0,0,0,0,0,0
cruder,4,cruder=4,3,0,0,0,1,0,0,0
crystallize,4,crystallize=2; crystallized=2,0,0,4,0,0,0,0,0
culminate,4,culminating=3; culminated=1,0,0,4,0,0,0,0,0
custodial,4,custodial=4,0,0,0,0,4,0,0,0
customers,4,customers=4,0,4,0,0,0,0,0,0
daddi,4,daddi=4,0,4,0,0,0,0,0,0
daisy,4,daisy=3; daisies=1,4,0,0,0,0,0,0,0
dalen,4,dalen=4,0,4,0,0,0,0,0,0
dash,4,dash=2; dashed=1; dashing=1,1,0,3,0,0,0,0,0
dave,4,dave=4,0,4,0,0,0,0,0,0
davies,4,davies=4,0,4,0,0,0,0,0,0
dazzle,4,dazzled=2; dazzle=1; dazzling=1,0,0,4,0,0,0,0,0
deactivate,4,deactivated=2; deactivates=2,0,0,4,0,0,0,0,0
deaf,4,deaf=4,0,0,0,0,4,0,0,0
decisively,4,decisively=4,0,0,0,0,0,4,0,0
decor,4,decor=4,4,0,0,0,0,0,0,0
dedication,4,dedication=4,4,0,0,0,0,0,0,0
deduct,4,deducted=3; deduct=1,0,0,4,0,0,0,0,0
degraded,4,degraded=4,0,0,0,0,4,0,0,0
deity,4,deity=3; deities=1,4,0,0,0,0,0,0,0
delaroche,4,delaroche=4,0,4,0,0,0,0,0,0
delight,4,delighted=3; delight=1,1,0,3,0,0,0,0,0
democratize,4,democratize=2; democratized=2,0,0,4,0,0,0,0,0
den,4,den=3; dens=1,4,0,0,0,0,0,0,0
denise,4,denise=4,0,4,0,0,0,0,0,0
denominator,4,denominator=4,3,1,0,0,0,0,0,0
denote,4,denotes=2; denote=1; denoting=1,0,0,4,0,0,0,0,0
descriptive,4,descriptive=4,0,0,0,0,4,0,0,0
details,4,details=4,0,4,0,0,0,0,0,0
deterrence,4,deterrence=4,3,1,0,0,0,0,0,0
deterrent,4,deterrent=4,4,0,0,0,0,0,0,0
devon,4,devon=4,0,4,0,0,0,0,0,0
dewolf,4,dewolf=4,0,4,0,0,0,0,0,0
diego,4,diego=4,0,4,0,0,0,0,0,0
digestible,4,digestible=4,0,0,0,0,4,0,0,0
digitization,4,digitization=4,4,0,0,0,0,0,0,0
dike,4,dikes=4,4,0,0,0,0,0,0,0
dilemmasa,4,dilemmasa=4,4,0,0,0,0,0,0,0
diocletian,4,diocletian=4,0,4,0,0,0,0,0,0
diplomatic,4,diplomatic=4,0,0,0,0,4,0,0,0
disapproval,4,disapproval=4,4,0,0,0,0,0,0,0
disapprove,4,disapproved=2; disapproves=2,1,0,3,0,0,0,0,0
discontent,4,discontent=4,3,0,1,0,0,0,0,0
disinfectant,4,disinfectant=2; disinfectants=2,3,0,0,0,1,0,0,0
dislodge,4,dislodge=3; dislodged=1,0,0,4,0,0,0,0,0
disparity,4,disparities=4,4,0,0,0,0,0,0,0
disproportionately,4,disproportionately=4,0,0,0,0,0,4,0,0
disproven,4,disproven=4,0,0,1,0,3,0,0,0
divided,4,divided=4,0,0,0,0,4,0,0,0
divine,4,divine=4,0,0,0,0,4,0,0,0
divorce,4,divorce=3; divorced=1,1,1,2,0,0,0,0,0
djulirri,4,djulirri=4,0,4,0,0,0,0,0,0
domed,4,domed=4,0,0,0,0,4,0,0,0
dorsal,4,dorsal=4,4,0,0,0,0,0,0,0
dottore,4,dottore=4,0,3,0,0,0,1,0,0
dowitchers,4,dowitchers=4,0,4,0,0,0,0,0,0
downburst,4,downburst=3; downbursts=1,1,0,0,0,3,0,0,0
dowson,4,dowson=4,0,4,0,0,0,0,0,0
drafter,4,drafter=3; drafters=1,4,0,0,0,0,0,0,0
drawdown,4,drawdowns=3; drawdown=1,3,0,0,0,0,1,0,0
dredge,4,dredge=2; dredging=2,2,0,2,0,0,0,0,0
drying,4,drying=4,4,0,0,0,0,0,0,0
earl,4,earl=4,0,4,0,0,0,0,0,0
earning,4,earnings=4,4,0,0,0,0,0,0,0
echinoderms,4,echinoderms=4,0,4,0,0,0,0,0,0
ecotour,4,ecotour=3; ecotours=1,4,0,0,0,0,0,0,0
eddie,4,eddie=4,0,4,0,0,0,0,0,0
eel,4,eels=4,4,0,0,0,0,0,0,0
ego,4,ego=4,0,1,0,0,3,0,0,0
ejection,4,ejection=4,4,0,0,0,0,0,0,0
ekphrastic,4,ekphrastic=4,0,0,0,0,4,0,0,0
elaborately,4,elaborately=4,0,0,0,0,0,4,0,0
elect,4,elected=3; electing=1,0,0,4,0,0,0,0,0
electra,4,electra=4,0,4,0,0,0,0,0,0
ella,4,ella=4,0,4,0,0,0,0,0,0
elmer,4,elmer=4,0,4,0,0,0,0,0,0
eloquent,4,eloquent=4,0,2,0,0,2,0,0,0
embarrassing,4,embarrassing=4,0,0,0,0,4,0,0,0
embody,4,embodied=2; embodies=1; embody=1,0,0,4,0,0,0,0,0
embryonic,4,embryonic=4,1,0,0,0,3,0,0,0
empathy,4,empathy=4,2,0,0,0,2,0,0,0
endorsement,4,endorsement=3; endorsements=1,4,0,0,0,0,0,0,0
engaged,4,engaged=4,0,0,0,0,4,0,0,0
entangled,4,entangled=4,0,0,0,0,4,0,0,0
entice,4,enticing=2; entice=1; enticed=1,1,0,3,0,0,0,0,0
entomologist,4,entomologists=4,4,0,0,0,0,0,0,0
envelope,4,envelope=3; envelopes=1,3,0,1,0,0,0,0,0
ephesus,4,ephesus=4,0,4,0,0,0,0,0,0
epiphytes,4,epiphytes=4,0,4,0,0,0,0,0,0
equanimity,4,equanimity=4,4,0,0,0,0,0,0,0
ergonomic,4,ergonomic=4,0,0,0,0,4,0,0,0
ethics,4,ethics=4,0,4,0,0,0,0,0,0
ethologist,4,ethologists=4,4,0,0,0,0,0,0,0
eutrophication,4,eutrophication=4,3,1,0,0,0,0,0,0
eve,4,eve=4,4,0,0,0,0,0,0,0
excerpt,4,excerpts=4,4,0,0,0,0,0,0,0
exchanger,4,exchanger=4,4,0,0,0,0,0,0,0
explanations,4,explanations=4,0,4,0,0,0,0,0,0
explosive,4,explosive=4,0,0,0,0,4,0,0,0
exponentially,4,exponentially=4,0,0,0,0,0,4,0,0
expressionists,4,expressionists=4,0,4,0,0,0,0,0,0
extravagant,4,extravagant=4,0,0,0,0,4,0,0,0
extremophile,4,extremophile=2; extremophiles=2,4,0,0,0,0,0,0,0
eyebrow,4,eyebrows=4,4,0,0,0,0,0,0,0
fabulous,4,fabulous=4,0,2,0,0,2,0,0,0
facet,4,facets=3; facet=1,4,0,0,0,0,0,0,0
faded,4,faded=4,0,0,0,0,4,0,0,0
faith,4,faith=4,4,0,0,0,0,0,0,0
familiarize,4,familiarize=3; familiarized=1,0,0,4,0,0,0,0,0
fap,4,fap=4,1,3,0,0,0,0,0,0
farmhouse,4,farmhouse=3; farmhouses=1,4,0,0,0,0,0,0,0
fatten,4,fattening=3; fatten=1,0,0,4,0,0,0,0,0
fe,4,fe=4,0,4,0,0,0,0,0,0
feathers,4,feathers=4,0,4,0,0,0,0,0,0
fece,4,feces=4,4,0,0,0,0,0,0,0
federico,4,federico=4,0,4,0,0,0,0,0,0
females,4,females=4,0,3,0,0,1,0,0,0
femur,4,femurs=3; femur=1,4,0,0,0,0,0,0,0
ferocious,4,ferocious=4,0,0,0,0,4,0,0,0
fidelity,4,fidelity=4,2,2,0,0,0,0,0,0
finn,4,finn=4,0,4,0,0,0,0,0,0
fireball,4,fireballs=3; fireball=1,4,0,0,0,0,0,0,0
fires,4,fires=4,0,4,0,0,0,0,0,0
fixture,4,fixtures=3; fixture=1,4,0,0,0,0,0,0,0
fizzle,4,fizzle=3; fizzles=1,4,0,0,0,0,0,0,0
flashy,4,flashy=4,0,0,0,0,4,0,0,0
flatness,4,flatness=4,4,0,0,0,0,0,0,0
flea,4,flea=2; fleas=2,4,0,0,0,0,0,0,0
fledgling,4,fledgling=2; fledglings=2,4,0,0,0,0,0,0,0
fleece,4,fleece=4,4,0,0,0,0,0,0,0
flesh,4,flesh=4,4,0,0,0,0,0,0,0
flipper,4,flippers=4,4,0,0,0,0,0,0,0
flooded,4,flooded=4,0,0,0,0,4,0,0,0
florea,4,florea=4,4,0,0,0,0,0,0,0
fob,4,fob=4,4,0,0,0,0,0,0,0
fodder,4,fodder=4,4,0,0,0,0,0,0,0
foggy,4,foggy=4,0,0,0,0,4,0,0,0
folder,4,folders=3; folder=1,4,0,0,0,0,0,0,0
fondness,4,fondness=4,4,0,0,0,0,0,0,0
foods,4,foods=4,0,4,0,0,0,0,0,0
fore,4,fore=4,4,0,0,0,0,0,0,0
foresee,4,foresee=2; foreseen=2,0,0,4,0,0,0,0,0
formaldehyde,4,formaldehyde=4,3,1,0,0,0,0,0,0
formalize,4,formalized=3; formalize=1,0,0,4,0,0,0,0,0
formally,4,formally=4,0,0,0,0,0,4,0,0
formatting,4,formatting=4,4,0,0,0,0,0,0,0
forming,4,forming=4,3,1,0,0,0,0,0,0
formulation,4,formulation=3; formulations=1,4,0,0,0,0,0,0,0
fossilization,4,fossilization=4,4,0,0,0,0,0,0,0
foul,4,foul=4,0,0,0,0,4,0,0,0
fragrant,4,fragrant=4,0,0,0,0,4,0,0,0
framing,4,framing=4,4,0,0,0,0,0,0,0
freeloader,4,freeloader=4,3,1,0,0,0,0,0,0
frugal,4,frugal=4,0,2,0,0,2,0,0,0
fry,4,frying=3; fries=1,1,0,3,0,0,0,0,0
fume,4,fumes=4,4,0,0,0,0,0,0,0
fundamentals,4,fundamentals=4,0,4,0,0,0,0,0,0
furious,4,furious=4,0,0,0,0,4,0,0,0
furlong,4,furlongs=4,4,0,0,0,0,0,0,0
furrow,4,furrows=3; furrow=1,4,0,0,0,0,0,0,0
galton,4,galton=4,0,4,0,0,0,0,0,0
gangadhara,4,gangadhara=4,1,3,0,0,0,0,0,0
gardner,4,gardner=4,0,4,0,0,0,0,0,0
gaseous,4,gaseous=4,0,0,0,0,4,0,0,0
gastropod,4,gastropod=2; gastropods=2,2,0,0,0,2,0,0,0
gaul,4,gaul=4,0,4,0,0,0,0,0,0
genealogy,4,genealogy=4,3,1,0,0,0,0,0,0
generous,4,generous=4,0,0,0,0,4,0,0,0
gentleman,4,gentleman=4,4,0,0,0,0,0,0,0
genuinely,4,genuinely=4,0,0,0,0,0,4,0,0
geochemist,4,geochemists=4,4,0,0,0,0,0,0,0
geographers,4,geographers=4,0,3,1,0,0,0,0,0
geophysicist,4,geophysicists=4,4,0,0,0,0,0,0,0
gerhard,4,gerhard=4,0,4,0,0,0,0,0,0
giovanni,4,giovanni=4,0,4,0,0,0,0,0,0
gist,4,gist=4,4,0,0,0,0,0,0,0
glitch,4,glitch=2; glitches=2,4,0,0,0,0,0,0,0
glossopteris,4,glossopteris=4,0,4,0,0,0,0,0,0
gorge,4,gorge=3; gorging=1,3,0,1,0,0,0,0,0
gpu,4,gpus=4,4,0,0,0,0,0,0,0
grading,4,grading=4,4,0,0,0,0,0,0,0
graffiti,4,graffiti=4,1,3,0,0,0,0,0,0
granular,4,granular=4,0,0,0,0,4,0,0,0
grassy,4,grassy=4,0,0,0,0,4,0,0,0
greasy,4,greasy=4,2,0,0,0,2,0,0,0
greatness,4,greatness=4,4,0,0,0,0,0,0,0
greenery,4,greenery=4,3,1,0,0,0,0,0,0
grower,4,growers=4,4,0,0,0,0,0,0,0
grown,4,grown=4,1,0,0,0,3,0,0,0
guanlong,4,guanlong=4,0,4,0,0,0,0,0,0
guano,4,guano=4,2,2,0,0,0,0,0,0
guiding,4,guiding=4,1,3,0,0,0,0,0,0
gymnasium,4,gymnasium=4,4,0,0,0,0,0,0,0
gymnastic,4,gymnastics=4,4,0,0,0,0,0,0,0
habitually,4,habitually=4,0,0,0,0,0,4,0,0
hairlike,4,hairlike=4,0,0,0,0,4,0,0,0
handbag,4,handbags=3; handbag=1,4,0,0,0,0,0,0,0
handbook,4,handbook=4,3,0,1,0,0,0,0,0
handling,4,handling=4,4,0,0,0,0,0,0,0
hank,4,hank=4,0,4,0,0,0,0,0,0
harvey,4,harvey=4,0,4,0,0,0,0,0,0
hatchling,4,hatchling=2; hatchlings=2,4,0,0,0,0,0,0,0
heartbeat,4,heartbeat=3; heartbeats=1,4,0,0,0,0,0,0,0
hearth,4,hearth=2; hearths=2,4,0,0,0,0,0,0,0
heater,4,heater=2; heaters=2,4,0,0,0,0,0,0,0
heath,4,heath=4,1,3,0,0,0,0,0,0
hemispheres,4,hemispheres=4,0,4,0,0,0,0,0,0
hemoglobin,4,hemoglobin=4,4,0,0,0,0,0,0,0
hen,4,hens=3; hen=1,4,0,0,0,0,0,0,0
herbivorous,4,herbivorous=4,0,0,0,0,4,0,0,0
heritable,4,heritable=4,0,0,0,0,4,0,0,0
herodotus,4,herodotus=4,0,4,0,0,0,0,0,0
hester,4,hester=4,3,1,0,0,0,0,0,0
hibernating,4,hibernating=4,2,1,0,0,1,0,0,0
hillman,4,hillman=4,0,4,0,0,0,0,0,0
hinterland,4,hinterland=3; hinterlands=1,4,0,0,0,0,0,0,0
hiram,4,hiram=4,0,4,0,0,0,0,0,0
hitherto,4,hitherto=4,3,1,0,0,0,0,0,0
hms,4,hms=4,0,4,0,0,0,0,0,0
holistic,4,holistic=4,0,0,0,0,4,0,0,0
homage,4,homage=4,4,0,0,0,0,0,0,0
homemade,4,homemade=4,0,0,0,0,4,0,0,0
honeybees,4,honeybees=4,0,4,0,0,0,0,0,0
honshu,4,honshu=4,0,4,0,0,0,0,0,0
hoop,4,hoops=3; hoop=1,4,0,0,0,0,0,0,0
horner,4,horner=4,0,4,0,0,0,0,0,0
hornwort,4,hornworts=4,4,0,0,0,0,0,0,0
hotly,4,hotly=4,0,0,0,0,0,4,0,0
huckleberry,4,huckleberry=4,0,4,0,0,0,0,0,0
hum,4,hum=3; humming=1,1,1,1,0,1,0,0,0
humble,4,humble=4,0,0,0,0,4,0,0,0
hungary,4,hungary=4,0,4,0,0,0,0,0,0
hutchings,4,hutchings=4,0,4,0,0,0,0,0,0
hyperpredation,4,hyperpredation=4,4,0,0,0,0,0,0,0
icon,4,icon=4,4,0,0,0,0,0,0,0
illogical,4,illogical=4,0,0,0,0,4,0,0,0
illustrator,4,illustrator=3; illustrators=1,4,0,0,0,0,0,0,0
impatient,4,impatient=4,0,0,0,0,4,0,0,0
impede,4,impede=2; impeded=1; impedes=1,0,0,4,0,0,0,0,0
impersonal,4,impersonal=4,0,0,0,0,4,0,0,0
implausible,4,implausible=4,0,0,0,0,4,0,0,0
imprint,4,imprint=2; imprinted=1; imprints=1,2,0,2,0,0,0,0,0
improper,4,improper=4,0,0,0,0,4,0,0,0
impulsive,4,impulsive=4,0,0,0,0,4,0,0,0
inadequacy,4,inadequacy=3; inadequacies=1,4,0,0,0,0,0,0,0
inappropriately,4,inappropriately=4,0,0,0,0,0,4,0,0
incense,4,incense=4,4,0,0,0,0,0,0,0
incidentally,4,incidentally=4,0,0,0,0,0,4,0,0
inconspicuous,4,inconspicuous=4,0,0,0,0,4,0,0,0
incur,4,incurred=3; incurs=1,0,0,4,0,0,0,0,0
indeterminacy,4,indeterminacy=4,4,0,0,0,0,0,0,0
individuality,4,individuality=4,4,0,0,0,0,0,0,0
indonesian,4,indonesian=4,0,0,0,0,4,0,0,0
infancy,4,infancy=4,4,0,0,0,0,0,0,0
infertile,4,infertile=4,0,0,0,0,4,0,0,0
inflate,4,inflating=3; inflate=1,0,0,4,0,0,0,0,0
influenza,4,influenza=4,4,0,0,0,0,0,0,0
insecurity,4,insecurity=4,3,1,0,0,0,0,0,0
installment,4,installment=4,4,0,0,0,0,0,0,0
instantaneously,4,instantaneously=4,0,0,0,0,0,4,0,0
intellectually,4,intellectually=4,0,0,0,0,0,4,0,0
intensively,4,intensively=4,0,0,0,0,0,4,0,0
interconnectedness,4,interconnectedness=4,4,0,0,0,0,0,0,0
interconnection,4,interconnection=4,4,0,0,0,0,0,0,0
intermingling,4,intermingling=4,4,0,0,0,0,0,0,0
interpreter,4,interpreters=4,3,0,1,0,0,0,0,0
interregional,4,interregional=4,0,0,0,0,4,0,0,0
intersperse,4,interspersed=4,0,0,4,0,0,0,0,0
intertidal,4,intertidal=4,0,0,0,0,4,0,0,0
intestinal,4,intestinal=4,0,0,0,0,4,0,0,0
intestine,4,intestine=2; intestines=2,4,0,0,0,0,0,0,0
intrusion,4,intrusion=3; intrusions=1,4,0,0,0,0,0,0,0
inventive,4,inventive=4,0,0,0,0,4,0,0,0
investigator,4,investigators=4,4,0,0,0,0,0,0,0
invoke,4,invoke=1; invoked=1; invokes=1; invoking=1,0,0,4,0,0,0,0,0
inwardly,4,inwardly=4,0,0,0,0,0,4,0,0
ironworker,4,ironworkers=3; ironworker=1,3,0,1,0,0,0,0,0
islanders,4,islanders=4,0,4,0,0,0,0,0,0
iv,4,iv=4,0,4,0,0,0,0,0,0
jacques,4,jacques=4,0,4,0,0,0,0,0,0
jaguar,4,jaguars=4,4,0,0,0,0,0,0,0
jamie,4,jamie=4,0,4,0,0,0,0,0,0
janitor,4,janitor=4,4,0,0,0,0,0,0,0
jared,4,jared=4,0,4,0,0,0,0,0,0
jasmine,4,jasmine=4,1,3,0,0,0,0,0,0
jays,4,jays=4,0,4,0,0,0,0,0,0
jigsaw,4,jigsaw=4,4,0,0,0,0,0,0,0
jobs,4,jobs=4,0,4,0,0,0,0,0,0
jogger,4,joggers=3; jogger=1,4,0,0,0,0,0,0,0
jointly,4,jointly=4,0,0,0,0,0,4,0,0
josie,4,josie=4,3,1,0,0,0,0,0,0
juggle,4,juggling=4,0,0,4,0,0,0,0,0
juglone,4,juglone=4,4,0,0,0,0,0,0,0
juliet,4,juliet=4,0,4,0,0,0,0,0,0
jumbled,4,jumbled=4,0,0,0,0,4,0,0,0
junglefowl,4,junglefowl=4,3,1,0,0,0,0,0,0
kasei,4,kasei=4,0,4,0,0,0,0,0,0
kathy,4,kathy=4,0,4,0,0,0,0,0,0
katy,4,katy=4,0,4,0,0,0,0,0,0
keeper,4,keeper=2; keepers=2,4,0,0,0,0,0,0,0
kelvin,4,kelvin=4,0,4,0,0,0,0,0,0
labrador,4,labrador=4,0,4,0,0,0,0,0,0
lagoon,4,lagoons=3; lagoon=1,4,0,0,0,0,0,0,0
landmarke,4,landmarking=4,0,0,4,0,0,0,0,0
larson,4,larson=4,0,4,0,0,0,0,0,0
leach,4,leach=2; leaching=2,0,0,4,0,0,0,0,0
leathery,4,leathery=4,0,0,0,0,4,0,0,0
legitimize,4,legitimize=2; legitimized=1; legitimizing=1,0,0,4,0,0,0,0,0
lengthen,4,lengthened=3; lengthen=1,0,0,4,0,0,0,0,0
lentil,4,lentils=4,4,0,0,0,0,0,0,0
lethocerus,4,lethocerus=4,0,4,0,0,0,0,0,0
lfe,4,lfe=4,4,0,0,0,0,0,0,0
liberalism,4,liberalism=4,3,1,0,0,0,0,0,0
liberalization,4,liberalization=4,4,0,0,0,0,0,0,0
liberate,4,liberated=2; liberate=1; liberating=1,0,0,4,0,0,0,0,0
lightfoot,4,lightfoot=4,0,4,0,0,0,0,0,0
lightness,4,lightness=4,4,0,0,0,0,0,0,0
liken,4,likened=4,0,0,4,0,0,0,0,0
limiting,4,limiting=4,3,0,0,0,1,0,0,0
lincoln,4,lincoln=4,0,4,0,0,0,0,0,0
linnaeus,4,linnaeus=4,0,4,0,0,0,0,0,0
lipids,4,lipids=4,0,4,0,0,0,0,0,0
listing,4,listings=4,4,0,0,0,0,0,0,0
literal,4,literal=4,0,0,0,0,4,0,0,0
lithornis,4,lithornis=4,0,4,0,0,0,0,0,0
locale,4,locale=2; locales=2,4,0,0,0,0,0,0,0
localize,4,localized=4,0,0,4,0,0,0,0,0
locations,4,locations=4,0,4,0,0,0,0,0,0
locomotive,4,locomotive=2; locomotives=2,2,0,0,0,2,0,0,0
loneliness,4,loneliness=4,4,0,0,0,0,0,0,0
longing,4,longing=4,4,0,0,0,0,0,0,0
longline,4,longline=4,2,0,0,0,2,0,0,0
longshore,4,longshore=4,0,0,0,0,4,0,0,0
lotion,4,lotion=4,4,0,0,0,0,0,0,0
louder,4,louder=4,0,0,0,0,0,4,0,0
louse,4,louse=4,4,0,0,0,0,0,0,0
lucy,4,lucy=4,0,4,0,0,0,0,0,0
mailbox,4,mailbox=3; mailboxes=1,4,0,0,0,0,0,0,0
maimonides,4,maimonides=4,0,4,0,0,0,0,0,0
majestic,4,majestic=4,0,2,0,0,2,0,0,0
managerial,4,managerial=4,0,0,0,0,4,0,0,0
mandarin,4,mandarin=4,0,4,0,0,0,0,0,0
manet,4,manet=4,0,4,0,0,0,0,0,0
maneuverability,4,maneuverability=4,3,1,0,0,0,0,0,0
marie,4,marie=4,0,4,0,0,0,0,0,0
married,4,married=4,0,0,0,0,4,0,0,0
marshack,4,marshack=4,0,4,0,0,0,0,0,0
marshy,4,marshy=4,0,0,0,0,4,0,0,0
martinez,4,martinez=4,0,4,0,0,0,0,0,0
masonry,4,masonry=4,4,0,0,0,0,0,0,0
maurice,4,maurice=4,0,4,0,0,0,0,0,0
maximization,4,maximization=4,4,0,0,0,0,0,0,0
maximizer,4,maximizer=4,4,0,0,0,0,0,0,0
measle,4,measles=4,4,0,0,0,0,0,0,0
mediate,4,mediate=3; mediated=1,2,0,2,0,0,0,0,0
memorization,4,memorization=4,4,0,0,0,0,0,0,0
mercenary,4,mercenaries=4,4,0,0,0,0,0,0,0
mesosystem,4,mesosystem=4,4,0,0,0,0,0,0,0
metabolically,4,metabolically=4,0,0,0,0,0,4,0,0
methodical,4,methodical=4,0,0,0,0,4,0,0,0
mia,4,mia=4,0,4,0,0,0,0,0,0
michelle,4,michelle=4,0,4,0,0,0,0,0,0
microbead,4,microbead=2; microbeads=2,3,1,0,0,0,0,0,0
microbursts,4,microbursts=4,0,4,0,0,0,0,0,0
micrometer,4,micrometers=4,4,0,0,0,0,0,0,0
midwestern,4,midwestern=4,0,0,0,0,4,0,0,0
mighty,4,mighty=4,0,0,0,0,4,0,0,0
mildew,4,mildew=4,4,0,0,0,0,0,0,0
mildly,4,mildly=4,0,0,0,0,0,4,0,0
mimosae,4,mimosae=4,2,0,2,0,0,0,0,0
mindful,4,mindful=4,0,0,0,0,4,0,0,0
missing,4,missing=4,0,0,0,0,4,0,0,0
mist,4,mist=3; mists=1,4,0,0,0,0,0,0,0
mistletoe,4,mistletoe=4,3,1,0,0,0,0,0,0
misty,4,misty=4,0,1,0,0,3,0,0,0
mobilization,4,mobilization=4,4,0,0,0,0,0,0,0
modernization,4,modernization=4,4,0,0,0,0,0,0,0
modulate,4,modulate=2; modulated=1; modulates=1,0,0,4,0,0,0,0,0
molly,4,molly=4,0,2,0,0,0,2,0,0
mongolia,4,mongolia=4,0,4,0,0,0,0,0,0
monstrous,4,monstrous=4,0,0,0,0,4,0,0,0
montias,4,montias=4,0,4,0,0,0,0,0,0
montpelier,4,montpelier=4,0,4,0,0,0,0,0,0
moravia,4,moravia=4,0,4,0,0,0,0,0,0
morowitz,4,morowitz=4,0,4,0,0,0,0,0,0
moths,4,moths=4,0,4,0,0,0,0,0,0
motto,4,motto=4,3,1,0,0,0,0,0,0
mounds,4,mounds=4,0,4,0,0,0,0,0,0
mullerian,4,mullerian=4,0,2,0,0,2,0,0,0
multifaceted,4,multifaceted=4,0,0,0,0,4,0,0,0
munch,4,munch=2; munched=1; munching=1,0,2,2,0,0,0,0,0
murphy,4,murphy=4,0,4,0,0,0,0,0,0
museums,4,museums=4,0,4,0,0,0,0,0,0
myers,4,myers=4,0,4,0,0,0,0,0,0
myriad,4,myriad=3; myriads=1,1,0,0,0,2,1,0,0
nabakov,4,nabakov=4,0,4,0,0,0,0,0,0
nanook,4,nanook=4,0,4,0,0,0,0,0,0
napkin,4,napkin=3; napkins=1,4,0,0,0,0,0,0,0
nathan,4,nathan=4,0,4,0,0,0,0,0,0
nationwide,4,nationwide=4,0,0,0,0,2,2,0,0
nativity,4,nativity=4,0,4,0,0,0,0,0,0
neo,4,neo=4,0,3,0,0,1,0,0,0
neoclassical,4,neoclassical=4,0,0,0,0,4,0,0,0
neurological,4,neurological=4,0,0,0,0,4,0,0,0
neville,4,neville=4,0,4,0,0,0,0,0,0
nickelodeon,4,nickelodeon=4,2,2,0,0,0,0,0,0
niepce,4,niepce=4,0,4,0,0,0,0,0,0
nodal,4,nodal=4,3,0,0,0,1,0,0,0
noncircular,4,noncircular=4,0,0,0,0,4,0,0,0
noncode,4,noncoding=4,0,0,4,0,0,0,0,0
nonexistent,4,nonexistent=4,0,0,0,0,4,0,0,0
nonprofessional,4,nonprofessional=2; nonprofessionals=2,2,0,0,0,2,0,0,0
northside,4,northside=4,0,4,0,0,0,0,0,0
northw,4,northwest=4,0,0,0,0,4,0,0,0
norwegian,4,norwegian=4,0,0,0,0,4,0,0,0
nostalgic,4,nostalgic=4,0,0,0,0,4,0,0,0
nuance,4,nuances=2; nuance=1; nuanced=1,3,0,1,0,0,0,0,0
nude,4,nude=2; nuded=2,1,0,2,0,1,0,0,0
oblique,4,oblique=4,1,0,0,0,3,0,0,0
oc,4,oc=4,0,4,0,0,0,0,0,0
offensive,4,offensive=4,0,0,0,0,4,0,0,0
olfactory,4,olfactory=4,0,0,0,0,4,0,0,0
oman,4,oman=4,0,4,0,0,0,0,0,0
omit,4,omitted=2; omitting=2,0,0,4,0,0,0,0,0
onboard,4,onboard=4,0,1,0,0,2,0,0,1
onion,4,onion=2; onions=2,4,0,0,0,0,0,0,0
onychonycteris,4,onychonycteris=4,0,4,0,0,0,0,0,0
operant,4,operant=4,0,1,0,0,3,0,0,0
opt,4,opted=4,0,0,4,0,0,0,0,0
orderly,4,orderly=4,0,0,0,0,4,0,0,0
orion,4,orion=4,0,4,0,0,0,0,0,0
ottaviano,4,ottaviano=4,0,4,0,0,0,0,0,0
outfit,4,outfit=3; outfits=1,4,0,0,0,0,0,0,0
outperform,4,outperform=3; outperformed=1,0,0,4,0,0,0,0,0
outreach,4,outreach=4,4,0,0,0,0,0,0,0
overconfidence,4,overconfidence=4,3,1,0,0,0,0,0,0
overdiscarde,4,overdiscarding=4,0,0,4,0,0,0,0,0
overpopulation,4,overpopulation=4,4,0,0,0,0,0,0,0
override,4,override=3; overriding=1,1,0,3,0,0,0,0,0
overtax,4,overtax=3; overtaxing=1,0,0,4,0,0,0,0,0
oxcart,4,oxcarts=4,4,0,0,0,0,0,0,0
oxidizer,4,oxidizer=4,4,0,0,0,0,0,0,0
oxygenate,4,oxygenated=3; oxygenating=1,0,0,4,0,0,0,0,0
pachacuti,4,pachacuti=4,0,4,0,0,0,0,0,0
palatable,4,palatable=4,0,0,0,0,4,0,0,0
palomar,4,palomar=4,0,4,0,0,0,0,0,0
pamphlet,4,pamphlet=2; pamphlets=2,4,0,0,0,0,0,0,0
panic,4,panicking=2; panic=1; panicked=1,1,0,3,0,0,0,0,0
pasturage,4,pasturage=4,4,0,0,0,0,0,0,0
pastureland,4,pastureland=4,1,1,2,0,0,0,0,0
peacefully,4,peacefully=4,0,0,0,0,0,4,0,0
pelican,4,pelicans=4,4,0,0,0,0,0,0,0
penalty,4,penalties=2; penalty=2,4,0,0,0,0,0,0,0
pennsylvanian,4,pennsylvanian=4,0,0,0,0,4,0,0,0
pepperberg,4,pepperberg=4,0,4,0,0,0,0,0,0
peppered,4,peppered=4,0,3,0,0,1,0,0,0
peregrine,4,peregrine=4,4,0,0,0,0,0,0,0
perfection,4,perfection=4,4,0,0,0,0,0,0,0
perish,4,perish=2; perished=1; perishes=1,0,0,4,0,0,0,0,0
perpetual,4,perpetual=4,0,0,0,0,4,0,0,0
perpetuate,4,perpetuate=2; perpetuating=2,1,0,3,0,0,0,0,0
perplexing,4,perplexing=4,1,0,0,0,3,0,0,0
personalization,4,personalization=4,4,0,0,0,0,0,0,0
pertussis,4,pertussis=4,4,0,0,0,0,0,0,0
phages,4,phages=4,0,4,0,0,0,0,0,0
pharmacy,4,pharmacy=4,4,0,0,0,0,0,0,0
philae,4,philae=4,0,4,0,0,0,0,0,0
philip,4,philip=4,0,4,0,0,0,0,0,0
philopatry,4,philopatry=4,2,2,0,0,0,0,0,0
photinus,4,photinus=4,0,4,0,0,0,0,0,0
photophore,4,photophores=4,4,0,0,0,0,0,0,0
photovoltaic,4,photovoltaic=4,0,2,0,0,2,0,0,0
physiologically,4,physiologically=4,0,0,0,0,0,4,0,0
pictogram,4,pictograms=3; pictogram=1,4,0,0,0,0,0,0,0
pictorialist,4,pictorialist=2; pictorialists=2,3,1,0,0,0,0,0,0
pillow,4,pillows=3; pillow=1,4,0,0,0,0,0,0,0
ping,4,ping=3; pinging=1,1,2,1,0,0,0,0,0
plasticity,4,plasticity=4,3,1,0,0,0,0,0,0
platinum,4,platinum=4,4,0,0,0,0,0,0,0
playwriting,4,playwriting=4,3,1,0,0,0,0,0,0
plein,4,plein=4,4,0,0,0,0,0,0,0
pluck,4,plucked=3; pluck=1,0,0,4,0,0,0,0,0
poaching,4,poaching=4,3,0,0,0,1,0,0,0
pollack,4,pollack=4,0,4,0,0,0,0,0,0
polluting,4,polluting=4,0,0,0,0,4,0,0,0
polyester,4,polyester=4,4,0,0,0,0,0,0,0
polyethism,4,polyethism=4,4,0,0,0,0,0,0,0
polynomial,4,polynomial=3; polynomials=1,1,0,0,0,3,0,0,0
polysaccharide,4,polysaccharide=4,3,1,0,0,0,0,0,0
pope,4,pope=4,0,4,0,0,0,0,0,0
postmodernist,4,postmodernist=4,1,0,0,0,3,0,0,0
postwar,4,postwar=4,0,1,0,0,3,0,0,0
pragmatic,4,pragmatic=4,0,0,0,0,4,0,0,0
pray,4,pray=4,0,0,4,0,0,0,0,0
precaution,4,precautions=3; precaution=1,4,0,0,0,0,0,0,0
precedent,4,precedent=2; precedents=2,4,0,0,0,0,0,0,0
premortem,4,premortem=4,3,1,0,0,0,0,0,0
preoccupation,4,preoccupation=4,4,0,0,0,0,0,0,0
preoperational,4,preoperational=4,0,1,0,0,3,0,0,0
prescott,4,prescott=4,0,4,0,0,0,0,0,0
prescription,4,prescription=3; prescriptions=1,4,0,0,0,0,0,0,0
presently,4,presently=4,0,0,0,0,0,4,0,0
preservative,4,preservative=3; preservatives=1,4,0,0,0,0,0,0,0
presidency,4,presidency=4,4,0,0,0,0,0,0,0
pressing,4,pressing=4,0,0,0,0,4,0,0,0
pressurize,4,pressurized=3; pressurize=1,0,0,4,0,0,0,0,0
prevenom,4,prevenom=4,3,0,0,0,1,0,0,0
primordial,4,primordial=4,0,0,0,0,4,0,0,0
principessa,4,principessa=4,0,4,0,0,0,0,0,0
pritchard,4,pritchard=4,0,4,0,0,0,0,0,0
privatization,4,privatization=4,4,0,0,0,0,0,0,0
privileged,4,privileged=4,0,0,0,0,4,0,0,0
procedural,4,procedural=4,0,0,0,0,4,0,0,0
procure,4,procured=2; procure=1; procuring=1,0,0,4,0,0,0,0,0
proficient,4,proficient=4,1,1,0,0,2,0,0,0
projection,4,projections=3; projection=1,4,0,0,0,0,0,0,0
promoter,4,promoters=4,4,0,0,0,0,0,0,0
propagate,4,propagate=2; propagates=1; propagating=1,1,0,3,0,0,0,0,0
propagation,4,propagation=4,3,1,0,0,0,0,0,0
proportionally,4,proportionally=4,0,0,0,0,0,4,0,0
provision,4,provision=3; provisions=1,4,0,0,0,0,0,0,0
pterygota,4,pterygota=4,0,4,0,0,0,0,0,0
puddle,4,puddle=2; puddles=2,4,0,0,0,0,0,0,0
puncture,4,puncture=3; puncturing=1,1,0,3,0,0,0,0,0
puppetry,4,puppetry=4,1,3,0,0,0,0,0,0
puzzling,4,puzzling=4,0,1,0,0,3,0,0,0
quartet,4,quartet=4,2,2,0,0,0,0,0,0
quebec,4,quebec=4,0,4,0,0,0,0,0,0
queue,4,queue=4,4,0,0,0,0,0,0,0
quirky,4,quirky=4,0,0,0,0,4,0,0,0
r,4,r=4,3,1,0,0,0,0,0,0
rabbi,4,rabbis=4,4,0,0,0,0,0,0,0
racetrack,4,racetrack=3; racetracks=1,1,3,0,0,0,0,0,0
raindrop,4,raindrops=4,4,0,0,0,0,0,0,0
raiser,4,raiser=3; raisers=1,4,0,0,0,0,0,0,0
raisonne,4,raisonne=4,4,0,0,0,0,0,0,0
raptor,4,raptor=2; raptors=2,4,0,0,0,0,0,0,0
raritan,4,raritan=4,0,4,0,0,0,0,0,0
rationale,4,rationale=4,3,1,0,0,0,0,0,0
rauschenberg,4,rauschenberg=4,0,4,0,0,0,0,0,0
razor,4,razor=3; razors=1,4,0,0,0,0,0,0,0
readership,4,readership=4,4,0,0,0,0,0,0,0
rearing,4,rearing=4,4,0,0,0,0,0,0,0
reconnaissance,4,reconnaissance=4,0,4,0,0,0,0,0,0
recorded,4,recorded=4,0,0,0,0,4,0,0,0
reevaluate,4,reevaluate=3; reevaluated=1,0,0,4,0,0,0,0,0
reexamination,4,reexamination=4,4,0,0,0,0,0,0,0
reframe,4,reframe=4,0,0,4,0,0,0,0,0
refundable,4,refundable=4,0,0,0,0,4,0,0,0
reinvent,4,reinvented=2; reinvent=1; reinventing=1,0,0,4,0,0,0,0,0
relaxing,4,relaxing=4,2,1,0,0,1,0,0,0
reload,4,reload=2; reloading=2,0,0,4,0,0,0,0,0
rename,4,renamed=2; renaming=2,0,0,4,0,0,0,0,0
renovations,4,renovations=4,2,1,0,0,1,0,0,0
repopulate,4,repopulate=2; repopulated=2,0,0,4,0,0,0,0,0
reread,4,reread=4,0,0,4,0,0,0,0,0
restricted,4,restricted=4,0,0,0,0,4,0,0,0
resultant,4,resultant=4,2,0,0,0,2,0,0,0
resumes,4,resumes=4,0,4,0,0,0,0,0,0
revitalization,4,revitalization=4,4,0,0,0,0,0,0,0
rey,4,rey=4,0,4,0,0,0,0,0,0
rhesus,4,rhesus=4,4,0,0,0,0,0,0,0
rhine,4,rhine=4,0,4,0,0,0,0,0,0
riding,4,riding=4,4,0,0,0,0,0,0,0
rinse,4,rinse=3; rinsing=1,0,0,4,0,0,0,0,0
riot,4,riots=2; riot=1; rioting=1,3,0,1,0,0,0,0,0
rivalry,4,rivalry=4,3,1,0,0,0,0,0,0
riverfront,4,riverfront=4,4,0,0,0,0,0,0,0
roadside,4,roadside=3; roadsides=1,4,0,0,0,0,0,0,0
romare,4,romare=4,0,4,0,0,0,0,0,0
roofing,4,roofing=4,4,0,0,0,0,0,0,0
roosevelt,4,roosevelt=4,0,4,0,0,0,0,0,0
roundel,4,roundel=2; roundels=2,4,0,0,0,0,0,0,0
rpp,4,rpp=4,0,4,0,0,0,0,0,0
ryan,4,ryan=4,0,4,0,0,0,0,0,0
sagan,4,sagan=4,0,4,0,0,0,0,0,0
salaried,4,salaried=4,0,0,0,0,4,0,0,0
salesman,4,salesman=4,4,0,0,0,0,0,0,0
saliva,4,saliva=4,2,2,0,0,0,0,0,0
saltier,4,saltier=4,4,0,0,0,0,0,0,0
sanders,4,sanders=4,0,4,0,0,0,0,0,0
sanitation,4,sanitation=4,4,0,0,0,0,0,0,0
sargon,4,sargon=4,0,4,0,0,0,0,0,0
satiation,4,satiation=4,3,1,0,0,0,0,0,0
scablands,4,scablands=4,0,4,0,0,0,0,0,0
scanning,4,scanning=4,3,1,0,0,0,0,0,0
scarf,4,scarf=3; scarves=1,3,0,0,0,1,0,0,0
scissor,4,scissors=3; scissor=1,4,0,0,0,0,0,0,0
scrape,4,scrape=4,0,0,4,0,0,0,0,0
screenplay,4,screenplay=3; screenplays=1,4,0,0,0,0,0,0,0
screw,4,screws=3; screw=1,2,0,2,0,0,0,0,0
seabirds,4,seabirds=4,0,4,0,0,0,0,0,0
seas,4,seas=4,0,4,0,0,0,0,0,0
secretly,4,secretly=4,0,0,0,0,0,4,0,0
seeder,4,seeder=4,4,0,0,0,0,0,0,0
seize,4,seized=3; seize=1,0,0,4,0,0,0,0,0
sender,4,sender=3; senders=1,4,0,0,0,0,0,0,0
sequencing,4,sequencing=4,4,0,0,0,0,0,0,0
serotonin,4,serotonin=4,2,2,0,0,0,0,0,0
setback,4,setbacks=3; setback=1,4,0,0,0,0,0,0,0
seventeen,4,seventeen=4,0,0,1,0,0,0,0,3
seventy,4,seventy=4,0,0,0,0,0,0,0,4
sewing,4,sewing=4,4,0,0,0,0,0,0,0
shady,4,shady=4,0,0,0,0,4,0,0,0
shampoo,4,shampoo=4,3,0,1,0,0,0,0,0
sheath,4,sheaths=4,4,0,0,0,0,0,0,0
shiver,4,shivering=2; shiver=1; shivers=1,1,0,3,0,0,0,0,0
shorebirds,4,shorebirds=4,0,4,0,0,0,0,0,0
shrank,4,shrank=4,0,0,1,0,3,0,0,0
shred,4,shred=1; shredded=1; shredding=1; shreds=1,2,0,2,0,0,0,0,0
shrine,4,shrine=2; shrines=2,4,0,0,0,0,0,0,0
shrinkage,4,shrinkage=4,4,0,0,0,0,0,0,0
sift,4,sift=2; sifted=1; sifting=1,0,0,4,0,0,0,0,0
sighted,4,sighted=4,0,0,0,0,4,0,0,0
simon,4,simon=4,0,4,0,0,0,0,0,0
sine,4,sine=4,0,0,2,0,2,0,0,0
sinosauropteryx,4,sinosauropteryx=4,0,4,0,0,0,0,0,0
skier,4,skier=2; skiers=2,4,0,0,0,0,0,0,0
skills,4,skills=4,0,4,0,0,0,0,0,0
skirt,4,skirt=3; skirts=1,4,0,0,0,0,0,0,0
skunk,4,skunk=4,4,0,0,0,0,0,0,0
skyrocket,4,skyrocketed=2; skyrocket=1; skyrocketing=1,0,0,4,0,0,0,0,0
slapstick,4,slapstick=4,4,0,0,0,0,0,0,0
sledge,4,sledges=4,4,0,0,0,0,0,0,0
smallpox,4,smallpox=4,3,0,1,0,0,0,0,0
socket,4,socket=2; sockets=2,4,0,0,0,0,0,0,0
soergel,4,soergel=4,0,4,0,0,0,0,0,0
soffer,4,soffer=4,0,4,0,0,0,0,0,0
softball,4,softball=4,4,0,0,0,0,0,0,0
soliloquy,4,soliloquies=4,4,0,0,0,0,0,0,0
solitude,4,solitude=4,4,0,0,0,0,0,0,0
solstice,4,solstice=4,4,0,0,0,0,0,0,0
solutions,4,solutions=4,0,4,0,0,0,0,0,0
spaniards,4,spaniards=4,0,4,0,0,0,0,0,0
spawning,4,spawning=4,3,0,0,0,1,0,0,0
spearhead,4,spearheads=3; spearheaded=1,3,0,1,0,0,0,0,0
spears,4,spears=4,0,4,0,0,0,0,0,0
spiders,4,spiders=4,0,4,0,0,0,0,0,0
splatter,4,splatter=2; splattered=2,0,0,4,0,0,0,0,0
sprawl,4,sprawling=3; sprawl=1,1,0,3,0,0,0,0,0
sprinkle,4,sprinkled=3; sprinkle=1,0,0,4,0,0,0,0,0
squat,4,squat=4,0,0,0,0,4,0,0,0
st,4,st=3; sts=1,1,3,0,0,0,0,0,0
stagnation,4,stagnation=4,4,0,0,0,0,0,0,0
stamina,4,stamina=4,4,0,0,0,0,0,0,0
starling,4,starlings=4,4,0,0,0,0,0,0,0
stars,4,stars=4,0,4,0,0,0,0,0,0
startling,4,startling=4,1,0,0,0,3,0,0,0
steering,4,steering=4,4,0,0,0,0,0,0,0
sternberg,4,sternberg=4,0,4,0,0,0,0,0,0
stickleback,4,stickleback=4,3,0,0,0,1,0,0,0
stiffen,4,stiffen=2; stiffened=1; stiffens=1,0,0,4,0,0,0,0,0
stiles,4,stiles=4,0,4,0,0,0,0,0,0
stm,4,stm=4,0,4,0,0,0,0,0,0
stove,4,stove=3; stoves=1,3,0,1,0,0,0,0,0
strata,4,strata=4,4,0,0,0,0,0,0,0
strikingly,4,strikingly=4,0,0,0,0,0,4,0,0
stringent,4,stringent=4,0,0,0,0,4,0,0,0
striped,4,striped=4,0,0,0,0,4,0,0,0
strontium,4,strontium=4,3,0,1,0,0,0,0,0
structures,4,structures=4,0,4,0,0,0,0,0,0
studying,4,studying=4,3,1,0,0,0,0,0,0
stylistically,4,stylistically=4,0,1,0,0,0,3,0,0
stylized,4,stylized=4,1,0,0,0,3,0,0,0
submarine,4,submarine=2; submarines=2,4,0,0,0,0,0,0,0
submersible,4,submersibles=4,4,0,0,0,0,0,0,0
succulent,4,succulents=4,4,0,0,0,0,0,0,0
suggestibility,4,suggestibility=4,4,0,0,0,0,0,0,0
suitability,4,suitability=4,4,0,0,0,0,0,0,0
suitcase,4,suitcase=3; suitcases=1,4,0,0,0,0,0,0,0
summarizing,4,summarizing=4,1,0,0,0,3,0,0,0
sunken,4,sunken=4,0,0,0,0,4,0,0,0
supernatural,4,supernatural=4,0,0,0,0,4,0,0,0
superposition,4,superposition=4,4,0,0,0,0,0,0,0
supplies,4,supplies=4,0,4,0,0,0,0,0,0
suspicious,4,suspicious=4,0,0,0,0,4,0,0,0
swam,4,swam=4,1,0,2,0,1,0,0,0
sweater,4,sweater=4,3,1,0,0,0,0,0,0
sweatshirt,4,sweatshirt=3; sweatshirts=1,4,0,0,0,0,0,0,0
swedish,4,swedish=4,0,0,0,0,4,0,0,0
switching,4,switching=4,4,0,0,0,0,0,0,0
syntax,4,syntax=4,4,0,0,0,0,0,0,0
syphili,4,syphilis=4,2,0,2,0,0,0,0,0
tab,4,tab=3; tabs=1,4,0,0,0,0,0,0,0
tableware,4,tableware=4,4,0,0,0,0,0,0,0
talente,4,talented=4,0,0,4,0,0,0,0,0
tambalacoque,4,tambalacoque=4,1,0,0,0,3,0,0,0
tame,4,tame=2; taming=2,1,0,2,0,1,0,0,0
tampa,4,tampa=4,0,4,0,0,0,0,0,0
taro,4,taro=4,4,0,0,0,0,0,0,0
taxonomic,4,taxonomic=4,1,0,0,0,3,0,0,0
tease,4,tease=2; teased=2,0,0,4,0,0,0,0,0
template,4,template=2; templates=2,4,0,0,0,0,0,0,0
tense,4,tense=4,0,0,0,0,4,0,0,0
tentative,4,tentative=4,0,0,0,0,4,0,0,0
terracing,4,terracing=4,3,1,0,0,0,0,0,0
thanatosis,4,thanatosis=4,4,0,0,0,0,0,0,0
thanks,4,thanks=4,0,4,0,0,0,0,0,0
thirst,4,thirst=4,4,0,0,0,0,0,0,0
thirteen,4,thirteen=4,0,0,0,0,0,0,0,4
thoughtfully,4,thoughtfully=4,0,0,0,0,0,4,0,0
threatening,4,threatening=4,0,0,0,0,4,0,0,0
thrombalite,4,thrombalites=3; thrombalite=1,4,0,0,0,0,0,0,0
thunderbirds,4,thunderbirds=4,0,4,0,0,0,0,0,0
thunen,4,thunen=4,0,4,0,0,0,0,0,0
tikal,4,tikal=4,0,4,0,0,0,0,0,0
tlatelolco,4,tlatelolco=4,1,3,0,0,0,0,0,0
tlingit,4,tlingit=4,0,4,0,0,0,0,0,0
toe,4,toe=4,4,0,0,0,0,0,0,0
tokamak,4,tokamaks=4,4,0,0,0,0,0,0,0
toothed,4,toothed=4,0,0,0,0,4,0,0,0
topa,4,topa=4,0,4,0,0,0,0,0,0
topper,4,topper=4,4,0,0,0,0,0,0,0
torpid,4,torpid=4,0,0,0,0,4,0,0,0
towel,4,towels=3; towel=1,3,1,0,0,0,0,0,0
trainee,4,trainees=4,4,0,0,0,0,0,0,0
trajectory,4,trajectories=4,4,0,0,0,0,0,0,0
transoceanic,4,transoceanic=4,0,0,0,0,4,0,0,0
transporter,4,transporters=3; transporter=1,4,0,0,0,0,0,0,0
trapper,4,trappers=4,4,0,0,0,0,0,0,0
travelogue,4,travelogue=2; travelogues=2,4,0,0,0,0,0,0,0
traverse,4,traverse=2; traversed=1; traversing=1,0,0,4,0,0,0,0,0
treaty,4,treaties=2; treaty=2,4,0,0,0,0,0,0,0
tremor,4,tremors=3; tremor=1,4,0,0,0,0,0,0,0
triangular,4,triangular=4,4,0,0,0,0,0,0,0
tributary,4,tributaries=4,4,0,0,0,0,0,0,0
trillion,4,trillion=2; trillions=2,2,0,0,0,0,0,0,2
trombone,4,trombone=4,4,0,0,0,0,0,0,0
troublesome,4,troublesome=4,0,0,0,0,4,0,0,0
tuck,4,tuck=2; tucked=2,0,0,4,0,0,0,0,0
tuft,4,tufts=4,4,0,0,0,0,0,0,0
tug,4,tugs=2; tug=1; tugging=1,3,0,1,0,0,0,0,0
tuniit,4,tuniit=4,0,4,0,0,0,0,0,0
turnpike,4,turnpike=3; turnpikes=1,3,0,1,0,0,0,0,0
twig,4,twigs=4,4,0,0,0,0,0,0,0
ukraine,4,ukraine=4,0,4,0,0,0,0,0,0
unconvincing,4,unconvincing=4,0,0,0,0,4,0,0,0
unemployed,4,unemployed=4,0,0,0,0,4,0,0,0
unger,4,unger=4,1,3,0,0,0,0,0,0
unicorn,4,unicorn=4,2,2,0,0,0,0,0,0
unify,4,unified=2; unify=2,0,0,4,0,0,0,0,0
unifying,4,unifying=4,1,0,0,0,3,0,0,0
unmanageable,4,unmanageable=4,0,0,0,0,4,0,0,0
unnatural,4,unnatural=4,0,1,0,0,3,0,0,0
unpalatable,4,unpalatable=4,0,0,0,0,4,0,0,0
unplanned,4,unplanned=4,0,0,0,0,4,0,0,0
unpopulated,4,unpopulated=4,0,0,0,0,4,0,0,0
unripe,4,unripe=4,4,0,0,0,0,0,0,0
unseen,4,unseen=4,0,0,0,0,4,0,0,0
updraft,4,updraft=4,2,2,0,0,0,0,0,0
upkeep,4,upkeep=4,3,0,0,0,1,0,0,0
urbanism,4,urbanism=4,4,0,0,0,0,0,0,0
urinate,4,urinate=3; urinates=1,0,0,3,0,1,0,0,0
useable,4,useable=4,0,0,0,0,4,0,0,0
users,4,users=4,0,4,0,0,0,0,0,0
utterly,4,utterly=4,0,0,0,0,0,4,0,0
vague,4,vague=4,0,0,0,0,4,0,0,0
valles,4,valles=4,0,4,0,0,0,0,0,0
vaporization,4,vaporization=4,3,1,0,0,0,0,0,0
varying,4,varying=4,0,0,0,0,4,0,0,0
vascular,4,vascular=4,1,0,0,0,3,0,0,0
vase,4,vase=4,4,0,0,0,0,0,0,0
vc,4,vc=4,0,4,0,0,0,0,0,0
verge,4,verge=3; verging=1,3,0,1,0,0,0,0,0
vicuna,4,vicuna=2; vicunas=2,4,0,0,0,0,0,0,0
waist,4,waist=4,4,0,0,0,0,0,0,0
watchful,4,watchful=4,0,0,1,0,3,0,0,0
wavelet,4,wavelet=4,4,0,0,0,0,0,0,0
wavy,4,wavy=4,0,0,0,0,4,0,0,0
weasel,4,weasel=3; weasels=1,2,2,0,0,0,0,0,0
westerly,4,westerlies=3; westerly=1,3,0,0,0,1,0,0,0
whales,4,whales=4,0,4,0,0,0,0,0,0
whatnot,4,whatnot=4,0,0,0,0,1,3,0,0
wheeled,4,wheeled=4,0,0,0,0,4,0,0,0
wi,4,wi=4,0,4,0,0,0,0,0,0
wield,4,wielded=2; wielding=2,0,0,4,0,0,0,0,0
wildcat,4,wildcat=4,0,4,0,0,0,0,0,0
wilkins,4,wilkins=4,0,4,0,0,0,0,0,0
wiring,4,wiring=4,4,0,0,0,0,0,0,0
withdrawal,4,withdrawal=4,3,1,0,0,0,0,0,0
wombat,4,wombat=2; wombats=2,4,0,0,0,0,0,0,0
woodcock,4,woodcock=4,4,0,0,0,0,0,0,0
woodwind,4,woodwinds=3; woodwind=1,4,0,0,0,0,0,0,0
woodworker,4,woodworkers=3; woodworker=1,4,0,0,0,0,0,0,0
woodworking,4,woodworking=4,0,1,0,0,3,0,0,0
wording,4,wording=4,4,0,0,0,0,0,0,0
workbench,4,workbench=4,4,0,0,0,0,0,0,0
wu,4,wu=4,0,4,0,0,0,0,0,0
xeromorphic,4,xeromorphic=4,0,0,0,0,4,0,0,0
xrf,4,xrf=4,0,4,0,0,0,0,0,0
yangzi,4,yangzi=4,0,4,0,0,0,0,0,0
yoke,4,yoke=4,4,0,0,0,0,0,0,0
yupanqui,4,yupanqui=4,0,4,0,0,0,0,0,0
zoom,4,zoom=3; zooming=1,1,1,2,0,0,0,0,0
abby,3,abby=3,0,3,0,0,0,0,0,0
abraham,3,abraham=3,0,3,0,0,0,0,0,0
abrasive,3,abrasive=3,0,0,0,0,3,0,0,0
absorber,3,absorbers=3,3,0,0,0,0,0,0,0
absorbing,3,absorbing=3,1,0,0,0,2,0,0,0
accelerator,3,accelerators=3,3,0,0,0,0,0,0,0
accentuate,3,accentuated=2; accentuate=1,0,0,3,0,0,0,0,0
accepted,3,accepted=3,0,0,0,0,3,0,0,0
acidify,3,acidified=2; acidify=1,0,0,3,0,0,0,0,0
acoustical,3,acoustical=3,0,0,0,0,3,0,0,0
acquaint,3,acquainted=3,0,0,3,0,0,0,0,0
actuality,3,actuality=3,3,0,0,0,0,0,0,0
actuator,3,actuators=3,3,0,0,0,0,0,0,0
addictive,3,addictive=3,0,0,0,0,3,0,0,0
adelaide,3,adelaide=3,0,3,0,0,0,0,0,0
adjusted,3,adjusted=3,0,0,0,0,3,0,0,0
admirable,3,admirable=3,0,0,0,0,3,0,0,0
adventures,3,adventures=3,0,3,0,0,0,0,0,0
adventurous,3,adventurous=3,0,0,0,0,3,0,0,0
advisory,3,advisory=3,0,0,0,0,3,0,0,0
afar,3,afar=3,0,0,0,0,0,3,0,0
afloat,3,afloat=3,0,0,0,0,0,3,0,0
africans,3,africans=3,0,3,0,0,0,0,0,0
ahuitzotl,3,ahuitzotl=3,0,3,0,0,0,0,0,0
aitken,3,aitken=3,0,3,0,0,0,0,0,0
akamu,3,akamu=3,0,3,0,0,0,0,0,0
alabama,3,alabama=3,0,3,0,0,0,0,0,0
alarming,3,alarming=3,0,0,0,0,3,0,0,0
alba,3,alba=3,0,3,0,0,0,0,0,0
alberta,3,alberta=3,0,3,0,0,0,0,0,0
alchemist,3,alchemists=3,3,0,0,0,0,0,0,0
ale,3,ale=3,3,0,0,0,0,0,0,0
aleutian,3,aleutian=3,0,1,0,0,2,0,0,0
alexandria,3,alexandria=3,0,3,0,0,0,0,0,0
alienation,3,alienation=3,3,0,0,0,0,0,0,0
alkaloids,3,alkaloids=3,0,3,0,0,0,0,0,0
alleged,3,alleged=3,0,0,0,0,3,0,0,0
allegiance,3,allegiance=3,3,0,0,0,0,0,0,0
allergic,3,allergic=3,0,0,0,0,3,0,0,0
alliteration,3,alliteration=3,3,0,0,0,0,0,0,0
allot,3,allotted=2; allots=1,1,0,2,0,0,0,0,0
alp,3,alps=3,3,0,0,0,0,0,0,0
altar,3,altars=2; altar=1,3,0,0,0,0,0,0,0
amanda,3,amanda=3,0,3,0,0,0,0,0,0
amass,3,amassed=3,0,0,3,0,0,0,0,0
ambulance,3,ambulance=3,3,0,0,0,0,0,0,0
amphibians,3,amphibians=3,0,3,0,0,0,0,0,0
anaerobically,3,anaerobically=3,0,0,0,0,0,3,0,0
anaktuvuk,3,anaktuvuk=3,0,3,0,0,0,0,0,0
anatol,3,anatol=3,0,3,0,0,0,0,0,0
anchoring,3,anchoring=3,2,0,0,0,1,0,0,0
anchovy,3,anchovies=2; anchovy=1,3,0,0,0,0,0,0,0
andy,3,andy=3,0,3,0,0,0,0,0,0
angers,3,angers=3,0,3,0,0,0,0,0,0
angular,3,angular=3,0,0,0,0,3,0,0,0
anisotropy,3,anisotropies=3,3,0,0,0,0,0,0,0
anjou,3,anjou=3,0,3,0,0,0,0,0,0
annex,3,annex=3,3,0,0,0,0,0,0,0
annotated,3,annotated=3,0,0,0,0,3,0,0,0
ansel,3,ansel=3,0,3,0,0,0,0,0,0
anterior,3,anterior=3,0,0,0,0,3,0,0,0
antifoul,3,antifoul=3,1,1,0,0,1,0,0,0
antimicrobial,3,antimicrobial=3,0,0,0,0,3,0,0,0
antioxidants,3,antioxidants=3,0,3,0,0,0,0,0,0
antipollution,3,antipollution=3,3,0,0,0,0,0,0,0
antiquarian,3,antiquarian=3,0,0,0,0,3,0,0,0
antlion,3,antlion=3,3,0,0,0,0,0,0,0
anuran,3,anuran=3,1,0,0,0,2,0,0,0
aphid,3,aphid=3,3,0,0,0,0,0,0,0
apms,3,apms=3,0,3,0,0,0,0,0,0
apoapsis,3,apoapsis=3,3,0,0,0,0,0,0,0
applaud,3,applaud=3,0,0,3,0,0,0,0,0
applause,3,applause=3,3,0,0,0,0,0,0,0
applications,3,applications=3,0,3,0,0,0,0,0,0
appraiser,3,appraisers=2; appraiser=1,3,0,0,0,0,0,0,0
appreciated,3,appreciated=3,0,0,0,0,3,0,0,0
appropriation,3,appropriation=3,3,0,0,0,0,0,0,0
aptitude,3,aptitude=3,3,0,0,0,0,0,0,0
archaeoastronomy,3,archaeoastronomy=3,3,0,0,0,0,0,0,0
archaeologically,3,archaeologically=3,0,0,0,0,0,3,0,0
armament,3,armaments=3,3,0,0,0,0,0,0,0
arrest,3,arrested=2; arrest=1,0,0,3,0,0,0,0,0
arriving,3,arriving=3,0,3,0,0,0,0,0,0
artifacts,3,artifacts=3,0,3,0,0,0,0,0,0
asbestos,3,asbestos=3,3,0,0,0,0,0,0,0
ashlington,3,ashlington=3,0,3,0,0,0,0,0,0
assignments,3,assignments=3,0,3,0,0,0,0,0,0
assistants,3,assistants=3,0,3,0,0,0,0,0,0
assortment,3,assortment=3,3,0,0,0,0,0,0,0
astonish,3,astonished=2; astonishing=1,0,0,3,0,0,0,0,0
astonishingly,3,astonishingly=3,0,0,0,0,0,3,0,0
atalay,3,atalay=3,0,3,0,0,0,0,0,0
athenaeum,3,athenaeum=3,0,3,0,0,0,0,0,0
attache,3,attaches=3,3,0,0,0,0,0,0,0
attic,3,attic=2; attics=1,2,0,0,0,1,0,0,0
attuned,3,attuned=3,0,0,0,0,3,0,0,0
audiences,3,audiences=3,0,3,0,0,0,0,0,0
austere,3,austere=3,0,0,0,0,3,0,0,0
austrian,3,austrian=3,0,0,0,0,3,0,0,0
auto,3,auto=3,3,0,0,0,0,0,0,0
avian,3,avian=3,0,0,0,0,3,0,0,0
awakening,3,awakening=3,3,0,0,0,0,0,0,0
awe,3,awe=3,3,0,0,0,0,0,0,0
awfully,3,awfully=3,0,0,0,0,0,3,0,0
awhile,3,awhile=3,0,0,0,0,0,3,0,0
backlash,3,backlash=3,3,0,0,0,0,0,0,0
badi,3,badis=3,3,0,0,0,0,0,0,0
baiji,3,baiji=3,3,0,0,0,0,0,0,0
baker,3,baker=3,2,1,0,0,0,0,0,0
baking,3,baking=3,3,0,0,0,0,0,0,0
balancing,3,balancing=3,0,3,0,0,0,0,0,0
ballroom,3,ballroom=3,3,0,0,0,0,0,0,0
balsa,3,balsa=3,2,0,1,0,0,0,0,0
banning,3,banning=3,1,2,0,0,0,0,0,0
banquet,3,banquet=3,3,0,0,0,0,0,0,0
barnacles,3,barnacles=3,0,3,0,0,0,0,0,0
batch,3,batch=3,3,0,0,0,0,0,0,0
batrachochytrium,3,batrachochytrium=3,0,3,0,0,0,0,0,0
bavaria,3,bavaria=3,0,3,0,0,0,0,0,0
bayside,3,bayside=3,0,3,0,0,0,0,0,0
beaux,3,beaux=3,0,3,0,0,0,0,0,0
beck,3,beck=3,0,3,0,0,0,0,0,0
beekeeper,3,beekeepers=3,3,0,0,0,0,0,0,0
beep,3,beep=2; beeps=1,3,0,0,0,0,0,0,0
beer,3,beer=3,3,0,0,0,0,0,0,0
bellow,3,bellows=3,0,0,3,0,0,0,0,0
bending,3,bending=3,3,0,0,0,0,0,0,0
benzie,3,benzie=3,0,3,0,0,0,0,0,0
berden,3,berden=3,0,3,0,0,0,0,0,0
beriberi,3,beriberi=3,1,2,0,0,0,0,0,0
betrayal,3,betrayal=3,2,1,0,0,0,0,0,0
bibliotheque,3,bibliotheque=3,0,3,0,0,0,0,0,0
bicarbonate,3,bicarbonate=3,3,0,0,0,0,0,0,0
bidirectionality,3,bidirectionality=3,3,0,0,0,0,0,0,0
biking,3,biking=3,3,0,0,0,0,0,0,0
bioacoustics,3,bioacoustics=3,0,3,0,0,0,0,0,0
biofertilizers,3,biofertilizers=3,0,3,0,0,0,0,0,0
biopond,3,biopond=3,2,0,0,0,1,0,0,0
biosynthesis,3,biosynthesis=3,3,0,0,0,0,0,0,0
birmingham,3,birmingham=3,0,3,0,0,0,0,0,0
biro,3,biro=3,0,3,0,0,0,0,0,0
birthplace,3,birthplace=2; birthplaces=1,3,0,0,0,0,0,0,0
biscuit,3,biscuits=2; biscuit=1,3,0,0,0,0,0,0,0
bishop,3,bishop=2; bishops=1,3,0,0,0,0,0,0,0
blackberry,3,blackberry=3,3,0,0,0,0,0,0,0
blanquet,3,blanquet=3,0,3,0,0,0,0,0,0
blatant,3,blatant=3,0,0,0,0,3,0,0,0
bleached,3,bleached=3,0,0,0,0,3,0,0,0
bleacher,3,bleachers=3,3,0,0,0,0,0,0,0
bleed,3,bled=1; bleeding=1; bleeds=1,0,0,3,0,0,0,0,0
bliss,3,bliss=3,0,3,0,0,0,0,0,0
blithedale,3,blithedale=3,0,3,0,0,0,0,0,0
blurring,3,blurring=3,3,0,0,0,0,0,0,0
boatbuilding,3,boatbuilding=3,3,0,0,0,0,0,0,0
bodie,3,bodie=3,0,3,0,0,0,0,0,0
boesch,3,boesch=3,0,3,0,0,0,0,0,0
boldly,3,boldly=3,0,0,0,0,0,3,0,0
bolsover,3,bolsover=3,0,3,0,0,0,0,0,0
booking,3,booking=3,3,0,0,0,0,0,0,0
bossa,3,bossa=3,1,0,0,0,2,0,0,0
bottlenose,3,bottlenose=3,1,0,0,0,2,0,0,0
brabant,3,brabant=3,0,3,0,0,0,0,0,0
brad,3,brad=3,0,3,0,0,0,0,0,0
brake,3,brake=2; brakes=1,2,0,1,0,0,0,0,0
branching,3,branching=2; branchings=1,3,0,0,0,0,0,0,0
brandon,3,brandon=3,0,3,0,0,0,0,0,0
braun,3,braun=3,0,3,0,0,0,0,0,0
breadnut,3,breadnut=3,3,0,0,0,0,0,0,0
breaking,3,breaking=3,3,0,0,0,0,0,0,0
brightener,3,brighteners=2; brightener=1,3,0,0,0,0,0,0,0
broker,3,brokers=3,3,0,0,0,0,0,0,0
brothers,3,brothers=3,0,3,0,0,0,0,0,0
brower,3,brower=3,1,2,0,0,0,0,0,0
brownlee,3,brownlee=3,0,3,0,0,0,0,0,0
buddhism,3,buddhism=3,0,3,0,0,0,0,0,0
bulbous,3,bulbous=3,0,0,0,0,3,0,0,0
burger,3,burgers=2; burger=1,3,0,0,0,0,0,0,0
bushman,3,bushman=3,0,3,0,0,0,0,0,0
butting,3,butting=3,2,1,0,0,0,0,0,0
ca,3,ca=3,0,3,0,0,0,0,0,0
caching,3,caching=3,3,0,0,0,0,0,0,0
cahokians,3,cahokians=3,0,3,0,0,0,0,0,0
caliber,3,caliber=3,3,0,0,0,0,0,0,0
calico,3,calico=2; calicos=1,3,0,0,0,0,0,0,0
calling,3,calling=3,3,0,0,0,0,0,0,0
campsite,3,campsites=2; campsite=1,3,0,0,0,0,0,0,0
cancelation,3,cancelation=3,3,0,0,0,0,0,0,0
cancer,3,cancer=3,3,0,0,0,0,0,0,0
canid,3,canids=3,3,0,0,0,0,0,0,0
canning,3,canning=3,1,2,0,0,0,0,0,0
cannon,3,cannons=3,3,0,0,0,0,0,0,0
capitano,3,capitano=3,0,3,0,0,0,0,0,0
captivate,3,captivating=2; captivate=1,0,0,2,0,1,0,0,0
carburization,3,carburization=3,3,0,0,0,0,0,0,0
cardinalfish,3,cardinalfish=3,2,1,0,0,0,0,0,0
careless,3,careless=3,0,1,0,0,2,0,0,0
caretaker,3,caretakers=2; caretaker=1,3,0,0,0,0,0,0,0
carpel,3,carpel=2; carpels=1,3,0,0,0,0,0,0,0
caspian,3,caspian=3,0,3,0,0,0,0,0,0
catapult,3,catapulted=2; catapulting=1,0,0,3,0,0,0,0,0
categorization,3,categorization=3,3,0,0,0,0,0,0,0
catenary,3,catenary=3,0,0,0,0,3,0,0,0
cates,3,cates=3,0,3,0,0,0,0,0,0
cather,3,cather=3,0,3,0,0,0,0,0,0
cathy,3,cathy=3,0,3,0,0,0,0,0,0
cautionary,3,cautionary=3,0,0,0,0,3,0,0,0
ceaselessly,3,ceaselessly=3,0,0,0,0,0,3,0,0
celebrated,3,celebrated=3,0,0,0,0,3,0,0,0
cells,3,cells=3,0,3,0,0,0,0,0,0
cemetery,3,cemeteries=2; cemetery=1,3,0,0,0,0,0,0,0
cent,3,cents=3,3,0,0,0,0,0,0,0
centralization,3,centralization=3,3,0,0,0,0,0,0,0
centrally,3,centrally=3,0,0,0,0,0,3,0,0
cerebral,3,cerebral=3,0,0,0,0,3,0,0,0
cerro,3,cerro=3,0,3,0,0,0,0,0,0
chacoan,3,chacoan=3,0,3,0,0,0,0,0,0
channeled,3,channeled=3,0,3,0,0,0,0,0,0
charming,3,charming=3,0,3,0,0,0,0,0,0
cheating,3,cheating=3,3,0,0,0,0,0,0,0
checking,3,checking=3,0,3,0,0,0,0,0,0
checkout,3,checkout=3,3,0,0,0,0,0,0,0
cheek,3,cheeks=2; cheek=1,3,0,0,0,0,0,0,0
chesterfield,3,chesterfield=3,0,3,0,0,0,0,0,0
chieftain,3,chieftain=3,3,0,0,0,0,0,0,0
chilean,3,chilean=3,0,1,0,0,2,0,0,0
chin,3,chin=3,2,1,0,0,0,0,0,0
chirp,3,chirping=2; chirps=1,1,0,2,0,0,0,0,0
chirping,3,chirping=3,3,0,0,0,0,0,0,0
chloroplast,3,chloroplasts=2; chloroplast=1,3,0,0,0,0,0,0,0
chondrule,3,chondrules=3,3,0,0,0,0,0,0,0
chris,3,chris=3,0,3,0,0,0,0,0,0
christophe,3,christophe=3,0,3,0,0,0,0,0,0
chromatophore,3,chromatophores=2; chromatophore=1,3,0,0,0,0,0,0,0
chytridiomycosis,3,chytridiomycosis=3,3,0,0,0,0,0,0,0
cicadas,3,cicadas=3,0,3,0,0,0,0,0,0
cincinnati,3,cincinnati=3,0,3,0,0,0,0,0,0
cincinnatus,3,cincinnatus=3,0,3,0,0,0,0,0,0
circularization,3,circularization=3,3,0,0,0,0,0,0,0
cityscape,3,cityscape=2; cityscapes=1,3,0,0,0,0,0,0,0
cizhou,3,cizhou=3,0,3,0,0,0,0,0,0
claes,3,claes=3,0,3,0,0,0,0,0,0
classes,3,classes=3,0,3,0,0,0,0,0,0
claude,3,claude=3,0,3,0,0,0,0,0,0
claws,3,claws=3,2,1,0,0,0,0,0,0
clements,3,clements=3,0,3,0,0,0,0,0,0
cleverly,3,cleverly=3,0,0,0,0,0,3,0,0
climatology,3,climatology=3,3,0,0,0,0,0,0,0
closet,3,closet=3,3,0,0,0,0,0,0,0
clover,3,clover=3,3,0,0,0,0,0,0,0
clown,3,clowns=2; clowned=1,2,0,1,0,0,0,0,0
clypeatus,3,clypeatus=3,3,0,0,0,0,0,0,0
coca,3,coca=3,0,3,0,0,0,0,0,0
coenobita,3,coenobita=3,0,3,0,0,0,0,0,0
coercive,3,coercive=3,0,0,0,0,3,0,0,0
coexistence,3,coexistence=3,3,0,0,0,0,0,0,0
coherence,3,coherence=3,3,0,0,0,0,0,0,0
cohort,3,cohort=2; cohorts=1,3,0,0,0,0,0,0,0
cola,3,cola=3,0,3,0,0,0,0,0,0
collagen,3,collagen=3,2,1,0,0,0,0,0,0
collar,3,collar=3,3,0,0,0,0,0,0,0
collectors,3,collectors=3,0,3,0,0,0,0,0,0
colleen,3,colleen=3,0,3,0,0,0,0,0,0
colonizer,3,colonizers=3,3,0,0,0,0,0,0,0
combining,3,combining=3,0,3,0,0,0,0,0,0
combustion,3,combustion=3,3,0,0,0,0,0,0,0
comical,3,comical=3,0,0,0,0,3,0,0,0
commemorative,3,commemorative=3,0,0,0,0,3,0,0,0
commoner,3,commoners=3,3,0,0,0,0,0,0,0
commons,3,commons=3,0,3,0,0,0,0,0,0
comp,3,comp=3,3,0,0,0,0,0,0,0
compassion,3,compassion=3,3,0,0,0,0,0,0,0
compatibility,3,compatibility=3,3,0,0,0,0,0,0,0
completeness,3,completeness=3,3,0,0,0,0,0,0,0
compulsory,3,compulsory=3,0,0,0,0,3,0,0,0
computerized,3,computerized=3,0,0,0,0,3,0,0,0
con,3,cons=3,3,0,0,0,0,0,0,0
concerns,3,concerns=3,0,3,0,0,0,0,0,0
concession,3,concession=2; concessions=1,3,0,0,0,0,0,0,0
conducive,3,conducive=3,0,0,0,0,3,0,0,0
conductance,3,conductance=3,3,0,0,0,0,0,0,0
conformity,3,conformity=3,3,0,0,0,0,0,0,0
confound,3,confound=1; confounded=1; confounding=1,0,0,3,0,0,0,0,0
coniferous,3,coniferous=3,0,0,0,0,3,0,0,0
connotation,3,connotations=3,3,0,0,0,0,0,0,0
consecutive,3,consecutive=3,0,0,0,0,3,0,0,0
consequences,3,consequences=3,0,3,0,0,0,0,0,0
consequential,3,consequential=3,0,0,0,0,3,0,0,0
consequentialist,3,consequentialist=3,3,0,0,0,0,0,0,0
consolidated,3,consolidated=3,0,0,0,0,3,0,0,0
constitutional,3,constitutional=3,0,0,0,0,3,0,0,0
construe,3,construed=3,0,0,3,0,0,0,0,0
consumers,3,consumers=3,0,3,0,0,0,0,0,0
containers,3,containers=3,0,3,0,0,0,0,0,0
contemplative,3,contemplative=3,1,0,1,0,1,0,0,0
contrasting,3,contrasting=3,1,2,0,0,0,0,0,0
convectional,3,convectional=3,0,0,0,0,3,0,0,0
convex,3,convex=3,0,0,0,0,3,0,0,0
copenhagen,3,copenhagen=3,0,3,0,0,0,0,0,0
coper,3,coper=3,0,0,0,0,3,0,0,0
copyhold,3,copyhold=3,3,0,0,0,0,0,0,0
corals,3,corals=3,0,3,0,0,0,0,0,0
cornfield,3,cornfields=2; cornfield=1,3,0,0,0,0,0,0,0
corral,3,corral=3,2,0,1,0,0,0,0,0
correction,3,correction=3,3,0,0,0,0,0,0,0
correspondence,3,correspondence=3,3,0,0,0,0,0,0,0
corroborate,3,corroborated=2; corroborate=1,0,0,3,0,0,0,0,0
cosmetic,3,cosmetics=3,3,0,0,0,0,0,0,0
cosmopolitan,3,cosmopolitan=3,0,0,0,0,3,0,0,0
countercurrent,3,countercurrent=3,1,0,0,0,2,0,0,0
cowboy,3,cowboy=3,3,0,0,0,0,0,0,0
cozy,3,cozy=3,0,1,0,0,2,0,0,0
cradle,3,cradle=3,2,0,1,0,0,0,0,0
cranny,3,crannies=3,3,0,0,0,0,0,0,0
credible,3,credible=3,0,0,0,0,3,0,0,0
creel,3,creel=3,0,3,0,0,0,0,0,0
creep,3,creep=2; creeping=1,0,0,3,0,0,0,0,0
creole,3,creole=3,0,3,0,0,0,0,0,0
crime,3,crimes=2; crime=1,3,0,0,0,0,0,0,0
cro,3,cro=3,0,3,0,0,0,0,0,0
croft,3,croft=3,0,3,0,0,0,0,0,0
crossbow,3,crossbows=2; crossbow=1,3,0,0,0,0,0,0,0
crossbreed,3,crossbreed=2; crossbreeding=1,0,0,3,0,0,0,0,0
crossover,3,crossover=3,3,0,0,0,0,0,0,0
crowberry,3,crowberry=3,3,0,0,0,0,0,0,0
crusher,3,crusher=3,2,1,0,0,0,0,0,0
cryptobiosis,3,cryptobiosis=3,3,0,0,0,0,0,0,0
ctenophore,3,ctenophores=3,3,0,0,0,0,0,0,0
cube,3,cube=3,3,0,0,0,0,0,0,0
culprit,3,culprit=3,3,0,0,0,0,0,0,0
cult,3,cult=3,3,0,0,0,0,0,0,0
customization,3,customization=3,1,2,0,0,0,0,0,0
cute,3,cute=3,0,0,0,0,3,0,0,0
cutter,3,cutter=2; cutters=1,3,0,0,0,0,0,0,0
cuzco,3,cuzco=3,0,3,0,0,0,0,0,0
cyclic,3,cyclic=3,0,0,0,0,3,0,0,0
cyrus,3,cyrus=3,0,3,0,0,0,0,0,0
czech,3,czech=3,0,3,0,0,0,0,0,0
dab,3,dabs=3,3,0,0,0,0,0,0,0
dac,3,dac=3,0,3,0,0,0,0,0,0
dalloway,3,dalloway=3,0,3,0,0,0,0,0,0
damper,3,damper=3,3,0,0,0,0,0,0,0
dan,3,dan=3,0,3,0,0,0,0,0,0
dangerously,3,dangerously=3,0,0,0,0,0,3,0,0
danny,3,danny=3,0,3,0,0,0,0,0,0
daphne,3,daphne=3,0,3,0,0,0,0,0,0
darby,3,darby=3,0,3,0,0,0,0,0,0
dare,3,daring=2; dare=1,1,0,2,0,0,0,0,0
daunting,3,daunting=3,0,0,0,0,3,0,0,0
deceased,3,deceased=3,0,0,0,0,3,0,0,0
decentralize,3,decentralized=3,0,0,3,0,0,0,0,0
deceptive,3,deceptive=3,0,0,0,0,3,0,0,0
decidedly,3,decidedly=3,0,0,0,0,0,3,0,0
decimation,3,decimation=3,3,0,0,0,0,0,0,0
decisions,3,decisions=3,0,3,0,0,0,0,0,0
deco,3,deco=3,1,2,0,0,0,0,0,0
decomposed,3,decomposed=3,0,1,0,0,2,0,0,0
decomposer,3,decomposers=3,3,0,0,0,0,0,0,0
deduction,3,deduction=3,3,0,0,0,0,0,0,0
deem,3,deemed=2; deem=1,0,0,3,0,0,0,0,0
defender,3,defenders=3,3,0,0,0,0,0,0,0
definitively,3,definitively=3,0,0,0,0,0,3,0,0
deforest,3,deforested=2; deforest=1,0,0,3,0,0,0,0,0
defunct,3,defunct=3,0,0,0,0,3,0,0,0
delicacy,3,delicacy=2; delicacies=1,3,0,0,0,0,0,0,0
delicately,3,delicately=3,0,0,0,0,0,3,0,0
denali,3,denali=3,0,3,0,0,0,0,0,0
dendrochronological,3,dendrochronological=3,0,0,0,0,3,0,0,0
deployment,3,deployment=3,3,0,0,0,0,0,0,0
der,3,der=3,0,3,0,0,0,0,0,0
des,3,des=3,0,0,0,0,0,0,0,3
desertization,3,desertization=3,3,0,0,0,0,0,0,0
desktop,3,desktop=3,3,0,0,0,0,0,0,0
destine,3,destined=3,0,0,3,0,0,0,0,0
detachment,3,detachment=2; detachments=1,3,0,0,0,0,0,0,0
detecting,3,detecting=3,2,1,0,0,0,0,0,0
determining,3,determining=3,0,3,0,0,0,0,0,0
detrital,3,detrital=3,0,0,0,0,3,0,0,0
devaluation,3,devaluation=3,3,0,0,0,0,0,0,0
developments,3,developments=3,0,3,0,0,0,0,0,0
deviate,3,deviates=2; deviated=1,0,0,3,0,0,0,0,0
devoid,3,devoid=3,2,0,0,0,1,0,0,0
diamonds,3,diamonds=3,0,3,0,0,0,0,0,0
diane,3,diane=3,1,2,0,0,0,0,0,0
dichromat,3,dichromats=3,3,0,0,0,0,0,0,0
dictatorship,3,dictatorship=2; dictatorships=1,3,0,0,0,0,0,0,0
diesel,3,diesel=3,3,0,0,0,0,0,0,0
differed,3,differed=3,0,0,0,0,3,0,0,0
differential,3,differential=2; differentials=1,2,0,0,0,1,0,0,0
differing,3,differing=3,0,3,0,0,0,0,0,0
diffract,3,diffract=3,2,0,1,0,0,0,0,0
diligent,3,diligent=3,1,0,0,0,2,0,0,0
dimmer,3,dimmer=3,2,0,0,0,1,0,0,0
diode,3,diodes=2; diode=1,3,0,0,0,0,0,0,0
dionysus,3,dionysus=3,0,3,0,0,0,0,0,0
diorite,3,diorite=3,1,1,1,0,0,0,0,0
dire,3,dire=3,0,0,0,0,3,0,0,0
directors,3,directors=3,0,3,0,0,0,0,0,0
disadvantaged,3,disadvantaged=3,0,0,0,0,3,0,0,0
disastrously,3,disastrously=3,0,0,0,0,0,3,0,0
disband,3,disband=2; disbanding=1,0,0,3,0,0,0,0,0
disclose,3,disclose=2; disclosed=1,0,0,3,0,0,0,0,0
discontinuous,3,discontinuous=3,0,0,0,0,3,0,0,0
discouraged,3,discouraged=3,0,1,0,0,2,0,0,0
discrepancy,3,discrepancies=3,3,0,0,0,0,0,0,0
discrete,3,discrete=3,0,0,0,0,3,0,0,0
diseases,3,diseases=3,0,3,0,0,0,0,0,0
disentangle,3,disentangle=2; disentangled=1,0,0,3,0,0,0,0,0
dishwasher,3,dishwasher=2; dishwashers=1,3,0,0,0,0,0,0,0
disinterest,3,disinterest=3,2,1,0,0,0,0,0,0
dismal,3,dismal=3,0,0,0,0,3,0,0,0
dismantle,3,dismantled=3,0,0,3,0,0,0,0,0
dismissal,3,dismissal=3,3,0,0,0,0,0,0,0
dismissive,3,dismissive=3,0,2,0,0,1,0,0,0
disorganized,3,disorganized=3,0,0,0,0,3,0,0,0
dispel,3,dispel=2; dispelled=1,0,0,3,0,0,0,0,0
dispersed,3,dispersed=3,0,0,0,0,3,0,0,0
disqualify,3,disqualifies=3,0,0,3,0,0,0,0,0
disregard,3,disregarded=1; disregarding=1; disregards=1,0,0,3,0,0,0,0,0
disseminate,3,disseminating=3,0,0,3,0,0,0,0,0
dissent,3,dissenting=3,0,0,3,0,0,0,0,0
distinctiveness,3,distinctiveness=3,3,0,0,0,0,0,0,0
distinguishable,3,distinguishable=3,0,0,0,0,3,0,0,0
distorted,3,distorted=3,0,0,0,0,3,0,0,0
disturbing,3,disturbing=3,0,0,0,0,3,0,0,0
dithyramb,3,dithyramb=2; dithyrambs=1,3,0,0,0,0,0,0,0
divergent,3,divergent=3,0,0,0,0,3,0,0,0
dividing,3,dividing=3,1,2,0,0,0,0,0,0
dixie,3,dixie=3,0,3,0,0,0,0,0,0
domestically,3,domestically=3,0,0,0,0,0,3,0,0
dopamine,3,dopamine=3,3,0,0,0,0,0,0,0
downy,3,downy=3,3,0,0,0,0,0,0,0
dreamless,3,dreamless=3,3,0,0,0,0,0,0,0
dreamlike,3,dreamlike=3,0,0,1,0,2,0,0,0
dredging,3,dredging=3,3,0,0,0,0,0,0,0
dryer,3,dryers=3,3,0,0,0,0,0,0,0
dubai,3,dubai=3,0,3,0,0,0,0,0,0
duct,3,ducts=3,3,0,0,0,0,0,0,0
duet,3,duet=2; duets=1,3,0,0,0,0,0,0,0
duller,3,duller=3,2,1,0,0,0,0,0,0
dumbbell,3,dumbbells=3,3,0,0,0,0,0,0,0
dun,3,dun=3,0,3,0,0,0,0,0,0
dupage,3,dupage=3,0,3,0,0,0,0,0,0
dwarfing,3,dwarfing=3,2,1,0,0,0,0,0,0
dyeing,3,dyeing=3,3,0,0,0,0,0,0,0
eanna,3,eanna=3,0,3,0,0,0,0,0,0
eared,3,eared=3,0,0,0,0,3,0,0,0
earlywood,3,earlywood=3,3,0,0,0,0,0,0,0
earnest,3,earnest=3,0,0,0,0,3,0,0,0
earplug,3,earplugs=3,3,0,0,0,0,0,0,0
earthen,3,earthen=3,0,0,0,0,3,0,0,0
eavesdrop,3,eavesdrop=3,0,0,3,0,0,0,0,0
ecclesiastical,3,ecclesiastical=3,0,1,0,0,2,0,0,0
ecosystems,3,ecosystems=3,0,3,0,0,0,0,0,0
ecotype,3,ecotypes=3,3,0,0,0,0,0,0,0
ectoderm,3,ectoderm=3,2,1,0,0,0,0,0,0
edinburgh,3,edinburgh=3,0,3,0,0,0,0,0,0
efficacy,3,efficacy=3,3,0,0,0,0,0,0,0
elaboration,3,elaboration=3,3,0,0,0,0,0,0,0
electrician,3,electrician=3,3,0,0,0,0,0,0,0
elegance,3,elegance=3,3,0,0,0,0,0,0,0
em,3,em=3,0,2,0,0,0,0,0,1
embellish,3,embellished=3,0,0,3,0,0,0,0,0
embellishment,3,embellishments=3,3,0,0,0,0,0,0,0
ember,3,embers=2; ember=1,3,0,0,0,0,0,0,0
embryological,3,embryological=3,0,0,0,0,3,0,0,0
emmanuel,3,emmanuel=3,0,3,0,0,0,0,0,0
empathetic,3,empathetic=3,0,0,0,0,3,0,0,0
encroach,3,encroaching=2; encroach=1,0,0,3,0,0,0,0,0
endangerment,3,endangerment=3,3,0,0,0,0,0,0,0
endotoxins,3,endotoxins=3,0,3,0,0,0,0,0,0
endurance,3,endurance=3,3,0,0,0,0,0,0,0
enduring,3,enduring=3,0,0,0,0,3,0,0,0
engraver,3,engraver=3,3,0,0,0,0,0,0,0
enhanced,3,enhanced=3,0,0,0,0,3,0,0,0
enhancer,3,enhancers=3,3,0,0,0,0,0,0,0
enlighten,3,enlighten=3,0,0,3,0,0,0,0,0
enshrine,3,enshrined=3,0,0,3,0,0,0,0,0
enso,3,enso=3,1,2,0,0,0,0,0,0
enthusiastically,3,enthusiastically=3,0,0,0,0,0,3,0,0
entranceway,3,entranceways=3,3,0,0,0,0,0,0,0
envious,3,envious=3,0,0,0,0,3,0,0,0
envy,3,envy=2; envied=1,0,1,2,0,0,0,0,0
epiphyte,3,epiphytes=3,3,0,0,0,0,0,0,0
equipped,3,equipped=3,0,0,0,0,3,0,0,0
ermine,3,ermine=3,1,2,0,0,0,0,0,0
ernest,3,ernest=3,0,3,0,0,0,0,0,0
errand,3,errands=3,3,0,0,0,0,0,0,0
escapist,3,escapist=3,3,0,0,0,0,0,0,0
euripide,3,euripides=3,3,0,0,0,0,0,0,0
evade,3,evading=2; evaded=1,0,0,3,0,0,0,0,0
evaluating,3,evaluating=3,3,0,0,0,0,0,0,0
exhausting,3,exhausting=3,0,0,0,0,3,0,0,0
exhaustive,3,exhaustive=3,0,0,0,0,3,0,0,0
existentialist,3,existentialist=3,3,0,0,0,0,0,0,0
existing,3,existing=3,0,0,0,0,3,0,0,0
experimentalist,3,experimentalist=3,3,0,0,0,0,0,0,0
experiments,3,experiments=3,0,3,0,0,0,0,0,0
expiration,3,expiration=3,3,0,0,0,0,0,0,0
explanatory,3,explanatory=3,0,0,0,0,3,0,0,0
extinctions,3,extinctions=3,0,3,0,0,0,0,0,0
exudate,3,exudates=3,3,0,0,0,0,0,0,0
eyelid,3,eyelids=2; eyelid=1,3,0,0,0,0,0,0,0
fabrication,3,fabrication=3,3,0,0,0,0,0,0,0
faire,3,faire=3,3,0,0,0,0,0,0,0
falsify,3,falsified=1; falsify=1; falsifying=1,0,0,3,0,0,0,0,0
familial,3,familial=3,0,0,0,0,3,0,0,0
families,3,families=3,0,3,0,0,0,0,0,0
fantaosis,3,fantaosis=3,1,2,0,0,0,0,0,0
favourite,3,favourite=3,0,0,0,0,3,0,0,0
feasibility,3,feasibility=3,3,0,0,0,0,0,0,0
feathery,3,feathery=3,3,0,0,0,0,0,0,0
fed,3,fed=3,0,2,0,0,1,0,0,0
ferdinand,3,ferdinand=3,0,3,0,0,0,0,0,0
ferris,3,ferris=3,0,3,0,0,0,0,0,0
festinger,3,festinger=3,0,3,0,0,0,0,0,0
festivity,3,festivities=2; festivity=1,3,0,0,0,0,0,0,0
fetch,3,fetched=2; fetch=1,0,0,3,0,0,0,0,0
fetched,3,fetched=3,0,0,0,0,3,0,0,0
fetus,3,fetus=3,3,0,0,0,0,0,0,0
fever,3,fever=3,3,0,0,0,0,0,0,0
fiddler,3,fiddler=3,3,0,0,0,0,0,0,0
figurative,3,figurative=3,0,0,0,0,3,0,0,0
filtration,3,filtration=3,3,0,0,0,0,0,0,0
finalist,3,finalists=2; finalist=1,3,0,0,0,0,0,0,0
finland,3,finland=3,0,3,0,0,0,0,0,0
firefighter,3,firefighters=3,3,0,0,0,0,0,0,0
fireside,3,fireside=3,0,0,0,0,3,0,0,0
firestone,3,firestone=3,0,3,0,0,0,0,0,0
fisherman,3,fishermen=3,3,0,0,0,0,0,0,0
fixation,3,fixation=3,3,0,0,0,0,0,0,0
fjord,3,fjords=3,3,0,0,0,0,0,0,0
flagship,3,flagship=3,3,0,0,0,0,0,0,0
flatfish,3,flatfish=3,3,0,0,0,0,0,0,0
flavour,3,flavour=2; flavours=1,3,0,0,0,0,0,0,0
fledge,3,fledged=2; fledge=1,0,1,2,0,0,0,0,0
fleure,3,fleure=3,0,3,0,0,0,0,0,0
flickering,3,flickering=3,3,0,0,0,0,0,0,0
flicking,3,flicking=3,2,1,0,0,0,0,0,0
flourishing,3,flourishing=3,3,0,0,0,0,0,0,0
fluent,3,fluent=3,0,0,0,0,3,0,0,0
fobs,3,fobs=3,2,1,0,0,0,0,0,0
font,3,font=3,1,2,0,0,0,0,0,0
footnote,3,footnotes=2; footnote=1,3,0,0,0,0,0,0,0
footrace,3,footrace=2; footraces=1,2,0,0,0,1,0,0,0
fora,3,fora=3,1,1,0,0,0,0,0,1
foragers,3,foragers=3,0,3,0,0,0,0,0,0
forbidden,3,forbidden=3,0,0,0,0,3,0,0,0
ford,3,ford=3,0,3,0,0,0,0,0,0
foreigner,3,foreigners=3,3,0,0,0,0,0,0,0
foresight,3,foresight=3,3,0,0,0,0,0,0,0
fork,3,fork=2; forks=1,1,2,0,0,0,0,0,0
fourteen,3,fourteen=3,0,1,0,0,0,0,0,2
fragility,3,fragility=3,3,0,0,0,0,0,0,0
franco,3,franco=3,0,3,0,0,0,0,0,0
francois,3,francois=3,0,3,0,0,0,0,0,0
frankenstein,3,frankenstein=3,0,3,0,0,0,0,0,0
fraser,3,fraser=3,0,3,0,0,0,0,0,0
freestande,3,freestanding=3,0,0,3,0,0,0,0,0
frigatebird,3,frigatebirds=3,3,0,0,0,0,0,0,0
frightened,3,frightened=3,0,1,0,0,2,0,0,0
fruity,3,fruity=3,3,0,0,0,0,0,0,0
frédéric,3,frédéric=3,0,3,0,0,0,0,0,0
fuller,3,fullers=2; fuller=1,3,0,0,0,0,0,0,0
fury,3,fury=3,2,1,0,0,0,0,0,0
futurism,3,futurism=3,2,1,0,0,0,0,0,0
galaxies,3,galaxies=3,0,3,0,0,0,0,0,0
galen,3,galen=3,0,3,0,0,0,0,0,0
galette,3,galette=3,0,3,0,0,0,0,0,0
galilean,3,galilean=3,0,2,0,0,1,0,0,0
gallon,3,gallons=3,3,0,0,0,0,0,0,0
gambling,3,gambling=3,3,0,0,0,0,0,0,0
gamelan,3,gamelan=3,3,0,0,0,0,0,0,0
gardens,3,gardens=3,0,3,0,0,0,0,0,0
gary,3,gary=3,0,3,0,0,0,0,0,0
geckos,3,geckos=3,1,1,0,0,1,0,0,0
generosity,3,generosity=3,3,0,0,0,0,0,0,0
genes,3,genes=3,0,3,0,0,0,0,0,0
geometrical,3,geometrical=3,0,0,0,0,3,0,0,0
germans,3,germans=3,0,3,0,0,0,0,0,0
gestalt,3,gestalt=3,0,3,0,0,0,0,0,0
glassware,3,glassware=3,3,0,0,0,0,0,0,0
glasswork,3,glassworks=2; glasswork=1,3,0,0,0,0,0,0,0
glove,3,gloves=3,3,0,0,0,0,0,0,0
gobelins,3,gobelins=3,0,3,0,0,0,0,0,0
going,3,going=2; goings=1,3,0,0,0,0,0,0,0
gomez,3,gomez=3,0,3,0,0,0,0,0,0
gornick,3,gornick=3,0,3,0,0,0,0,0,0
governing,3,governing=3,3,0,0,0,0,0,0,0
graceful,3,graceful=3,0,0,0,0,3,0,0,0
gracefully,3,gracefully=3,0,0,0,0,0,3,0,0
graduating,3,graduating=3,2,1,0,0,0,0,0,0
graft,3,grafts=3,3,0,0,0,0,0,0,0
grandmaster,3,grandmaster=2; grandmasters=1,3,0,0,0,0,0,0,0
grasses,3,grasses=3,0,3,0,0,0,0,0,0
greed,3,greed=3,3,0,0,0,0,0,0,0
greeting,3,greeting=2; greetings=1,3,0,0,0,0,0,0,0
grominger,3,grominger=3,0,3,0,0,0,0,0,0
grounds,3,grounds=3,0,3,0,0,0,0,0,0
grouper,3,grouper=3,3,0,0,0,0,0,0,0
grover,3,grovers=3,3,0,0,0,0,0,0,0
growback,3,growback=3,3,0,0,0,0,0,0,0
grunion,3,grunions=2; grunion=1,3,0,0,0,0,0,0,0
guilty,3,guilty=3,0,0,0,0,3,0,0,0
gulp,3,gulping=2; gulps=1,0,0,3,0,0,0,0,0
guppies,3,guppies=3,0,3,0,0,0,0,0,0
gustave,3,gustave=3,0,3,0,0,0,0,0,0
gutter,3,gutters=3,3,0,0,0,0,0,0,0
gébekli,3,gébekli=3,0,3,0,0,0,0,0,0
göbekli,3,göbekli=3,0,3,0,0,0,0,0,0
haas,3,haas=3,0,3,0,0,0,0,0,0
habituation,3,habituation=3,1,2,0,0,0,0,0,0
haläng,3,haläng=3,0,0,3,0,0,0,0,0
hamburger,3,hamburgers=2; hamburger=1,3,0,0,0,0,0,0,0
hamper,3,hamper=1; hampered=1; hampering=1,1,0,2,0,0,0,0,0
hampshire,3,hampshire=3,0,3,0,0,0,0,0,0
handedly,3,handedly=3,0,0,0,0,0,3,0,0
handicapping,3,handicapping=3,3,0,0,0,0,0,0,0
haphazardly,3,haphazardly=3,0,0,0,0,0,3,0,0
happily,3,happily=3,0,0,0,0,0,3,0,0
haptic,3,haptic=3,0,0,0,0,3,0,0,0
harbour,3,harbour=2; harbours=1,1,2,0,0,0,0,0,0
hardened,3,hardened=3,0,2,0,0,1,0,0,0
hardening,3,hardening=3,3,0,0,0,0,0,0,0
hare,3,hares=2; hare=1,3,0,0,0,0,0,0,0
harlequin,3,harlequin=3,0,3,0,0,0,0,0,0
harriet,3,harriet=3,0,3,0,0,0,0,0,0
harshly,3,harshly=3,0,0,0,0,0,3,0,0
hay,3,hay=3,3,0,0,0,0,0,0,0
hazelton,3,hazelton=3,0,3,0,0,0,0,0,0
heading,3,heading=3,3,0,0,0,0,0,0,0
headlight,3,headlights=3,3,0,0,0,0,0,0,0
headpiece,3,headpieces=3,3,0,0,0,0,0,0,0
healthfulness,3,healthfulness=3,3,0,0,0,0,0,0,0
heather,3,heather=3,2,1,0,0,0,0,0,0
heaviside,3,heaviside=3,0,3,0,0,0,0,0,0
hedgehog,3,hedgehog=2; hedgehogs=1,3,0,0,0,0,0,0,0
hedging,3,hedging=3,1,2,0,0,0,0,0,0
helen,3,helen=3,0,3,0,0,0,0,0,0
helicopters,3,helicopters=3,0,3,0,0,0,0,0,0
heliotropic,3,heliotropic=3,0,0,0,0,3,0,0,0
herculean,3,herculean=3,2,1,0,0,0,0,0,0
herder,3,herders=3,3,0,0,0,0,0,0,0
hereditary,3,hereditary=3,0,0,0,0,3,0,0,0
heron,3,heron=3,3,0,0,0,0,0,0,0
hers,3,hers=3,0,1,0,0,0,0,2,0
heuristic,3,heuristic=3,3,0,0,0,0,0,0,0
highest,3,highest=3,0,0,0,0,0,3,0,0
himalayas,3,himalayas=3,0,3,0,0,0,0,0,0
hindu,3,hindu=3,0,3,0,0,0,0,0,0
hittites,3,hittites=3,0,3,0,0,0,0,0,0
hoard,3,hoard=3,2,0,1,0,0,0,0,0
holist,3,holist=3,3,0,0,0,0,0,0,0
homeless,3,homeless=3,0,0,0,0,3,0,0,0
homogenization,3,homogenization=3,3,0,0,0,0,0,0,0
homophonic,3,homophonic=3,0,1,1,0,1,0,0,0
honduras,3,honduras=3,0,3,0,0,0,0,0,0
honeyeater,3,honeyeaters=2; honeyeater=1,3,0,0,0,0,0,0,0
hormonal,3,hormonal=3,0,0,0,0,3,0,0,0
horrify,3,horrified=2; horrifying=1,0,0,3,0,0,0,0,0
horseman,3,horsemen=3,3,0,0,0,0,0,0,0
horsemanship,3,horsemanship=3,3,0,0,0,0,0,0,0
housefly,3,houseflies=2; housefly=1,3,0,0,0,0,0,0,0
houseplant,3,houseplants=2; houseplant=1,3,0,0,0,0,0,0,0
houston,3,houston=3,0,3,0,0,0,0,0,0
hubei,3,hubei=3,0,3,0,0,0,0,0,0
huddle,3,huddle=3,0,0,3,0,0,0,0,0
hunan,3,hunan=3,0,3,0,0,0,0,0,0
hunch,3,hunch=2; hunched=1,2,0,1,0,0,0,0,0
hungarian,3,hungarian=3,0,0,0,0,3,0,0,0
hydrostatic,3,hydrostatic=3,0,0,0,0,3,0,0,0
hypertension,3,hypertension=3,3,0,0,0,0,0,0,0
hypnosi,3,hypnosis=3,3,0,0,0,0,0,0,0
hypotheses,3,hypotheses=3,0,3,0,0,0,0,0,0
hypoxic,3,hypoxic=3,0,0,0,0,3,0,0,0
ibm,3,ibm=3,0,3,0,0,0,0,0,0
idealization,3,idealization=3,3,0,0,0,0,0,0,0
identifie,3,identifies=3,3,0,0,0,0,0,0,0
idiosyncratic,3,idiosyncratic=3,0,0,0,0,3,0,0,0
ifs,3,ifs=3,0,0,3,0,0,0,0,0
imagist,3,imagist=3,0,1,0,0,2,0,0,0
imitator,3,imitators=2; imitator=1,3,0,0,0,0,0,0,0
immersive,3,immersive=3,0,0,0,0,3,0,0,0
immobilize,3,immobilize=1; immobilized=1; immobilizing=1,0,0,3,0,0,0,0,0
impactful,3,impactful=3,0,0,0,0,3,0,0,0
impart,3,imparting=2; impart=1,0,0,3,0,0,0,0,0
impediment,3,impediments=3,3,0,0,0,0,0,0,0
impenetrable,3,impenetrable=3,0,0,0,0,3,0,0,0
imperfect,3,imperfect=3,0,0,0,0,3,0,0,0
impermanence,3,impermanence=3,3,0,0,0,0,0,0,0
impetus,3,impetus=3,3,0,0,0,0,0,0,0
impressionistic,3,impressionistic=3,0,0,0,0,3,0,0,0
improvisatory,3,improvisatory=3,0,0,0,0,3,0,0,0
inbreede,3,inbreeding=3,0,0,3,0,0,0,0,0
incentivize,3,incentivize=2; incentivizing=1,0,0,3,0,0,0,0,0
incidence,3,incidence=3,3,0,0,0,0,0,0,0
inclusive,3,inclusive=3,0,0,0,0,3,0,0,0
inclusivity,3,inclusivity=3,3,0,0,0,0,0,0,0
increment,3,increments=2; increment=1,3,0,0,0,0,0,0,0
inductive,3,inductive=3,0,0,0,0,3,0,0,0
industrialism,3,industrialism=3,3,0,0,0,0,0,0,0
inert,3,inert=3,0,1,0,0,2,0,0,0
inevitability,3,inevitability=3,3,0,0,0,0,0,0,0
inexpensively,3,inexpensively=3,0,0,0,0,0,3,0,0
infamous,3,infamous=3,0,0,0,0,3,0,0,0
infiltrate,3,infiltrated=2; infiltrate=1,0,0,3,0,0,0,0,0
inflexible,3,inflexible=3,0,0,0,0,3,0,0,0
infrequently,3,infrequently=3,0,0,0,0,0,3,0,0
infuse,3,infused=3,0,0,3,0,0,0,0,0
inkwell,3,inkwell=3,3,0,0,0,0,0,0,0
inlet,3,inlets=2; inlet=1,3,0,0,0,0,0,0,0
instrumentalist,3,instrumentalists=3,3,0,0,0,0,0,0,0
insulated,3,insulated=3,0,0,0,0,3,0,0,0
insure,3,insured=3,0,0,3,0,0,0,0,0
integrated,3,integrated=3,0,0,0,0,3,0,0,0
intercept,3,intercept=2; intercepts=1,0,0,3,0,0,0,0,0
interlock,3,interlocking=2; interlock=1,0,0,3,0,0,0,0,0
interplaye,3,interplayed=3,0,0,3,0,0,0,0,0
interpretive,3,interpretive=3,0,0,0,0,3,0,0,0
intertwine,3,intertwined=3,0,0,3,0,0,0,0,0
intimacy,3,intimacy=3,3,0,0,0,0,0,0,0
intra,3,intra=3,0,2,0,0,1,0,0,0
intramolecular,3,intramolecular=3,0,0,0,0,3,0,0,0
intricately,3,intricately=3,0,0,0,0,0,3,0,0
invariance,3,invariance=3,3,0,0,0,0,0,0,0
inventiveness,3,inventiveness=3,3,0,0,0,0,0,0,0
investigative,3,investigative=3,0,0,0,0,3,0,0,0
investing,3,investing=3,1,2,0,0,0,0,0,0
involuntary,3,involuntary=3,0,0,0,0,3,0,0,0
ir,3,ir=3,0,2,0,0,0,1,0,0
iroquois,3,iroquois=3,0,2,0,0,1,0,0,0
irrationally,3,irrationally=3,0,0,0,0,0,3,0,0
irrigated,3,irrigated=3,0,0,0,0,3,0,0,0
ism,3,ism=3,3,0,0,0,0,0,0,0
israel,3,israel=3,0,3,0,0,0,0,0,0
isua,3,isua=3,0,3,0,0,0,0,0,0
itinerary,3,itinerary=3,2,0,0,0,1,0,0,0
ivy,3,ivy=3,2,0,0,0,1,0,0,0
japonisme,3,japonisme=3,3,0,0,0,0,0,0,0
javier,3,javier=3,1,2,0,0,0,0,0,0
jealously,3,jealously=3,0,1,0,0,0,2,0,0
jealousy,3,jealousy=3,2,1,0,0,0,0,0,0
jiangxi,3,jiangxi=3,0,3,0,0,0,0,0,0
jive,3,jive=3,0,0,1,0,2,0,0,0
jnd,3,jnd=3,0,3,0,0,0,0,0,0
joan,3,joan=3,0,3,0,0,0,0,0,0
joanne,3,joanne=3,0,3,0,0,0,0,0,0
johan,3,johan=3,0,3,0,0,0,0,0,0
jongleur,3,jongleur=3,3,0,0,0,0,0,0,0
jordan,3,jordan=3,0,3,0,0,0,0,0,0
journalistic,3,journalistic=3,0,0,0,0,3,0,0,0
joyful,3,joyful=3,0,0,0,0,3,0,0,0
judging,3,judging=3,3,0,0,0,0,0,0,0
julian,3,julian=3,0,3,0,0,0,0,0,0
juncos,3,juncos=3,0,3,0,0,0,0,0,0
jura,3,jura=3,0,3,0,0,0,0,0,0
jurisdiction,3,jurisdictions=2; jurisdiction=1,3,0,0,0,0,0,0,0
juror,3,jurors=3,3,0,0,0,0,0,0,0
jury,3,jury=2; juries=1,3,0,0,0,0,0,0,0
kame,3,kame=3,0,3,0,0,0,0,0,0
kansas,3,kansas=3,0,3,0,0,0,0,0,0
katharine,3,katharine=3,0,3,0,0,0,0,0,0
katsinam,3,katsinam=3,0,3,0,0,0,0,0,0
keeling,3,keeling=3,0,3,0,0,0,0,0,0
kelvins,3,kelvins=3,0,3,0,0,0,0,0,0
kennelly,3,kennelly=3,0,3,0,0,0,0,0,0
kickoff,3,kickoff=3,3,0,0,0,0,0,0,0
kidding,3,kidding=3,2,1,0,0,0,0,0,0
killifish,3,killifish=3,1,0,0,0,2,0,0,0
kindly,3,kindly=3,0,0,0,0,0,3,0,0
kindness,3,kindness=3,3,0,0,0,0,0,0,0
kintsugi,3,kintsugi=3,0,1,0,0,1,1,0,0
kitchenware,3,kitchenware=3,2,1,0,0,0,0,0,0
klaus,3,klaus=3,0,3,0,0,0,0,0,0
knit,3,knit=3,0,0,3,0,0,0,0,0
knossus,3,knossus=3,0,3,0,0,0,0,0,0
koala,3,koalas=2; koala=1,3,0,0,0,0,0,0,0
koalas,3,koalas=3,1,2,0,0,0,0,0,0
kwame,3,kwame=3,0,3,0,0,0,0,0,0
lactase,3,lactase=3,2,1,0,0,0,0,0,0
lactate,3,lactate=3,3,0,0,0,0,0,0,0
laissez,3,laissez=3,3,0,0,0,0,0,0,0
lakeside,3,lakesides=2; lakeside=1,3,0,0,0,0,0,0,0
lambulus,3,lambulus=3,0,3,0,0,0,0,0,0
lamprologus,3,lamprologus=3,0,3,0,0,0,0,0,0
landlords,3,landlords=3,0,3,0,0,0,0,0,0
landowners,3,landowners=3,0,3,0,0,0,0,0,0
lanzarote,3,lanzarote=3,0,3,0,0,0,0,0,0
larch,3,larch=3,3,0,0,0,0,0,0,0
larger,3,larger=3,0,3,0,0,0,0,0,0
larry,3,larry=3,0,3,0,0,0,0,0,0
laszlo,3,laszlo=3,0,3,0,0,0,0,0,0
latch,3,latch=2; latches=1,0,0,3,0,0,0,0,0
latecomer,3,latecomer=2; latecomers=1,3,0,0,0,0,0,0,0
laterally,3,laterally=3,0,0,0,0,0,3,0,0
laureate,3,laureate=3,3,0,0,0,0,0,0,0
lazzi,3,lazzi=3,3,0,0,0,0,0,0,0
lce,3,lce=3,1,2,0,0,0,0,0,0
leafy,3,leafy=3,0,0,0,0,3,0,0,0
leasing,3,leasing=3,3,0,0,0,0,0,0,0
leeward,3,leeward=3,3,0,0,0,0,0,0,0
leon,3,leon=3,0,3,0,0,0,0,0,0
les,3,les=3,0,3,0,0,0,0,0,0
lethal,3,lethal=3,0,0,0,0,3,0,0,0
letters,3,letters=3,0,3,0,0,0,0,0,0
lev,3,lev=3,0,3,0,0,0,0,0,0
levels,3,levels=3,0,3,0,0,0,0,0,0
lever,3,levers=3,3,0,0,0,0,0,0,0
leverage,3,leveraging=2; leverage=1,0,0,3,0,0,0,0,0
lgm,3,lgm=3,0,3,0,0,0,0,0,0
li,3,li=3,0,3,0,0,0,0,0,0
liability,3,liability=3,3,0,0,0,0,0,0,0
liam,3,liam=3,0,3,0,0,0,0,0,0
licensed,3,licensed=3,0,0,0,0,3,0,0,0
liftoff,3,liftoff=3,2,0,0,0,1,0,0,0
lightbulb,3,lightbulb=2; lightbulbs=1,3,0,0,0,0,0,0,0
limbic,3,limbic=3,0,0,0,0,3,0,0,0
lindane,3,lindane=3,3,0,0,0,0,0,0,0
lines,3,lines=3,0,3,0,0,0,0,0,0
lining,3,lining=3,3,0,0,0,0,0,0,0
linkage,3,linkages=2; linkage=1,3,0,0,0,0,0,0,0
liquefy,3,liquefied=3,0,0,3,0,0,0,0,0
lithification,3,lithification=3,2,1,0,0,0,0,0,0
lizards,3,lizards=3,0,3,0,0,0,0,0,0
ll,3,ll=3,0,1,0,2,0,0,0,0
llama,3,llama=3,1,2,0,0,0,0,0,0
loaner,3,loaner=3,0,1,0,0,2,0,0,0
locked,3,locked=3,0,0,0,0,3,0,0,0
lodge,3,lodge=2; lodging=1,2,0,1,0,0,0,0,0
login,3,login=3,3,0,0,0,0,0,0,0
logistic,3,logistics=3,3,0,0,0,0,0,0,0
logistical,3,logistical=3,0,0,0,0,3,0,0,0
lois,3,lois=3,0,3,0,0,0,0,0,0
longstanding,3,longstanding=3,0,0,0,0,3,0,0,0
lotte,3,lotte=3,0,3,0,0,0,0,0,0
loudspeaker,3,loudspeaker=2; loudspeakers=1,3,0,0,0,0,0,0,0
lowlands,3,lowlands=3,0,3,0,0,0,0,0,0
ls,3,ls=3,0,0,0,0,0,0,0,3
lug,3,lugging=2; lug=1,0,0,3,0,0,0,0,0
lungfish,3,lungfish=3,0,0,0,0,3,0,0,0
lvory,3,lvory=3,3,0,0,0,0,0,0,0
lydians,3,lydians=3,0,3,0,0,0,0,0,0
lynn,3,lynn=3,0,3,0,0,0,0,0,0
lászló,3,lászló=3,0,3,0,0,0,0,0,0
ma,3,ma=3,0,2,0,0,1,0,0,0
mac,3,mac=3,0,3,0,0,0,0,0,0
macaw,3,macaw=2; macaws=1,1,2,0,0,0,0,0,0
macbeth,3,macbeth=3,0,3,0,0,0,0,0,0
macedonia,3,macedonia=3,0,3,0,0,0,0,0,0
machinist,3,machinists=2; machinist=1,3,0,0,0,0,0,0,0
mackenzie,3,mackenzie=3,0,3,0,0,0,0,0,0
macroburst,3,macrobursts=2; macroburst=1,2,0,0,0,1,0,0,0
madison,3,madison=3,0,3,0,0,0,0,0,0
magnetite,3,magnetite=3,2,0,1,0,0,0,0,0
mailou,3,mailou=3,0,3,0,0,0,0,0,0
maimonide,3,maimonides=3,2,0,1,0,0,0,0,0
maine,3,maine=3,0,3,0,0,0,0,0,0
majerus,3,majerus=3,0,3,0,0,0,0,0,0
malawi,3,malawi=3,0,3,0,0,0,0,0,0
malaysia,3,malaysia=3,0,3,0,0,0,0,0,0
mallard,3,mallard=3,0,0,0,0,3,0,0,0
malnourished,3,malnourished=3,0,0,0,0,3,0,0,0
manganese,3,manganese=3,2,0,0,0,1,0,0,0
manually,3,manually=3,0,0,0,0,0,3,0,0
mapmake,3,mapmaking=3,0,0,3,0,0,0,0,0
marathon,3,marathon=3,3,0,0,0,0,0,0,0
marcel,3,marcel=3,0,3,0,0,0,0,0,0
marching,3,marching=3,3,0,0,0,0,0,0,0
marg,3,marg=3,3,0,0,0,0,0,0,0
margaret,3,margaret=3,0,3,0,0,0,0,0,0
marginal,3,marginal=3,0,0,0,0,3,0,0,0
marianas,3,marianas=3,0,3,0,0,0,0,0,0
marigold,3,marigolds=3,3,0,0,0,0,0,0,0
marquez,3,marquez=3,2,1,0,0,0,0,0,0
marseilles,3,marseilles=3,0,3,0,0,0,0,0,0
marston,3,marston=3,0,3,0,0,0,0,0,0
martenot,3,martenot=3,0,3,0,0,0,0,0,0
martha,3,martha=3,0,3,0,0,0,0,0,0
marty,3,marty=3,0,3,0,0,0,0,0,0
materialistic,3,materialistic=3,0,0,0,0,3,0,0,0
mathematics,3,mathematics=3,0,3,0,0,0,0,0,0
maximizing,3,maximizing=3,3,0,0,0,0,0,0,0
mayas,3,mayas=3,0,3,0,0,0,0,0,0
maška,3,maška=3,0,3,0,0,0,0,0,0
meadow,3,meadows=2; meadow=1,2,0,1,0,0,0,0,0
meaningless,3,meaningless=3,0,0,0,0,3,0,0,0
measuring,3,measuring=3,3,0,0,0,0,0,0,0
medalist,3,medalist=2; medalists=1,3,0,0,0,0,0,0,0
meditate,3,meditate=2; meditated=1,0,0,3,0,0,0,0,0
megan,3,megan=3,0,3,0,0,0,0,0,0
megapodes,3,megapodes=3,0,3,0,0,0,0,0,0
melbourne,3,melbourne=3,0,3,0,0,0,0,0,0
melodramas,3,melodramas=3,1,2,0,0,0,0,0,0
melodramatic,3,melodramatic=3,0,0,0,0,3,0,0,0
melville,3,melville=3,0,3,0,0,0,0,0,0
memorial,3,memorial=2; memorials=1,2,0,0,0,1,0,0,0
menial,3,menial=3,0,0,0,0,3,0,0,0
mentality,3,mentality=3,3,0,0,0,0,0,0,0
mercantilist,3,mercantilists=3,3,0,0,0,0,0,0,0
merce,3,merce=3,0,3,0,0,0,0,0,0
mercy,3,mercy=2; mercies=1,3,0,0,0,0,0,0,0
mesa,3,mesa=3,0,3,0,0,0,0,0,0
mesoamericans,3,mesoamericans=3,0,3,0,0,0,0,0,0
messenger,3,messengers=3,3,0,0,0,0,0,0,0
meteorites,3,meteorites=3,0,3,0,0,0,0,0,0
methodological,3,methodological=3,0,0,0,0,3,0,0,0
metropolitan,3,metropolitan=3,0,1,0,0,2,0,0,0
michigan,3,michigan=3,0,3,0,0,0,0,0,0
miconia,3,miconia=3,0,3,0,0,0,0,0,0
microarchitecture,3,microarchitecture=3,3,0,0,0,0,0,0,0
microbiologist,3,microbiologists=3,3,0,0,0,0,0,0,0
microfinance,3,microfinance=3,2,1,0,0,0,0,0,0
micronutrient,3,micronutrients=3,3,0,0,0,0,0,0,0
microscopically,3,microscopically=3,0,0,0,0,0,3,0,0
midline,3,midline=3,3,0,0,0,0,0,0,0
mileage,3,mileage=3,3,0,0,0,0,0,0,0
miles,3,miles=3,0,3,0,0,0,0,0,0
milieus,3,milieus=3,3,0,0,0,0,0,0,0
milutin,3,milutin=3,0,3,0,0,0,0,0,0
mime,3,miming=2; mimes=1,1,0,2,0,0,0,0,0
minimalist,3,minimalist=3,1,0,0,0,2,0,0,0
minus,3,minus=3,1,0,0,0,1,1,0,0
mirador,3,mirador=3,0,3,0,0,0,0,0,0
miserable,3,miserable=3,0,0,0,0,3,0,0,0
mistrust,3,mistrust=1; mistrusted=1; mistrusts=1,2,0,1,0,0,0,0,0
mobbing,3,mobbing=3,3,0,0,0,0,0,0,0
modem,3,modem=3,3,0,0,0,0,0,0,0
modernity,3,modernity=3,3,0,0,0,0,0,0,0
moholy,3,moholy=3,0,3,0,0,0,0,0,0
molina,3,molina=3,0,3,0,0,0,0,0,0
monarchs,3,monarchs=3,0,2,0,0,1,0,0,0
mondays,3,mondays=3,0,3,0,0,0,0,0,0
mongol,3,mongol=3,0,3,0,0,0,0,0,0
monophony,3,monophony=3,3,0,0,0,0,0,0,0
monotonous,3,monotonous=3,0,0,0,0,3,0,0,0
mons,3,mons=3,0,3,0,0,0,0,0,0
monte,3,monte=3,0,3,0,0,0,0,0,0
moonlit,3,moonlit=3,0,0,0,0,3,0,0,0
morale,3,morale=3,3,0,0,0,0,0,0,0
morally,3,morally=3,0,0,0,0,0,3,0,0
morocco,3,morocco=3,0,3,0,0,0,0,0,0
morph,3,morphs=2; morph=1,2,0,0,0,1,0,0,0
mothers,3,mothers=3,0,3,0,0,0,0,0,0
mouthful,3,mouthful=3,1,0,0,0,2,0,0,0
mow,3,mow=2; mowing=1,0,0,3,0,0,0,0,0
mower,3,mowers=2; mower=1,3,0,0,0,0,0,0,0
multicolore,3,multicolored=3,0,0,3,0,0,0,0,0
multicultural,3,multicultural=3,0,2,0,0,1,0,0,0
multipurpose,3,multipurpose=3,0,0,0,0,3,0,0,0
multispecie,3,multispecies=3,3,0,0,0,0,0,0,0
multitask,3,multitask=3,0,0,3,0,0,0,0,0
mummification,3,mummification=3,3,0,0,0,0,0,0,0
musicologist,3,musicologist=2; musicologists=1,2,0,1,0,0,0,0,0
mutant,3,mutants=3,3,0,0,0,0,0,0,0
myoelectric,3,myoelectric=3,0,0,0,0,3,0,0,0
mythic,3,mythic=3,0,0,0,0,3,0,0,0
mythologize,3,mythologize=1; mythologized=1; mythologizing=1,0,0,3,0,0,0,0,0
müllerian,3,müllerian=3,0,3,0,0,0,0,0,0
na,3,na=3,0,0,0,0,0,0,0,3
nagy,3,nagy=3,0,3,0,0,0,0,0,0
nakbe,3,nakbe=3,0,2,0,0,1,0,0,0
names,3,names=3,0,3,0,0,0,0,0,0
namibia,3,namibia=3,0,3,0,0,0,0,0,0
nanodiamond,3,nanodiamonds=3,3,0,0,0,0,0,0,0
nanometer,3,nanometers=3,3,0,0,0,0,0,0,0
necklace,3,necklaces=2; necklace=1,3,0,0,0,0,0,0,0
ned,3,ned=3,0,3,0,0,0,0,0,0
needlework,3,needlework=3,3,0,0,0,0,0,0,0
neel,3,neel=3,0,3,0,0,0,0,0,0
negate,3,negate=2; negates=1,0,0,3,0,0,0,0,0
neil,3,neil=3,0,3,0,0,0,0,0,0
nelson,3,nelson=3,0,3,0,0,0,0,0,0
nestmate,3,nestmates=3,3,0,0,0,0,0,0,0
networking,3,networking=3,1,1,0,0,1,0,0,0
neurobiological,3,neurobiological=3,0,0,0,0,3,0,0,0
neurotoxin,3,neurotoxins=3,3,0,0,0,0,0,0,0
neutrally,3,neutrally=3,0,0,0,0,0,3,0,0
newcomer,3,newcomer=2; newcomers=1,3,0,0,0,0,0,0,0
newscast,3,newscast=2; newscasts=1,3,0,0,0,0,0,0,0
newsprint,3,newsprint=3,3,0,0,0,0,0,0,0
nicer,3,nicer=3,0,0,0,0,3,0,0,0
nicholas,3,nicholas=3,0,3,0,0,0,0,0,0
nick,3,nick=3,0,3,0,0,0,0,0,0
nina,3,nina=3,0,3,0,0,0,0,0,0
nitric,3,nitric=3,0,0,0,0,3,0,0,0
nlp,3,nlp=3,0,3,0,0,0,0,0,0
noam,3,noam=3,0,3,0,0,0,0,0,0
nobel,3,nobel=3,0,3,0,0,0,0,0,0
node,3,nodes=2; node=1,3,0,0,0,0,0,0,0
nominate,3,nominate=2; nominated=1,0,1,2,0,0,0,0,0
nonanimal,3,nonanimal=3,0,0,0,0,3,0,0,0
noncoding,3,noncoding=3,0,2,0,0,1,0,0,0
nonengineere,3,nonengineering=3,0,0,3,0,0,0,0,0
nonverbal,3,nonverbal=3,0,0,0,0,3,0,0,0
normandy,3,normandy=3,0,3,0,0,0,0,0,0
nottinghams,3,nottinghams=3,0,3,0,0,0,0,0,0
nova,3,nova=3,2,1,0,0,0,0,0,0
nuclei,3,nuclei=3,2,1,0,0,0,0,0,0
nudge,3,nudge=2; nudged=1,0,0,3,0,0,0,0,0
nui,3,nui=3,0,3,0,0,0,0,0,0
nuisance,3,nuisance=3,3,0,0,0,0,0,0,0
nunataks,3,nunataks=3,0,3,0,0,0,0,0,0
nutrients,3,nutrients=3,0,2,0,0,1,0,0,0
oar,3,oars=2; oar=1,3,0,0,0,0,0,0,0
objectivity,3,objectivity=3,3,0,0,0,0,0,0,0
objects,3,objects=3,0,3,0,0,0,0,0,0
observance,3,observances=2; observance=1,3,0,0,0,0,0,0,0
obstacles,3,obstacles=3,0,3,0,0,0,0,0,0
oceanographer,3,oceanographers=3,3,0,0,0,0,0,0,0
ogden,3,ogden=3,0,3,0,0,0,0,0,0
oliva,3,oliva=3,0,3,0,0,0,0,0,0
olivia,3,olivia=3,0,3,0,0,0,0,0,0
olympus,3,olympus=3,0,3,0,0,0,0,0,0
omen,3,omens=3,2,0,1,0,0,0,0,0
onde,3,ondes=3,3,0,0,0,0,0,0,0
ong,3,ong=3,0,3,0,0,0,0,0,0
ooze,3,ooze=1; oozes=1; oozing=1,0,0,3,0,0,0,0,0
opposable,3,opposable=3,0,0,0,0,3,0,0,0
optick,3,opticks=3,3,0,0,0,0,0,0,0
orally,3,orally=3,0,0,0,0,0,3,0,0
oratory,3,oratory=3,3,0,0,0,0,0,0,0
orc,3,orc=3,3,0,0,0,0,0,0,0
orchestration,3,orchestration=3,3,0,0,0,0,0,0,0
orfeo,3,orfeo=3,0,3,0,0,0,0,0,0
organically,3,organically=3,0,0,0,0,0,3,0,0
organiser,3,organisers=3,3,0,0,0,0,0,0,0
oscillate,3,oscillate=2; oscillating=1,0,0,3,0,0,0,0,0
ostentation,3,ostentation=3,3,0,0,0,0,0,0,0
osteoblast,3,osteoblasts=2; osteoblast=1,2,0,0,0,1,0,0,0
ounce,3,ounce=2; ounces=1,3,0,0,0,0,0,0,0
outcompete,3,outcompeting=2; outcompete=1,0,0,2,0,1,0,0,0
outgrow,3,outgrew=1; outgrown=1; outgrows=1,0,0,3,0,0,0,0,0
outpace,3,outpace=2; outpacing=1,0,0,3,0,0,0,0,0
outpost,3,outpost=2; outposts=1,3,0,0,0,0,0,0,0
outset,3,outset=3,3,0,0,0,0,0,0,0
overabundant,3,overabundant=3,0,1,0,0,2,0,0,0
overcast,3,overcast=3,0,0,0,0,3,0,0,0
overclaime,3,overclaiming=3,0,0,3,0,0,0,0,0
overeating,3,overeating=3,3,0,0,0,0,0,0,0
overemphasize,3,overemphasized=2; overemphasizing=1,0,0,3,0,0,0,0,0
overexploitation,3,overexploitation=3,3,0,0,0,0,0,0,0
overharvesting,3,overharvesting=3,1,1,0,0,1,0,0,0
overhunte,3,overhunting=3,0,0,3,0,0,0,0,0
overlapping,3,overlapping=3,0,0,0,0,3,0,0,0
overshadowing,3,overshadowing=3,2,1,0,0,0,0,0,0
oversight,3,oversight=3,3,0,0,0,0,0,0,0
oversimplify,3,oversimplify=2; oversimplifying=1,0,0,3,0,0,0,0,0
oversized,3,oversized=3,0,0,0,0,3,0,0,0
overthrow,3,overthrown=2; overthrow=1,1,0,2,0,0,0,0,0
overweight,3,overweight=3,0,0,0,0,3,0,0,0
ow,3,ow=3,0,2,0,0,1,0,0,0
oxbow,3,oxbow=3,3,0,0,0,0,0,0,0
oyamel,3,oyamel=3,2,1,0,0,0,0,0,0
packed,3,packed=3,0,0,0,0,3,0,0,0
painstakingly,3,painstakingly=3,0,0,0,0,0,3,0,0
palermo,3,palermo=3,0,3,0,0,0,0,0,0
palestine,3,palestine=3,0,3,0,0,0,0,0,0
pantalone,3,pantalone=3,0,3,0,0,0,0,0,0
par,3,par=2; pared=1,2,0,1,0,0,0,0,0
paragraphs,3,paragraphs=3,0,3,0,0,0,0,0,0
parallax,3,parallax=3,3,0,0,0,0,0,0,0
parameter,3,parameters=3,3,0,0,0,0,0,0,0
paramount,3,paramount=3,0,0,0,0,3,0,0,0
parasites,3,parasites=3,0,3,0,0,0,0,0,0
parenthetical,3,parenthetical=3,0,0,0,0,3,0,0,0
parish,3,parish=2; parishes=1,1,2,0,0,0,0,0,0
parthian,3,parthian=3,0,1,0,0,2,0,0,0
particularity,3,particularity=3,3,0,0,0,0,0,0,0
particulate,3,particulate=3,3,0,0,0,0,0,0,0
passing,3,passing=3,3,0,0,0,0,0,0,0
patera,3,patera=3,0,3,0,0,0,0,0,0
paterson,3,paterson=3,0,3,0,0,0,0,0,0
pathways,3,pathways=3,0,3,0,0,0,0,0,0
patricians,3,patricians=3,0,3,0,0,0,0,0,0
paxville,3,paxville=3,0,3,0,0,0,0,0,0
paycheck,3,paycheck=3,3,0,0,0,0,0,0,0
peake,3,peake=3,0,3,0,0,0,0,0,0
pear,3,pear=2; pears=1,3,0,0,0,0,0,0,0
peasantry,3,peasantry=3,3,0,0,0,0,0,0,0
peasants,3,peasants=3,0,3,0,0,0,0,0,0
pedestal,3,pedestals=2; pedestal=1,3,0,0,0,0,0,0,0
pedro,3,pedro=3,0,3,0,0,0,0,0,0
peek,3,peek=2; peeking=1,2,0,1,0,0,0,0,0
pellet,3,pellets=3,2,0,1,0,0,0,0,0
perceptible,3,perceptible=3,0,0,0,0,3,0,0,0
performing,3,performing=3,1,2,0,0,0,0,0,0
periapsis,3,periapsis=3,2,1,0,0,0,0,0,0
perk,3,perks=2; perk=1,2,0,1,0,0,0,0,0
perseus,3,perseus=3,0,3,0,0,0,0,0,0
persuasion,3,persuasion=3,3,0,0,0,0,0,0,0
pervasive,3,pervasive=3,0,0,0,0,3,0,0,0
pesticides,3,pesticides=3,0,3,0,0,0,0,0,0
petrified,3,petrified=3,0,0,0,0,3,0,0,0
pharmacist,3,pharmacist=2; pharmacists=1,3,0,0,0,0,0,0,0
photocopied,3,photocopied=3,0,0,0,0,3,0,0,0
photocyte,3,photocytes=3,3,0,0,0,0,0,0,0
photographs,3,photographs=3,0,3,0,0,0,0,0,0
photuris,3,photuris=3,0,3,0,0,0,0,0,0
pineal,3,pineal=3,1,1,0,0,1,0,0,0
pineapple,3,pineapple=3,2,1,0,0,0,0,0,0
pingos,3,pingos=3,0,3,0,0,0,0,0,0
pissarro,3,pissarro=3,0,3,0,0,0,0,0,0
piston,3,pistons=2; piston=1,2,1,0,0,0,0,0,0
pitfall,3,pitfalls=3,3,0,0,0,0,0,0,0
pittsburgh,3,pittsburgh=3,0,3,0,0,0,0,0,0
playmate,3,playmates=3,3,0,0,0,0,0,0,0
playtime,3,playtime=3,3,0,0,0,0,0,0,0
playwrite,3,playwriting=3,0,0,3,0,0,0,0,0
plazas,3,plazas=3,3,0,0,0,0,0,0,0
pleasantly,3,pleasantly=3,0,0,0,0,0,3,0,0
plunder,3,plunder=2; plundered=1,2,0,1,0,0,0,0,0
pluralism,3,pluralism=3,3,0,0,0,0,0,0,0
pneumatophore,3,pneumatophores=3,3,0,0,0,0,0,0,0
pochteca,3,pochteca=3,3,0,0,0,0,0,0,0
pointless,3,pointless=3,0,0,0,0,3,0,0,0
pointy,3,pointy=3,0,0,0,0,3,0,0,0
politeness,3,politeness=3,3,0,0,0,0,0,0,0
pollinating,3,pollinating=3,3,0,0,0,0,0,0,0
polter,3,polter=3,3,0,0,0,0,0,0,0
polyethylene,3,polyethylene=3,3,0,0,0,0,0,0,0
polymeric,3,polymeric=3,0,0,0,0,3,0,0,0
polyphony,3,polyphony=3,2,1,0,0,0,0,0,0
pondweed,3,pondweed=3,3,0,0,0,0,0,0,0
pont,3,pont=3,0,3,0,0,0,0,0,0
populace,3,populace=3,3,0,0,0,0,0,0,0
popularly,3,popularly=3,0,0,0,0,0,3,0,0
populations,3,populations=3,0,3,0,0,0,0,0,0
porcellis,3,porcellis=3,0,3,0,0,0,0,0,0
portability,3,portability=3,3,0,0,0,0,0,0,0
porterville,3,porterville=3,0,3,0,0,0,0,0,0
portus,3,portus=3,0,3,0,0,0,0,0,0
possum,3,possum=2; possums=1,3,0,0,0,0,0,0,0
powerhouse,3,powerhouses=2; powerhouse=1,3,0,0,0,0,0,0,0
pp,3,pp=3,0,3,0,0,0,0,0,0
practices,3,practices=3,0,3,0,0,0,0,0,0
prama,3,prama=3,0,3,0,0,0,0,0,0
pratfall,3,pratfall=3,0,1,0,0,2,0,0,0
precinct,3,precinct=3,1,0,0,0,2,0,0,0
preclude,3,precluded=2; preclude=1,0,0,3,0,0,0,0,0
precondition,3,preconditions=3,3,0,0,0,0,0,0,0
predetermine,3,predetermined=3,0,0,3,0,0,0,0,0
predisposition,3,predisposition=3,3,0,0,0,0,0,0,0
preferably,3,preferably=3,0,0,0,0,0,3,0,0
pregive,3,pregiving=3,0,0,3,0,0,0,0,0
premodern,3,premodern=3,0,0,0,0,3,0,0,0
prep,3,prep=3,2,0,1,0,0,0,0,0
preservationist,3,preservationists=3,3,0,0,0,0,0,0,0
prevailing,3,prevailing=3,0,0,0,0,3,0,0,0
prim,3,priming=2; primed=1,0,0,3,0,0,0,0,0
primrose,3,primrose=3,3,0,0,0,0,0,0,0
printed,3,printed=3,0,2,0,0,1,0,0,0
prisoner,3,prisoners=3,3,0,0,0,0,0,0,0
processes,3,processes=3,0,3,0,0,0,0,0,0
prodigious,3,prodigious=3,0,0,0,0,3,0,0,0
productively,3,productively=3,0,0,0,0,0,3,0,0
proficiency,3,proficiency=3,3,0,0,0,0,0,0,0
profusion,3,profusion=3,3,0,0,0,0,0,0,0
prohibitively,3,prohibitively=3,0,0,0,0,0,3,0,0
proliferation,3,proliferation=3,3,0,0,0,0,0,0,0
proofing,3,proofing=3,3,0,0,0,0,0,0,0
prophecy,3,prophecy=3,3,0,0,0,0,0,0,0
prophet,3,prophets=2; prophet=1,3,0,0,0,0,0,0,0
proplyd,3,proplyds=3,3,0,0,0,0,0,0,0
proposition,3,proposition=3,3,0,0,0,0,0,0,0
proton,3,proton=2; protons=1,3,0,0,0,0,0,0,0
protrude,3,protrude=1; protrudes=1; protruding=1,0,0,3,0,0,0,0,0
proudly,3,proudly=3,0,0,0,0,0,3,0,0
prowess,3,prowess=3,3,0,0,0,0,0,0,0
pry,3,pry=3,0,0,3,0,0,0,0,0
pseudorelationship,3,pseudorelationships=2; pseudorelationship=1,3,0,0,0,0,0,0,0
psychologically,3,psychologically=3,0,0,0,0,0,3,0,0
puma,3,pumas=2; puma=1,3,0,0,0,0,0,0,0
purchaser,3,purchasers=2; purchaser=1,3,0,0,0,0,0,0,0
puzzled,3,puzzled=3,0,0,0,0,3,0,0,0
pylos,3,pylos=3,0,3,0,0,0,0,0,0
pyramids,3,pyramids=3,0,3,0,0,0,0,0,0
pyrite,3,pyrite=3,3,0,0,0,0,0,0,0
pyroxene,3,pyroxene=3,3,0,0,0,0,0,0,0
qantir,3,qantir=3,0,3,0,0,0,0,0,0
quagga,3,quagga=3,0,3,0,0,0,0,0,0
quake,3,quakes=3,3,0,0,0,0,0,0,0
qualitative,3,qualitative=3,0,0,0,0,3,0,0,0
quarrel,3,quarrels=2; quarrel=1,3,0,0,0,0,0,0,0
queleas,3,queleas=3,0,3,0,0,0,0,0,0
questions,3,questions=3,0,3,0,0,0,0,0,0
ra,3,ra=3,0,3,0,0,0,0,0,0
raccoon,3,raccoons=3,3,0,0,0,0,0,0,0
racquetball,3,racquetball=3,3,0,0,0,0,0,0,0
radioactivity,3,radioactivity=3,3,0,0,0,0,0,0,0
radiography,3,radiography=3,3,0,0,0,0,0,0,0
radiometer,3,radiometer=3,3,0,0,0,0,0,0,0
radish,3,radishes=2; radish=1,2,0,0,0,1,0,0,0
rag,3,raging=2; raged=1,0,0,3,0,0,0,0,0
raider,3,raiders=2; raider=1,3,0,0,0,0,0,0,0
raisin,3,raisins=3,3,0,0,0,0,0,0,0
ramble,3,ramble=1; rambled=1; rambling=1,0,0,3,0,0,0,0,0
rampart,3,rampart=2; ramparts=1,3,0,0,0,0,0,0,0
randall,3,randall=3,0,3,0,0,0,0,0,0
ranger,3,ranger=2; rangers=1,3,0,0,0,0,0,0,0
rapa,3,rapa=3,0,2,0,0,1,0,0,0
reacquire,3,reacquire=3,0,0,3,0,0,0,0,0
readiness,3,readiness=3,3,0,0,0,0,0,0,0
reap,3,reap=2; reaping=1,0,0,3,0,0,0,0,0
rec,3,rec=3,1,1,0,0,1,0,0,0
reclus,3,reclus=3,0,3,0,0,0,0,0,0
recolonize,3,recolonize=2; recolonized=1,0,0,3,0,0,0,0,0
reconcile,3,reconcile=2; reconciled=1,0,0,3,0,0,0,0,0
recorder,3,recorder=2; recorders=1,3,0,0,0,0,0,0,0
recurrent,3,recurrent=3,0,0,0,0,3,0,0,0
redstart,3,redstart=2; redstarts=1,1,1,1,0,0,0,0,0
reefs,3,reefs=3,0,3,0,0,0,0,0,0
reexamine,3,reexamine=1; reexamined=1; reexamining=1,0,0,3,0,0,0,0,0
refocus,3,refocus=2; refocused=1,0,0,3,0,0,0,0,0
refrigerate,3,refrigerate=2; refrigerated=1,0,0,3,0,0,0,0,0
regenerate,3,regenerate=2; regenerates=1,1,0,2,0,0,0,0,0
regulated,3,regulated=3,0,0,0,0,3,0,0,0
reheat,3,reheat=2; reheating=1,0,0,3,0,0,0,0,0
reimagine,3,reimagined=2; reimagining=1,0,0,3,0,0,0,0,0
reinvestment,3,reinvestment=3,3,0,0,0,0,0,0,0
relic,3,relics=3,3,0,0,0,0,0,0,0
relieved,3,relieved=3,0,2,0,0,1,0,0,0
relinquish,3,relinquish=2; relinquishes=1,0,0,3,0,0,0,0,0
reluctance,3,reluctance=3,3,0,0,0,0,0,0,0
reluctantly,3,reluctantly=3,0,0,0,0,0,3,0,0
remembering,3,remembering=3,1,2,0,0,0,0,0,0
reminiscent,3,reminiscent=3,0,0,0,0,3,0,0,0
remodel,3,remodeled=3,0,0,3,0,0,0,0,0
rendering,3,renderings=3,3,0,0,0,0,0,0,0
renown,3,renown=3,1,2,0,0,0,0,0,0
repellent,3,repellent=3,1,0,0,0,2,0,0,0
reptilian,3,reptilian=3,0,0,0,0,3,0,0,0
republican,3,republican=3,0,0,0,0,3,0,0,0
requisite,3,requisite=3,1,0,0,0,2,0,0,0
resale,3,resale=3,3,0,0,0,0,0,0,0
resent,3,resented=2; resent=1,0,0,3,0,0,0,0,0
reserved,3,reserved=3,0,0,0,0,3,0,0,0
resources,3,resources=3,0,3,0,0,0,0,0,0
respectfully,3,respectfully=3,0,0,0,0,0,3,0,0
respective,3,respective=3,0,0,0,0,3,0,0,0
respite,3,respite=3,3,0,0,0,0,0,0,0
restate,3,restate=1; restated=1; restates=1,1,0,2,0,0,0,0,0
retina,3,retina=3,3,0,0,0,0,0,0,0
retrain,3,retrain=2; retraining=1,0,0,3,0,0,0,0,0
retrospective,3,retrospective=3,1,0,0,0,2,0,0,0
revelation,3,revelation=3,3,0,0,0,0,0,0,0
reviewer,3,reviewers=2; reviewer=1,3,0,0,0,0,0,0,0
rework,3,reworking=2; reworked=1,0,0,3,0,0,0,0,0
rewrote,3,rewrote=3,0,0,3,0,0,0,0,0
rhetoric,3,rhetoric=3,3,0,0,0,0,0,0,0
riace,3,riace=3,0,3,0,0,0,0,0,0
richmond,3,richmond=3,0,3,0,0,0,0,0,0
riga,3,riga=3,0,3,0,0,0,0,0,0
rijksmuseum,3,rijksmuseum=3,0,3,0,0,0,0,0,0
ritualized,3,ritualized=3,0,0,0,0,3,0,0,0
roadbed,3,roadbed=2; roadbeds=1,3,0,0,0,0,0,0,0
roads,3,roads=3,0,3,0,0,0,0,0,0
rod,3,rod=3,2,1,0,0,0,0,0,0
roger,3,roger=3,0,3,0,0,0,0,0,0
rohm,3,rohm=3,0,3,0,0,0,0,0,0
romana,3,romana=3,0,3,0,0,0,0,0,0
romanization,3,romanization=3,0,3,0,0,0,0,0,0
romeo,3,romeo=3,0,3,0,0,0,0,0,0
ross,3,ross=3,0,3,0,0,0,0,0,0
rotten,3,rotten=3,0,0,0,0,3,0,0,0
rout,3,routed=2; routs=1,1,0,2,0,0,0,0,0
rudder,3,rudders=2; rudder=1,3,0,0,0,0,0,0,0
rugby,3,rugby=3,3,0,0,0,0,0,0,0
rules,3,rules=3,0,3,0,0,0,0,0,0
rusting,3,rusting=3,0,0,0,0,3,0,0,0
ruxton,3,ruxton=3,0,3,0,0,0,0,0,0
sabbatical,3,sabbatical=3,1,0,0,0,2,0,0,0
sachs,3,sachs=3,0,3,0,0,0,0,0,0
sacramento,3,sacramento=3,0,3,0,0,0,0,0,0
sadly,3,sadly=3,0,0,0,0,0,3,0,0
sanction,3,sanctions=2; sanction=1,3,0,0,0,0,0,0,0
santos,3,santos=3,0,3,0,0,0,0,0,0
sara,3,sara=3,0,3,0,0,0,0,0,0
satin,3,satin=2; satins=1,1,2,0,0,0,0,0,0
sawfly,3,sawfly=2; sawflies=1,3,0,0,0,0,0,0,0
sawmill,3,sawmill=2; sawmills=1,3,0,0,0,0,0,0,0
scaling,3,scaling=3,3,0,0,0,0,0,0,0
scandal,3,scandal=2; scandals=1,3,0,0,0,0,0,0,0
scare,3,scare=2; scares=1,2,0,1,0,0,0,0,0
scared,3,scared=3,0,0,0,0,3,0,0,0
scavenging,3,scavenging=3,3,0,0,0,0,0,0,0
scepter,3,scepters=2; scepter=1,3,0,0,0,0,0,0,0
scheduled,3,scheduled=3,0,0,0,0,3,0,0,0
sciences,3,sciences=3,0,3,0,0,0,0,0,0
scots,3,scots=3,0,3,0,0,0,0,0,0
screech,3,screeching=3,0,0,3,0,0,0,0,0
screenwrite,3,screenwriting=3,0,0,3,0,0,0,0,0
scribble,3,scribbling=2; scribbles=1,1,0,2,0,0,0,0,0
scribe,3,scribes=2; scribe=1,3,0,0,0,0,0,0,0
sculpin,3,sculpin=3,3,0,0,0,0,0,0,0
sculptors,3,sculptors=3,0,3,0,0,0,0,0,0
se,3,se=3,0,0,0,0,0,0,0,3
seaboard,3,seaboard=3,2,1,0,0,0,0,0,0
seafare,3,seafaring=3,0,0,3,0,0,0,0,0
seasonality,3,seasonality=3,3,0,0,0,0,0,0,0
secondhand,3,secondhand=3,3,0,0,0,0,0,0,0
seeds,3,seeds=3,0,3,0,0,0,0,0,0
sem,3,sem=3,0,3,0,0,0,0,0,0
sequestration,3,sequestration=3,3,0,0,0,0,0,0,0
sergio,3,sergio=3,0,3,0,0,0,0,0,0
seriousness,3,seriousness=3,3,0,0,0,0,0,0,0
server,3,server=2; servers=1,3,0,0,0,0,0,0,0
settled,3,settled=3,0,2,0,0,1,0,0,0
severity,3,severity=3,3,0,0,0,0,0,0,0
sewer,3,sewer=2; sewers=1,3,0,0,0,0,0,0,0
sf,3,sf=3,0,3,0,0,0,0,0,0
shaded,3,shaded=3,0,0,0,0,3,0,0,0
shaggy,3,shaggy=3,0,0,0,0,3,0,0,0
shaking,3,shaking=3,3,0,0,0,0,0,0,0
shimmer,3,shimmer=2; shimmering=1,2,0,1,0,0,0,0,0
shipboard,3,shipboard=3,0,0,0,0,3,0,0,0
ships,3,ships=3,0,3,0,0,0,0,0,0
shops,3,shops=3,0,3,0,0,0,0,0,0
shortcut,3,shortcut=2; shortcuts=1,2,0,1,0,0,0,0,0
shove,3,shove=2; shoved=1,2,0,1,0,0,0,0,0
shre,3,shred=3,0,0,3,0,0,0,0,0
shrinking,3,shrinking=3,3,0,0,0,0,0,0,0
sichuan,3,sichuan=3,0,3,0,0,0,0,0,0
sieve,3,sieve=2; sieves=1,3,0,0,0,0,0,0,0
signage,3,signage=3,3,0,0,0,0,0,0,0
silicone,3,silicone=3,3,0,0,0,0,0,0,0
silvery,3,silvery=3,2,0,0,0,1,0,0,0
simplification,3,simplification=3,3,0,0,0,0,0,0,0
simpson,3,simpson=3,0,3,0,0,0,0,0,0
sims,3,sims=3,0,3,0,0,0,0,0,0
sistine,3,sistine=3,0,3,0,0,0,0,0,0
sitting,3,sitting=2; sittings=1,3,0,0,0,0,0,0,0
skyline,3,skyline=3,3,0,0,0,0,0,0,0
slap,3,slap=3,3,0,0,0,0,0,0,0
sled,3,sleds=3,3,0,0,0,0,0,0,0
slimy,3,slimy=3,0,1,0,0,2,0,0,0
slosh,3,slosh=2; sloshing=1,0,0,2,0,1,0,0,0
sluggish,3,sluggish=3,0,0,0,0,3,0,0,0
slurry,3,slurry=3,3,0,0,0,0,0,0,0
smaller,3,smaller=3,0,3,0,0,0,0,0,0
smash,3,smash=3,0,0,3,0,0,0,0,0
smashing,3,smashing=3,3,0,0,0,0,0,0,0
smelter,3,smelters=3,3,0,0,0,0,0,0,0
smokey,3,smokey=3,3,0,0,0,0,0,0,0
smoking,3,smoking=3,3,0,0,0,0,0,0,0
smoky,3,smoky=2; smokier=1,0,0,0,0,3,0,0,0
smoother,3,smoother=3,0,0,1,0,2,0,0,0
smoothie,3,smoothie=3,3,0,0,0,0,0,0,0
smoothness,3,smoothness=3,1,0,0,0,2,0,0,0
smudge,3,smudge=2; smudges=1,2,0,1,0,0,0,0,0
smuggle,3,smuggling=2; smuggled=1,0,0,3,0,0,0,0,0
snakes,3,snakes=3,0,3,0,0,0,0,0,0
snowmelt,3,snowmelt=3,0,0,0,0,0,0,0,3
snowy,3,snowy=3,0,1,0,0,2,0,0,0
societies,3,societies=3,0,3,0,0,0,0,0,0
sociocybernetics,3,sociocybernetics=3,0,3,0,0,0,0,0,0
sociograms,3,sociograms=3,0,3,0,0,0,0,0,0
sod,3,sod=3,0,3,0,0,0,0,0,0
softness,3,softness=3,3,0,0,0,0,0,0,0
sol,3,sol=3,2,1,0,0,0,0,0,0
soloist,3,soloist=2; soloists=1,3,0,0,0,0,0,0,0
solvay,3,solvay=3,0,3,0,0,0,0,0,0
someplace,3,someplace=3,2,0,0,0,0,1,0,0
songwrite,3,songwriting=3,0,0,3,0,0,0,0,0
sonifie,3,sonified=3,0,0,3,0,0,0,0,0
sophocles,3,sophocles=3,0,3,0,0,0,0,0,0
sorrow,3,sorrow=3,3,0,0,0,0,0,0,0
soul,3,soul=2; souls=1,3,0,0,0,0,0,0,0
sour,3,sour=3,0,0,0,0,3,0,0,0
southampton,3,southampton=3,1,2,0,0,0,0,0,0
sow,3,sown=2; sow=1,0,0,3,0,0,0,0,0
soy,3,soy=3,2,1,0,0,0,0,0,0
spaceship,3,spaceship=2; spaceships=1,3,0,0,0,0,0,0,0
specialists,3,specialists=3,0,3,0,0,0,0,0,0
spectrometer,3,spectrometers=2; spectrometer=1,3,0,0,0,0,0,0,0
speedy,3,speedy=3,0,0,0,0,3,0,0,0
sphinx,3,sphinxes=2; sphinx=1,3,0,0,0,0,0,0,0
spiny,3,spiny=3,0,0,0,0,3,0,0,0
spit,3,spit=2; spitting=1,0,1,2,0,0,0,0,0
splendid,3,splendid=3,0,0,0,0,3,0,0,0
spokeswoman,3,spokeswoman=3,3,0,0,0,0,0,0,0
sponging,3,sponging=3,2,1,0,0,0,0,0,0
spontaneity,3,spontaneity=3,3,0,0,0,0,0,0,0
spool,3,spools=2; spool=1,3,0,0,0,0,0,0,0
sporadic,3,sporadic=3,0,0,0,0,3,0,0,0
sports,3,sports=3,0,3,0,0,0,0,0,0
springfield,3,springfield=3,0,3,0,0,0,0,0,0
springtime,3,springtime=3,3,0,0,0,0,0,0,0
sputter,3,sputter=1; sputtered=1; sputtering=1,0,0,3,0,0,0,0,0
sputtering,3,sputtering=3,3,0,0,0,0,0,0,0
squatting,3,squatting=3,2,0,0,0,1,0,0,0
squirt,3,squirt=3,0,0,3,0,0,0,0,0
srivijaya,3,srivijaya=3,0,3,0,0,0,0,0,0
stairway,3,stairways=3,3,0,0,0,0,0,0,0
stairwell,3,stairwells=3,3,0,0,0,0,0,0,0
stance,3,stance=3,3,0,0,0,0,0,0,0
standpoint,3,standpoint=3,3,0,0,0,0,0,0,0
stanford,3,stanford=3,0,3,0,0,0,0,0,0
stanley,3,stanley=3,0,3,0,0,0,0,0,0
starlight,3,starlight=3,3,0,0,0,0,0,0,0
stately,3,stately=3,0,0,0,0,3,0,0,0
ste,3,sting=3,0,0,3,0,0,0,0,0
steenstrup,3,steenstrup=3,0,3,0,0,0,0,0,0
stephanie,3,stephanie=3,0,3,0,0,0,0,0,0
steppe,3,steppe=3,2,1,0,0,0,0,0,0
stereotype,3,stereotypes=2; stereotyped=1,2,0,1,0,0,0,0,0
stew,3,stew=2; stews=1,3,0,0,0,0,0,0,0
sticker,3,sticker=3,3,0,0,0,0,0,0,0
stinging,3,stinging=3,0,0,0,0,3,0,0,0
stipend,3,stipend=2; stipends=1,3,0,0,0,0,0,0,0
stockpile,3,stockpiles=2; stockpiling=1,2,0,1,0,0,0,0,0
stoddart,3,stoddart=3,0,3,0,0,0,0,0,0
stoll,3,stoll=3,0,3,0,0,0,0,0,0
stoneware,3,stoneware=3,2,0,0,0,1,0,0,0
stopper,3,stoppers=2; stopper=1,3,0,0,0,0,0,0,0
storing,3,storing=3,2,1,0,0,0,0,0,0
stout,3,stout=2; stoutest=1,0,0,0,0,3,0,0,0
straddle,3,straddle=2; straddles=1,0,0,3,0,0,0,0,0
stray,3,stray=3,1,0,2,0,0,0,0,0
strenuous,3,strenuous=3,0,0,0,0,3,0,0,0
strife,3,strife=3,3,0,0,0,0,0,0,0
strum,3,strummed=2; strumming=1,0,0,3,0,0,0,0,0
stubborn,3,stubborn=3,0,1,0,0,2,0,0,0
stuffy,3,stuffy=3,0,0,0,0,3,0,0,0
stylist,3,stylist=3,3,0,0,0,0,0,0,0
suboptimal,3,suboptimal=3,0,0,0,0,3,0,0,0
subside,3,subsided=2; subside=1,0,0,2,0,0,1,0,0
subtropic,3,subtropics=3,3,0,0,0,0,0,0,0
suburbia,3,suburbia=3,3,0,0,0,0,0,0,0
suckle,3,suckling=3,0,0,3,0,0,0,0,0
suggestible,3,suggestible=3,0,0,0,0,3,0,0,0
sunlit,3,sunlit=3,0,0,0,0,3,0,0,0
superfamily,3,superfamily=3,0,0,0,0,0,3,0,0
superficial,3,superficial=3,0,0,0,0,3,0,0,0
superficially,3,superficially=3,0,0,0,0,0,3,0,0
superheate,3,superheated=2; superheating=1,0,0,3,0,0,0,0,0
supersaturate,3,supersaturated=3,0,0,3,0,0,0,0,0
superstition,3,superstition=3,3,0,0,0,0,0,0,0
supper,3,supper=3,3,0,0,0,0,0,0,0
suppression,3,suppression=3,3,0,0,0,0,0,0,0
supracrustals,3,supracrustals=3,0,3,0,0,0,0,0,0
surveyor,3,surveyor=2; surveyors=1,1,2,0,0,0,0,0,0
suspenseful,3,suspenseful=3,0,0,0,0,3,0,0,0
svalbard,3,svalbard=3,0,3,0,0,0,0,0,0
sweetness,3,sweetness=3,3,0,0,0,0,0,0,0
symbiont,3,symbionts=3,3,0,0,0,0,0,0,0
sync,3,sync=1; syncing=1; syncs=1,1,0,2,0,0,0,0,0
tableau,3,tableau=3,2,1,0,0,0,0,0,0
taker,3,taker=2; takers=1,3,0,0,0,0,0,0,0
tangled,3,tangled=3,0,0,0,0,3,0,0,0
tantalize,3,tantalizing=2; tantalized=1,0,0,3,0,0,0,0,0
tapestries,3,tapestries=3,0,3,0,0,0,0,0,0
taruga,3,taruga=3,0,3,0,0,0,0,0,0
tasmanian,3,tasmanian=3,0,0,0,0,3,0,0,0
tedious,3,tedious=3,0,0,0,0,3,0,0,0
terminate,3,terminate=2; terminated=1,0,0,3,0,0,0,0,0
termination,3,termination=3,3,0,0,0,0,0,0,0
testimonial,3,testimonials=2; testimonial=1,3,0,0,0,0,0,0,0
testimony,3,testimony=2; testimonies=1,3,0,0,0,0,0,0,0
tetsuya,3,tetsuya=3,0,3,0,0,0,0,0,0
th,3,th=2; ths=1,1,0,0,0,0,0,0,2
thafs,3,thafs=3,0,0,3,0,0,0,0,0
thebes,3,thebes=3,0,3,0,0,0,0,0,0
thicken,3,thicken=2; thickened=1,0,0,3,0,0,0,0,0
thickly,3,thickly=3,0,0,0,0,0,3,0,0
thigh,3,thigh=2; thighs=1,3,0,0,0,0,0,0,0
thinness,3,thinness=3,3,0,0,0,0,0,0,0
thor,3,thor=3,0,3,0,0,0,0,0,0
thorpe,3,thorpe=3,0,3,0,0,0,0,0,0
thrasher,3,thrashers=2; thrasher=1,3,0,0,0,0,0,0,0
threatened,3,threatened=3,0,0,0,0,3,0,0,0
thrombolite,3,thrombolites=2; thrombolite=1,3,0,0,0,0,0,0,0
thucydides,3,thucydides=3,0,3,0,0,0,0,0,0
thunder,3,thunder=1; thundering=1; thunders=1,2,0,1,0,0,0,0,0
thylacine,3,thylacine=3,3,0,0,0,0,0,0,0
tickets,3,tickets=3,0,3,0,0,0,0,0,0
tighten,3,tighten=3,0,0,3,0,0,0,0,0
timbre,3,timbres=2; timbre=1,3,0,0,0,0,0,0,0
tinker,3,tinkering=2; tinker=1,0,0,3,0,0,0,0,0
tinwald,3,tinwald=3,0,3,0,0,0,0,0,0
toilet,3,toilets=2; toilet=1,3,0,0,0,0,0,0,0
tokens,3,tokens=3,0,3,0,0,0,0,0,0
tommy,3,tommy=3,0,3,0,0,0,0,0,0
toner,3,toner=3,2,1,0,0,0,0,0,0
toolmaking,3,toolmaking=3,3,0,0,0,0,0,0,0
tourists,3,tourists=3,0,3,0,0,0,0,0,0
tout,3,touted=3,0,0,3,0,0,0,0,0
trachea,3,trachea=3,1,2,0,0,0,0,0,0
tracker,3,tracker=2; trackers=1,3,0,0,0,0,0,0,0
trajan,3,trajan=3,0,3,0,0,0,0,0,0
trans,3,trans=3,0,1,0,0,2,0,0,0
transcontinental,3,transcontinental=3,0,0,0,0,3,0,0,0
transcribe,3,transcribed=2; transcribe=1,0,0,3,0,0,0,0,0
transistor,3,transistors=3,3,0,0,0,0,0,0,0
translator,3,translators=3,3,0,0,0,0,0,0,0
translucence,3,translucence=3,3,0,0,0,0,0,0,0
transporting,3,transporting=3,3,0,0,0,0,0,0,0
trapping,3,trappings=2; trapping=1,3,0,0,0,0,0,0,0
trauma,3,trauma=3,3,0,0,0,0,0,0,0
treeless,3,treeless=3,0,0,0,0,3,0,0,0
trilobites,3,trilobites=3,0,3,0,0,0,0,0,0
trucking,3,trucking=3,3,0,0,0,0,0,0,0
trump,3,trump=2; trumps=1,2,0,1,0,0,0,0,0
truthfully,3,truthfully=3,0,0,0,0,0,3,0,0
tsetse,3,tsetse=3,0,0,0,0,3,0,0,0
tsunamis,3,tsunamis=3,3,0,0,0,0,0,0,0
tubman,3,tubman=3,0,3,0,0,0,0,0,0
tubular,3,tubular=3,0,1,0,0,2,0,0,0
tuesdays,3,tuesdays=3,0,3,0,0,0,0,0,0
tully,3,tully=3,0,3,0,0,0,0,0,0
tumble,3,tumble=3,0,0,1,0,2,0,0,0
tuning,3,tuning=3,3,0,0,0,0,0,0,0
tweak,3,tweaking=2; tweaked=1,0,0,3,0,0,0,0,0
twill,3,twill=3,3,0,0,0,0,0,0,0
typify,3,typified=3,0,0,3,0,0,0,0,0
typology,3,typology=3,3,0,0,0,0,0,0,0
tyrrhenian,3,tyrrhenian=3,0,1,0,0,2,0,0,0
u,3,u=3,1,1,0,0,1,0,0,0
unacceptable,3,unacceptable=3,0,0,0,0,3,0,0,0
unaltered,3,unaltered=3,0,0,0,0,3,0,0,0
unappealing,3,unappealing=3,0,0,0,0,3,0,0,0
unbalanced,3,unbalanced=3,0,0,0,0,3,0,0,0
unbelievable,3,unbelievable=3,0,0,0,0,3,0,0,0
unbelievably,3,unbelievably=3,0,0,0,0,0,3,0,0
unborn,3,unborn=3,0,0,0,0,3,0,0,0
unbroken,3,unbroken=3,0,0,0,0,3,0,0,0
uncharged,3,uncharged=3,0,0,0,0,3,0,0,0
uncommonly,3,uncommonly=3,0,0,0,0,0,3,0,0
unconsciously,3,unconsciously=3,0,0,0,0,0,3,0,0
undeniable,3,undeniable=3,0,0,0,0,3,0,0,0
underpass,3,underpasses=3,3,0,0,0,0,0,0,0
underpin,3,underpin=1; underpinned=1; underpins=1,0,0,3,0,0,0,0,0
undersaturated,3,undersaturated=3,0,0,0,0,3,0,0,0
underworld,3,underworld=3,3,0,0,0,0,0,0,0
uneaten,3,uneaten=3,0,0,0,0,3,0,0,0
unethical,3,unethical=3,0,0,0,0,3,0,0,0
unhatched,3,unhatched=3,0,0,0,0,3,0,0,0
uni,3,uni=2; unis=1,1,2,0,0,0,0,0,0
uninhabited,3,uninhabited=3,0,0,0,0,3,0,0,0
unintentional,3,unintentional=3,0,0,0,0,3,0,0,0
unmistakable,3,unmistakable=3,0,0,0,0,3,0,0,0
unmonitored,3,unmonitored=3,0,0,0,0,3,0,0,0
unplanted,3,unplanted=3,0,0,0,0,3,0,0,0
unprocessed,3,unprocessed=3,0,0,0,0,3,0,0,0
unproductive,3,unproductive=3,0,0,0,0,3,0,0,0
unrepresentative,3,unrepresentative=3,0,0,0,0,3,0,0,0
unroll,3,unrolling=2; unroll=1,0,0,3,0,0,0,0,0
unselfish,3,unselfish=3,0,0,0,0,3,0,0,0
unsteady,3,unsteady=3,0,0,0,0,3,0,0,0
unsurprise,3,unsurprising=2; unsurprised=1,0,0,3,0,0,0,0,0
unsurprisingly,3,unsurprisingly=3,0,0,0,0,0,3,0,0
untrained,3,untrained=3,0,1,0,0,2,0,0,0
unwell,3,unwell=3,0,0,0,0,3,0,0,0
unwillingness,3,unwillingness=3,3,0,0,0,0,0,0,0
unwind,3,unwind=3,0,0,2,0,1,0,0,0
unwritten,3,unwritten=3,0,0,0,0,3,0,0,0
uplifting,3,uplifting=3,2,0,0,0,1,0,0,0
uppermost,3,uppermost=3,0,0,0,0,3,0,0,0
upriver,3,upriver=3,0,0,0,0,0,3,0,0
uproot,3,uprooted=3,0,0,3,0,0,0,0,0
used,3,used=3,0,0,0,0,3,0,0,0
utopia,3,utopia=3,2,1,0,0,0,0,0,0
vacate,3,vacated=2; vacates=1,1,0,2,0,0,0,0,0
vain,3,vain=3,2,0,0,0,1,0,0,0
validation,3,validation=3,3,0,0,0,0,0,0,0
vandals,3,vandals=3,0,3,0,0,0,0,0,0
vantage,3,vantage=3,3,0,0,0,0,0,0,0
vastness,3,vastness=3,2,0,0,0,1,0,0,0
velde,3,velde=3,0,3,0,0,0,0,0,0
veneer,3,veneer=3,3,0,0,0,0,0,0,0
veneration,3,veneration=3,3,0,0,0,0,0,0,0
verification,3,verification=3,3,0,0,0,0,0,0,0
vermin,3,vermin=3,2,1,0,0,0,0,0,0
versione,3,versioning=3,0,0,3,0,0,0,0,0
vertebrae,3,vertebrae=3,3,0,0,0,0,0,0,0
vervet,3,vervet=3,3,0,0,0,0,0,0,0
viability,3,viability=3,3,0,0,0,0,0,0,0
vienna,3,vienna=3,0,3,0,0,0,0,0,0
vigilant,3,vigilant=3,0,0,0,0,3,0,0,0
villafafila,3,villafafila=3,0,3,0,0,0,0,0,0
vinegar,3,vinegar=3,3,0,0,0,0,0,0,0
vip,3,vip=3,2,1,0,0,0,0,0,0
virgin,3,virgin=3,0,0,1,0,2,0,0,0
visionary,3,visionary=3,3,0,0,0,0,0,0,0
visitation,3,visitation=3,3,0,0,0,0,0,0,0
vivian,3,vivian=3,0,3,0,0,0,0,0,0
voids,3,voids=3,3,0,0,0,0,0,0,0
vorticist,3,vorticist=3,0,3,0,0,0,0,0,0
voter,3,voters=3,3,0,0,0,0,0,0,0
voucher,3,vouchers=3,3,0,0,0,0,0,0,0
vulgar,3,vulgar=3,0,1,0,0,2,0,0,0
waiver,3,waiver=3,3,0,0,0,0,0,0,0
wars,3,wars=3,0,3,0,0,0,0,0,0
washability,3,washability=3,2,1,0,0,0,0,0,0
watcher,3,watchers=2; watcher=1,3,0,0,0,0,0,0,0
watchtower,3,watchtowers=3,3,0,0,0,0,0,0,0
waterfowl,3,waterfowl=3,3,0,0,0,0,0,0,0
waterless,3,waterless=3,0,0,0,0,3,0,0,0
waterpower,3,waterpower=3,2,0,0,0,1,0,0,0
waver,3,wavering=3,0,0,3,0,0,0,0,0
wbsc,3,wbsc=3,0,3,0,0,0,0,0,0
weaverbird,3,weaverbirds=2; weaverbird=1,3,0,0,0,0,0,0,0
webb,3,webb=3,0,3,0,0,0,0,0,0
wedge,3,wedge=3,2,0,1,0,0,0,0,0
weedy,3,weedy=3,0,0,0,0,3,0,0,0
wellington,3,wellington=3,0,3,0,0,0,0,0,0
welton,3,welton=3,0,3,0,0,0,0,0,0
wetherill,3,wetherill=3,0,3,0,0,0,0,0,0
wetlands,3,wetlands=3,0,3,0,0,0,0,0,0
whaler,3,whalers=2; whaler=1,3,0,0,0,0,0,0,0
wheeler,3,wheeler=3,0,3,0,0,0,0,0,0
whitebark,3,whitebark=3,0,1,0,0,2,0,0,0
willed,3,willed=3,0,0,0,0,3,0,0,0
willie,3,willie=3,0,3,0,0,0,0,0,0
wintertime,3,wintertime=3,3,0,0,0,0,0,0,0
wither,3,wither=2; withering=1,0,0,3,0,0,0,0,0
wolfgang,3,wolfgang=3,0,3,0,0,0,0,0,0
woods,3,woods=3,0,3,0,0,0,0,0,0
worksheet,3,worksheets=2; worksheet=1,3,0,0,0,0,0,0,0
woude,3,woude=3,0,3,0,0,0,0,0,0
wpa,3,wpa=3,0,3,0,0,0,0,0,0
wrapping,3,wrapping=2; wrappings=1,3,0,0,0,0,0,0,0
xena,3,xena=3,0,3,0,0,0,0,0,0
xinjiang,3,xinjiang=3,0,3,0,0,0,0,0,0
yearning,3,yearning=3,3,0,0,0,0,0,0,0
years,3,years=3,0,3,0,0,0,0,0,0
yorkshire,3,yorkshire=3,0,3,0,0,0,0,0,0
zhejiang,3,zhejiang=3,0,3,0,0,0,0,0,0
ziggurats,3,ziggurats=3,0,3,0,0,0,0,0,0
ántonia,3,ántonia=3,0,3,0,0,0,0,0,0
élisée,3,élisée=3,0,3,0,0,0,0,0,0
aalborg,2,aalborg=2,0,2,0,0,0,0,0,0
aaup,2,aaup=2,0,2,0,0,0,0,0,0
abalone,2,abalone=2,2,0,0,0,0,0,0,0
abbreviate,2,abbreviated=2,0,0,2,0,0,0,0,0
abdominal,2,abdominal=2,0,0,0,0,2,0,0,0
abnormal,2,abnormal=2,1,0,0,0,1,0,0,0
abnormally,2,abnormally=2,0,0,0,0,0,2,0,0
abstractly,2,abstractly=2,0,0,0,0,0,2,0,0
abundantly,2,abundantly=2,0,0,0,0,0,2,0,0
ac,2,ac=2,0,1,0,0,0,0,0,1
academe,2,academe=2,2,0,0,0,0,0,0,0
academie,2,academie=1; academies=1,0,1,1,0,0,0,0,0
acadians,2,acadians=2,0,2,0,0,0,0,0,0
académie,2,académie=2,0,2,0,0,0,0,0,0
accelerated,2,accelerated=2,0,0,0,0,2,0,0,0
acceleration,2,acceleration=2,2,0,0,0,0,0,0,0
accent,2,accent=1; accents=1,2,0,0,0,0,0,0,0
accompaniment,2,accompaniment=2,2,0,0,0,0,0,0,0
accordance,2,accordance=2,2,0,0,0,0,0,0,0
accordion,2,accordion=2,2,0,0,0,0,0,0,0
accrue,2,accrue=2,0,0,2,0,0,0,0,0
acrobat,2,acrobats=2,2,0,0,0,0,0,0,0
acuity,2,acuity=2,2,0,0,0,0,0,0,0
adherent,2,adherents=2,2,0,0,0,0,0,0,0
adjunct,2,adjunct=2,0,0,0,0,2,0,0,0
adolescence,2,adolescence=2,2,0,0,0,0,0,0,0
adriatic,2,adriatic=2,0,2,0,0,0,0,0,0
adversary,2,adversaries=1; adversary=1,2,0,0,0,0,0,0,0
aegina,2,aegina=2,0,2,0,0,0,0,0,0
aerobically,2,aerobically=2,0,0,0,0,0,2,0,0
affinal,2,affinal=2,0,0,0,0,2,0,0,0
afflict,2,afflicted=2,0,0,2,0,0,0,0,0
afforestation,2,afforestation=2,2,0,0,0,0,0,0,0
afield,2,afield=2,0,0,0,0,0,2,0,0
agriculturally,2,agriculturally=2,0,0,0,0,0,2,0,0
agrochemistry,2,agrochemistry=2,1,1,0,0,0,0,0,0
airless,2,airless=2,0,0,0,0,2,0,0,0
airspace,2,airspaces=2,2,0,0,0,0,0,0,0
ala,2,ala=2,0,2,0,0,0,0,0,0
albeit,2,albeit=2,0,0,0,0,0,0,0,2
albufera,2,albufera=2,0,2,0,0,0,0,0,0
albuman,2,albumen=2,2,0,0,0,0,0,0,0
alcoholic,2,alcoholic=2,0,0,0,0,2,0,0,0
alder,2,alder=1; alders=1,2,0,0,0,0,0,0,0
alertness,2,alertness=2,0,1,1,0,0,0,0,0
alexis,2,alexis=2,0,2,0,0,0,0,0,0
alfonso,2,alfonso=2,0,2,0,0,0,0,0,0
algebra,2,algebra=2,1,1,0,0,0,0,0,0
algeria,2,algeria=2,0,2,0,0,0,0,0,0
alienate,2,alienate=2,0,0,2,0,0,0,0,0
alisa,2,alisa=2,1,1,0,0,0,0,0,0
allan,2,allan=2,0,2,0,0,0,0,0,0
allergy,2,allergies=2,2,0,0,0,0,0,0,0
alley,2,alley=2,2,0,0,0,0,0,0,0
alleyways,2,alleyways=2,0,0,0,0,0,2,0,0
allo,2,allos=2,2,0,0,0,0,0,0,0
alloying,2,alloying=2,2,0,0,0,0,0,0,0
allude,2,alluded=1; alluding=1,0,0,2,0,0,0,0,0
almagest,2,almagest=2,0,2,0,0,0,0,0,0
almanac,2,almanac=1; almanacs=1,2,0,0,0,0,0,0,0
almond,2,almond=1; almonds=1,2,0,0,0,0,0,0,0
aloft,2,aloft=2,0,0,0,0,0,2,0,0
altarpiece,2,altarpiece=1; altarpieces=1,2,0,0,0,0,0,0,0
amaze,2,amaze=2,0,0,2,0,0,0,0,0
amazonian,2,amazonian=2,0,0,0,0,2,0,0,0
ambiguity,2,ambiguity=2,2,0,0,0,0,0,0,0
ambroise,2,ambroise=2,0,2,0,0,0,0,0,0
amend,2,amended=2,0,0,2,0,0,0,0,0
amendment,2,amendment=1; amendments=1,2,0,0,0,0,0,0,0
amorphous,2,amorphous=2,0,0,0,0,2,0,0,0
amputee,2,amputees=2,2,0,0,0,0,0,0,0
amundsen,2,amundsen=2,0,2,0,0,0,0,0,0
anaconda,2,anaconda=2,2,0,0,0,0,0,0,0
analytic,2,analytic=1; analytics=1,1,0,0,0,1,0,0,0
andrea,2,andrea=2,0,2,0,0,0,0,0,0
andros,2,andros=2,0,2,0,0,0,0,0,0
anesthesia,2,anesthesia=2,2,0,0,0,0,0,0,0
anew,2,anew=2,0,0,0,0,0,2,0,0
angel,2,angels=2,2,0,0,0,0,0,0,0
angian,2,angian=2,0,0,0,0,2,0,0,0
angles,2,angles=2,0,2,0,0,0,0,0,0
angus,2,angus=2,2,0,0,0,0,0,0,0
anita,2,anita=2,0,2,0,0,0,0,0,0
annihilate,2,annihilate=1; annihilated=1,0,0,2,0,0,0,0,0
annoyance,2,annoyance=2,2,0,0,0,0,0,0,0
anonymity,2,anonymity=2,2,0,0,0,0,0,0,0
antennae,2,antennae=2,2,0,0,0,0,0,0,0
anthem,2,anthem=2,2,0,0,0,0,0,0,0
anthrax,2,anthrax=2,2,0,0,0,0,0,0,0
antibodie,2,antibodies=2,0,0,2,0,0,0,0,0
anticipation,2,anticipation=2,2,0,0,0,0,0,0,0
antifreeze,2,antifreeze=2,0,0,0,0,2,0,0,0
antigen,2,antigens=2,2,0,0,0,0,0,0,0
antipredator,2,antipredator=2,2,0,0,0,0,0,0,0
antiseismic,2,antiseismic=2,0,0,0,0,2,0,0,0
apartments,2,apartments=2,0,2,0,0,0,0,0,0
apex,2,apex=2,2,0,0,0,0,0,0,0
apologise,2,apologise=2,0,0,2,0,0,0,0,0
apostles,2,apostles=2,0,2,0,0,0,0,0,0
appalling,2,appalling=2,0,0,0,0,2,0,0,0
appease,2,appease=2,0,0,2,0,0,0,0,0
appendectomy,2,appendectomies=2,2,0,0,0,0,0,0,0
appetizer,2,appetizers=2,2,0,0,0,0,0,0,0
applicability,2,applicability=2,2,0,0,0,0,0,0,0
applied,2,applied=2,0,1,0,0,1,0,0,0
appreciable,2,appreciable=2,0,0,0,0,2,0,0,0
apron,2,apron=1; aprons=1,2,0,0,0,0,0,0,0
apt,2,apt=2,0,1,0,0,1,0,0,0
apterygota,2,apterygota=2,0,2,0,0,0,0,0,0
apterygote,2,apterygotes=2,2,0,0,0,0,0,0,0
aptly,2,aptly=2,0,0,0,0,0,2,0,0
aquina,2,aquinas=2,2,0,0,0,0,0,0,0
arcade,2,arcades=2,2,0,0,0,0,0,0,0
archaebacteria,2,archaebacteria=2,0,2,0,0,0,0,0,0
archetype,2,archetypes=2,2,0,0,0,0,0,0,0
arduous,2,arduous=2,0,0,0,0,2,0,0,0
arena,2,arenas=2,2,0,0,0,0,0,0,0
argumentation,2,argumentation=2,1,1,0,0,0,0,0,0
arguments,2,arguments=2,0,2,0,0,0,0,0,0
aria,2,arias=2,2,0,0,0,0,0,0,0
aristarchus,2,aristarchus=2,0,2,0,0,0,0,0,0
aristotelian,2,aristotelian=2,0,0,0,0,2,0,0,0
arithmetic,2,arithmetic=2,0,0,0,0,2,0,0,0
armed,2,armed=2,0,0,0,0,2,0,0,0
aromatic,2,aromatic=2,0,0,0,0,2,0,0,0
arras,2,arras=2,0,2,0,0,0,0,0,0
arrogant,2,arrogant=2,0,0,0,0,2,0,0,0
artemis,2,artemis=2,0,2,0,0,0,0,0,0
artemisium,2,artemisium=2,0,2,0,0,0,0,0,0
artfully,2,artfully=2,0,0,0,0,0,2,0,0
ashurnasirpal,2,ashurnasirpal=2,0,2,0,0,0,0,0,0
asians,2,asians=2,0,2,0,0,0,0,0,0
asocial,2,asocial=2,0,0,0,0,2,0,0,0
aspero,2,aspero=2,0,2,0,0,0,0,0,0
assault,2,assault=2,1,0,1,0,0,0,0,0
associated,2,associated=2,0,0,0,0,2,0,0,0
astor,2,astor=2,0,2,0,0,0,0,0,0
astride,2,astride=2,0,0,0,0,0,0,0,2
astrobiology,2,astrobiology=2,2,0,0,0,0,0,0,0
astrolabe,2,astrolabe=2,1,1,0,0,0,0,0,0
astrology,2,astrology=2,2,0,0,0,0,0,0,0
astronauts,2,astronauts=2,0,2,0,0,0,0,0,0
astronomers,2,astronomers=2,0,2,0,0,0,0,0,0
aswad,2,aswad=2,0,2,0,0,0,0,0,0
aswan,2,aswan=2,0,2,0,0,0,0,0,0
ataraxia,2,ataraxia=2,0,2,0,0,0,0,0,0
athena,2,athena=2,0,2,0,0,0,0,0,0
atla,2,atlas=2,2,0,0,0,0,0,0,0
atonality,2,atonality=2,2,0,0,0,0,0,0,0
attached,2,attached=2,0,0,0,0,2,0,0,0
attachments,2,attachments=2,0,2,0,0,0,0,0,0
attempts,2,attempts=2,0,2,0,0,0,0,0,0
attentive,2,attentive=2,0,0,0,0,2,0,0,0
attracted,2,attracted=2,0,0,0,0,2,0,0,0
attractively,2,attractively=2,0,0,0,0,0,2,0,0
augustus,2,augustus=2,0,2,0,0,0,0,0,0
auks,2,auks=2,2,0,0,0,0,0,0,0
aulo,2,aulos=2,2,0,0,0,0,0,0,0
aurora,2,aurora=1; auroras=1,1,1,0,0,0,0,0,0
auspex,2,auspices=2,2,0,0,0,0,0,0,0
austria,2,austria=2,0,2,0,0,0,0,0,0
authenticated,2,authenticated=2,0,0,0,0,2,0,0,0
authenticator,2,authenticator=1; authenticators=1,2,0,0,0,0,0,0,0
authoritarian,2,authoritarian=2,0,0,0,0,2,0,0,0
automotive,2,automotive=2,0,0,0,0,2,0,0,0
av,2,av=2,0,2,0,0,0,0,0,0
averse,2,averse=2,0,0,0,0,2,0,0,0
avert,2,averted=1; averting=1,0,0,2,0,0,0,0,0
aviation,2,aviation=2,2,0,0,0,0,0,0,0
awl,2,awls=2,2,0,0,0,0,0,0,0
azor,2,azors=2,2,0,0,0,0,0,0,0
babylonians,2,babylonians=2,0,2,0,0,0,0,0,0
backlighte,2,backlighting=2,0,0,2,0,0,0,0,0
baggage,2,baggage=2,2,0,0,0,0,0,0,0
bahamas,2,bahamas=2,0,2,0,0,0,0,0,0
bald,2,bald=2,0,0,0,0,2,0,0,0
bali,2,bali=2,0,2,0,0,0,0,0,0
balkans,2,balkans=2,0,2,0,0,0,0,0,0
ballast,2,ballast=2,2,0,0,0,0,0,0,0
ballerina,2,ballerina=2,0,2,0,0,0,0,0,0
bam,2,bam=2,2,0,0,0,0,0,0,0
bandage,2,bandages=2,2,0,0,0,0,0,0,0
bandjoun,2,bandjoun=2,0,2,0,0,0,0,0,0
banknote,2,banknotes=2,2,0,0,0,0,0,0,0
bankrupt,2,bankrupt=2,0,0,0,0,2,0,0,0
bankruptcy,2,bankruptcies=1; bankruptcy=1,2,0,0,0,0,0,0,0
barbarian,2,barbarian=2,0,0,0,0,2,0,0,0
barber,2,barbers=2,2,0,0,0,0,0,0,0
barberry,2,barberry=2,2,0,0,0,0,0,0,0
barcelona,2,barcelona=2,0,2,0,0,0,0,0,0
barista,2,barista=2,2,0,0,0,0,0,0,0
barium,2,barium=2,2,0,0,0,0,0,0,0
barry,2,barry=2,1,1,0,0,0,0,0,0
basal,2,basal=2,2,0,0,0,0,0,0,0
basalis,2,basalis=2,0,1,0,0,1,0,0,0
basilisk,2,basilisk=2,2,0,0,0,0,0,0,0
bassoon,2,bassoon=2,2,0,0,0,0,0,0,0
bathe,2,bathe=2,0,0,2,0,0,0,0,0
bathing,2,bathing=2,2,0,0,0,0,0,0,0
battlefield,2,battlefield=2,2,0,0,0,0,0,0,0
beacon,2,beacon=1; beacons=1,2,0,0,0,0,0,0,0
beans,2,beans=2,0,2,0,0,0,0,0,0
beatles,2,beatles=2,0,2,0,0,0,0,0,0
beautifully,2,beautifully=2,0,0,0,0,0,2,0,0
bedtime,2,bedtime=1; bedtimes=1,2,0,0,0,0,0,0,0
beef,2,beef=2,2,0,0,0,0,0,0,0
befit,2,befits=1; befitted=1,0,0,2,0,0,0,0,0
behaviorist,2,behaviorists=2,2,0,0,0,0,0,0,0
bekoff,2,bekoff=2,0,2,0,0,0,0,0,0
bellagio,2,bellagio=2,0,2,0,0,0,0,0,0
beloved,2,beloved=2,0,0,0,0,2,0,0,0
bendahara,2,bendahara=2,2,0,0,0,0,0,0,0
benefactor,2,benefactor=1; benefactors=1,2,0,0,0,0,0,0,0
beneficiary,2,beneficiaries=2,2,0,0,0,0,0,0,0
benefits,2,benefits=2,0,2,0,0,0,0,0,0
benthic,2,benthic=2,0,1,0,0,1,0,0,0
bentley,2,bentley=2,0,2,0,0,0,0,0,0
ber,2,ber=2,2,0,0,0,0,0,0,0
bertolt,2,bertolt=2,0,2,0,0,0,0,0,0
best,2,best=2,0,2,0,0,0,0,0,0
beth,2,beth=2,0,2,0,0,0,0,0,0
bečva,2,bečva=2,0,2,0,0,0,0,0,0
biblical,2,biblical=2,0,0,0,0,2,0,0,0
bicyclist,2,bicyclists=2,2,0,0,0,0,0,0,0
bid,2,bid=1; bidding=1,0,0,2,0,0,0,0,0
biddleton,2,biddleton=2,0,2,0,0,0,0,0,0
bidon,2,bidon=2,0,2,0,0,0,0,0,0
bikes,2,bikes=2,0,2,0,0,0,0,0,0
billy,2,billy=2,0,2,0,0,0,0,0,0
bingham,2,bingham=2,0,2,0,0,0,0,0,0
biocide,2,biocides=2,2,0,0,0,0,0,0,0
bioengineering,2,bioengineering=2,2,0,0,0,0,0,0,0
biofilms,2,biofilms=2,0,2,0,0,0,0,0,0
biofoule,2,biofouling=2,0,0,2,0,0,0,0,0
biofouling,2,biofouling=2,2,0,0,0,0,0,0,0
biogeographic,2,biogeographic=2,0,0,0,0,2,0,0,0
biomarker,2,biomarker=2,2,0,0,0,0,0,0,0
biorock,2,biorock=2,0,2,0,0,0,0,0,0
biotech,2,biotech=2,0,0,0,0,2,0,0,0
bipedal,2,bipedal=2,0,0,0,0,2,0,0,0
bischof,2,bischof=2,0,2,0,0,0,0,0,0
bitterness,2,bitterness=2,2,0,0,0,0,0,0,0
blacksmith,2,blacksmith=1; blacksmiths=1,1,1,0,0,0,0,0,0
blackwell,2,blackwell=2,0,2,0,0,0,0,0,0
bladed,2,bladed=2,0,0,0,0,2,0,0,0
bladelike,2,bladelike=2,1,1,0,0,0,0,0,0
blanketing,2,blanketing=2,1,0,0,0,1,0,0,0
blazar,2,blazars=2,2,0,0,0,0,0,0,0
blaze,2,blaze=1; blazing=1,1,0,1,0,0,0,0,0
blindly,2,blindly=2,0,0,0,0,0,2,0,0
blink,2,blink=2,2,0,0,0,0,0,0,0
blob,2,blobs=2,2,0,0,0,0,0,0,0
bloop,2,bloop=2,1,1,0,0,0,0,0,0
bltracchi,2,bltracchi=2,0,2,0,0,0,0,0,0
blueberry,2,blueberries=2,2,0,0,0,0,0,0,0
bluish,2,bluish=2,0,0,0,0,2,0,0,0
blythe,2,blythe=2,0,2,0,0,0,0,0,0
bobolink,2,bobolinks=2,2,0,0,0,0,0,0,0
bodmer,2,bodmer=2,0,2,0,0,0,0,0,0
bodyguard,2,bodyguard=1; bodyguards=1,2,0,0,0,0,0,0,0
boggle,2,boggles=1; boggling=1,0,0,2,0,0,0,0,0
boldness,2,boldness=2,1,0,0,0,1,0,0,0
bolivian,2,bolivian=2,0,0,0,0,2,0,0,0
boll,2,boll=2,2,0,0,0,0,0,0,0
bolster,2,bolster=1; bolstered=1,0,0,2,0,0,0,0,0
bono,2,bono=2,0,2,0,0,0,0,0,0
bookcase,2,bookcase=2,2,0,0,0,0,0,0,0
bookseller,2,bookseller=1; booksellers=1,2,0,0,0,0,0,0,0
bopp,2,bopp=2,0,2,0,0,0,0,0,0
borders,2,borders=2,0,2,0,0,0,0,0,0
boreal,2,boreal=2,2,0,0,0,0,0,0,0
borscht,2,borscht=2,2,0,0,0,0,0,0,0
bosch,2,bosch=2,0,2,0,0,0,0,0,0
bottleneck,2,bottleneck=1; bottlenecks=1,2,0,0,0,0,0,0,0
boulevard,2,boulevard=2,0,2,0,0,0,0,0,0
bound,2,bounded=2,0,0,2,0,0,0,0,0
bountiful,2,bountiful=2,1,1,0,0,0,0,0,0
bovid,2,bovid=2,1,1,0,0,0,0,0,0
bowel,2,bowel=1; bowels=1,2,0,0,0,0,0,0,0
boxed,2,boxed=2,0,0,0,0,2,0,0,0
boxes,2,boxes=2,0,2,0,0,0,0,0,0
bracelet,2,bracelet=2,2,0,0,0,0,0,0,0
brae,2,brae=2,0,2,0,0,0,0,0,0
branched,2,branched=2,0,0,0,0,2,0,0,0
brassy,2,brassy=2,0,2,0,0,0,0,0,0
braver,2,braver=2,0,0,0,0,0,2,0,0
breakable,2,breakable=2,0,0,0,0,2,0,0,0
breakout,2,breakout=1; breakouts=1,1,0,0,0,1,0,0,0
breastbone,2,breastbone=2,2,0,0,0,0,0,0,0
breathtake,2,breathtaking=2,0,0,2,0,0,0,0,0
breathtaking,2,breathtaking=2,0,0,0,0,2,0,0,0
breeder,2,breeders=2,2,0,0,0,0,0,0,0
brewery,2,breweries=2,2,0,0,0,0,0,0,0
brewing,2,brewing=2,2,0,0,0,0,0,0,0
brickwork,2,brickwork=2,2,0,0,0,0,0,0,0
bride,2,bride=2,2,0,0,0,0,0,0,0
bridgewater,2,bridgewater=2,0,2,0,0,0,0,0,0
brilliantly,2,brilliantly=2,0,0,0,0,0,2,0,0
brisach,2,brisach=2,0,2,0,0,0,0,0,0
brisbane,2,brisbane=2,0,2,0,0,0,0,0,0
brittany,2,brittany=2,1,1,0,0,0,0,0,0
broadcaster,2,broadcasters=2,2,0,0,0,0,0,0,0
broadcasting,2,broadcasting=2,2,0,0,0,0,0,0,0
broadly,2,broadly=2,0,0,0,0,0,2,0,0
brockley,2,brockley=2,0,2,0,0,0,0,0,0
brockmann,2,brockmann=2,0,2,0,0,0,0,0,0
brodmann,2,brodmann=2,0,2,0,0,0,0,0,0
brook,2,brook=2,1,1,0,0,0,0,0,0
brushwork,2,brushwork=2,2,0,0,0,0,0,0,0
brutal,2,brutal=2,0,0,0,0,2,0,0,0
buffet,2,buffet=2,2,0,0,0,0,0,0,0
buildings,2,buildings=2,0,2,0,0,0,0,0,0
bulgarian,2,bulgarian=2,0,0,0,0,2,0,0,0
bulldozer,2,bulldozer=1; bulldozers=1,2,0,0,0,0,0,0,0
bunchgrass,2,bunchgrass=2,2,0,0,0,0,0,0,0
burdensome,2,burdensome=2,0,0,0,0,2,0,0,0
burgeon,2,burgeoned=1; burgeoning=1,0,0,2,0,0,0,0,0
burgess,2,burgess=2,0,2,0,0,0,0,0,0
burk,2,burk=2,0,2,0,0,0,0,0,0
burkina,2,burkina=2,0,2,0,0,0,0,0,0
burnout,2,burnout=2,1,0,0,0,1,0,0,0
burrs,2,burrs=2,2,0,0,0,0,0,0,0
bushel,2,bushels=2,2,0,0,0,0,0,0,0
businessperson,2,businessperson=2,2,0,0,0,0,0,0,0
bustle,2,bustle=1; bustling=1,1,0,1,0,0,0,0,0
butterflies,2,butterflies=2,0,2,0,0,0,0,0,0
buyback,2,buyback=2,2,0,0,0,0,0,0,0
byers,2,byers=2,0,2,0,0,0,0,0,0
bíró,2,bíró=2,0,2,0,0,0,0,0,0
cab,2,cab=2,2,0,0,0,0,0,0,0
caddisflie,2,caddisflies=2,2,0,0,0,0,0,0,0
cafeterias,2,cafeterias=2,2,0,0,0,0,0,0,0
cahokian,2,cahokian=1; cahokians=1,1,0,0,0,1,0,0,0
calakmul,2,calakmul=2,0,2,0,0,0,0,0,0
calendric,2,calendric=2,2,0,0,0,0,0,0,0
calve,2,calving=2,0,0,2,0,0,0,0,0
camels,2,camels=2,0,2,0,0,0,0,0,0
cameras,2,cameras=2,0,2,0,0,0,0,0,0
campfire,2,campfire=1; campfires=1,2,0,0,0,0,0,0,0
cana,2,cana=2,0,2,0,0,0,0,0,0
canals,2,canals=2,0,2,0,0,0,0,0,0
canvasback,2,canvasback=1; canvasbacks=1,2,0,0,0,0,0,0,0
capitalists,2,capitalists=2,0,2,0,0,0,0,0,0
carburize,2,carburized=1; carburizing=1,0,0,2,0,0,0,0,0
cardiac,2,cardiac=2,0,0,0,0,2,0,0,0
caregive,2,caregiving=2,0,0,2,0,0,0,0,0
carelessness,2,carelessness=2,1,0,0,0,1,0,0,0
caring,2,caring=2,0,0,0,0,2,0,0,0
carmel,2,carmel=2,0,2,0,0,0,0,0,0
carmichael,2,carmichael=2,0,2,0,0,0,0,0,0
carolyn,2,carolyn=2,0,2,0,0,0,0,0,0
carpentry,2,carpentry=2,1,1,0,0,0,0,0,0
carpoids,2,carpoids=2,0,2,0,0,0,0,0,0
carpool,2,carpool=2,0,1,1,0,0,0,0,0
carpoole,2,carpooling=2,0,0,2,0,0,0,0,0
carps,2,carps=2,1,1,0,0,0,0,0,0
cartes,2,cartes=2,0,2,0,0,0,0,0,0
carver,2,carvers=2,2,0,0,0,0,0,0,0
cashew,2,cashew=1; cashews=1,1,0,1,0,0,0,0,0
casing,2,casing=2,2,0,0,0,0,0,0,0
casually,2,casually=2,0,0,0,0,0,2,0,0
catamenia,2,catamenia=2,0,2,0,0,0,0,0,0
catastrophically,2,catastrophically=2,0,0,0,0,0,2,0,0
catshark,2,catshark=1; catsharks=1,2,0,0,0,0,0,0,0
causeway,2,causeway=2,2,0,0,0,0,0,0,0
cavern,2,cavern=1; caverns=1,2,0,0,0,0,0,0,0
celled,2,celled=2,0,0,0,0,2,0,0,0
cementation,2,cementation=2,2,0,0,0,0,0,0,0
centers,2,centers=2,0,2,0,0,0,0,0,0
centigrade,2,centigrade=2,0,0,0,0,2,0,0,0
centuries,2,centuries=2,0,2,0,0,0,0,0,0
ceratopsid,2,ceratopsids=2,2,0,0,0,0,0,0,0
certified,2,certified=2,0,0,0,0,2,0,0,0
ch,2,ch=2,0,0,0,0,0,0,0,2
chairperson,2,chairperson=2,2,0,0,0,0,0,0,0
chariot,2,chariot=1; chariots=1,2,0,0,0,0,0,0,0
charioteer,2,charioteer=2,2,0,0,0,0,0,0,0
checkpoint,2,checkpoint=2,2,0,0,0,0,0,0,0
checkup,2,checkup=1; checkups=1,2,0,0,0,0,0,0,0
cherish,2,cherished=2,0,0,2,0,0,0,0,0
chert,2,chert=2,0,2,0,0,0,0,0,0
cheryl,2,cheryl=2,0,2,0,0,0,0,0,0
chessboard,2,chessboard=1; chessboards=1,2,0,0,0,0,0,0,0
chill,2,chilled=1; chilling=1,0,0,2,0,0,0,0,0
chimpanzees,2,chimpanzees=2,0,2,0,0,0,0,0,0
chimu,2,chimu=2,0,2,0,0,0,0,0,0
chipmunk,2,chipmunk=2,2,0,0,0,0,0,0,0
chipping,2,chipping=2,2,0,0,0,0,0,0,0
chittka,2,chittka=2,0,2,0,0,0,0,0,0
cholera,2,cholera=2,2,0,0,0,0,0,0,0
choosing,2,choosing=2,2,0,0,0,0,0,0,0
choral,2,choral=2,0,0,0,0,2,0,0,0
chore,2,chore=2,2,0,0,0,0,0,0,0
christ,2,christ=2,0,2,0,0,0,0,0,0
christians,2,christians=2,0,2,0,0,0,0,0,0
christoph,2,christoph=2,0,2,0,0,0,0,0,0
chromic,2,chromic=2,0,0,0,0,2,0,0,0
chronicle,2,chronicle=1; chronicles=1,1,0,1,0,0,0,0,0
chumashan,2,chumashan=2,0,2,0,0,0,0,0,0
churi,2,churi=2,0,2,0,0,0,0,0,0
ciel,2,ciel=2,0,2,0,0,0,0,0,0
cinnamon,2,cinnamon=2,0,0,0,0,2,0,0,0
circumstantial,2,circumstantial=2,1,0,0,0,1,0,0,0
circus,2,circus=1; circuses=1,2,0,0,0,0,0,0,0
civilized,2,civilized=2,0,0,0,0,2,0,0,0
cladhallan,2,cladhallan=2,0,2,0,0,0,0,0,0
clamp,2,clamped=1; clamps=1,1,0,1,0,0,0,0,0
clamshell,2,clamshells=2,2,0,0,0,0,0,0,0
clapping,2,clapping=2,2,0,0,0,0,0,0,0
clara,2,clara=2,0,2,0,0,0,0,0,0
clastic,2,clastic=2,0,0,0,0,2,0,0,0
claudio,2,claudio=2,0,2,0,0,0,0,0,0
clawed,2,clawed=2,0,0,0,0,2,0,0,0
cle,2,cling=2,0,0,2,0,0,0,0,0
cleanliness,2,cleanliness=2,2,0,0,0,0,0,0,0
clergy,2,clergy=2,2,0,0,0,0,0,0,0
clibanarius,2,clibanarius=2,0,2,0,0,0,0,0,0
clifford,2,clifford=2,0,2,0,0,0,0,0,0
climatologic,2,climatologic=2,0,0,0,0,2,0,0,0
clinician,2,clinicians=2,2,0,0,0,0,0,0,0
clive,2,clive=2,0,2,0,0,0,0,0,0
cloak,2,cloaked=2,0,0,2,0,0,0,0,0
closeness,2,closeness=2,1,1,0,0,0,0,0,0
clubs,2,clubs=2,0,2,0,0,0,0,0,0
clumsy,2,clumsy=2,0,0,0,0,2,0,0,0
cluttered,2,cluttered=2,0,0,0,0,2,0,0,0
coagulate,2,coagulates=1; coagulating=1,1,0,1,0,0,0,0,0
coalition,2,coalition=1; coalitions=1,2,0,0,0,0,0,0,0
coated,2,coated=2,0,0,0,0,2,0,0,0
cochlea,2,cochlea=2,2,0,0,0,0,0,0,0
cockroach,2,cockroaches=2,2,0,0,0,0,0,0,0
coevolutionary,2,coevolutionary=2,0,0,0,0,2,0,0,0
coevolve,2,coevolved=1; coevolving=1,0,0,2,0,0,0,0,0
coevolving,2,coevolving=2,2,0,0,0,0,0,0,0
collaboratively,2,collaboratively=2,0,0,0,0,0,2,0,0
collapsible,2,collapsible=2,0,0,0,0,2,0,0,0
collisional,2,collisional=2,0,0,0,0,2,0,0,0
colonists,2,colonists=2,0,2,0,0,0,0,0,0
colonizing,2,colonizing=2,2,0,0,0,0,0,0,0
columnist,2,columnist=2,2,0,0,0,0,0,0,0
combarelles,2,combarelles=2,0,2,0,0,0,0,0,0
combustible,2,combustible=2,0,0,0,0,2,0,0,0
coming,2,coming=1; comings=1,2,0,0,0,0,0,0,0
commence,2,commence=2,0,0,2,0,0,0,0,0
commensal,2,commensal=2,2,0,0,0,0,0,0,0
commentator,2,commentators=2,2,0,0,0,0,0,0,0
commercialism,2,commercialism=2,2,0,0,0,0,0,0,0
communicator,2,communicators=2,2,0,0,0,0,0,0,0
competing,2,competing=2,2,0,0,0,0,0,0,0
compilation,2,compilation=2,2,0,0,0,0,0,0,0
compliment,2,compliment=2,0,0,2,0,0,0,0,0
compositional,2,compositional=2,0,0,0,0,2,0,0,0
compostable,2,compostable=2,0,0,0,0,2,0,0,0
composter,2,composter=2,2,0,0,0,0,0,0,0
composting,2,composting=2,0,2,0,0,0,0,0,0
comprehensible,2,comprehensible=2,0,0,0,0,2,0,0,0
comprehensively,2,comprehensively=2,0,0,0,0,0,2,0,0
computerize,2,computerized=2,0,0,2,0,0,0,0,0
conceivable,2,conceivable=2,0,0,0,0,2,0,0,0
conceivably,2,conceivably=2,0,0,0,0,0,2,0,0
concisely,2,concisely=2,0,0,0,0,0,2,0,0
concurrently,2,concurrently=2,0,0,0,0,0,2,0,0
condenser,2,condenser=1; condensers=1,2,0,0,0,0,0,0,0
confidently,2,confidently=2,0,0,0,0,0,2,0,0
configure,2,configured=1; configuring=1,0,0,2,0,0,0,0,0
confirmed,2,confirmed=2,0,1,0,0,1,0,0,0
congested,2,congested=2,0,0,0,0,2,0,0,0
congratulate,2,congratulate=2,0,0,2,0,0,0,0,0
conkey,2,conkey=2,0,2,0,0,0,0,0,0
connectedness,2,connectedness=2,0,0,0,0,2,0,0,0
consanguineal,2,consanguineal=2,0,0,0,0,2,0,0,0
consequent,2,consequent=2,1,0,0,0,1,0,0,0
conservator,2,conservators=2,2,0,0,0,0,0,0,0
conservatory,2,conservatory=2,2,0,0,0,0,0,0,0
conspiratorial,2,conspiratorial=2,0,0,0,0,2,0,0,0
constantine,2,constantine=2,0,2,0,0,0,0,0,0
constrain,2,constrained=1; constrains=1,0,0,2,0,0,0,0,0
contagion,2,contagion=2,2,0,0,0,0,0,0,0
contender,2,contenders=2,2,0,0,0,0,0,0,0
contention,2,contention=2,2,0,0,0,0,0,0,0
contentious,2,contentious=2,0,0,0,0,2,0,0,0
contested,2,contested=2,0,0,0,0,2,0,0,0
contingency,2,contingency=2,2,0,0,0,0,0,0,0
contingent,2,contingent=2,0,0,0,0,2,0,0,0
contrive,2,contrived=2,0,0,2,0,0,0,0,0
controller,2,controllers=2,2,0,0,0,0,0,0,0
controlling,2,controlling=2,2,0,0,0,0,0,0,0
convergence,2,convergence=2,2,0,0,0,0,0,0,0
converse,2,converse=1; conversing=1,0,0,2,0,0,0,0,0
converstation,2,converstation=2,2,0,0,0,0,0,0,0
conveying,2,conveying=2,1,1,0,0,0,0,0,0
cookbook,2,cookbook=2,2,0,0,0,0,0,0,0
copernicus,2,copernicus=2,0,2,0,0,0,0,0,0
cork,2,cork=2,2,0,0,0,0,0,0,0
corkscrew,2,corkscrew=2,1,0,1,0,0,0,0,0
corrosion,2,corrosion=2,2,0,0,0,0,0,0,0
cortisol,2,cortisol=2,2,0,0,0,0,0,0,0
cortázar,2,cortázar=2,0,2,0,0,0,0,0,0
costuming,2,costuming=2,2,0,0,0,0,0,0,0
cottington,2,cottington=2,0,2,0,0,0,0,0,0
counterargument,2,counterargument=2,2,0,0,0,0,0,0,0
counterbalance,2,counterbalance=2,0,0,2,0,0,0,0,0
counterproductive,2,counterproductive=2,0,0,0,0,2,0,0,0
countershading,2,countershading=2,1,1,0,0,0,0,0,0
countries,2,countries=2,0,2,0,0,0,0,0,0
courageous,2,courageous=2,0,0,0,0,2,0,0,0
courtesy,2,courtesy=2,1,0,0,0,1,0,0,0
courtroom,2,courtrooms=2,2,0,0,0,0,0,0,0
courts,2,courts=2,0,2,0,0,0,0,0,0
cowskin,2,cowskins=2,2,0,0,0,0,0,0,0
coyoacan,2,coyoacan=2,0,2,0,0,0,0,0,0
cracking,2,cracking=2,2,0,0,0,0,0,0,0
crafter,2,crafters=2,2,0,0,0,0,0,0,0
craftsperson,2,craftsperson=2,0,0,0,0,2,0,0,0
craftwork,2,craftwork=2,1,0,1,0,0,0,0,0
cram,2,crammed=1; cramming=1,0,0,2,0,0,0,0,0
crate,2,crate=1; crating=1,0,1,1,0,0,0,0,0
cratering,2,cratering=2,2,0,0,0,0,0,0,0
created,2,created=2,0,0,0,0,2,0,0,0
creeper,2,creeper=2,2,0,0,0,0,0,0,0
cresson,2,cresson=2,0,2,0,0,0,0,0,0
crested,2,crested=2,0,0,0,0,2,0,0,0
crochet,2,crochet=1; crocheted=1,1,0,1,0,0,0,0,0
croll,2,croll=2,0,2,0,0,0,0,0,0
crossword,2,crossword=2,1,0,0,0,1,0,0,0
crucially,2,crucially=2,0,2,0,0,0,0,0,0
cryo,2,cryo=2,1,1,0,0,0,0,0,0
cryptography,2,cryptography=2,2,0,0,0,0,0,0,0
cultivators,2,cultivators=2,0,2,0,0,0,0,0,0
curlicue,2,curlicues=2,2,0,0,0,0,0,0,0
curricular,2,curricular=2,0,0,0,0,2,0,0,0
curry,2,curries=1; curry=1,1,1,0,0,0,0,0,0
curst,2,curst=2,0,0,0,0,2,0,0,0
curt,2,curt=2,0,2,0,0,0,0,0,0
curtail,2,curtail=1; curtailed=1,1,0,1,0,0,0,0,0
curtains,2,curtains=2,0,2,0,0,0,0,0,0
curvature,2,curvature=2,2,0,0,0,0,0,0,0
customarily,2,customarily=2,0,0,0,0,0,2,0,0
cutlery,2,cutlery=2,2,0,0,0,0,0,0,0
cyber,2,cyber=2,0,0,0,0,2,0,0,0
cyclades,2,cyclades=2,0,2,0,0,0,0,0,0
cyclical,2,cyclical=2,0,0,0,0,2,0,0,0
cynical,2,cynical=2,0,0,0,0,2,0,0,0
dabble,2,dabble=1; dabbling=1,0,0,2,0,0,0,0,0
dahlbomii,2,dahlbomii=2,1,1,0,0,0,0,0,0
dale,2,dale=2,0,2,0,0,0,0,0,0
dandy,2,dandy=2,0,2,0,0,0,0,0,0
danes,2,danes=2,0,2,0,0,0,0,0,0
dangle,2,dangling=2,0,0,2,0,0,0,0,0
danube,2,danube=2,0,2,0,0,0,0,0,0
daring,2,daring=2,0,0,0,0,2,0,0,0
darkest,2,darkest=2,0,1,0,0,1,0,0,0
darkly,2,darkly=2,0,0,0,0,0,2,0,0
daro,2,daro=2,0,2,0,0,0,0,0,0
daunt,2,daunting=2,0,0,2,0,0,0,0,0
dawson,2,dawson=2,0,2,0,0,0,0,0,0
dd,2,dd=2,0,2,0,0,0,0,0,0
dealership,2,dealership=2,2,0,0,0,0,0,0,0
debating,2,debating=2,2,0,0,0,0,0,0,0
debra,2,debra=2,0,2,0,0,0,0,0,0
decayed,2,decayed=2,0,0,0,0,2,0,0,0
decease,2,deceased=2,0,0,2,0,0,0,0,0
deceptively,2,deceptively=2,0,0,0,0,0,2,0,0
deciding,2,deciding=2,1,1,0,0,0,0,0,0
decorating,2,decorating=2,2,0,0,0,0,0,0,0
decorator,2,decorators=2,2,0,0,0,0,0,0,0
decoy,2,decoys=2,2,0,0,0,0,0,0,0
decreased,2,decreased=2,0,2,0,0,0,0,0,0
deductive,2,deductive=2,0,0,0,0,2,0,0,0
deepest,2,deepest=2,0,0,0,0,1,1,0,0
deepwater,2,deepwater=2,1,0,0,0,1,0,0,0
deface,2,deface=2,0,0,2,0,0,0,0,0
deficient,2,deficient=2,0,0,0,0,2,0,0,0
defining,2,defining=2,0,0,0,0,2,0,0,0
defoe,2,defoe=2,0,2,0,0,0,0,0,0
delft,2,delft=2,0,2,0,0,0,0,0,0
delineate,2,delineates=2,0,0,2,0,0,0,0,0
delphi,2,delphi=2,0,2,0,0,0,0,0,0
demarcation,2,demarcations=2,2,0,0,0,0,0,0,0
democratization,2,democratization=2,2,0,0,0,0,0,0,0
demolish,2,demolished=2,0,0,2,0,0,0,0,0
dendrobatidi,2,dendrobatidis=2,2,0,0,0,0,0,0,0
depressed,2,depressed=2,0,0,0,0,2,0,0,0
descriptions,2,descriptions=2,0,2,0,0,0,0,0,0
deserted,2,deserted=2,0,0,0,0,2,0,0,0
desiccation,2,desiccation=2,2,0,0,0,0,0,0,0
designated,2,designated=2,0,0,0,0,2,0,0,0
designers,2,designers=2,0,2,0,0,0,0,0,0
desolate,2,desolate=2,0,0,0,0,2,0,0,0
desperate,2,desperate=2,0,0,0,0,2,0,0,0
desperately,2,desperately=2,0,0,0,0,0,2,0,0
despotism,2,despotism=2,1,1,0,0,0,0,0,0
destiny,2,destiny=2,2,0,0,0,0,0,0,0
destructiveness,2,destructiveness=2,2,0,0,0,0,0,0,0
detachable,2,detachable=2,0,0,0,0,2,0,0,0
detached,2,detached=2,0,1,0,0,1,0,0,0
detective,2,detective=1; detectives=1,2,0,0,0,0,0,0,0
determinedly,2,determinedly=2,0,0,0,0,0,2,0,0
detract,2,detract=2,0,0,2,0,0,0,0,0
detriment,2,detriment=2,2,0,0,0,0,0,0,0
devastation,2,devastation=2,2,0,0,0,0,0,0,0
devised,2,devised=2,0,0,0,0,2,0,0,0
devolve,2,devolved=2,0,0,2,0,0,0,0,0
devotion,2,devotion=2,2,0,0,0,0,0,0,0
diagonal,2,diagonal=2,0,0,0,0,2,0,0,0
dial,2,dial=2,0,0,2,0,0,0,0,0
dick,2,dick=2,0,2,0,0,0,0,0,0
dickcissel,2,dickcissel=2,2,0,0,0,0,0,0,0
dignitary,2,dignitaries=2,2,0,0,0,0,0,0,0
dilapidated,2,dilapidated=2,0,0,0,0,2,0,0,0
diligence,2,diligence=2,2,0,0,0,0,0,0,0
diligently,2,diligently=2,0,0,0,0,0,2,0,0
diminished,2,diminished=2,0,0,0,0,2,0,0,0
diminishing,2,diminishing=2,0,0,0,0,2,0,0,0
dine,2,dine=2,0,0,2,0,0,0,0,0
dinnerware,2,dinnerware=2,2,0,0,0,0,0,0,0
diogene,2,diogenes=2,2,0,0,0,0,0,0,0
diplomas,2,diplomas=2,0,2,0,0,0,0,0,0
diplomat,2,diplomats=2,2,0,0,0,0,0,0,0
dipping,2,dipping=2,2,0,0,0,0,0,0,0
directed,2,directed=2,0,2,0,0,0,0,0,0
disability,2,disabilities=1; disability=1,2,0,0,0,0,0,0,0
disable,2,disabled=2,0,0,2,0,0,0,0,0
disarm,2,disarm=1; disarmed=1,0,0,2,0,0,0,0,0
discoloration,2,discoloration=2,2,0,0,0,0,0,0,0
disconnected,2,disconnected=2,0,0,0,0,2,0,0,0
discoveries,2,discoveries=2,0,2,0,0,0,0,0,0
discrimination,2,discrimination=2,2,0,0,0,0,0,0,0
disgusted,2,disgusted=2,0,1,0,0,1,0,0,0
disgusting,2,disgusting=2,0,0,0,0,2,0,0,0
dishonesty,2,dishonesty=2,2,0,0,0,0,0,0,0
dishwashing,2,dishwashing=2,2,0,0,0,0,0,0,0
disjoint,2,disjointed=2,0,0,2,0,0,0,0,0
dismay,2,dismayed=2,0,0,2,0,0,0,0,0
disorderly,2,disorderly=2,0,0,0,0,2,0,0,0
disorientation,2,disorientation=2,2,0,0,0,0,0,0,0
disparate,2,disparate=2,0,0,0,0,2,0,0,0
dispense,2,dispense=2,0,0,2,0,0,0,0,0
disproportionate,2,disproportionate=2,0,0,0,0,2,0,0,0
disreputable,2,disreputable=2,0,0,0,0,2,0,0,0
diss,2,diss=2,2,0,0,0,0,0,0,0
dissemination,2,dissemination=2,2,0,0,0,0,0,0,0
dissolution,2,dissolution=2,2,0,0,0,0,0,0,0
dissolved,2,dissolved=2,0,0,0,0,2,0,0,0
distracted,2,distracted=2,0,0,0,0,2,0,0,0
distressed,2,distressed=2,0,0,0,0,2,0,0,0
diversion,2,diversion=2,2,0,0,0,0,0,0,0
divya,2,divya=2,1,1,0,0,0,0,0,0
documenting,2,documenting=2,2,0,0,0,0,0,0,0
domesticating,2,domesticating=2,2,0,0,0,0,0,0,0
domesticator,2,domesticators=2,2,0,0,0,0,0,0,0
donor,2,donor=2,2,0,0,0,0,0,0,0
doorstep,2,doorstep=1; doorsteps=1,2,0,0,0,0,0,0,0
dormmate,2,dormmates=2,2,0,0,0,0,0,0,0
dornhaus,2,dornhaus=2,0,2,0,0,0,0,0,0
doubtless,2,doubtless=2,0,0,0,0,0,2,0,0
dough,2,dough=2,2,0,0,0,0,0,0,0
dover,2,dover=2,0,2,0,0,0,0,0,0
downey,2,downey=2,0,2,0,0,0,0,0,0
downright,2,downright=2,0,0,0,0,0,2,0,0
drafting,2,drafting=2,2,0,0,0,0,0,0,0
drafty,2,drafty=2,0,0,0,0,2,0,0,0
drank,2,drank=2,0,0,2,0,0,0,0,0
drawbacks,2,drawbacks=2,0,2,0,0,0,0,0,0
drawings,2,drawings=2,0,2,0,0,0,0,0,0
dread,2,dread=2,1,0,1,0,0,0,0,0
dreamer,2,dreamer=1; dreamers=1,2,0,0,0,0,0,0,0
dreamy,2,dreamy=2,0,0,0,0,2,0,0,0
dried,2,dried=2,0,0,0,0,2,0,0,0
drinkable,2,drinkable=2,0,0,0,0,2,0,0,0
drinks,2,drinks=2,0,2,0,0,0,0,0,0
du,2,du=2,0,0,0,0,2,0,0,0
duality,2,duality=2,2,0,0,0,0,0,0,0
dublin,2,dublin=2,0,2,0,0,0,0,0,0
duchamp,2,duchamp=2,0,2,0,0,0,0,0,0
dumpling,2,dumpling=2,0,2,0,0,0,0,0,0
dusty,2,dusty=2,0,0,0,0,2,0,0,0
dvorak,2,dvorak=2,0,2,0,0,0,0,0,0
dvořák,2,dvořák=2,0,2,0,0,0,0,0,0
dweck,2,dweck=2,0,2,0,0,0,0,0,0
dylan,2,dylan=2,0,2,0,0,0,0,0,0
dynamically,2,dynamically=2,0,0,0,0,0,2,0,0
dynamics,2,dynamics=2,0,2,0,0,0,0,0,0
dynamism,2,dynamism=2,2,0,0,0,0,0,0,0
dyson,2,dyson=2,0,2,0,0,0,0,0,0
eagerly,2,eagerly=2,0,0,0,0,0,2,0,0
earbuds,2,earbuds=2,0,2,0,0,0,0,0,0
earthenware,2,earthenware=2,2,0,0,0,0,0,0,0
earthlike,2,earthlike=2,0,2,0,0,0,0,0,0
eastman,2,eastman=2,0,2,0,0,0,0,0,0
ebony,2,ebony=2,2,0,0,0,0,0,0,0
economists,2,economists=2,0,2,0,0,0,0,0,0
ediacaran,2,ediacaran=2,0,2,0,0,0,0,0,0
edison,2,edison=2,0,2,0,0,0,0,0,0
edouard,2,edouard=2,0,2,0,0,0,0,0,0
educated,2,educated=2,0,0,0,0,2,0,0,0
edvard,2,edvard=2,0,2,0,0,0,0,0,0
edwards,2,edwards=2,0,2,0,0,0,0,0,0
effecting,2,effecting=2,2,0,0,0,0,0,0,0
eggs,2,eggs=2,1,1,0,0,0,0,0,0
egyptologists,2,egyptologists=2,0,2,0,0,0,0,0,0
eightfold,2,eightfold=2,2,0,0,0,0,0,0,0
einkorn,2,einkorn=2,0,0,2,0,0,0,0,0
ejecting,2,ejecting=2,2,0,0,0,0,0,0,0
elastic,2,elastic=2,0,0,0,0,2,0,0,0
elbow,2,elbow=2,2,0,0,0,0,0,0,0
elderly,2,elderly=2,0,0,0,0,2,0,0,0
elective,2,electives=2,2,0,0,0,0,0,0,0
electro,2,electro=2,0,1,1,0,0,0,0,0
electrode,2,electrodes=2,2,0,0,0,0,0,0,0
elegantly,2,elegantly=2,0,0,0,0,0,2,0,0
eliza,2,eliza=2,0,2,0,0,0,0,0,0
ellipse,2,ellipse=2,2,0,0,0,0,0,0,0
elongation,2,elongation=2,2,0,0,0,0,0,0,0
emanating,2,emanating=2,2,0,0,0,0,0,0,0
embank,2,embanked=2,0,0,2,0,0,0,0,0
embarrassment,2,embarrassment=2,2,0,0,0,0,0,0,0
embryos,2,embryos=2,2,0,0,0,0,0,0,0
emigration,2,emigration=2,2,0,0,0,0,0,0,0
emmer,2,emmer=2,2,0,0,0,0,0,0,0
emptiness,2,emptiness=2,0,1,0,0,1,0,0,0
enchant,2,enchanted=2,0,0,2,0,0,0,0,0
enclosed,2,enclosed=2,0,0,0,0,2,0,0,0
encoding,2,encoding=2,2,0,0,0,0,0,0,0
encouraged,2,encouraged=2,0,0,0,0,2,0,0,0
encrust,2,encrusted=2,0,0,2,0,0,0,0,0
endomycorrhizal,2,endomycorrhizal=2,2,0,0,0,0,0,0,0
endophytic,2,endophytic=2,0,0,0,0,2,0,0,0
endorphin,2,endorphins=2,2,0,0,0,0,0,0,0
endow,2,endowed=2,0,0,2,0,0,0,0,0
energetically,2,energetically=2,0,0,0,0,0,2,0,0
engineers,2,engineers=2,0,2,0,0,0,0,0,0
englanders,2,englanders=2,0,2,0,0,0,0,0,0
englischer,2,englischer=2,0,2,0,0,0,0,0,0
engulf,2,engulfed=2,0,0,2,0,0,0,0,0
enlargement,2,enlargement=1; enlargements=1,2,0,0,0,0,0,0,0
enrolling,2,enrolling=2,1,1,0,0,0,0,0,0
entirety,2,entirety=2,2,0,0,0,0,0,0,0
entoptic,2,entoptic=2,0,0,0,0,2,0,0,0
entrail,2,entrails=2,2,0,0,0,0,0,0,0
entrust,2,entrusted=2,0,0,2,0,0,0,0,0
episodically,2,episodically=2,0,0,0,0,0,2,0,0
er,2,er=2,0,1,0,0,0,0,0,1
eratosthenes,2,eratosthenes=2,0,2,0,0,0,0,0,0
ergot,2,ergot=2,1,1,0,0,0,0,0,0
erhu,2,erhu=2,2,0,0,0,0,0,0,0
eroded,2,eroded=2,0,1,0,0,1,0,0,0
erupting,2,erupting=2,2,0,0,0,0,0,0,0
erythropus,2,erythropus=2,2,0,0,0,0,0,0,0
escort,2,escort=2,0,0,2,0,0,0,0,0
eskimos,2,eskimos=2,0,2,0,0,0,0,0,0
esthetic,2,esthetic=2,0,0,0,0,2,0,0,0
estimation,2,estimation=2,2,0,0,0,0,0,0,0
estivation,2,estivation=2,2,0,0,0,0,0,0,0
estonian,2,estonian=2,0,0,0,0,2,0,0,0
etcetera,2,etcetera=2,2,0,0,0,0,0,0,0
eternal,2,eternal=2,0,0,0,0,2,0,0,0
eternally,2,eternally=2,0,0,0,0,0,2,0,0
ethicist,2,ethicists=2,2,0,0,0,0,0,0,0
ethnicity,2,ethnicity=2,2,0,0,0,0,0,0,0
eukaryotes,2,eukaryotes=2,0,2,0,0,0,0,0,0
eurasians,2,eurasians=2,0,2,0,0,0,0,0,0
eurasiatic,2,eurasiatic=2,0,2,0,0,0,0,0,0
eustrombus,2,eustrombus=2,0,2,0,0,0,0,0,0
evacuate,2,evacuate=1; evacuating=1,0,0,2,0,0,0,0,0
evacuation,2,evacuation=2,2,0,0,0,0,0,0,0
evanston,2,evanston=2,0,2,0,0,0,0,0,0
evasive,2,evasive=2,0,0,0,0,2,0,0,0
eventful,2,eventful=2,0,0,0,0,2,0,0,0
ex,2,ex=2,1,1,0,0,0,0,0,0
exactitude,2,exactitude=2,2,0,0,0,0,0,0,0
examiner,2,examiners=2,2,0,0,0,0,0,0,0
exclaim,2,exclaimed=1; exclaims=1,0,0,2,0,0,0,0,0
exclosure,2,exclosure=1; exclosures=1,2,0,0,0,0,0,0,0
exempt,2,exempt=1; exempted=1,0,0,1,0,1,0,0,0
exertion,2,exertion=2,0,2,0,0,0,0,0,0
exodus,2,exodus=2,2,0,0,0,0,0,0,0
exosystem,2,exosystem=2,2,0,0,0,0,0,0,0
exotica,2,exotica=2,0,2,0,0,0,0,0,0
expedite,2,expedited=2,0,0,2,0,0,0,0,0
explicit,2,explicit=2,0,0,0,0,2,0,0,0
exploratory,2,exploratory=2,0,0,0,0,2,0,0,0
explosively,2,explosively=2,0,0,0,0,0,2,0,0
expo,2,expo=2,0,2,0,0,0,0,0,0
exponential,2,exponential=2,0,0,0,0,2,0,0,0
expulsion,2,expulsion=2,2,0,0,0,0,0,0,0
exquisitely,2,exquisitely=2,0,0,0,0,0,2,0,0
extant,2,extant=2,0,0,0,0,2,0,0,0
externally,2,externally=2,0,0,0,0,0,2,0,0
extragalactic,2,extragalactic=2,0,0,0,0,2,0,0,0
extraneous,2,extraneous=2,0,0,0,0,2,0,0,0
extravagance,2,extravagance=2,2,0,0,0,0,0,0,0
eyeglass,2,eyeglasses=2,2,0,0,0,0,0,0,0
fabula,2,fabula=2,0,2,0,0,0,0,0,0
facinating,2,facinating=2,2,0,0,0,0,0,0,0
factories,2,factories=2,0,2,0,0,0,0,0,0
fad,2,fad=2,2,0,0,0,0,0,0,0
fading,2,fading=2,2,0,0,0,0,0,0,0
fahrenheit,2,fahrenheit=2,0,2,0,0,0,0,0,0
fanatosis,2,fanatosis=2,2,0,0,0,0,0,0,0
fang,2,fangs=2,2,0,0,0,0,0,0,0
farlow,2,farlow=2,0,2,0,0,0,0,0,0
farmwork,2,farmwork=2,2,0,0,0,0,0,0,0
faso,2,faso=2,0,2,0,0,0,0,0,0
fasting,2,fasting=2,2,0,0,0,0,0,0,0
faucet,2,faucet=1; faucets=1,2,0,0,0,0,0,0,0
fbr,2,fbr=2,2,0,0,0,0,0,0,0
featherwork,2,featherwork=2,2,0,0,0,0,0,0,0
featured,2,featured=2,0,0,0,0,2,0,0,0
federalist,2,federalist=2,1,1,0,0,0,0,0,0
fenimore,2,fenimore=2,0,2,0,0,0,0,0,0
fewer,2,fewer=2,0,2,0,0,0,0,0,0
fiberglas,2,fiberglass=2,2,0,0,0,0,0,0,0
fiercely,2,fiercely=2,0,0,0,0,0,2,0,0
fiery,2,fiery=2,0,0,0,0,2,0,0,0
figural,2,figural=2,0,0,0,0,2,0,0,0
filling,2,fillings=2,2,0,0,0,0,0,0,0
financing,2,financing=2,2,0,0,0,0,0,0,0
findings,2,findings=2,0,2,0,0,0,0,0,0
fingertip,2,fingertips=2,2,0,0,0,0,0,0,0
finishing,2,finishing=2,0,0,0,0,2,0,0,0
finite,2,finite=2,0,1,0,0,1,0,0,0
fins,2,fins=2,0,2,0,0,0,0,0,0
fireproof,2,fireproof=2,0,0,0,0,2,0,0,0
firetruck,2,firetruck=1; firetrucks=1,1,0,0,0,1,0,0,0
fishpond,2,fishponds=2,2,0,0,0,0,0,0,0
fist,2,fist=2,2,0,0,0,0,0,0,0
flagstone,2,flagstone=2,2,0,0,0,0,0,0,0
flamboyant,2,flamboyant=2,0,0,0,0,2,0,0,0
flank,2,flanking=1; flanks=1,1,0,1,0,0,0,0,0
flannery,2,flannery=2,0,2,0,0,0,0,0,0
flashing,2,flashing=2,2,0,0,0,0,0,0,0
flattened,2,flattened=2,0,0,0,0,2,0,0,0
flattering,2,flattering=2,0,0,0,0,2,0,0,0
flaunt,2,flaunt=1; flaunts=1,0,0,2,0,0,0,0,0
flavorful,2,flavorful=2,0,0,0,0,2,0,0,0
flavoring,2,flavorings=2,2,0,0,0,0,0,0,0
flawless,2,flawless=2,0,0,0,0,2,0,0,0
flaws,2,flaws=2,0,2,0,0,0,0,0,0
fleck,2,flecks=2,2,0,0,0,0,0,0,0
fledged,2,fledged=2,0,0,0,0,2,0,0,0
fleeting,2,fleeting=2,0,0,0,0,2,0,0,0
fling,2,flinging=1; flung=1,0,0,2,0,0,0,0,0
floods,2,floods=2,0,2,0,0,0,0,0,0
florin,2,florins=2,2,0,0,0,0,0,0,0
flu,2,flu=2,2,0,0,0,0,0,0,0
fluke,2,flukes=2,2,0,0,0,0,0,0,0
flyby,2,flybys=2,2,0,0,0,0,0,0,0
fo,2,fo=2,0,0,0,0,0,0,0,2
focusing,2,focusing=2,0,2,0,0,0,0,0,0
folded,2,folded=2,0,0,0,0,2,0,0,0
foothill,2,foothills=2,2,0,0,0,0,0,0,0
foothold,2,foothold=2,2,0,0,0,0,0,0,0
forceful,2,forceful=2,0,0,0,0,2,0,0,0
foregoing,2,foregoing=2,0,0,0,0,2,0,0,0
foreseeable,2,foreseeable=2,0,0,0,0,2,0,0,0
forging,2,forging=2,2,0,0,0,0,0,0,0
forms,2,forms=2,0,2,0,0,0,0,0,0
fortice,2,fortices=2,2,0,0,0,0,0,0,0
fortification,2,fortifications=2,2,0,0,0,0,0,0,0
fortis,2,fortis=2,2,0,0,0,0,0,0,0
fourfold,2,fourfold=2,0,0,0,0,2,0,0,0
framer,2,framer=2,2,0,0,0,0,0,0,0
frans,2,frans=2,0,2,0,0,0,0,0,0
frantically,2,frantically=2,0,0,0,0,0,2,0,0
franz,2,franz=2,0,2,0,0,0,0,0,0
fraud,2,fraud=2,2,0,0,0,0,0,0,0
fred,2,fred=2,0,2,0,0,0,0,0,0
freestyle,2,freestyle=2,2,0,0,0,0,0,0,0
freeway,2,freeway=2,2,0,0,0,0,0,0,0
friedman,2,friedman=2,0,2,0,0,0,0,0,0
frivolous,2,frivolous=2,0,0,0,0,2,0,0,0
ft,2,ft=2,0,2,0,0,0,0,0,0
fulfilled,2,fulfilled=2,0,0,0,0,2,0,0,0
funerary,2,funerary=2,0,0,0,0,2,0,0,0
furth,2,further=1; furthest=1,0,0,0,0,2,0,0,0
fus,2,fus=2,2,0,0,0,0,0,0,0
futurists,2,futurists=2,0,2,0,0,0,0,0,0
gadget,2,gadget=2,2,0,0,0,0,0,0,0
gado,2,gado=2,2,0,0,0,0,0,0,0
gait,2,gait=2,2,0,0,0,0,0,0,0
galapago,2,galapagos=2,2,0,0,0,0,0,0,0
gale,2,gale=2,0,2,0,0,0,0,0,0
galilee,2,galilee=2,0,2,0,0,0,0,0,0
galilei,2,galilei=2,0,2,0,0,0,0,0,0
galley,2,galley=1; galleys=1,2,0,0,0,0,0,0,0
gama,2,gama=2,0,2,0,0,0,0,0,0
gamble,2,gamble=2,0,2,0,0,0,0,0,0
gangadhar,2,gangadhar=2,0,2,0,0,0,0,0,0
gard,2,gard=2,0,2,0,0,0,0,0,0
garfield,2,garfield=2,0,2,0,0,0,0,0,0
garner,2,garnered=1; garnering=1,0,0,2,0,0,0,0,0
garten,2,garten=2,0,2,0,0,0,0,0,0
gassing,2,gassing=2,2,0,0,0,0,0,0,0
gauguin,2,gauguin=2,0,2,0,0,0,0,0,0
gawain,2,gawain=2,0,2,0,0,0,0,0,0
geek,2,geek=2,0,2,0,0,0,0,0,0
geiger,2,geiger=2,0,2,0,0,0,0,0,0
generative,2,generative=2,0,0,0,0,2,0,0,0
geneticists,2,geneticists=2,0,2,0,0,0,0,0,0
geographia,2,geographia=2,0,2,0,0,0,0,0,0
geologists,2,geologists=2,0,2,0,0,0,0,0,0
geopolitical,2,geopolitical=2,0,0,0,0,2,0,0,0
geospiza,2,geospiza=2,0,2,0,0,0,0,0,0
germinating,2,germinating=2,0,0,0,0,2,0,0,0
gifford,2,gifford=2,0,2,0,0,0,0,0,0
gigantism,2,gigantism=2,2,0,0,0,0,0,0,0
gigas,2,gigas=2,2,0,0,0,0,0,0,0
gilli,2,gilli=2,2,0,0,0,0,0,0,0
gimmick,2,gimmick=1; gimmicks=1,2,0,0,0,0,0,0,0
ginger,2,ginger=2,2,0,0,0,0,0,0,0
giver,2,giver=1; givers=1,2,0,0,0,0,0,0,0
glaciate,2,glaciated=2,0,0,2,0,0,0,0,0
glaciers,2,glaciers=2,0,2,0,0,0,0,0,0
gladly,2,gladly=2,0,0,0,0,0,2,0,0
glamorous,2,glamorous=2,0,0,0,0,2,0,0,0
glancing,2,glancing=2,1,0,0,0,1,0,0,0
glandular,2,glandular=2,0,0,0,0,2,0,0,0
glare,2,glare=2,2,0,0,0,0,0,0,0
glassblowing,2,glassblowing=2,0,2,0,0,0,0,0,0
glassmaker,2,glassmakers=2,2,0,0,0,0,0,0,0
glassy,2,glassy=2,2,0,0,0,0,0,0,0
glider,2,gliders=2,2,0,0,0,0,0,0,0
glut,2,glut=1; gluts=1,2,0,0,0,0,0,0,0
goby,2,gobies=2,2,0,0,0,0,0,0,0
goneril,2,goneril=2,0,2,0,0,0,0,0,0
google,2,google=2,0,2,0,0,0,0,0,0
gossip,2,gossip=2,2,0,0,0,0,0,0,0
grader,2,grader=1; graders=1,2,0,0,0,0,0,0,0
gradiometry,2,gradiometry=2,2,0,0,0,0,0,0,0
grandchild,2,grandchildren=2,2,0,0,0,0,0,0,0
grandson,2,grandson=1; grandsons=1,2,0,0,0,0,0,0,0
granule,2,granules=2,2,0,0,0,0,0,0,0
grayana,2,grayana=2,0,2,0,0,0,0,0,0
graylag,2,graylag=2,2,0,0,0,0,0,0,0
grazers,2,grazers=2,0,2,0,0,0,0,0,0
grebe,2,grebe=2,2,0,0,0,0,0,0,0
greenlandic,2,greenlandic=2,0,0,0,0,2,0,0,0
greenwashe,2,greenwashing=2,0,0,2,0,0,0,0,0
greenwashing,2,greenwashing=2,2,0,0,0,0,0,0,0
gregg,2,gregg=2,0,2,0,0,0,0,0,0
greyback,2,greyback=2,0,0,0,0,2,0,0,0
griffin,2,griffin=2,0,2,0,0,0,0,0,0
gross,2,gross=2,0,0,0,0,2,0,0,0
grotesque,2,grotesque=2,0,0,0,0,2,0,0,0
grotesquely,2,grotesquely=2,0,0,0,0,0,2,0,0
grounding,2,grounding=2,2,0,0,0,0,0,0,0
groundskeeper,2,groundskeeper=2,2,0,0,0,0,0,0,0
groundworm,2,groundworm=1; groundworms=1,2,0,0,0,0,0,0,0
grouse,2,grouse=2,2,0,0,0,0,0,0,0
grout,2,grout=2,0,2,0,0,0,0,0,0
grunt,2,grunts=2,2,0,0,0,0,0,0,0
guaranteed,2,guaranteed=2,0,0,0,0,2,0,0,0
guenon,2,guenons=2,2,0,0,0,0,0,0,0
guilt,2,guilt=2,2,0,0,0,0,0,0,0
gujarat,2,gujarat=2,0,2,0,0,0,0,0,0
gum,2,gum=2,2,0,0,0,0,0,0,0
gutenberg,2,gutenberg=2,0,2,0,0,0,0,0,0
gymnosperms,2,gymnosperms=2,0,2,0,0,0,0,0,0
gypsum,2,gypsum=2,2,0,0,0,0,0,0,0
haber,2,haber=2,0,2,0,0,0,0,0,0
hack,2,hack=1; hacked=1,0,1,1,0,0,0,0,0
had,2,had=2,0,0,2,0,0,0,0,0
hadrian,2,hadrian=2,0,2,0,0,0,0,0,0
hafer,2,hafer=2,0,2,0,0,0,0,0,0
halley,2,halley=2,0,2,0,0,0,0,0,0
handsome,2,handsome=2,0,0,0,0,2,0,0,0
hanger,2,hangers=2,2,0,0,0,0,0,0,0
harass,2,harassed=2,0,0,2,0,0,0,0,0
harlan,2,harlan=2,0,2,0,0,0,0,0,0
harshness,2,harshness=2,1,0,0,0,1,0,0,0
hassan,2,hassan=2,0,2,0,0,0,0,0,0
hasten,2,hasten=1; hastened=1,0,0,2,0,0,0,0,0
hasty,2,hasty=2,0,0,0,0,2,0,0,0
hawthorn,2,hawthorns=2,2,0,0,0,0,0,0,0
hayden,2,hayden=2,0,2,0,0,0,0,0,0
hayes,2,hayes=2,0,2,0,0,0,0,0,0
headache,2,headache=1; headaches=1,2,0,0,0,0,0,0,0
headboard,2,headboard=2,2,0,0,0,0,0,0,0
headbutt,2,headbutt=2,0,0,2,0,0,0,0,0
headdress,2,headdresses=2,2,0,0,0,0,0,0,0
headwater,2,headwater=2,2,0,0,0,0,0,0,0
headway,2,headway=2,2,0,0,0,0,0,0,0
healthful,2,healthful=2,0,0,0,0,2,0,0,0
healthier,2,healthier=2,2,0,0,0,0,0,0,0
heartfelt,2,heartfelt=2,0,0,0,0,2,0,0,0
hebrard,2,hebrard=2,0,2,0,0,0,0,0,0
hector,2,hector=2,0,2,0,0,0,0,0,0
hedgerow,2,hedgerows=2,1,0,1,0,0,0,0,0
hedwige,2,hedwige=2,0,2,0,0,0,0,0,0
heel,2,heel=1; heels=1,2,0,0,0,0,0,0,0
heights,2,heights=2,0,2,0,0,0,0,0,0
heinrich,2,heinrich=2,0,2,0,0,0,0,0,0
helmholtz,2,helmholtz=2,0,2,0,0,0,0,0,0
hematite,2,hematite=2,1,1,0,0,0,0,0,0
hemp,2,hemp=2,2,0,0,0,0,0,0,0
herbivory,2,herbivory=2,2,0,0,0,0,0,0,0
hesitation,2,hesitation=2,2,0,0,0,0,0,0,0
hew,2,hewed=2,0,0,2,0,0,0,0,0
hiatus,2,hiatus=2,2,0,0,0,0,0,0,0
hiccup,2,hiccup=2,2,0,0,0,0,0,0,0
hieroglyphs,2,hieroglyphs=2,0,2,0,0,0,0,0,0
highgate,2,highgate=2,0,2,0,0,0,0,0,0
hirsti,2,hirsti=2,1,1,0,0,0,0,0,0
hiss,2,hissing=2,0,0,2,0,0,0,0,0
hittite,2,hittite=2,0,2,0,0,0,0,0,0
hler,2,hler=2,2,0,0,0,0,0,0,0
ho,2,ho=2,0,2,0,0,0,0,0,0
hodge,2,hodge=2,0,2,0,0,0,0,0,0
hoffman,2,hoffman=2,0,2,0,0,0,0,0,0
hog,2,hogs=2,2,0,0,0,0,0,0,0
hokkaido,2,hokkaido=2,0,2,0,0,0,0,0,0
holden,2,holden=2,0,2,0,0,0,0,0,0
holman,2,holman=2,0,2,0,0,0,0,0,0
holography,2,holography=2,1,1,0,0,0,0,0,0
holtz,2,holtz=2,0,2,0,0,0,0,0,0
homecoming,2,homecoming=2,2,0,0,0,0,0,0,0
homegrown,2,homegrown=2,0,1,0,0,0,0,0,1
homeowners,2,homeowners=2,0,2,0,0,0,0,0,0
hone,2,hone=2,0,0,2,0,0,0,0,0
honesty,2,honesty=2,2,0,0,0,0,0,0,0
honeycomb,2,honeycomb=2,1,1,0,0,0,0,0,0
honorable,2,honorable=2,0,0,0,0,2,0,0,0
honors,2,honors=2,0,0,0,0,2,0,0,0
hood,2,hoods=2,2,0,0,0,0,0,0,0
horizons,2,horizons=2,0,2,0,0,0,0,0,0
hornless,2,hornless=2,2,0,0,0,0,0,0,0
horsepower,2,horsepower=2,1,1,0,0,0,0,0,0
horsetail,2,horsetails=2,2,0,0,0,0,0,0,0
hose,2,hose=2,2,0,0,0,0,0,0,0
hourly,2,hourly=2,0,0,0,0,2,0,0,0
housework,2,housework=2,2,0,0,0,0,0,0,0
howard,2,howard=2,0,2,0,0,0,0,0,0
hue,2,hue=1; hues=1,2,0,0,0,0,0,0,0
hug,2,hug=2,1,0,1,0,0,0,0,0
huitzilopochtli,2,huitzilopochtli=2,0,2,0,0,0,0,0,0
humankind,2,humankind=2,2,0,0,0,0,0,0,0
humidify,2,humidified=2,0,0,2,0,0,0,0,0
hump,2,hump=2,1,0,0,0,1,0,0,0
hurl,2,hurled=2,0,0,2,0,0,0,0,0
hustle,2,hustle=2,2,0,0,0,0,0,0,0
hyakutake,2,hyakutake=2,0,2,0,0,0,0,0,0
hybridization,2,hybridization=2,1,1,0,0,0,0,0,0
hydrates,2,hydrates=2,0,2,0,0,0,0,0,0
hydrocarbon,2,hydrocarbon=1; hydrocarbons=1,2,0,0,0,0,0,0,0
hydroelectricity,2,hydroelectricity=2,2,0,0,0,0,0,0,0
hydrology,2,hydrology=2,2,0,0,0,0,0,0,0
hymn,2,hymn=1; hymns=1,2,0,0,0,0,0,0,0
hypnotically,2,hypnotically=2,0,0,0,0,0,2,0,0
icaronycteris,2,icaronycteris=2,0,2,0,0,0,0,0,0
ideogram,2,ideograms=2,2,0,0,0,0,0,0,0
ideographic,2,ideographic=2,0,0,0,0,2,0,0,0
idle,2,idle=2,0,0,0,0,2,0,0,0
ignition,2,ignition=2,2,0,0,0,0,0,0,0
illegible,2,illegible=2,0,0,0,0,2,0,0,0
imaginable,2,imaginable=2,0,0,0,0,2,0,0,0
immanuel,2,immanuel=2,0,2,0,0,0,0,0,0
immersing,2,immersing=2,2,0,0,0,0,0,0,0
immoral,2,immoral=2,0,0,0,0,2,0,0,0
immortality,2,immortality=2,2,0,0,0,0,0,0,0
impel,2,impel=1; impelled=1,0,0,2,0,0,0,0,0
imperative,2,imperative=2,1,0,0,0,1,0,0,0
impersonally,2,impersonally=2,0,0,0,0,0,2,0,0
implicate,2,implicate=1; implicated=1,0,0,2,0,0,0,0,0
imported,2,imported=2,0,1,0,0,1,0,0,0
impossibly,2,impossibly=2,0,0,0,0,0,2,0,0
impost,2,imposter=2,0,0,0,0,2,0,0,0
impostor,2,impostor=2,2,0,0,0,0,0,0,0
improperly,2,improperly=2,0,0,0,0,0,2,0,0
improv,2,improv=2,1,0,1,0,0,0,0,0
impulsivity,2,impulsivity=2,2,0,0,0,0,0,0,0
inaccessibility,2,inaccessibility=2,2,0,0,0,0,0,0,0
inactivate,2,inactivates=2,0,0,2,0,0,0,0,0
inanna,2,inanna=2,0,2,0,0,0,0,0,0
inaugurate,2,inaugurated=1; inaugurating=1,0,0,2,0,0,0,0,0
inauthentic,2,inauthentic=2,0,0,0,0,2,0,0,0
inception,2,inception=2,2,0,0,0,0,0,0,0
incise,2,incised=2,0,0,2,0,0,0,0,0
inclined,2,inclined=2,0,0,0,0,2,0,0,0
incompatible,2,incompatible=2,0,0,0,0,2,0,0,0
incomprehensible,2,incomprehensible=2,0,0,2,0,0,0,0,0
inconsiderate,2,inconsiderate=2,0,0,0,0,2,0,0,0
indiana,2,indiana=2,0,2,0,0,0,0,0,0
indic,2,indic=2,0,0,0,0,2,0,0,0
indigestible,2,indigestible=2,0,0,0,0,2,0,0,0
indiscriminately,2,indiscriminately=2,0,0,0,0,0,2,0,0
indisputably,2,indisputably=2,0,0,0,0,0,2,0,0
indistinguishable,2,indistinguishable=2,0,0,0,0,2,0,0,0
indulge,2,indulge=1; indulging=1,0,0,2,0,0,0,0,0
inescapable,2,inescapable=2,0,0,0,0,2,0,0,0
inexact,2,inexact=2,0,0,0,0,2,0,0,0
inexhaustible,2,inexhaustible=2,0,0,0,0,2,0,0,0
inf,2,infest=2,0,0,0,0,2,0,0,0
infested,2,infested=2,0,0,0,0,2,0,0,0
inflated,2,inflated=2,0,0,0,0,2,0,0,0
inflect,2,inflected=2,0,0,2,0,0,0,0,0
inflict,2,inflict=1; inflicted=1,0,0,2,0,0,0,0,0
inflow,2,inflow=2,2,0,0,0,0,0,0,0
infrare,2,infrared=2,0,0,2,0,0,0,0,0
infrequent,2,infrequent=2,0,0,0,0,2,0,0,0
ing,2,ing=2,2,0,0,0,0,0,0,0
inhabitable,2,inhabitable=2,0,0,0,0,2,0,0,0
inhale,2,inhales=1; inhaling=1,0,0,2,0,0,0,0,0
innkeepers,2,innkeepers=2,0,2,0,0,0,0,0,0
insatiable,2,insatiable=2,0,0,0,0,2,0,0,0
insectivorous,2,insectivorous=2,0,0,0,0,2,0,0,0
insights,2,insights=2,0,2,0,0,0,0,0,0
insistence,2,insistence=2,2,0,0,0,0,0,0,0
insofar,2,insofar=2,0,0,0,0,0,2,0,0
inspired,2,inspired=2,0,2,0,0,0,0,0,0
instantaneous,2,instantaneous=2,0,0,0,0,2,0,0,0
institutionalize,2,institutionalized=2,0,0,2,0,0,0,0,0
instruments,2,instruments=2,0,2,0,0,0,0,0,0
insulator,2,insulator=2,2,0,0,0,0,0,0,0
insulin,2,insulin=2,1,1,0,0,0,0,0,0
insurmountable,2,insurmountable=2,0,0,0,0,2,0,0,0
intelligible,2,intelligible=2,0,0,0,0,2,0,0,0
interbreeding,2,interbreeding=2,1,1,0,0,0,0,0,0
interchangeably,2,interchangeably=2,0,0,0,0,0,2,0,0
interface,2,interface=2,2,0,0,0,0,0,0,0
intergenerational,2,intergenerational=2,0,0,0,0,2,0,0,0
internships,2,internships=2,0,2,0,0,0,0,0,0
interstellar,2,interstellar=2,0,0,0,0,2,0,0,0
intragenerational,2,intragenerational=2,0,0,0,0,2,0,0,0
intricacy,2,intricacies=1; intricacy=1,2,0,0,0,0,0,0,0
intriguingly,2,intriguingly=2,0,1,0,0,0,1,0,0
intrusive,2,intrusive=2,0,0,0,0,2,0,0,0
intuitively,2,intuitively=2,0,0,0,0,0,2,0,0
inuits,2,inuits=2,0,2,0,0,0,0,0,0
invalidate,2,invalidate=2,0,0,2,0,0,0,0,0
investors,2,investors=2,0,2,0,0,0,0,0,0
irreducibly,2,irreducibly=2,0,0,0,0,0,2,0,0
irreparable,2,irreparable=2,0,0,0,0,2,0,0,0
irritate,2,irritated=2,0,0,2,0,0,0,0,0
islam,2,islam=2,0,2,0,0,0,0,0,0
isosmotic,2,isosmotic=2,0,0,0,0,2,0,0,0
iss,2,iss=2,0,2,0,0,0,0,0,0
issuance,2,issuance=2,2,0,0,0,0,0,0,0
iteration,2,iteration=1; iterations=1,2,0,0,0,0,0,0,0
ith,2,ith=2,0,1,0,0,0,0,0,1
jacobs,2,jacobs=2,0,2,0,0,0,0,0,0
jacobus,2,jacobus=2,0,2,0,0,0,0,0,0
jake,2,jake=2,1,1,0,0,0,0,0,0
jamaica,2,jamaica=2,0,2,0,0,0,0,0,0
japetus,2,japetus=2,0,2,0,0,0,0,0,0
jass,2,jass=2,0,2,0,0,0,0,0,0
jealous,2,jealous=2,0,0,0,0,2,0,0,0
jericho,2,jericho=2,0,2,0,0,0,0,0,0
jerk,2,jerk=2,2,0,0,0,0,0,0,0
jerky,2,jerky=2,0,0,0,0,2,0,0,0
jesus,2,jesus=2,0,2,0,0,0,0,0,0
jo,2,jo=2,0,2,0,0,0,0,0,0
johann,2,johann=2,0,2,0,0,0,0,0,0
josh,2,josh=2,0,2,0,0,0,0,0,0
jot,2,jot=2,0,0,2,0,0,0,0,0
journeyman,2,journeymen=2,2,0,0,0,0,0,0,0
joyce,2,joyce=2,0,2,0,0,0,0,0,0
joyfully,2,joyfully=2,0,0,0,0,0,2,0,0
juicy,2,juicier=1; juicy=1,0,0,0,0,2,0,0,0
jukeboxes,2,jukeboxes=2,0,2,0,0,0,0,0,0
julien,2,julien=2,0,2,0,0,0,0,0,0
junco,2,junco=2,1,1,0,0,0,0,0,0
jurors,2,jurors=2,0,2,0,0,0,0,0,0
jus,2,jus=2,1,1,0,0,0,0,0,0
justinian,2,justinian=2,0,2,0,0,0,0,0,0
justly,2,justly=2,0,0,0,0,0,2,0,0
jut,2,jut=1; juts=1,0,1,1,0,0,0,0,0
jéricho,2,jéricho=2,0,2,0,0,0,0,0,0
kamchatka,2,kamchatka=2,0,2,0,0,0,0,0,0
kara,2,kara=2,0,2,0,0,0,0,0,0
karaindash,2,karaindash=2,0,2,0,0,0,0,0,0
karel,2,karel=2,0,2,0,0,0,0,0,0
karman,2,karman=2,0,2,0,0,0,0,0,0
karst,2,karst=2,0,0,0,0,2,0,0,0
kashmir,2,kashmir=2,0,2,0,0,0,0,0,0
kazaks,2,kazaks=2,0,2,0,0,0,0,0,0
kemel,2,kemels=2,2,0,0,0,0,0,0,0
kettle,2,kettle=2,1,1,0,0,0,0,0,0
keys,2,keys=2,0,2,0,0,0,0,0,0
keyword,2,keywords=2,2,0,0,0,0,0,0,0
kidnap,2,kidnapped=1; kidnapping=1,0,0,2,0,0,0,0,0
killer,2,killer=2,2,0,0,0,0,0,0,0
kindred,2,kindred=2,0,2,0,0,0,0,0,0
knack,2,knack=2,2,0,0,0,0,0,0,0
kniss,2,kniss=2,1,1,0,0,0,0,0,0
knitted,2,knitted=2,0,0,0,0,2,0,0,0
knitter,2,knitter=1; knitters=1,2,0,0,0,0,0,0,0
knob,2,knobs=2,2,0,0,0,0,0,0,0
knoll,2,knoll=2,0,2,0,0,0,0,0,0
kodak,2,kodak=2,0,2,0,0,0,0,0,0
konrad,2,konrad=2,0,2,0,0,0,0,0,0
korean,2,korean=2,0,0,0,0,2,0,0,0
kouro,2,kouros=2,2,0,0,0,0,0,0,0
kouroi,2,kouroi=2,2,0,0,0,0,0,0,0
krafla,2,krafla=2,0,2,0,0,0,0,0,0
krebs,2,krebs=2,0,2,0,0,0,0,0,0
krz,2,krz=2,0,2,0,0,0,0,0,0
kung,2,kung=2,0,2,0,0,0,0,0,0
kyle,2,kyle=2,0,2,0,0,0,0,0,0
kyushu,2,kyushu=2,0,2,0,0,0,0,0,0
laboratories,2,laboratories=2,0,2,0,0,0,0,0,0
lac,2,lac=2,0,2,0,0,0,0,0,0
lace,2,lace=2,2,0,0,0,0,0,0,0
lacquered,2,lacquered=2,0,0,0,0,2,0,0,0
lactose,2,lactose=2,2,0,0,0,0,0,0,0
laevis,2,laevis=2,2,0,0,0,0,0,0,0
laker,2,laker=2,0,2,0,0,0,0,0,0
landformation,2,landformations=2,2,0,0,0,0,0,0,0
landless,2,landless=2,1,0,0,0,1,0,0,0
landscapes,2,landscapes=2,0,2,0,0,0,0,0,0
langen,2,langen=2,0,2,0,0,0,0,0,0
lapita,2,lapita=2,0,2,0,0,0,0,0,0
larkhaven,2,larkhaven=2,0,2,0,0,0,0,0,0
lasagna,2,lasagna=2,1,1,0,0,0,0,0,0
laurel,2,laurel=2,0,2,0,0,0,0,0,0
lawmaker,2,lawmakers=2,2,0,0,0,0,0,0,0
lax,2,lax=2,0,0,0,0,2,0,0,0
lazare,2,lazare=2,0,2,0,0,0,0,0,0
laziness,2,laziness=2,2,0,0,0,0,0,0,0
leafminer,2,leafminer=1; leafminers=1,2,0,0,0,0,0,0,0
leafworm,2,leafworm=2,0,2,0,0,0,0,0,0
leah,2,leah=2,1,1,0,0,0,0,0,0
leasehold,2,leasehold=2,2,0,0,0,0,0,0,0
leatherleaf,2,leatherleaf=2,2,0,0,0,0,0,0,0
leaves,2,leaves=2,0,2,0,0,0,0,0,0
lectures,2,lectures=2,0,2,0,0,0,0,0,0
ledger,2,ledger=2,2,0,0,0,0,0,0,0
legality,2,legality=2,2,0,0,0,0,0,0,0
legendary,2,legendary=2,0,0,0,0,2,0,0,0
legible,2,legible=2,0,0,0,0,2,0,0,0
legislator,2,legislator=1; legislators=1,2,0,0,0,0,0,0,0
leland,2,leland=2,0,2,0,0,0,0,0,0
lemon,2,lemon=2,2,0,0,0,0,0,0,0
len,2,lens=2,2,0,0,0,0,0,0,0
lense,2,lensing=2,0,0,2,0,0,0,0,0
leonardos,2,leonardos=2,0,2,0,0,0,0,0,0
lepidoptera,2,lepidoptera=2,1,1,0,0,0,0,0,0
leslie,2,leslie=2,0,2,0,0,0,0,0,0
leucothoe,2,leucothoe=2,0,2,0,0,0,0,0,0
leveling,2,leveling=2,2,0,0,0,0,0,0,0
liaison,2,liaison=2,2,0,0,0,0,0,0,0
libya,2,libya=2,0,2,0,0,0,0,0,0
lichens,2,lichens=2,0,2,0,0,0,0,0,0
lifecycle,2,lifecycle=2,2,0,0,0,0,0,0,0
lifeless,2,lifeless=2,0,0,0,0,2,0,0,0
lighter,2,lighter=2,0,0,0,0,0,2,0,0
lighthouse,2,lighthouses=2,2,0,0,0,0,0,0,0
lightly,2,lightly=2,0,0,0,0,0,2,0,0
likable,2,likable=2,0,0,0,0,2,0,0,0
likeness,2,likeness=1; likenesses=1,2,0,0,0,0,0,0,0
limbless,2,limbless=2,2,0,0,0,0,0,0,0
limitte,2,limitting=2,0,0,2,0,0,0,0,0
limnephilid,2,limnephilid=2,0,0,0,0,2,0,0,0
lin,2,lin=2,0,2,0,0,0,0,0,0
linen,2,linen=2,2,0,0,0,0,0,0,0
linguistics,2,linguistics=2,0,2,0,0,0,0,0,0
lint,2,lint=2,2,0,0,0,0,0,0,0
lipstick,2,lipstick=2,2,0,0,0,0,0,0,0
liquor,2,liquor=2,2,0,0,0,0,0,0,0
lit,2,lit=2,0,2,0,0,0,0,0,0
livable,2,livable=2,0,0,0,0,2,0,0,0
livery,2,livery=2,0,2,0,0,0,0,0,0
llamas,2,llamas=2,0,2,0,0,0,0,0,0
lloyd,2,lloyd=2,0,2,0,0,0,0,0,0
loaded,2,loaded=2,0,0,0,0,2,0,0,0
loading,2,loading=2,2,0,0,0,0,0,0,0
loam,2,loam=2,1,1,0,0,0,0,0,0
localization,2,localization=2,2,0,0,0,0,0,0,0
locational,2,locational=2,0,0,0,0,2,0,0,0
loess,2,loess=2,2,0,0,0,0,0,0,0
logogram,2,logograms=2,2,0,0,0,0,0,0,0
lombards,2,lombards=2,0,2,0,0,0,0,0,0
lonely,2,lonely=2,0,0,0,0,2,0,0,0
loot,2,looted=2,0,0,2,0,0,0,0,0
lorne,2,lorne=2,0,2,0,0,0,0,0,0
loser,2,losers=2,2,0,0,0,0,0,0,0
louisiana,2,louisiana=2,0,2,0,0,0,0,0,0
louisville,2,louisville=2,0,2,0,0,0,0,0,0
lousy,2,lousy=2,0,0,0,0,2,0,0,0
lowe,2,lowe=2,0,2,0,0,0,0,0,0
lowermost,2,lowermost=2,2,0,0,0,0,0,0,0
lreland,2,lreland=2,1,1,0,0,0,0,0,0
lron,2,lron=2,2,0,0,0,0,0,0,0
ltm,2,ltm=2,0,2,0,0,0,0,0,0
lu,2,lu=2,0,2,0,0,0,0,0,0
lucas,2,lucas=2,0,2,0,0,0,0,0,0
luggage,2,luggage=2,2,0,0,0,0,0,0,0
lunge,2,lunge=2,1,0,1,0,0,0,0,0
lycopod,2,lycopods=2,2,0,0,0,0,0,0,0
lyrical,2,lyrical=2,0,0,0,0,2,0,0,0
macquarie,2,macquarie=2,0,2,0,0,0,0,0,0
macrosystem,2,macrosystem=2,2,0,0,0,0,0,0,0
mad,2,mad=2,0,0,0,0,2,0,0,0
madonna,2,madonna=2,0,2,0,0,0,0,0,0
magellan,2,magellan=2,0,2,0,0,0,0,0,0
magnetization,2,magnetization=2,2,0,0,0,0,0,0,0
magnification,2,magnification=2,2,0,0,0,0,0,0,0
magnon,2,magnon=2,0,2,0,0,0,0,0,0
magnons,2,magnons=2,0,2,0,0,0,0,0,0
mainframe,2,mainframes=2,2,0,0,0,0,0,0,0
males,2,males=2,0,2,0,0,0,0,0,0
mallory,2,mallory=2,0,2,0,0,0,0,0,0
malnutrition,2,malnutrition=2,2,0,0,0,0,0,0,0
managers,2,managers=2,0,2,0,0,0,0,0,0
maneuverable,2,maneuverable=2,0,0,0,0,2,0,0,0
manicure,2,manicured=2,0,0,2,0,0,0,0,0
manifestation,2,manifestation=1; manifestations=1,2,0,0,0,0,0,0,0
manmade,2,manmade=2,1,0,1,0,0,0,0,0
mantra,2,mantra=2,2,0,0,0,0,0,0,0
manufacturers,2,manufacturers=2,0,2,0,0,0,0,0,0
mapmaking,2,mapmaking=2,2,0,0,0,0,0,0,0
marbled,2,marbled=2,0,0,0,0,2,0,0,0
marcos,2,marcos=2,0,2,0,0,0,0,0,0
marcy,2,marcy=2,0,2,0,0,0,0,0,0
marginalize,2,marginalized=2,0,0,2,0,0,0,0,0
marina,2,marina=2,0,2,0,0,0,0,0,0
marisol,2,marisol=2,0,2,0,0,0,0,0,0
marketability,2,marketability=2,2,0,0,0,0,0,0,0
marlene,2,marlene=2,0,2,0,0,0,0,0,0
marshland,2,marshlands=2,2,0,0,0,0,0,0,0
marvelous,2,marvelous=2,0,0,0,0,2,0,0,0
marx,2,marx=2,0,2,0,0,0,0,0,0
masse,2,masse=2,1,1,0,0,0,0,0,0
masterful,2,masterful=2,0,0,0,0,2,0,0,0
mastodon,2,mastodons=2,2,0,0,0,0,0,0,0
matched,2,matched=2,0,0,0,0,2,0,0,0
materialism,2,materialism=2,2,0,0,0,0,0,0,0
materialize,2,materialize=1; materialized=1,0,0,2,0,0,0,0,0
matinee,2,matinee=2,2,0,0,0,0,0,0,0
matsutake,2,matsutake=2,1,1,0,0,0,0,0,0
mayfly,2,mayflies=2,2,0,0,0,0,0,0,0
mboa,2,mboa=2,2,0,0,0,0,0,0,0
mccance,2,mccance=2,0,2,0,0,0,0,0,0
mcculloch,2,mcculloch=2,0,2,0,0,0,0,0,0
meaningfully,2,meaningfully=2,0,0,0,0,0,2,0,0
mechanicsburg,2,mechanicsburg=2,0,2,0,0,0,0,0,0
mechanize,2,mechanized=1; mechanizing=1,0,0,2,0,0,0,0,0
medici,2,medici=2,0,2,0,0,0,0,0,0
meg,2,meg=2,0,2,0,0,0,0,0,0
meganeura,2,meganeura=2,0,2,0,0,0,0,0,0
meiji,2,meiji=2,0,2,0,0,0,0,0,0
mentorship,2,mentorship=2,2,0,0,0,0,0,0,0
mercantilism,2,mercantilism=2,2,0,0,0,0,0,0,0
mercator,2,mercator=2,0,2,0,0,0,0,0,0
merging,2,merging=2,2,0,0,0,0,0,0,0
merimee,2,merimee=2,0,2,0,0,0,0,0,0
meroë,2,meroë=2,0,2,0,0,0,0,0,0
merry,2,merry=2,0,1,0,0,1,0,0,0
mesmerize,2,mesmerizing=2,0,0,2,0,0,0,0,0
met,2,met=2,2,0,0,0,0,0,0,0
meta,2,meta=2,0,0,0,0,2,0,0,0
metalworke,2,metalworking=2,0,0,2,0,0,0,0,0
metamorphism,2,metamorphism=2,1,1,0,0,0,0,0,0
metamorphose,2,metamorphosed=1; metamorphosing=1,0,0,2,0,0,0,0,0
meteoric,2,meteoric=2,0,0,0,0,2,0,0,0
metre,2,metre=1; metres=1,2,0,0,0,0,0,0,0
microbes,2,microbes=2,0,2,0,0,0,0,0,0
microbiology,2,microbiology=2,2,0,0,0,0,0,0,0
microdiamond,2,microdiamonds=2,2,0,0,0,0,0,0,0
microgravity,2,microgravity=2,2,0,0,0,0,0,0,0
microtransponder,2,microtransponders=2,2,0,0,0,0,0,0,0
midlatitude,2,midlatitude=2,1,0,0,0,1,0,0,0
midst,2,midst=2,2,0,0,0,0,0,0,0
midwater,2,midwater=2,2,0,0,0,0,0,0,0
midway,2,midway=2,0,0,0,0,0,2,0,0
miguel,2,miguel=2,0,2,0,0,0,0,0,0
milkweed,2,milkweed=2,1,0,0,0,1,0,0,0
millardet,2,millardet=2,0,2,0,0,0,0,0,0
milliliter,2,milliliters=2,2,0,0,0,0,0,0,0
millipede,2,millipede=2,2,0,0,0,0,0,0,0
milos,2,milos=2,0,2,0,0,0,0,0,0
milton,2,milton=2,0,2,0,0,0,0,0,0
mindlessly,2,mindlessly=2,0,0,0,0,0,2,0,0
minerals,2,minerals=2,0,2,0,0,0,0,0,0
mingle,2,mingle=1; mingled=1,0,0,1,0,1,0,0,0
mini,2,mini=2,1,0,0,0,1,0,0,0
minuscule,2,minuscule=2,0,0,0,0,2,0,0,0
miracle,2,miracle=1; miracles=1,2,0,0,0,0,0,0,0
miraculous,2,miraculous=2,0,0,0,0,2,0,0,0
miró,2,miró=2,0,2,0,0,0,0,0,0
miscalculate,2,miscalculated=2,0,0,2,0,0,0,0,0
miscommunication,2,miscommunication=2,2,0,0,0,0,0,0,0
misguide,2,misguided=2,0,0,2,0,0,0,0,0
misguided,2,misguided=2,0,0,0,0,2,0,0,0
misidentifie,2,misidentified=2,0,0,2,0,0,0,0,0
misinterpretation,2,misinterpretation=2,2,0,0,0,0,0,0,0
mismanagement,2,mismanagement=2,2,0,0,0,0,0,0,0
mismatched,2,mismatched=2,0,0,0,0,2,0,0,0
misordering,2,misorderings=2,2,0,0,0,0,0,0,0
mite,2,mites=2,2,0,0,0,0,0,0,0
mitman,2,mitman=2,0,2,0,0,0,0,0,0
mm,2,mm=2,0,2,0,0,0,0,0,0
moana,2,moana=2,0,2,0,0,0,0,0,0
moby,2,moby=2,0,2,0,0,0,0,0,0
moche,2,moche=2,0,2,0,0,0,0,0,0
modeled,2,modeled=2,0,0,0,0,2,0,0,0
mofs,2,mofs=2,0,2,0,0,0,0,0,0
mohenjo,2,mohenjo=2,0,2,0,0,0,0,0,0
mohicans,2,mohicans=2,0,2,0,0,0,0,0,0
momentous,2,momentous=2,0,0,0,0,2,0,0,0
monastery,2,monasteries=2,2,0,0,0,0,0,0,0
monica,2,monica=2,0,2,0,0,0,0,0,0
montgomery,2,montgomery=2,0,2,0,0,0,0,0,0
moons,2,moons=2,0,2,0,0,0,0,0,0
mooring,2,mooring=2,2,0,0,0,0,0,0,0
moorish,2,moorish=2,0,2,0,0,0,0,0,0
moors,2,moors=2,0,2,0,0,0,0,0,0
mop,2,mop=2,0,0,2,0,0,0,0,0
morgue,2,morgues=2,2,0,0,0,0,0,0,0
morin,2,morin=2,0,2,0,0,0,0,0,0
mormon,2,mormon=2,0,2,0,0,0,0,0,0
morphologically,2,morphologically=2,0,0,0,0,0,2,0,0
morphology,2,morphology=2,2,0,0,0,0,0,0,0
morrisville,2,morrisville=2,0,2,0,0,0,0,0,0
mosi,2,mosi=2,2,0,0,0,0,0,0,0
motecuhzoma,2,motecuhzoma=2,0,2,0,0,0,0,0,0
motherese,2,motherese=2,0,0,0,0,2,0,0,0
motive,2,motive=2,2,0,0,0,0,0,0,0
motorcycle,2,motorcycle=1; motorcycles=1,2,0,0,0,0,0,0,0
motorist,2,motorist=1; motorists=1,2,0,0,0,0,0,0,0
motorized,2,motorized=2,0,0,0,0,2,0,0,0
mousse,2,mousse=2,1,1,0,0,0,0,0,0
mph,2,mph=2,2,0,0,0,0,0,0,0
mucus,2,mucus=2,2,0,0,0,0,0,0,0
multiage,2,multiage=2,2,0,0,0,0,0,0,0
multifactorial,2,multifactorial=2,0,0,0,0,2,0,0,0
multiplication,2,multiplication=2,2,0,0,0,0,0,0,0
multisensory,2,multisensory=2,1,0,0,0,1,0,0,0
muromachi,2,muromachi=2,0,2,0,0,0,0,0,0
muscovy,2,muscovy=2,0,2,0,0,0,0,0,0
musket,2,musket=1; muskets=1,2,0,0,0,0,0,0,0
muster,2,muster=2,0,0,2,0,0,0,0,0
mute,2,mute=1; muted=1,0,0,1,0,1,0,0,0
mvp,2,mvp=2,0,2,0,0,0,0,0,0
mysteries,2,mysteries=2,0,2,0,0,0,0,0,0
mystical,2,mystical=2,0,0,0,0,2,0,0,0
müller,2,müller=2,0,2,0,0,0,0,0,0
nada,2,nada=2,0,2,0,0,0,0,0,0
nah,2,nah=2,0,2,0,0,0,0,0,0
nappweed,2,nappweed=2,2,0,0,0,0,0,0,0
narrowly,2,narrowly=2,0,0,0,0,0,2,0,0
nasty,2,nasty=2,0,0,0,0,2,0,0,0
nationalistic,2,nationalistic=2,0,0,0,0,2,0,0,0
nationally,2,nationally=2,0,0,0,0,0,2,0,0
naturwissenschaften,2,naturwissenschaften=2,0,2,0,0,0,0,0,0
nautical,2,nautical=2,0,0,0,0,2,0,0,0
nautilus,2,nautilus=2,0,0,0,0,2,0,0,0
nave,2,nave=2,1,0,1,0,0,0,0,0
naxos,2,naxos=2,0,2,0,0,0,0,0,0
nearer,2,nearer=2,0,0,2,0,0,0,0,0
nearness,2,nearness=2,2,0,0,0,0,0,0,0
needed,2,needed=2,0,0,0,0,2,0,0,0
needless,2,needless=2,0,0,0,0,2,0,0,0
neighbourhood,2,neighbourhood=2,2,0,0,0,0,0,0,0
nepal,2,nepal=2,0,2,0,0,0,0,0,0
nephews,2,nephews=2,2,0,0,0,0,0,0,0
neuf,2,neuf=2,0,2,0,0,0,0,0,0
neuromuscular,2,neuromuscular=2,0,0,0,0,2,0,0,0
neuroscientist,2,neuroscientist=1; neuroscientists=1,2,0,0,0,0,0,0,0
newer,2,newer=2,0,2,0,0,0,0,0,0
newfound,2,newfound=2,0,0,0,0,2,0,0,0
newfoundland,2,newfoundland=2,0,2,0,0,0,0,0,0
nguyen,2,nguyen=2,0,2,0,0,0,0,0,0
niacin,2,niacin=2,0,2,0,0,0,0,0,0
niccolo,2,niccolo=2,0,2,0,0,0,0,0,0
nickelodeons,2,nickelodeons=2,0,2,0,0,0,0,0,0
nickname,2,nickname=2,2,0,0,0,0,0,0,0
nicole,2,nicole=2,0,2,0,0,0,0,0,0
nigerian,2,nigerian=2,0,0,0,0,2,0,0,0
nightclub,2,nightclubs=2,2,0,0,0,0,0,0,0
nightly,2,nightly=2,0,0,0,0,1,1,0,0
nilo,2,nilo=2,0,0,0,0,2,0,0,0
ninety,2,ninety=2,0,0,0,0,0,0,0,2
nissen,2,nissen=2,0,2,0,0,0,0,0,0
noah,2,noah=2,0,2,0,0,0,0,0,0
nobles,2,nobles=2,0,1,0,0,1,0,0,0
noisily,2,noisily=2,0,0,0,0,0,2,0,0
nominalist,2,nominalist=2,2,0,0,0,0,0,0,0
nomura,2,nomura=2,0,2,0,0,0,0,0,0
nonbiological,2,nonbiological=2,0,0,0,0,2,0,0,0
nonbreeding,2,nonbreeding=2,2,0,0,0,0,0,0,0
noncontact,2,noncontact=2,0,1,0,0,1,0,0,0
noncrystalline,2,noncrystalline=2,2,0,0,0,0,0,0,0
nondomesticate,2,nondomesticated=2,0,0,2,0,0,0,0,0
nonfarme,2,nonfarming=2,0,0,2,0,0,0,0,0
nonhuman,2,nonhuman=2,0,0,0,0,2,0,0,0
nonjudgmental,2,nonjudgmental=2,0,0,0,0,2,0,0,0
nonliving,2,nonliving=2,2,0,0,0,0,0,0,0
nonmarine,2,nonmarine=2,1,0,0,0,1,0,0,0
nonmetallic,2,nonmetallic=2,0,1,0,0,1,0,0,0
nonparticipant,2,nonparticipants=2,2,0,0,0,0,0,0,0
nonpastoral,2,nonpastoral=2,0,0,0,0,2,0,0,0
nonreproducible,2,nonreproducible=2,0,0,0,0,2,0,0,0
nonresidential,2,nonresidential=2,0,0,0,0,2,0,0,0
nontarget,2,nontarget=2,2,0,0,0,0,0,0,0
nordgren,2,nordgren=2,0,2,0,0,0,0,0,0
nordjyllands,2,nordjyllands=2,0,2,0,0,0,0,0,0
normalize,2,normalize=2,0,0,2,0,0,0,0,0
normans,2,normans=2,0,2,0,0,0,0,0,0
northerly,2,northerly=2,0,0,0,0,2,0,0,0
noun,2,noun=2,0,2,0,0,0,0,0,0
nozzle,2,nozzles=2,2,0,0,0,0,0,0,0
nsangu,2,nsangu=2,0,2,0,0,0,0,0,0
nubian,2,nubian=2,0,0,0,0,2,0,0,0
numeral,2,numerals=2,2,0,0,0,0,0,0,0
nurturing,2,nurturing=2,2,0,0,0,0,0,0,0
nutcracker,2,nutcrackers=2,2,0,0,0,0,0,0,0
nuthatch,2,nuthatches=2,2,0,0,0,0,0,0,0
nutritionally,2,nutritionally=2,0,0,0,0,0,2,0,0
nutshell,2,nutshell=2,2,0,0,0,0,0,0,0
nuzi,2,nuzi=2,0,2,0,0,0,0,0,0
nymph,2,nymphs=2,2,0,0,0,0,0,0,0
oare,2,oared=2,0,0,2,0,0,0,0,0
obedience,2,obedience=2,2,0,0,0,0,0,0,0
obliquity,2,obliquity=2,2,0,0,0,0,0,0,0
obliterate,2,obliterated=2,0,0,2,0,0,0,0,0
observers,2,observers=2,0,2,0,0,0,0,0,0
obstruction,2,obstructions=2,2,0,0,0,0,0,0,0
oca,2,oca=2,1,1,0,0,0,0,0,0
octopuses,2,octopuses=2,0,2,0,0,0,0,0,0
odysseus,2,odysseus=2,0,2,0,0,0,0,0,0
oftentime,2,oftentimes=2,2,0,0,0,0,0,0,0
ogorzelec,2,ogorzelec=2,0,2,0,0,0,0,0,0
ointment,2,ointment=1; ointments=1,2,0,0,0,0,0,0,0
oleic,2,oleic=2,0,0,0,0,2,0,0,0
olf,2,olf=2,0,0,0,0,0,1,0,1
omelet,2,omelet=1; omelets=1,2,0,0,0,0,0,0,0
onsite,2,onsite=2,0,0,0,0,2,0,0,0
ontario,2,ontario=2,0,2,0,0,0,0,0,0
ophicieide,2,ophicieide=2,2,0,0,0,0,0,0,0
opportunism,2,opportunism=2,2,0,0,0,0,0,0,0
opportunistic,2,opportunistic=2,0,0,0,0,2,0,0,0
opticks,2,opticks=2,0,2,0,0,0,0,0,0
optimism,2,optimism=2,2,0,0,0,0,0,0,0
ora,2,ora=2,0,2,0,0,0,0,0,0
orality,2,orality=2,1,1,0,0,0,0,0,0
ordeal,2,ordeal=2,2,0,0,0,0,0,0,0
organise,2,organise=1; organised=1,0,0,2,0,0,0,0,0
organochlorine,2,organochlorine=2,1,1,0,0,0,0,0,0
organophosphate,2,organophosphate=2,2,0,0,0,0,0,0,0
oriental,2,oriental=2,0,0,0,0,2,0,0,0
originator,2,originator=2,2,0,0,0,0,0,0,0
origins,2,origins=2,0,2,0,0,0,0,0,0
orkney,2,orkney=2,0,2,0,0,0,0,0,0
ortelus,2,ortelus=2,0,2,0,0,0,0,0,0
os,2,os=2,0,0,0,0,1,1,0,0
osbourne,2,osbourne=2,0,2,0,0,0,0,0,0
osprey,2,osprey=1; ospreys=1,1,1,0,0,0,0,0,0
osteoporosis,2,osteoporosis=2,2,0,0,0,0,0,0,0
ostracod,2,ostracods=2,2,0,0,0,0,0,0,0
othe,2,othe=2,0,0,0,0,0,0,0,2
outrun,2,outran=1; outrun=1,0,0,2,0,0,0,0,0
outspoken,2,outspoken=2,0,0,0,0,2,0,0,0
outstrip,2,outstripped=2,0,0,2,0,0,0,0,0
outwit,2,outwit=1; outwitted=1,1,0,1,0,0,0,0,0
overconsumption,2,overconsumption=2,2,0,0,0,0,0,0,0
overcorrection,2,overcorrections=2,2,0,0,0,0,0,0,0
overdependence,2,overdependence=2,2,0,0,0,0,0,0,0
overestimated,2,overestimated=2,0,0,0,0,2,0,0,0
overgrow,2,overgrown=2,0,0,2,0,0,0,0,0
overgrown,2,overgrown=2,0,0,0,0,2,0,0,0
overgrowth,2,overgrowth=1; overgrowths=1,2,0,0,0,0,0,0,0
overheard,2,overheard=2,0,0,2,0,0,0,0,0
overjustification,2,overjustification=2,2,0,0,0,0,0,0,0
overlay,2,overlay=1; overlays=1,1,0,1,0,0,0,0,0
overpass,2,overpass=1; overpasses=1,2,0,0,0,0,0,0,0
overpopulated,2,overpopulated=2,0,0,0,0,2,0,0,0
overpower,2,overpowers=2,2,0,0,0,0,0,0,0
overreach,2,overreach=2,2,0,0,0,0,0,0,0
overreact,2,overreact=2,0,0,2,0,0,0,0,0
oversimplification,2,oversimplification=2,2,0,0,0,0,0,0,0
overwinter,2,overwinter=1; overwinters=1,2,0,0,0,0,0,0,0
overwintering,2,overwintering=2,2,0,0,0,0,0,0,0
ovoid,2,ovoids=2,2,0,0,0,0,0,0,0
oyapok,2,oyapok=2,0,2,0,0,0,0,0,0
packhorse,2,packhorse=2,2,0,0,0,0,0,0,0
paintings,2,paintings=2,0,2,0,0,0,0,0,0
paired,2,paired=2,0,0,0,0,2,0,0,0
pairing,2,pairing=1; pairings=1,2,0,0,0,0,0,0,0
pakistan,2,pakistan=2,0,2,0,0,0,0,0,0
palagi,2,palagi=2,0,2,0,0,0,0,0,0
pallet,2,pallet=2,2,0,0,0,0,0,0,0
palmanova,2,palmanova=2,0,2,0,0,0,0,0,0
palsas,2,palsas=2,0,2,0,0,0,0,0,0
paltry,2,paltry=2,2,0,0,0,0,0,0,0
pancreatic,2,pancreatic=2,0,0,0,0,2,0,0,0
panels,2,panels=2,0,2,0,0,0,0,0,0
panoramic,2,panoramic=2,0,0,0,0,2,0,0,0
panther,2,panthers=2,2,0,0,0,0,0,0,0
pantry,2,pantry=2,2,0,0,0,0,0,0,0
paradigm,2,paradigm=2,2,0,0,0,0,0,0,0
parasitize,2,parasitizes=2,0,0,2,0,0,0,0,0
paros,2,paros=2,0,2,0,0,0,0,0,0
parrotlets,2,parrotlets=2,0,2,0,0,0,0,0,0
partake,2,partake=2,0,0,2,0,0,0,0,0
parthenon,2,parthenon=2,0,2,0,0,0,0,0,0
partridge,2,partridges=2,2,0,0,0,0,0,0,0
pasaj,2,pasaj=2,0,2,0,0,0,0,0,0
passages,2,passages=2,0,2,0,0,0,0,0,0
passersby,2,passersby=2,1,0,0,0,1,0,0,0
pastime,2,pastime=1; pastimes=1,2,0,0,0,0,0,0,0
pastoralists,2,pastoralists=2,0,2,0,0,0,0,0,0
patagonia,2,patagonia=2,0,2,0,0,0,0,0,0
pathogenic,2,pathogenic=2,0,0,0,0,2,0,0,0
patiently,2,patiently=2,0,0,0,0,0,2,0,0
patrilineal,2,patrilineal=2,0,0,0,0,2,0,0,0
patronize,2,patronized=1; patronizing=1,0,0,2,0,0,0,0,0
patterns,2,patterns=2,0,2,0,0,0,0,0,0
paucity,2,paucity=2,2,0,0,0,0,0,0,0
pavilion,2,pavilion=2,1,1,0,0,0,0,0,0
peale,2,peale=2,0,2,0,0,0,0,0,0
pearce,2,pearce=2,0,2,0,0,0,0,0,0
pearson,2,pearson=2,0,2,0,0,0,0,0,0
peddler,2,peddlers=2,2,0,0,0,0,0,0,0
pedigree,2,pedigree=2,2,0,0,0,0,0,0,0
peloponnese,2,peloponnese=2,0,2,0,0,0,0,0,0
pelt,2,pelted=1; pelts=1,1,0,1,0,0,0,0,0
penchant,2,penchant=2,1,0,0,0,1,0,0,0
pennsbury,2,pennsbury=2,0,2,0,0,0,0,0,0
pension,2,pension=1; pensions=1,2,0,0,0,0,0,0,0
pentaradial,2,pentaradial=2,1,0,0,0,1,0,0,0
perforation,2,perforation=1; perforations=1,2,0,0,0,0,0,0,0
perfume,2,perfume=1; perfumes=1,2,0,0,0,0,0,0,0
perimeter,2,perimeter=1; perimeters=1,2,0,0,0,0,0,0,0
periods,2,periods=2,0,2,0,0,0,0,0,0
periphery,2,periphery=2,2,0,0,0,0,0,0,0
permeable,2,permeable=2,0,0,0,0,2,0,0,0
permeate,2,permeated=2,0,0,2,0,0,0,0,0
permissible,2,permissible=2,0,0,0,0,2,0,0,0
pero,2,pero=2,1,1,0,0,0,0,0,0
perot,2,perot=2,1,1,0,0,0,0,0,0
perpetually,2,perpetually=2,0,0,0,0,0,2,0,0
persecution,2,persecution=2,2,0,0,0,0,0,0,0
persuasively,2,persuasively=2,0,0,0,0,0,2,0,0
perturb,2,perturbed=2,0,0,2,0,0,0,0,0
peterborough,2,peterborough=2,0,2,0,0,0,0,0,0
petersburg,2,petersburg=2,0,2,0,0,0,0,0,0
petrarch,2,petrarch=2,0,2,0,0,0,0,0,0
petrochirus,2,petrochirus=2,0,2,0,0,0,0,0,0
petrol,2,petrol=2,2,0,0,0,0,0,0,0
philanthropist,2,philanthropist=2,2,0,0,0,0,0,0,0
philippine,2,philippine=2,0,1,0,0,1,0,0,0
photoperiodism,2,photoperiodism=2,2,0,0,0,0,0,0,0
photosynthetically,2,photosynthetically=2,0,0,0,0,0,2,0,0
phototropism,2,phototropism=2,2,0,0,0,0,0,0,0
phylum,2,phylum=2,2,0,0,0,0,0,0,0
pickup,2,pickup=2,2,0,0,0,0,0,0,0
piero,2,piero=2,0,2,0,0,0,0,0,0
piety,2,piety=2,2,0,0,0,0,0,0,0
piezoelectric,2,piezoelectric=2,0,0,0,0,2,0,0,0
pilfering,2,pilfering=2,2,0,0,0,0,0,0,0
pill,2,pills=2,2,0,0,0,0,0,0,0
pinch,2,pinched=2,0,0,2,0,0,0,0,0
pinniped,2,pinnipeds=2,2,0,0,0,0,0,0,0
pinta,2,pinta=2,0,2,0,0,0,0,0,0
pipa,2,pipa=2,2,0,0,0,0,0,0,0
pity,2,pity=2,2,0,0,0,0,0,0,0
plainly,2,plainly=2,0,0,0,0,0,2,0,0
planets,2,planets=2,0,2,0,0,0,0,0,0
planktonic,2,planktonic=2,0,0,0,0,2,0,0,0
plans,2,plans=2,0,2,0,0,0,0,0,0
plantlike,2,plantlike=2,1,0,0,0,1,0,0,0
plastics,2,plastics=2,0,2,0,0,0,0,0,0
plaver,2,plavers=2,2,0,0,0,0,0,0,0
playful,2,playful=2,0,0,0,0,2,0,0,0
pleasurable,2,pleasurable=2,0,0,0,0,2,0,0,0
plebeian,2,plebeians=2,2,0,0,0,0,0,0,0
pliocene,2,pliocene=2,0,2,0,0,0,0,0,0
plum,2,plum=2,0,2,0,0,0,0,0,0
plumber,2,plumber=1; plumbers=1,2,0,0,0,0,0,0,0
plummet,2,plummeted=1; plummeting=1,0,0,2,0,0,0,0,0
plunging,2,plunging=2,2,0,0,0,0,0,0,0
plural,2,plural=2,0,0,0,0,2,0,0,0
poise,2,poised=2,0,0,2,0,0,0,0,0
politics,2,politics=2,0,2,0,0,0,0,0,0
polling,2,polling=2,2,0,0,0,0,0,0,0
polychrome,2,polychrome=2,2,0,0,0,0,0,0,0
polygyny,2,polygyny=2,0,2,0,0,0,0,0,0
polynyas,2,polynyas=2,0,2,0,0,0,0,0,0
pong,2,pong=2,0,2,0,0,0,0,0,0
poorwill,2,poorwill=1; poorwills=1,2,0,0,0,0,0,0,0
poplar,2,poplar=2,0,2,0,0,0,0,0,0
poppea,2,poppea=2,0,2,0,0,0,0,0,0
porcupine,2,porcupine=2,0,2,0,0,0,0,0,0
pores,2,pores=2,0,2,0,0,0,0,0,0
porpoise,2,porpoises=2,2,0,0,0,0,0,0,0
portico,2,portico=2,2,0,0,0,0,0,0,0
poseidonius,2,poseidonius=2,0,2,0,0,0,0,0,0
positron,2,positron=2,1,1,0,0,0,0,0,0
postglacial,2,postglacial=2,1,0,0,0,1,0,0,0
postimpressionism,2,postimpressionism=2,0,2,0,0,0,0,0,0
postindustrial,2,postindustrial=2,0,0,0,0,2,0,0,0
pots,2,pots=2,0,2,0,0,0,0,0,0
potsherd,2,potsherds=2,2,0,0,0,0,0,0,0
pounce,2,pouncing=2,0,0,2,0,0,0,0,0
ppm,2,ppm=2,1,1,0,0,0,0,0,0
practiced,2,practiced=2,0,0,0,0,2,0,0,0
practise,2,practised=2,0,0,2,0,0,0,0,0
preapprove,2,preapprove=1; preapproved=1,0,0,2,0,0,0,0,0
preblocke,2,preblocking=2,0,0,2,0,0,0,0,0
precalculus,2,precalculus=2,0,1,0,0,1,0,0,0
precarity,2,precarity=2,2,0,0,0,0,0,0,0
precedence,2,precedence=2,2,0,0,0,0,0,0,0
precession,2,precession=2,2,0,0,0,0,0,0,0
preclassical,2,preclassical=2,0,0,0,0,2,0,0,0
preconceived,2,preconceived=2,0,0,0,0,2,0,0,0
predictor,2,predictor=1; predictors=1,2,0,0,0,0,0,0,0
predomesticated,2,predomesticated=2,0,0,0,0,2,0,0,0
preform,2,preformed=2,0,0,2,0,0,0,0,0
prehensile,2,prehensile=2,1,0,0,0,1,0,0,0
prejudice,2,prejudices=2,2,0,0,0,0,0,0,0
premature,2,premature=2,0,0,0,0,2,0,0,0
prematurely,2,prematurely=2,0,0,0,0,0,2,0,0
preoccupy,2,preoccupied=2,0,0,2,0,0,0,0,0
prepackage,2,prepackaged=2,0,0,2,0,0,0,0,0
preplanne,2,preplanned=1; preplanning=1,0,0,2,0,0,0,0,0
preprogramme,2,preprogrammed=2,0,0,2,0,0,0,0,0
prerecord,2,prerecorded=2,0,0,2,0,0,0,0,0
prerogative,2,prerogative=2,2,0,0,0,0,0,0,0
presentations,2,presentations=2,0,2,0,0,0,0,0,0
pressed,2,pressed=2,0,0,0,0,2,0,0,0
pressured,2,pressured=2,0,1,0,0,1,0,0,0
pressurized,2,pressurized=2,0,0,0,0,2,0,0,0
preventable,2,preventable=2,1,0,0,0,1,0,0,0
preventative,2,preventative=2,0,0,0,0,2,0,0,0
preventing,2,preventing=2,2,0,0,0,0,0,0,0
preverbal,2,preverbal=2,0,0,0,0,2,0,0,0
priestly,2,priestly=2,0,0,0,0,0,2,0,0
primogeniture,2,primogeniture=2,2,0,0,0,0,0,0,0
princesa,2,princesa=2,0,2,0,0,0,0,0,0
principally,2,principally=2,0,0,0,0,0,2,0,0
principe,2,principes=2,2,0,0,0,0,0,0,0
prison,2,prison=1; prisons=1,2,0,0,0,0,0,0,0
privateer,2,privateers=2,2,0,0,0,0,0,0,0
probate,2,probate=2,2,0,0,0,0,0,0,0
procedures,2,procedures=2,0,2,0,0,0,0,0,0
procession,2,procession=2,2,0,0,0,0,0,0,0
products,2,products=2,0,2,0,0,0,0,0,0
professionalism,2,professionalism=2,2,0,0,0,0,0,0,0
profitability,2,profitability=2,2,0,0,0,0,0,0,0
promissory,2,promissory=2,0,0,0,0,2,0,0,0
propell,2,propeller=2,0,0,0,0,2,0,0,0
propertied,2,propertied=2,0,0,0,0,2,0,0,0
propriety,2,propriety=2,2,0,0,0,0,0,0,0
prose,2,prose=2,1,0,0,0,1,0,0,0
prosthetics,2,prosthetics=2,0,2,0,0,0,0,0,0
proteins,2,proteins=2,0,2,0,0,0,0,0,0
protoaxis,2,protoaxis=2,1,1,0,0,0,0,0,0
protostellar,2,protostellar=2,0,0,0,0,2,0,0,0
protozoa,2,protozoa=2,2,0,0,0,0,0,0,0
provence,2,provence=2,0,2,0,0,0,0,0,0
providence,2,providence=2,0,2,0,0,0,0,0,0
provinciality,2,provinciality=2,2,0,0,0,0,0,0,0
provocative,2,provocative=2,0,0,0,0,2,0,0,0
proximal,2,proximal=2,0,0,0,0,2,0,0,0
prune,2,pruned=1; pruning=1,0,0,2,0,0,0,0,0
prussian,2,prussian=2,0,0,0,0,2,0,0,0
psittacines,2,psittacines=2,0,2,0,0,0,0,0,0
psychoanalysis,2,psychoanalysis=2,2,0,0,0,0,0,0,0
psychoanalytic,2,psychoanalytic=2,0,1,0,0,1,0,0,0
ptarmigan,2,ptarmigans=2,2,0,0,0,0,0,0,0
pteropodidae,2,pteropodidae=2,1,1,0,0,0,0,0,0
ptolemaic,2,ptolemaic=2,0,0,0,0,2,0,0,0
pulling,2,pulling=2,2,0,0,0,0,0,0,0
punch,2,punch=1; punched=1,1,0,1,0,0,0,0,0
punic,2,punic=2,0,2,0,0,0,0,0,0
punk,2,punk=2,2,0,0,0,0,0,0,0
pup,2,pup=2,1,0,1,0,0,0,0,0
pupa,2,pupa=2,0,0,0,0,2,0,0,0
purist,2,purist=2,2,0,0,0,0,0,0,0
purport,2,purport=1; purported=1,1,0,1,0,0,0,0,0
purposeful,2,purposeful=2,0,0,0,0,2,0,0,0
pushing,2,pushing=2,2,0,0,0,0,0,0,0
pvc,2,pvc=2,0,2,0,0,0,0,0,0
pyrenees,2,pyrenees=2,0,2,0,0,0,0,0,0
pythias,2,pythias=2,0,2,0,0,0,0,0,0
qanat,2,qanats=2,2,0,0,0,0,0,0,0
quadruple,2,quadruple=2,0,1,1,0,0,0,0,0
quail,2,quail=2,1,0,1,0,0,0,0,0
quantification,2,quantification=2,2,0,0,0,0,0,0,0
quaternary,2,quaternary=2,0,2,0,0,0,0,0,0
quayle,2,quayle=2,0,2,0,0,0,0,0,0
quench,2,quenched=1; quenching=1,0,0,2,0,0,0,0,0
query,2,queries=1; query=1,2,0,0,0,0,0,0,0
quille,2,quille=2,0,2,0,0,0,0,0,0
quintessential,2,quintessential=2,0,0,0,0,2,0,0,0
quotient,2,quotient=2,0,2,0,0,0,0,0,0
racing,2,racing=2,2,0,0,0,0,0,0,0
rake,2,rake=1; rakes=1,1,0,1,0,0,0,0,0
raleigh,2,raleigh=2,0,1,0,0,1,0,0,0
raoul,2,raoul=2,0,2,0,0,0,0,0,0
raphia,2,raphia=2,1,1,0,0,0,0,0,0
rapport,2,rapport=2,2,0,0,0,0,0,0,0
rash,2,rash=1; rashes=1,1,0,0,0,1,0,0,0
rationalize,2,rationalize=1; rationalizing=1,0,0,2,0,0,0,0,0
rattle,2,rattles=2,2,0,0,0,0,0,0,0
rave,2,rave=1; raved=1,1,0,1,0,0,0,0,0
rc,2,rc=2,0,2,0,0,0,0,0,0
reactivity,2,reactivity=2,2,0,0,0,0,0,0,0
readability,2,readability=2,2,0,0,0,0,0,0,0
realise,2,realise=1; realised=1,0,0,2,0,0,0,0,0
reappearance,2,reappearance=2,2,0,0,0,0,0,0,0
reassuring,2,reassuring=2,0,0,0,0,2,0,0,0
rebuilding,2,rebuilding=2,2,0,0,0,0,0,0,0
receiving,2,receiving=2,2,0,0,0,0,0,0,0
receptacle,2,receptacle=1; receptacles=1,2,0,0,0,0,0,0,0
recessional,2,recessional=2,0,0,0,0,2,0,0,0
reciprocate,2,reciprocate=2,0,0,2,0,0,0,0,0
recklessness,2,recklessness=2,2,0,0,0,0,0,0,0
reclaim,2,reclaim=1; reclaimed=1,0,0,2,0,0,0,0,0
reclassify,2,reclassify=1; reclassifying=1,0,0,2,0,0,0,0,0
recognizably,2,recognizably=2,0,0,0,0,0,2,0,0
recollection,2,recollection=2,2,0,0,0,0,0,0,0
recolonization,2,recolonization=2,2,0,0,0,0,0,0,0
recommended,2,recommended=2,0,0,0,0,2,0,0,0
recordings,2,recordings=2,0,2,0,0,0,0,0,0
recordkeeping,2,recordkeeping=2,2,0,0,0,0,0,0,0
recruiter,2,recruiters=2,2,0,0,0,0,0,0,0
rectify,2,rectify=2,0,0,2,0,0,0,0,0
redeposit,2,redeposited=2,0,0,2,0,0,0,0,0
redo,2,redo=2,0,0,2,0,0,0,0,0
redundant,2,redundant=2,0,0,0,0,2,0,0,0
redwood,2,redwood=2,2,0,0,0,0,0,0,0
reenact,2,reenacted=2,0,0,2,0,0,0,0,0
refining,2,refining=2,2,0,0,0,0,0,0,0
reflexively,2,reflexively=2,0,0,0,0,0,2,0,0
reflexivity,2,reflexivity=2,2,0,0,0,0,0,0,0
reforest,2,reforest=1; reforesting=1,0,0,2,0,0,0,0,0
refrain,2,refrain=2,0,0,2,0,0,0,0,0
refreezing,2,refreezing=2,2,0,0,0,0,0,0,0
refreshments,2,refreshments=2,0,2,0,0,0,0,0,0
refusal,2,refusal=2,2,0,0,0,0,0,0,0
regents,2,regents=2,0,2,0,0,0,0,0,0
regimen,2,regimens=2,2,0,0,0,0,0,0,0
regionally,2,regionally=2,0,0,0,0,0,2,0,0
regrettably,2,regrettably=2,0,0,0,0,0,2,0,0
regroup,2,regroup=2,0,0,2,0,0,0,0,0
regulating,2,regulating=2,2,0,0,0,0,0,0,0
regulatory,2,regulatory=2,0,0,0,0,2,0,0,0
rehearsing,2,rehearsing=2,1,1,0,0,0,0,0,0
reissue,2,reissued=2,0,0,2,0,0,0,0,0
rejuvenate,2,rejuvenate=1; rejuvenating=1,0,0,2,0,0,0,0,0
relatable,2,relatable=2,0,0,0,0,2,0,0,0
relativism,2,relativism=2,2,0,0,0,0,0,0,0
remodeled,2,remodeled=2,0,0,0,0,2,0,0,0
renovated,2,renovated=2,0,0,0,0,2,0,0,0
repaving,2,repaving=2,2,0,0,0,0,0,0,0
repay,2,repaid=2,0,0,2,0,0,0,0,0
repercussion,2,repercussions=2,2,0,0,0,0,0,0,0
replenishment,2,replenishment=2,2,0,0,0,0,0,0,0
replicated,2,replicated=2,0,0,0,0,2,0,0,0
replication,2,replication=2,2,0,0,0,0,0,0,0
reposition,2,reposition=2,0,0,2,0,0,0,0,0
repulse,2,repulsed=2,0,0,2,0,0,0,0,0
reputable,2,reputable=2,0,0,0,0,2,0,0,0
requests,2,requests=2,0,2,0,0,0,0,0,0
requisition,2,requisition=2,0,0,2,0,0,0,0,0
reseed,2,reseed=1; reseeded=1,0,0,2,0,0,0,0,0
reshore,2,reshored=1; reshoring=1,0,0,2,0,0,0,0,0
reshoring,2,reshoring=2,1,0,0,0,1,0,0,0
resign,2,resigned=1; resigning=1,0,0,2,0,0,0,0,0
respectable,2,respectable=2,0,0,0,0,2,0,0,0
responsiveness,2,responsiveness=2,2,0,0,0,0,0,0,0
resprout,2,resprout=1; resprouts=1,0,0,2,0,0,0,0,0
restage,2,restage=1; restaged=1,0,0,2,0,0,0,0,0
restrain,2,restrain=2,0,0,2,0,0,0,0,0
restrained,2,restrained=2,0,0,0,0,2,0,0,0
retaliation,2,retaliation=2,2,0,0,0,0,0,0,0
retelling,2,retelling=2,2,0,0,0,0,0,0,0
retired,2,retired=2,0,0,0,0,2,0,0,0
retold,2,retold=2,0,0,1,0,1,0,0,0
retrieval,2,retrieval=2,2,0,0,0,0,0,0,0
reunite,2,reunite=1; reunited=1,0,0,2,0,0,0,0,0
reverence,2,reverence=2,2,0,0,0,0,0,0,0
revers,2,reverses=2,2,0,0,0,0,0,0,0
revised,2,revised=2,0,0,0,0,2,0,0,0
reynolds,2,reynolds=2,0,2,0,0,0,0,0,0
rhetorical,2,rhetorical=2,0,0,0,0,2,0,0,0
rhynie,2,rhynie=2,0,2,0,0,0,0,0,0
rhyniognatha,2,rhyniognatha=2,0,2,0,0,0,0,0,0
rican,2,rican=2,0,0,0,0,2,0,0,0
rickman,2,rickman=2,0,2,0,0,0,0,0,0
riddle,2,riddle=1; riddled=1,1,0,1,0,0,0,0,0
ridicule,2,ridicule=1; ridiculed=1,0,0,2,0,0,0,0,0
rightful,2,rightful=2,0,0,0,0,2,0,0,0
rightly,2,rightly=2,0,0,0,0,0,2,0,0
rigidity,2,rigidity=2,2,0,0,0,0,0,0,0
ripeness,2,ripeness=2,2,0,0,0,0,0,0,0
riverine,2,riverine=2,2,0,0,0,0,0,0,0
rivet,2,rivets=2,2,0,0,0,0,0,0,0
robotics,2,robotics=2,0,2,0,0,0,0,0,0
rockefeller,2,rockefeller=2,0,2,0,0,0,0,0,0
rockwell,2,rockwell=2,0,2,0,0,0,0,0,0
rohde,2,rohde=2,0,2,0,0,0,0,0,0
rolling,2,rolling=2,0,0,0,0,2,0,0,0
romanticism,2,romanticism=2,2,0,0,0,0,0,0,0
romanticized,2,romanticized=2,0,0,0,0,2,0,0,0
rongo,2,rongo=2,0,2,0,0,0,0,0,0
roomy,2,roomier=1; roomy=1,1,0,0,0,1,0,0,0
rooster,2,roosters=2,2,0,0,0,0,0,0,0
rosemary,2,rosemary=2,0,2,0,0,0,0,0,0
rosette,2,rosettes=2,2,0,0,0,0,0,0,0
rotating,2,rotating=2,2,0,0,0,0,0,0,0
roth,2,roth=2,0,2,0,0,0,0,0,0
rotunda,2,rotunda=2,2,0,0,0,0,0,0,0
roundworm,2,roundworm=1; roundworms=1,2,0,0,0,0,0,0,0
rowancourt,2,rowancourt=2,0,2,0,0,0,0,0,0
rowing,2,rowing=2,2,0,0,0,0,0,0,0
ruby,2,rubies=1; ruby=1,2,0,0,0,0,0,0,0
rudolf,2,rudolf=2,0,2,0,0,0,0,0,0
ruiz,2,ruiz=2,0,2,0,0,0,0,0,0
rumble,2,rumbling=2,0,0,2,0,0,0,0,0
rumbling,2,rumbling=2,0,2,0,0,0,0,0,0
ruthlessly,2,ruthlessly=2,0,0,1,0,0,1,0,0
saber,2,saber=2,2,0,0,0,0,0,0,0
sacral,2,sacral=2,0,0,0,0,2,0,0,0
sagas,2,sagas=2,2,0,0,0,0,0,0,0
sailors,2,sailors=2,0,2,0,0,0,0,0,0
salamanders,2,salamanders=2,0,2,0,0,0,0,0,0
salinas,2,salinas=2,0,2,0,0,0,0,0,0
saltiness,2,saltiness=2,2,0,0,0,0,0,0,0
samples,2,samples=2,0,2,0,0,0,0,0,0
sander,2,sanders=2,2,0,0,0,0,0,0,0
sanitize,2,sanitize=1; sanitizing=1,0,0,2,0,0,0,0,0
sao,2,sao=2,0,2,0,0,0,0,0,0
sarcastically,2,sarcastically=2,0,0,0,0,0,2,0,0
satire,2,satire=1; satires=1,2,0,0,0,0,0,0,0
satisfactorily,2,satisfactorily=2,0,0,0,0,0,2,0,0
saul,2,saul=2,0,2,0,0,0,0,0,0
sauna,2,sauna=1; saunas=1,2,0,0,0,0,0,0,0
savor,2,savor=2,0,0,2,0,0,0,0,0
sawwan,2,sawwan=2,0,2,0,0,0,0,0,0
saxophone,2,saxophone=2,2,0,0,0,0,0,0,0
sba,2,sba=2,1,1,0,0,0,0,0,0
scab,2,scab=2,2,0,0,0,0,0,0,0
scabrinode,2,scabrinodes=2,2,0,0,0,0,0,0,0
scaping,2,scaping=2,2,0,0,0,0,0,0,0
scarcer,2,scarcer=2,2,0,0,0,0,0,0,0
scenes,2,scenes=2,0,2,0,0,0,0,0,0
scenting,2,scenting=2,1,1,0,0,0,0,0,0
schoolchildren,2,schoolchildren=2,2,0,0,0,0,0,0,0
scorching,2,scorching=2,1,0,0,0,1,0,0,0
scratchpad,2,scratchpad=2,1,1,0,0,0,0,0,0
screenwriting,2,screenwriting=2,1,0,0,0,1,0,0,0
scrolls,2,scrolls=2,0,2,0,0,0,0,0,0
sculptures,2,sculptures=2,0,2,0,0,0,0,0,0
scythe,2,scythe=2,2,0,0,0,0,0,0,0
seacoast,2,seacoast=1; seacoasts=1,1,0,0,0,1,0,0,0
seamless,2,seamless=2,0,0,0,0,2,0,0,0
seascape,2,seascapes=2,2,0,0,0,0,0,0,0
seashore,2,seashore=2,2,0,0,0,0,0,0,0
seaway,2,seaways=2,2,0,0,0,0,0,0,0
secretive,2,secretive=2,0,0,0,0,2,0,0,0
seeding,2,seeding=2,2,0,0,0,0,0,0,0
seedle,2,seedling=2,0,0,2,0,0,0,0,0
seeker,2,seekers=2,2,0,0,0,0,0,0,0
seghal,2,seghal=2,0,2,0,0,0,0,0,0
segmentation,2,segmentation=2,2,0,0,0,0,0,0,0
segregation,2,segregation=2,2,0,0,0,0,0,0,0
semifinishe,2,semifinished=2,0,0,2,0,0,0,0,0
semifinished,2,semifinished=2,0,0,0,0,2,0,0,0
seminal,2,seminal=2,0,0,0,0,2,0,0,0
seminars,2,seminars=2,0,2,0,0,0,0,0,0
seminary,2,seminary=2,0,1,0,0,1,0,0,0
semiskille,2,semiskilled=2,0,0,2,0,0,0,0,0
semiskilled,2,semiskilled=2,0,0,0,0,2,0,0,0
semitic,2,semitic=2,0,2,0,0,0,0,0,0
sensuality,2,sensuality=2,2,0,0,0,0,0,0,0
sequester,2,sequester=1; sequestered=1,0,0,2,0,0,0,0,0
sequoia,2,sequoia=2,1,1,0,0,0,0,0,0
serena,2,serena=2,0,2,0,0,0,0,0,0
sericulture,2,sericulture=2,1,1,0,0,0,0,0,0
serviceable,2,serviceable=2,0,0,0,0,2,0,0,0
servitude,2,servitude=2,2,0,0,0,0,0,0,0
settlements,2,settlements=2,0,2,0,0,0,0,0,0
shag,2,shags=2,2,0,0,0,0,0,0,0
shakespearean,2,shakespearean=2,0,0,0,0,2,0,0,0
shakespeares,2,shakespeares=2,0,2,0,0,0,0,0,0
shamanistic,2,shamanistic=2,0,0,0,0,2,0,0,0
shana,2,shana=2,0,2,0,0,0,0,0,0
shang,2,shang=2,0,2,0,0,0,0,0,0
shapes,2,shapes=2,0,2,0,0,0,0,0,0
shaping,2,shaping=2,2,0,0,0,0,0,0,0
sharon,2,sharon=2,0,2,0,0,0,0,0,0
sharpness,2,sharpness=2,2,0,0,0,0,0,0,0
shasta,2,shasta=2,0,2,0,0,0,0,0,0
shedding,2,shedding=2,2,0,0,0,0,0,0,0
shelled,2,shelled=2,0,0,0,0,2,0,0,0
sheridan,2,sheridan=2,0,2,0,0,0,0,0,0
shielding,2,shielding=2,2,0,0,0,0,0,0,0
shipbuilder,2,shipbuilders=2,2,0,0,0,0,0,0,0
shoestring,2,shoestring=2,2,0,0,0,0,0,0,0
shutter,2,shutter=2,2,0,0,0,0,0,0,0
sickly,2,sickly=2,1,0,0,0,1,0,0,0
sided,2,sided=2,0,0,0,0,2,0,0,0
sidetrack,2,sidetracked=2,0,0,2,0,0,0,0,0
sightseeing,2,sightseeing=2,2,0,0,0,0,0,0,0
silchester,2,silchester=2,0,2,0,0,0,0,0,0
silently,2,silently=2,0,0,0,0,0,2,0,0
silurian,2,silurian=2,0,0,0,0,2,0,0,0
simplifie,2,simplifies=2,2,0,0,0,0,0,0,0
sin,2,sin=1; sins=1,2,0,0,0,0,0,0,0
sincerity,2,sincerity=2,2,0,0,0,0,0,0,0
sippar,2,sippar=2,0,2,0,0,0,0,0,0
sisley,2,sisley=2,0,2,0,0,0,0,0,0
sites,2,sites=2,0,2,0,0,0,0,0,0
situations,2,situations=2,0,2,0,0,0,0,0,0
sizeable,2,sizeable=2,0,0,0,0,2,0,0,0
skara,2,skara=2,0,2,0,0,0,0,0,0
skene,2,skene=2,2,0,0,0,0,0,0,0
sketchbook,2,sketchbook=2,2,0,0,0,0,0,0,0
sketchy,2,sketchy=2,0,0,0,0,2,0,0,0
skilful,2,skilful=2,0,0,0,0,2,0,0,0
skimming,2,skimming=2,1,1,0,0,0,0,0,0
skinny,2,skinny=2,0,0,0,0,2,0,0,0
slack,2,slack=2,2,0,0,0,0,0,0,0
sleeper,2,sleepers=2,2,0,0,0,0,0,0,0
slit,2,slit=1; slits=1,2,0,0,0,0,0,0,0
slogan,2,slogan=2,2,0,0,0,0,0,0,0
sloppy,2,sloppy=2,0,0,0,0,2,0,0,0
slower,2,slower=2,0,2,0,0,0,0,0,0
slowing,2,slowing=2,2,0,0,0,0,0,0,0
slump,2,slump=1; slumped=1,1,0,1,0,0,0,0,0
sly,2,sly=2,0,0,0,0,2,0,0,0
smack,2,smacking=1; smacks=1,0,0,2,0,0,0,0,0
smokeless,2,smokeless=2,1,0,0,0,1,0,0,0
smuggling,2,smuggling=2,2,0,0,0,0,0,0,0
snc,2,snc=2,0,2,0,0,0,0,0,0
sneaky,2,sneaky=2,0,0,0,0,2,0,0,0
sneeze,2,sneezing=2,0,0,2,0,0,0,0,0
snowshoe,2,snowshoe=2,2,0,0,0,0,0,0,0
soapy,2,soapy=2,0,0,0,0,2,0,0,0
sociable,2,sociable=2,0,0,0,0,2,0,0,0
sock,2,socks=2,2,0,0,0,0,0,0,0
socrate,2,socrates=2,2,0,0,0,0,0,0,0
softener,2,softener=1; softeners=1,2,0,0,0,0,0,0,0
soils,2,soils=2,0,2,0,0,0,0,0,0
solas,2,solas=2,0,2,0,0,0,0,0,0
solidification,2,solidification=2,2,0,0,0,0,0,0,0
solnhofen,2,solnhofen=2,0,2,0,0,0,0,0,0
solomon,2,solomon=2,0,2,0,0,0,0,0,0
solver,2,solvers=2,2,0,0,0,0,0,0,0
somber,2,somber=2,0,0,0,0,2,0,0,0
sonic,2,sonic=2,0,0,0,0,2,0,0,0
sonify,2,sonify=2,0,0,2,0,0,0,0,0
sonnet,2,sonnets=2,2,0,0,0,0,0,0,0
sons,2,sons=2,0,2,0,0,0,0,0,0
sooty,2,sooty=2,0,0,0,0,2,0,0,0
sophomore,2,sophomore=2,2,0,0,0,0,0,0,0
sopranos,2,sopranos=2,0,2,0,0,0,0,0,0
sorghum,2,sorghum=2,2,0,0,0,0,0,0,0
sounding,2,sounding=1; soundings=1,2,0,0,0,0,0,0,0
soundproof,2,soundproof=2,0,0,0,0,2,0,0,0
soundscape,2,soundscapes=2,2,0,0,0,0,0,0,0
soundtrack,2,soundtrack=1; soundtracks=1,2,0,0,0,0,0,0,0
sov,2,sov=2,0,2,0,0,0,0,0,0
soviet,2,soviet=2,0,1,0,0,1,0,0,0
spa,2,spa=2,2,0,0,0,0,0,0,0
spaceflight,2,spaceflight=2,2,0,0,0,0,0,0,0
spaces,2,spaces=2,0,2,0,0,0,0,0,0
spacetime,2,spacetime=2,2,0,0,0,0,0,0,0
spaniard,2,spaniard=2,0,2,0,0,0,0,0,0
spar,2,spared=2,0,0,2,0,0,0,0,0
sparkle,2,sparkle=2,2,0,0,0,0,0,0,0
sparseness,2,sparseness=2,2,0,0,0,0,0,0,0
specialised,2,specialised=2,0,0,0,0,2,0,0,0
speciality,2,speciality=2,2,0,0,0,0,0,0,0
specifie,2,specifies=2,2,0,0,0,0,0,0,0
specified,2,specified=2,0,0,0,0,2,0,0,0
speck,2,specks=2,2,0,0,0,0,0,0,0
spectators,2,spectators=2,0,2,0,0,0,0,0,0
spectra,2,spectra=2,2,0,0,0,0,0,0,0
speechwriter,2,speechwriter=2,2,0,0,0,0,0,0,0
speeding,2,speeding=2,1,0,0,0,1,0,0,0
spelling,2,spelling=1; spellings=1,2,0,0,0,0,0,0,0
spiderweb,2,spiderweb=2,2,0,0,0,0,0,0,0
spigot,2,spigot=2,2,0,0,0,0,0,0,0
spinach,2,spinach=2,2,0,0,0,0,0,0,0
spindles,2,spindles=2,0,2,0,0,0,0,0,0
spix,2,spix=2,0,2,0,0,0,0,0,0
splitting,2,splitting=2,2,0,0,0,0,0,0,0
splotch,2,splotches=2,2,0,0,0,0,0,0,0
spoilage,2,spoilage=2,2,0,0,0,0,0,0,0
spoke,2,spokes=2,2,0,0,0,0,0,0,0
spokesperson,2,spokesperson=2,2,0,0,0,0,0,0,0
sporadically,2,sporadically=2,0,0,0,0,0,2,0,0
sprague,2,sprague=2,0,2,0,0,0,0,0,0
sprain,2,sprain=1; sprained=1,1,0,1,0,0,0,0,0
spreading,2,spreading=2,2,0,0,0,0,0,0,0
springs,2,springs=2,0,2,0,0,0,0,0,0
springvale,2,springvale=2,0,2,0,0,0,0,0,0
squeak,2,squeaks=2,2,0,0,0,0,0,0,0
squids,2,squids=2,0,2,0,0,0,0,0,0
squirrels,2,squirrels=2,0,2,0,0,0,0,0,0
sra,2,sra=2,0,2,0,0,0,0,0,0
stab,2,stab=1; stabbing=1,1,0,1,0,0,0,0,0
stacey,2,stacey=2,0,2,0,0,0,0,0,0
staffing,2,staffing=2,2,0,0,0,0,0,0,0
stagnant,2,stagnant=2,0,0,0,0,2,0,0,0
stagnate,2,stagnate=1; stagnated=1,0,0,2,0,0,0,0,0
stainless,2,stainless=2,0,0,0,0,2,0,0,0
stakeholder,2,stakeholders=2,2,0,0,0,0,0,0,0
standalone,2,standalone=2,0,0,0,0,2,0,0,0
staphylococcus,2,staphylococcus=2,1,1,0,0,0,0,0,0
stardust,2,stardust=2,0,2,0,0,0,0,0,0
starfish,2,starfish=2,1,0,0,0,1,0,0,0
startled,2,startled=2,0,0,0,0,2,0,0,0
stealing,2,stealing=2,2,0,0,0,0,0,0,0
stealth,2,stealth=2,0,2,0,0,0,0,0,0
stealthy,2,stealthy=2,0,0,0,0,2,0,0,0
steamships,2,steamships=2,0,2,0,0,0,0,0,0
steamy,2,steamy=2,0,0,0,0,2,0,0,0
steelhead,2,steelhead=2,1,0,0,0,1,0,0,0
steeply,2,steeply=2,0,0,0,0,0,2,0,0
stela,2,stela=2,0,2,0,0,0,0,0,0
stereotyped,2,stereotyped=2,0,0,0,0,2,0,0,0
sticki,2,stickier=2,0,0,0,0,2,0,0,0
stickle,2,stickle=2,0,0,0,0,2,0,0,0
stiffness,2,stiffness=2,0,0,0,0,0,2,0,0
stiglitz,2,stiglitz=2,0,2,0,0,0,0,0,0
stilt,2,stilt=1; stilts=1,1,0,1,0,0,0,0,0
stimuli,2,stimuli=2,0,2,0,0,0,0,0,0
stipulate,2,stipulated=1; stipulating=1,0,0,2,0,0,0,0,0
stoma,2,stomata=2,2,0,0,0,0,0,0,0
stomata,2,stomata=2,2,0,0,0,0,0,0,0
stomate,2,stomates=2,2,0,0,0,0,0,0,0
stonemason,2,stonemasons=2,2,0,0,0,0,0,0,0
stopping,2,stopping=2,2,0,0,0,0,0,0,0
stores,2,stores=2,0,2,0,0,0,0,0,0
storey,2,storey=1; storeys=1,2,0,0,0,0,0,0,0
stot,2,stot=1; stots=1,1,0,1,0,0,0,0,0
strategist,2,strategists=2,2,0,0,0,0,0,0,0
stratify,2,stratified=1; stratifying=1,0,0,2,0,0,0,0,0
stratospheric,2,stratospheric=2,0,0,0,0,2,0,0,0
streamflow,2,streamflow=2,1,0,0,0,1,0,0,0
streamlined,2,streamlined=2,0,0,0,0,2,0,0,0
streams,2,streams=2,0,2,0,0,0,0,0,0
streetlight,2,streetlights=2,2,0,0,0,0,0,0,0
strengthening,2,strengthening=2,2,0,0,0,0,0,0,0
stressed,2,stressed=2,0,0,0,0,2,0,0,0
stretchy,2,stretchy=2,0,0,0,0,2,0,0,0
strew,2,strewn=2,0,0,2,0,0,0,0,0
strove,2,strove=2,0,0,2,0,0,0,0,0
structuralism,2,structuralism=2,1,1,0,0,0,0,0,0
stubbornness,2,stubbornness=2,1,1,0,0,0,0,0,0
studied,2,studied=2,0,0,0,0,2,0,0,0
stupid,2,stupid=2,0,0,0,0,2,0,0,0
sturbridge,2,sturbridge=2,0,2,0,0,0,0,0,0
stylish,2,stylish=2,0,0,0,0,2,0,0,0
subconsciously,2,subconsciously=2,0,0,0,0,0,2,0,0
subduction,2,subduction=2,2,0,0,0,0,0,0,0
subfield,2,subfield=2,2,0,0,0,0,0,0,0
subgroup,2,subgroup=2,2,0,0,0,0,0,0,0
subiect,2,subiect=1; subiects=1,1,0,0,0,1,0,0,0
sublime,2,sublime=2,0,0,1,0,1,0,0,0
subsidiary,2,subsidiary=2,2,0,0,0,0,0,0,0
subsidized,2,subsidized=2,0,0,0,0,2,0,0,0
subspecialty,2,subspecialty=2,2,0,0,0,0,0,0,0
subterranean,2,subterranean=2,0,0,0,0,2,0,0,0
successively,2,successively=2,0,0,0,0,0,2,0,0
succumb,2,succumbed=2,0,0,2,0,0,0,0,0
sucking,2,sucking=2,0,0,0,0,2,0,0,0
suckling,2,suckling=2,2,0,0,0,0,0,0,0
suction,2,suction=2,2,0,0,0,0,0,0,0
sudan,2,sudan=2,0,2,0,0,0,0,0,0
suffice,2,suffice=2,0,0,2,0,0,0,0,0
suffocate,2,suffocate=2,0,0,2,0,0,0,0,0
suite,2,suite=2,2,0,0,0,0,0,0,0
sulfate,2,sulfate=2,2,0,0,0,0,0,0,0
sumeria,2,sumeria=2,0,2,0,0,0,0,0,0
summertime,2,summertime=2,2,0,0,0,0,0,0,0
sundown,2,sundown=2,0,0,2,0,0,0,0,0
sung,2,sung=2,0,0,0,0,2,0,0,0
suns,2,suns=2,0,2,0,0,0,0,0,0
sup,2,sup=2,1,1,0,0,0,0,0,0
superconducte,2,superconducting=2,0,0,2,0,0,0,0,0
superheat,2,superheats=2,0,0,2,0,0,0,0,0
superhighway,2,superhighway=2,2,0,0,0,0,0,0,0
superhydrophobic,2,superhydrophobic=2,2,0,0,0,0,0,0,0
supertitle,2,supertitles=2,2,0,0,0,0,0,0,0
supervisory,2,supervisory=2,0,0,0,0,2,0,0,0
surovell,2,surovell=2,0,2,0,0,0,0,0,0
surveying,2,surveying=2,0,1,0,0,1,0,0,0
survivor,2,survivor=1; survivors=1,2,0,0,0,0,0,0,0
suspensefully,2,suspensefully=2,0,0,0,0,0,2,0,0
svo,2,svo=2,0,2,0,0,0,0,0,0
swath,2,swath=1; swaths=1,2,0,0,0,0,0,0,0
swear,2,swear=1; sworn=1,0,0,2,0,0,0,0,0
sweating,2,sweating=2,2,0,0,0,0,0,0,0
sweeping,2,sweeping=2,0,0,0,0,2,0,0,0
sweetener,2,sweetener=2,2,0,0,0,0,0,0,0
swelling,2,swelling=2,2,0,0,0,0,0,0,0
swiftlets,2,swiftlets=2,0,2,0,0,0,0,0,0
swipe,2,swipe=1; swiped=1,0,0,2,0,0,0,0,0
syllabic,2,syllabic=2,0,0,0,0,2,0,0,0
symbolically,2,symbolically=2,0,0,0,0,0,2,0,0
symmetrically,2,symmetrically=2,0,0,0,0,0,2,0,0
sympathy,2,sympathy=2,1,0,0,0,1,0,0,0
syphilis,2,syphilis=2,0,0,2,0,0,0,0,0
systemize,2,systemized=2,0,0,2,0,0,0,0,0
tabletop,2,tabletop=2,2,0,0,0,0,0,0,0
tacitus,2,tacitus=2,0,2,0,0,0,0,0,0
tadpoles,2,tadpoles=2,0,2,0,0,0,0,0,0
tailpipe,2,tailpipe=2,2,0,0,0,0,0,0,0
takeover,2,takeover=2,2,0,0,0,0,0,0,0
tanganyika,2,tanganyika=2,0,2,0,0,0,0,0,0
tangent,2,tangent=1; tangents=1,2,0,0,0,0,0,0,0
taster,2,tasters=2,2,0,0,0,0,0,0,0
tate,2,tate=2,0,2,0,0,0,0,0,0
tattoo,2,tattoo=2,0,0,0,0,0,2,0,0
tavern,2,taverns=2,2,0,0,0,0,0,0,0
tawny,2,tawny=2,1,1,0,0,0,0,0,0
te,2,te=2,0,2,0,0,0,0,0,0
teammate,2,teammates=2,2,0,0,0,0,0,0,0
teardrop,2,teardrop=2,1,0,0,0,1,0,0,0
tecatonic,2,tecatonic=2,0,0,0,0,2,0,0,0
technologist,2,technologists=2,2,0,0,0,0,0,0,0
teina,2,teina=2,0,2,0,0,0,0,0,0
temp,2,tempest=1; temps=1,1,0,0,0,1,0,0,0
tempestuous,2,tempestuous=2,0,0,0,0,2,0,0,0
templeborough,2,templeborough=2,0,2,0,0,0,0,0,0
templeman,2,templeman=2,0,2,0,0,0,0,0,0
tenfold,2,tenfold=2,0,0,0,0,1,1,0,0
tenwolde,2,tenwolde=2,0,2,0,0,0,0,0,0
terminology,2,terminology=2,2,0,0,0,0,0,0,0
termites,2,termites=2,0,2,0,0,0,0,0,0
terror,2,terror=2,1,1,0,0,0,0,0,0
testifie,2,testifies=2,2,0,0,0,0,0,0,0
testify,2,testify=2,0,0,2,0,0,0,0,0
tethered,2,tethered=2,0,0,0,0,2,0,0,0
tetrad,2,tetrads=2,2,0,0,0,0,0,0,0
tetrahedral,2,tetrahedral=2,0,0,0,0,2,0,0,0
tetrahedron,2,tetrahedrons=2,2,0,0,0,0,0,0,0
texensis,2,texensis=2,2,0,0,0,0,0,0,0
textiles,2,textiles=2,0,2,0,0,0,0,0,0
texting,2,texting=2,2,0,0,0,0,0,0,0
tha,2,tha=2,1,1,0,0,0,0,0,0
thankful,2,thankful=2,0,0,0,0,2,0,0,0
thankfully,2,thankfully=2,0,0,0,0,0,2,0,0
thatch,2,thatched=2,0,0,2,0,0,0,0,0
thawing,2,thawing=2,2,0,0,0,0,0,0,0
thayer,2,thayer=2,0,2,0,0,0,0,0,0
theaters,2,theaters=2,0,2,0,0,0,0,0,0
thematically,2,thematically=2,0,0,0,0,0,2,0,0
theocracy,2,theocracies=1; theocracy=1,2,0,0,0,0,0,0,0
theology,2,theology=2,2,0,0,0,0,0,0,0
thereafter,2,thereafter=2,0,0,0,0,0,2,0,0
thermophilic,2,thermophilic=2,1,0,0,0,1,0,0,0
thermos,2,thermos=1; thermoses=1,1,1,0,0,0,0,0,0
thespis,2,thespis=2,0,2,0,0,0,0,0,0
thiamine,2,thiamine=2,2,0,0,0,0,0,0,0
thinning,2,thinning=2,1,1,0,0,0,0,0,0
thornbushe,2,thornbushes=2,2,0,0,0,0,0,0,0
thrifty,2,thrifty=2,0,0,0,0,2,0,0,0
throwing,2,throwing=2,2,0,0,0,0,0,0,0
théâtre,2,théâtre=2,0,2,0,0,0,0,0,0
tiberius,2,tiberius=2,0,2,0,0,0,0,0,0
tidy,2,tidied=1; tidy=1,0,0,1,0,1,0,0,0
tiere,2,tiered=2,0,0,2,0,0,0,0,0
tigers,2,tigers=2,0,2,0,0,0,0,0,0
tilling,2,tilling=2,2,0,0,0,0,0,0,0
timepiece,2,timepieces=2,2,0,0,0,0,0,0,0
timetable,2,timetable=1; timetables=1,2,0,0,0,0,0,0,0
tips,2,tips=2,0,2,0,0,0,0,0,0
tiredness,2,tiredness=2,2,0,0,0,0,0,0,0
titians,2,titians=2,0,2,0,0,0,0,0,0
toby,2,toby=2,0,2,0,0,0,0,0,0
todd,2,todd=2,0,2,0,0,0,0,0,0
tofu,2,tofu=2,2,0,0,0,0,0,0,0
tokyo,2,tokyo=2,0,2,0,0,0,0,0,0
tolerable,2,tolerable=2,0,0,0,0,2,0,0,0
tolland,2,tolland=2,2,0,0,0,0,0,0,0
toolbox,2,toolbox=2,2,0,0,0,0,0,0,0
toothe,2,toothed=2,0,0,2,0,0,0,0,0
toothpick,2,toothpick=1; toothpicks=1,2,0,0,0,0,0,0,0
topping,2,topping=2,2,0,0,0,0,0,0,0
topple,2,toppled=2,0,0,2,0,0,0,0,0
tor,2,tor=2,2,0,0,0,0,0,0,0
torchlight,2,torchlight=2,2,0,0,0,0,0,0,0
torpor,2,torpor=2,2,0,0,0,0,0,0,0
torrid,2,torrid=2,1,0,0,0,1,0,0,0
torso,2,torso=2,2,0,0,0,0,0,0,0
tortoiseshells,2,tortoiseshells=2,0,2,0,0,0,0,0,0
toughness,2,toughness=2,2,0,0,0,0,0,0,0
townspeople,2,townspeople=2,1,1,0,0,0,0,0,0
traces,2,traces=2,0,2,0,0,0,0,0,0
tracheal,2,tracheal=2,0,1,0,0,1,0,0,0
trackway,2,trackways=2,2,0,0,0,0,0,0,0
trainable,2,trainable=2,0,0,0,0,2,0,0,0
trained,2,trained=2,0,1,0,0,1,0,0,0
transactions,2,transactions=2,0,2,0,0,0,0,0,0
transcription,2,transcription=2,1,1,0,0,0,0,0,0
transept,2,transept=2,2,0,0,0,0,0,0,0
transference,2,transference=2,2,0,0,0,0,0,0,0
traumatology,2,traumatology=2,2,0,0,0,0,0,0,0
traveling,2,traveling=2,2,0,0,0,0,0,0,0
travertine,2,travertine=2,2,0,0,0,0,0,0,0
treacherous,2,treacherous=2,0,0,0,0,2,0,0,0
treasurer,2,treasurer=2,2,0,0,0,0,0,0,0
treetop,2,treetops=2,2,0,0,0,0,0,0,0
tri,2,tri=2,0,0,0,0,2,0,0,0
trichromat,2,trichromats=2,2,0,0,0,0,0,0,0
triggerfish,2,triggerfish=2,0,2,0,0,0,0,0,0
triradial,2,triradial=2,0,0,0,0,2,0,0,0
trivial,2,trivial=2,0,0,0,0,2,0,0,0
trivium,2,trivia=2,2,0,0,0,0,0,0,0
troller,2,troller=1; trollers=1,2,0,0,0,0,0,0,0
troubled,2,troubled=2,0,0,0,0,2,0,0,0
trustee,2,trustees=2,2,0,0,0,0,0,0,0
truthfulness,2,truthfulness=2,2,0,0,0,0,0,0,0
tubenose,2,tubenoses=2,2,0,0,0,0,0,0,0
tuberous,2,tuberous=2,0,0,0,0,2,0,0,0
tucker,2,tucker=2,0,2,0,0,0,0,0,0
tunas,2,tunas=2,0,2,0,0,0,0,0,0
tunit,2,tunit=2,0,2,0,0,0,0,0,0
turban,2,turban=2,2,0,0,0,0,0,0,0
turbines,2,turbines=2,0,2,0,0,0,0,0,0
turnaround,2,turnaround=2,2,0,0,0,0,0,0,0
turpentine,2,turpentine=2,2,0,0,0,0,0,0,0
turpitude,2,turpitude=2,2,0,0,0,0,0,0,0
turquoise,2,turquoise=2,1,0,0,0,0,1,0,0
tutors,2,tutors=2,0,2,0,0,0,0,0,0
twilight,2,twilight=2,2,0,0,0,0,0,0,0
twins,2,twins=2,0,2,0,0,0,0,0,0
twofold,2,twofold=2,0,0,0,0,2,0,0,0
tycho,2,tycho=2,0,2,0,0,0,0,0,0
uber,2,uber=2,0,2,0,0,0,0,0,0
uganda,2,uganda=2,0,2,0,0,0,0,0,0
ugh,2,ugh=2,0,1,0,0,0,0,0,1
uhhuh,2,uhhuh=2,0,2,0,0,0,0,0,0
ult,2,ult=2,0,2,0,0,0,0,0,0
ulta,2,ulta=2,0,2,0,0,0,0,0,0
ultramarine,2,ultramarine=2,0,0,0,0,2,0,0,0
unacceptably,2,unacceptably=2,0,0,0,0,0,2,0,0
unambiguous,2,unambiguous=2,0,0,0,0,2,0,0,0
unappeale,2,unappealing=2,0,0,2,0,0,0,0,0
unbiased,2,unbiased=2,0,0,0,0,2,0,0,0
uncarved,2,uncarved=2,0,0,0,0,2,0,0,0
unchallenged,2,unchallenged=2,0,0,0,0,2,0,0,0
unchecked,2,unchecked=2,0,0,0,0,2,0,0,0
unconditional,2,unconditional=2,0,0,0,0,2,0,0,0
unconnected,2,unconnected=2,0,0,0,0,2,0,0,0
uncontrolled,2,uncontrolled=2,0,0,0,0,2,0,0,0
undated,2,undated=2,0,0,0,0,2,0,0,0
undeniably,2,undeniably=2,0,0,0,0,0,2,0,0
underestimation,2,underestimation=2,2,0,0,0,0,0,0,0
undergone,2,undergone=2,0,0,0,0,2,0,0,0
underpainting,2,underpainting=2,2,0,0,0,0,0,0,0
underpinning,2,underpinnings=2,2,0,0,0,0,0,0,0
undersaturate,2,undersaturated=2,0,0,2,0,0,0,0,0
understandably,2,understandably=2,0,0,0,0,0,2,0,0
undersurface,2,undersurface=2,2,0,0,0,0,0,0,0
undetermined,2,undetermined=2,0,0,0,0,2,0,0,0
undifferentiated,2,undifferentiated=2,0,0,0,0,2,0,0,0
undigeste,2,undigested=2,0,0,2,0,0,0,0,0
undiscovered,2,undiscovered=2,0,0,0,0,2,0,0,0
undue,2,undue=2,0,0,0,0,2,0,0,0
uneasy,2,uneasy=2,0,0,0,0,2,0,0,0
unesco,2,unesco=2,0,2,0,0,0,0,0,0
unexplored,2,unexplored=2,0,0,0,0,2,0,0,0
unforgettable,2,unforgettable=2,0,0,0,0,2,0,0,0
unfortified,2,unfortified=2,0,0,0,0,2,0,0,0
unfriendly,2,unfriendly=2,0,0,0,0,2,0,0,0
unidentified,2,unidentified=2,0,0,0,0,2,0,0,0
unification,2,unification=2,2,0,0,0,0,0,0,0
unimaginable,2,unimaginable=2,0,0,0,0,2,0,0,0
unimpressed,2,unimpressed=2,0,0,0,0,2,0,0,0
uninterested,2,uninterested=2,0,1,0,0,1,0,0,0
unjustified,2,unjustified=2,0,0,0,0,2,0,0,0
unknowingly,2,unknowingly=2,0,0,0,0,0,2,0,0
unlabeled,2,unlabeled=2,0,0,0,0,2,0,0,0
unlawful,2,unlawful=2,0,0,0,0,2,0,0,0
unmarketable,2,unmarketable=2,0,0,0,0,2,0,0,0
unnaturally,2,unnaturally=2,0,0,0,0,0,2,0,0
unobstructed,2,unobstructed=2,0,0,0,0,2,0,0,0
unorganized,2,unorganized=2,0,0,0,0,2,0,0,0
unparalleled,2,unparalleled=2,0,0,0,0,2,0,0,0
unplanne,2,unplanned=2,0,0,2,0,0,0,0,0
unpolluted,2,unpolluted=2,0,0,0,0,2,0,0,0
unprofessional,2,unprofessional=2,0,0,0,0,2,0,0,0
unprofitable,2,unprofitable=2,0,0,0,0,2,0,0,0
unpublished,2,unpublished=2,0,0,0,0,2,0,0,0
unqualified,2,unqualified=2,0,0,0,0,2,0,0,0
unraveled,2,unraveled=2,0,0,0,0,2,0,0,0
unresolved,2,unresolved=2,0,0,0,0,2,0,0,0
unsettling,2,unsettling=2,0,0,0,0,2,0,0,0
untapped,2,untapped=2,0,0,0,0,2,0,0,0
untreated,2,untreated=2,0,0,0,0,2,0,0,0
untrue,2,untrue=2,0,0,0,0,2,0,0,0
unveiling,2,unveiling=2,0,2,0,0,0,0,0,0
unwieldy,2,unwieldy=2,0,0,0,0,2,0,0,0
upbeat,2,upbeat=2,0,0,0,0,2,0,0,0
upcycled,2,upcycled=2,0,0,0,0,2,0,0,0
upgrades,2,upgrades=2,0,2,0,0,0,0,0,0
upheaval,2,upheavals=2,2,0,0,0,0,0,0,0
upsetting,2,upsetting=2,0,0,0,0,2,0,0,0
upwards,2,upwards=2,0,0,0,0,0,2,0,0
uraninite,2,uraninite=2,0,0,0,0,2,0,0,0
urie,2,urie=2,0,2,0,0,0,0,0,0
urination,2,urination=2,2,0,0,0,0,0,0,0
usefully,2,usefully=2,0,0,0,0,0,2,0,0
uses,2,uses=2,0,2,0,0,0,0,0,0
vaguely,2,vaguely=2,0,0,0,0,0,2,0,0
valdivia,2,valdivia=2,0,2,0,0,0,0,0,0
valla,2,valla=2,0,2,0,0,0,0,0,0
valve,2,valve=2,1,0,1,0,0,0,0,0
vanessa,2,vanessa=2,0,2,0,0,0,0,0,0
vanity,2,vanity=2,2,0,0,0,0,0,0,0
vasco,2,vasco=2,0,2,0,0,0,0,0,0
vasily,2,vasily=2,0,2,0,0,0,0,0,0
vasodilation,2,vasodilation=2,0,2,0,0,0,0,0,0
vastak,2,vastak=2,0,2,0,0,0,0,0,0
vaulted,2,vaulted=2,0,0,0,0,2,0,0,0
vear,2,vear=1; vears=1,2,0,0,0,0,0,0,0
veer,2,veer=1; veering=1,1,0,1,0,0,0,0,0
vehicular,2,vehicular=2,0,0,0,0,2,0,0,0
velociraptor,2,velociraptor=2,0,2,0,0,0,0,0,0
vend,2,vending=2,0,0,2,0,0,0,0,0
venezuela,2,venezuela=2,0,2,0,0,0,0,0,0
vengeance,2,vengeance=2,2,0,0,0,0,0,0,0
venous,2,venous=2,0,0,0,0,2,0,0,0
verde,2,verde=2,0,2,0,0,0,0,0,0
verdict,2,verdict=2,2,0,0,0,0,0,0,0
versioning,2,versioning=2,1,1,0,0,0,0,0,0
vertex,2,vertices=2,2,0,0,0,0,0,0,0
victorians,2,victorians=2,0,2,0,0,0,0,0,0
videos,2,videos=2,0,2,0,0,0,0,0,0
vietnamese,2,vietnamese=2,0,1,0,0,1,0,0,0
vihuela,2,vihuela=2,2,0,0,0,0,0,0,0
villain,2,villain=1; villains=1,2,0,0,0,0,0,0,0
vince,2,vince=2,0,2,0,0,0,0,0,0
vintage,2,vintage=2,0,0,0,0,2,0,0,0
violinist,2,violinist=2,2,0,0,0,0,0,0,0
virtuosity,2,virtuosity=2,2,0,0,0,0,0,0,0
virtuosos,2,virtuosos=2,0,1,0,0,0,0,0,1
viscosity,2,viscosity=2,2,0,0,0,0,0,0,0
vitality,2,vitality=2,2,0,0,0,0,0,0,0
vividly,2,vividly=2,0,0,0,0,0,2,0,0
vladimir,2,vladimir=2,0,2,0,0,0,0,0,0
void,2,void=2,2,0,0,0,0,0,0,0
vollard,2,vollard=2,0,2,0,0,0,0,0,0
vomit,2,vomiting=2,0,0,2,0,0,0,0,0
voracious,2,voracious=2,0,0,0,0,2,0,0,0
vorticism,2,vorticism=2,0,2,0,0,0,0,0,0
vostok,2,vostok=2,0,2,0,0,0,0,0,0
voting,2,voting=2,2,0,0,0,0,0,0,0
walbrook,2,walbrook=2,0,2,0,0,0,0,0,0
waldo,2,waldo=2,0,2,0,0,0,0,0,0
walker,2,walker=1; walkers=1,2,0,0,0,0,0,0,0
wallace,2,wallace=2,0,2,0,0,0,0,0,0
wallpaper,2,wallpaper=2,2,0,0,0,0,0,0,0
warlord,2,warlords=2,2,0,0,0,0,0,0,0
warty,2,warty=2,2,0,0,0,0,0,0,0
watching,2,watching=2,2,0,0,0,0,0,0,0
waterborne,2,waterborne=2,0,0,1,0,1,0,0,0
watercraft,2,watercraft=2,2,0,0,0,0,0,0,0
waterfalls,2,waterfalls=2,0,2,0,0,0,0,0,0
waterfront,2,waterfront=2,2,0,0,0,0,0,0,0
watering,2,watering=2,2,0,0,0,0,0,0,0
watertight,2,watertight=2,1,0,1,0,0,0,0,0
waves,2,waves=2,0,2,0,0,0,0,0,0
wavesound,2,wavesound=2,0,2,0,0,0,0,0,0
weakly,2,weakly=2,0,0,0,0,2,0,0,0
weaknesses,2,weaknesses=2,0,2,0,0,0,0,0,0
wearable,2,wearable=2,0,0,0,0,2,0,0,0
wearer,2,wearer=1; wearers=1,2,0,0,0,0,0,0,0
webster,2,webster=2,0,2,0,0,0,0,0,0
wednesdays,2,wednesdays=2,0,2,0,0,0,0,0,0
weeding,2,weeding=2,2,0,0,0,0,0,0,0
weeknight,2,weeknight=1; weeknights=1,2,0,0,0,0,0,0,0
weft,2,weft=2,0,0,0,0,0,2,0,0
weightlessness,2,weightlessness=2,2,0,0,0,0,0,0,0
weightlifting,2,weightlifting=2,2,0,0,0,0,0,0,0
weiss,2,weiss=2,0,2,0,0,0,0,0,0
wells,2,wells=2,0,2,0,0,0,0,0,0
westernize,2,westernized=2,0,0,2,0,0,0,0,0
whelpton,2,whelpton=2,0,2,0,0,0,0,0,0
whimsical,2,whimsical=2,0,0,0,0,2,0,0,0
whirlwind,2,whirlwinds=2,2,0,0,0,0,0,0,0
whiz,2,whiz=1; whizzing=1,0,1,1,0,0,0,0,0
wholesale,2,wholesale=2,0,0,0,0,2,0,0,0
wholesaling,2,wholesaling=2,2,0,0,0,0,0,0,0
widdowson,2,widdowson=2,0,2,0,0,0,0,0,0
widest,2,widest=2,0,0,0,0,2,0,0,0
wifi,2,wifi=2,1,1,0,0,0,0,0,0
wig,2,wig=2,2,0,0,0,0,0,0,0
wiggle,2,wiggled=1; wiggling=1,0,0,2,0,0,0,0,0
wilbur,2,wilbur=2,0,2,0,0,0,0,0,0
wildflower,2,wildflowers=2,2,0,0,0,0,0,0,0
wilfrid,2,wilfrid=2,0,2,0,0,0,0,0,0
willa,2,willa=2,0,2,0,0,0,0,0,0
willard,2,willard=2,0,2,0,0,0,0,0,0
willibald,2,willibald=2,0,2,0,0,0,0,0,0
willingly,2,willingly=2,0,0,0,0,0,2,0,0
willis,2,willis=2,0,2,0,0,0,0,0,0
wilmette,2,wilmette=2,0,2,0,0,0,0,0,0
wilshire,2,wilshire=2,0,2,0,0,0,0,0,0
windblown,2,windblown=2,0,0,0,0,2,0,0,0
windless,2,windless=2,0,0,0,0,2,0,0,0
windsor,2,windsor=2,0,2,0,0,0,0,0,0
windward,2,windward=2,0,0,0,0,2,0,0,0
wiseman,2,wiseman=2,0,2,0,0,0,0,0,0
woodpecker,2,woodpeckers=2,2,0,0,0,0,0,0,0
woodwide,2,woodwide=2,0,0,0,0,2,0,0,0
woodworke,2,woodworking=2,0,0,2,0,0,0,0,0
woolf,2,woolf=2,0,2,0,0,0,0,0,0
workmanship,2,workmanship=2,2,0,0,0,0,0,0,0
workshops,2,workshops=2,0,2,0,0,0,0,0,0
workweek,2,workweek=1; workweeks=1,2,0,0,0,0,0,0,0
woven,2,woven=2,0,0,0,0,2,0,0,0
wrest,2,wrested=2,0,0,2,0,0,0,0,0
wrinkle,2,wrinkle=1; wrinkled=1,1,0,1,0,0,0,0,0
wrist,2,wrist=2,2,0,0,0,0,0,0,0
written,2,written=2,0,1,0,0,1,0,0,0
wrongly,2,wrongly=2,0,0,0,0,0,2,0,0
wrought,2,wrought=2,0,0,0,0,2,0,0,0
xenorhabdus,2,xenorhabdus=2,0,2,0,0,0,0,0,0
xocoyotzin,2,xocoyotzin=2,0,2,0,0,0,0,0,0
ya,2,ya=2,0,1,0,0,0,0,1,0
yangtze,2,yangtze=2,0,2,0,0,0,0,0,0
yarn,2,yarn=2,2,0,0,0,0,0,0,0
yax,2,yax=2,0,2,0,0,0,0,0,0
yell,2,yelling=2,0,0,2,0,0,0,0,0
yellowish,2,yellowish=2,0,0,0,0,2,0,0,0
yellowleg,2,yellowlegs=2,2,0,0,0,0,0,0,0
yellowy,2,yellowy=2,2,0,0,0,0,0,0,0
yemen,2,yemen=2,0,2,0,0,0,0,0,0
youngster,2,youngsters=2,2,0,0,0,0,0,0,0
ypres,2,ypres=2,0,2,0,0,0,0,0,0
yps,2,yps=2,0,2,0,0,0,0,0,0
ypsolopha,2,ypsolopha=2,0,2,0,0,0,0,0,0
zane,2,zane=2,0,2,0,0,0,0,0,0
zenith,2,zenith=2,1,1,0,0,0,0,0,0
zeus,2,zeus=2,0,2,0,0,0,0,0,0
zimbabwe,2,zimbabwe=2,0,2,0,0,0,0,0,0
zoos,2,zoos=2,1,1,0,0,0,0,0,0
zooxanthella,2,zooxanthella=2,2,0,0,0,0,0,0,0
zuk,2,zuk=2,0,2,0,0,0,0,0,0
œloss,2,œloss=2,2,0,0,0,0,0,0,0
œstoic,2,œstoic=2,0,0,0,0,2,0,0,0
abate,1,abated=1,0,0,1,0,0,0,0,0
abbott,1,abbott=1,0,1,0,0,0,0,0,0
abdoman,1,abdomen=1,1,0,0,0,0,0,0,0
abide,1,abide=1,0,0,1,0,0,0,0,0
abiitie,1,abiities=1,1,0,0,0,0,0,0,0
abolish,1,abolished=1,0,0,1,0,0,0,0,0
abolition,1,abolition=1,1,0,0,0,0,0,0,0
aboriginals,1,aboriginals=1,0,1,0,0,0,0,0,0
aborigines,1,aborigines=1,0,1,0,0,0,0,0,0
abound,1,abounded=1,0,0,1,0,0,0,0,0
abrade,1,abrade=1,0,0,1,0,0,0,0,0
absentmindedly,1,absentmindedly=1,0,0,0,0,0,1,0,0
absorbs,1,absorbs=1,0,1,0,0,0,0,0,0
absorptive,1,absorptive=1,0,0,0,0,1,0,0,0
abstractness,1,abstractness=1,1,0,0,0,0,0,0,0
abyss,1,abyss=1,1,0,0,0,0,0,0,0
academics,1,academics=1,0,1,0,0,0,0,0,0
acceptability,1,acceptability=1,1,0,0,0,0,0,0,0
accepting,1,accepting=1,1,0,0,0,0,0,0,0
accesi,1,accesi=1,0,1,0,0,0,0,0,0
accidently,1,accidently=1,0,0,0,0,0,1,0,0
acclaim,1,acclaimed=1,0,0,1,0,0,0,0,0
acclaimed,1,acclaimed=1,0,0,0,0,1,0,0,0
accolade,1,accolades=1,1,0,0,0,0,0,0,0
accountants,1,accountants=1,0,1,0,0,0,0,0,0
accusation,1,accusations=1,1,0,0,0,0,0,0,0
ache,1,aches=1,0,0,1,0,0,0,0,0
achievable,1,achievable=1,0,0,0,0,1,0,0,0
achiever,1,achievers=1,1,0,0,0,0,0,0,0
acknowledgement,1,acknowledgement=1,1,0,0,0,0,0,0,0
acorns,1,acorns=1,0,1,0,0,0,0,0,0
acronym,1,acronym=1,1,0,0,0,0,0,0,0
acropolis,1,acropolis=1,0,1,0,0,0,0,0,0
actionable,1,actionable=1,0,0,0,0,1,0,0,0
acts,1,acts=1,0,1,0,0,0,0,0,0
acuman,1,acumen=1,1,0,0,0,0,0,0,0
acutely,1,acutely=1,0,0,0,0,0,1,0,0
adamant,1,adamant=1,0,0,0,0,1,0,0,0
adc,1,adc=1,1,0,0,0,0,0,0,0
adcg,1,adcg=1,1,0,0,0,0,0,0,0
addamsimith,1,addamsimith=1,0,1,0,0,0,0,0,0
added,1,added=1,0,1,0,0,0,0,0,0
addict,1,addicted=1,0,0,1,0,0,0,0,0
additions,1,additions=1,0,1,0,0,0,0,0,0
adelgade,1,adelgade=1,0,1,0,0,0,0,0,0
adherence,1,adherence=1,1,0,0,0,0,0,0,0
adhesion,1,adhesion=1,1,0,0,0,0,0,0,0
adipose,1,adipose=1,1,0,0,0,0,0,0,0
adjoin,1,adjoining=1,0,0,1,0,0,0,0,0
adjudicate,1,adjudicate=1,0,0,1,0,0,0,0,0
admirably,1,admirably=1,0,0,0,0,0,1,0,0
admirality,1,admirality=1,0,1,0,0,0,0,0,0
admiralty,1,admiralty=1,0,1,0,0,0,0,0,0
admissions,1,admissions=1,0,1,0,0,0,0,0,0
adrenaline,1,adrenaline=1,1,0,0,0,0,0,0,0
adultlike,1,adultlike=1,0,0,0,0,1,0,0,0
advancements,1,advancements=1,0,1,0,0,0,0,0,0
advd,1,advd=1,0,1,0,0,0,0,0,0
adz,1,adzes=1,1,0,0,0,0,0,0,0
aeolus,1,aeolus=1,0,1,0,0,0,0,0,0
aerobraking,1,aerobraking=1,1,0,0,0,0,0,0,0
aerodynamically,1,aerodynamically=1,0,0,0,0,0,1,0,0
aerodynamics,1,aerodynamics=1,1,0,0,0,0,0,0,0
afa,1,afa=1,0,1,0,0,0,0,0,0
afer,1,afer=1,0,0,1,0,0,0,0,0
affective,1,affective=1,1,0,0,0,0,0,0,0
affiliation,1,affiliation=1,1,0,0,0,0,0,0,0
affirm,1,affirm=1,0,0,1,0,0,0,0,0
afghanistan,1,afghanistan=1,0,1,0,0,0,0,0,0
afiica,1,afiica=1,0,1,0,0,0,0,0,0
aft,1,aft=1,1,0,0,0,0,0,0,0
aftereffect,1,aftereffects=1,1,0,0,0,0,0,0,0
afterschool,1,afterschool=1,1,0,0,0,0,0,0,0
afterthought,1,afterthought=1,1,0,0,0,0,0,0,0
agathocle,1,agathocles=1,1,0,0,0,0,0,0,0
agathocles,1,agathocles=1,0,1,0,0,0,0,0,0
aggressor,1,aggressor=1,1,0,0,0,0,0,0,0
aggrieve,1,aggrieved=1,0,0,1,0,0,0,0,0
agonized,1,agonized=1,0,0,0,0,1,0,0,0
agriculturist,1,agriculturists=1,1,0,0,0,0,0,0,0
agronomist,1,agronomists=1,1,0,0,0,0,0,0,0
aguila,1,aguila=1,0,1,0,0,0,0,0,0
ahab,1,ahab=1,0,1,0,0,0,0,0,0
ahold,1,ahold=1,0,0,0,0,0,0,0,1
ahuizotl,1,ahuizotl=1,0,1,0,0,0,0,0,0
aids,1,aids=1,0,1,0,0,0,0,0,0
aiken,1,aiken=1,0,1,0,0,0,0,0,0
ailment,1,ailments=1,1,0,0,0,0,0,0,0
aimingto,1,aimingto=1,0,1,0,0,0,0,0,0
aimlessly,1,aimlessly=1,0,0,0,0,0,1,0,0
ain,1,ain=1,0,1,0,0,0,0,0,0
aires,1,aires=1,0,1,0,0,0,0,0,0
airfare,1,airfare=1,1,0,0,0,0,0,0,0
airplanes,1,airplanes=1,0,1,0,0,0,0,0,0
aisha,1,aisha=1,0,1,0,0,0,0,0,0
aiso,1,aiso=1,0,1,0,0,0,0,0,0
ajanta,1,ajanta=1,0,1,0,0,0,0,0,0
ajapanese,1,ajapanese=1,0,0,0,0,1,0,0,0
alain,1,alain=1,0,1,0,0,0,0,0,0
alas,1,alas=1,0,0,0,0,0,0,0,1
albertson,1,albertson=1,0,1,0,0,0,0,0,0
albur,1,albur=1,0,1,0,0,0,0,0,0
aldehyde,1,aldehyde=1,1,0,0,0,0,0,0,0
aleutians,1,aleutians=1,0,1,0,0,0,0,0,0
alfaro,1,alfaro=1,0,1,0,0,0,0,0,0
alicia,1,alicia=1,0,1,0,0,0,0,0,0
alight,1,alighted=1,0,0,1,0,0,0,0,0
alissa,1,alissa=1,0,1,0,0,0,0,0,0
alkaline,1,alkaline=1,1,0,0,0,0,0,0,0
allantic,1,allantic=1,0,1,0,0,0,0,0,0
alle,1,alling=1,0,0,1,0,0,0,0,0
allied,1,allied=1,0,0,0,0,1,0,0,0
alliterative,1,alliterative=1,0,0,0,0,1,0,0,0
alll,1,alll=1,1,0,0,0,0,0,0,0
allotment,1,allotments=1,1,0,0,0,0,0,0,0
allright,1,allright=1,0,1,0,0,0,0,0,0
allspice,1,allspice=1,1,0,0,0,0,0,0,0
allure,1,allure=1,1,0,0,0,0,0,0,0
alluring,1,alluring=1,0,0,0,0,1,0,0,0
alluvial,1,alluvial=1,0,0,0,0,1,0,0,0
almac,1,almac=1,1,0,0,0,0,0,0,0
almic,1,almic=1,0,0,0,0,1,0,0,0
almick,1,almick=1,1,0,0,0,0,0,0,0
alpacas,1,alpacas=1,0,1,0,0,0,0,0,0
alphabetically,1,alphabetically=1,0,0,0,0,0,1,0,0
altering,1,altering=1,1,0,0,0,0,0,0,0
alto,1,alto=1,0,1,0,0,0,0,0,0
alumina,1,alumina=1,0,1,0,0,0,0,0,0
alumna,1,alumna=1,1,0,0,0,0,0,0,0
alumni,1,alumni=1,0,1,0,0,0,0,0,0
amabile,1,amabile=1,0,0,0,0,0,1,0,0
amazement,1,amazement=1,1,0,0,0,0,0,0,0
amberization,1,amberization=1,1,0,0,0,0,0,0,0
ambiance,1,ambiance=1,1,0,0,0,0,0,0,0
ambush,1,ambush=1,1,0,0,0,0,0,0,0
amerindians,1,amerindians=1,0,1,0,0,0,0,0,0
amhem,1,amhem=1,0,1,0,0,0,0,0,0
ami,1,ami=1,0,1,0,0,0,0,0,0
amir,1,amir=1,0,1,0,0,0,0,0,0
amphibious,1,amphibious=1,0,0,0,0,1,0,0,0
amphipods,1,amphipods=1,0,1,0,0,0,0,0,0
amphorae,1,amphorae=1,1,0,0,0,0,0,0,0
amplifier,1,amplifiers=1,1,0,0,0,0,0,0,0
amyloid,1,amyloid=1,1,0,0,0,0,0,0,0
anac,1,anac=1,1,0,0,0,0,0,0,0
analog,1,analogs=1,1,0,0,0,0,0,0,0
analogous,1,analogous=1,0,0,0,0,1,0,0,0
analyses,1,analyses=1,0,1,0,0,0,0,0,0
anatolian,1,anatolian=1,0,0,0,0,1,0,0,0
anatomist,1,anatomists=1,1,0,0,0,0,0,0,0
anbu,1,anbu=1,0,1,0,0,0,0,0,0
anc,1,anc=1,0,1,0,0,0,0,0,0
ancestrally,1,ancestrally=1,0,0,0,0,0,1,0,0
andl,1,andl=1,1,0,0,0,0,0,0,0
andparente,1,andparenting=1,0,0,1,0,0,0,0,0
andre,1,andre=1,0,1,0,0,0,0,0,0
ange,1,ange=1,0,1,0,0,0,0,0,0
anglia,1,anglia=1,0,1,0,0,0,0,0,0
angrily,1,angrily=1,0,0,0,0,0,1,0,0
angst,1,angst=1,1,0,0,0,0,0,0,0
annals,1,annals=1,0,1,0,0,0,0,0,0
anniversary,1,anniversary=1,1,0,0,0,0,0,0,0
annotation,1,annotations=1,1,0,0,0,0,0,0,0
announces,1,announces=1,0,1,0,0,0,0,0,0
annuals,1,annuals=1,0,1,0,0,0,0,0,0
anonymously,1,anonymously=1,0,0,0,0,0,1,0,0
antecedent,1,antecedents=1,1,0,0,0,0,0,0,0
anthropogenic,1,anthropogenic=1,0,0,0,0,1,0,0,0
anthropologists,1,anthropologists=1,0,1,0,0,0,0,0,0
antiplant,1,antiplant=1,0,0,0,0,1,0,0,0
antiquated,1,antiquated=1,0,1,0,0,0,0,0,0
antiquities,1,antiquities=1,0,1,0,0,0,0,0,0
antithesis,1,antithesis=1,1,0,0,0,0,0,0,0
antivenom,1,antivenom=1,0,1,0,0,0,0,0,0
antlered,1,antlered=1,0,0,0,0,1,0,0,0
antlers,1,antlers=1,0,1,0,0,0,0,0,0
antonin,1,antonin=1,0,1,0,0,0,0,0,0
antonine,1,antonine=1,0,1,0,0,0,0,0,0
antonio,1,antonio=1,0,1,0,0,0,0,0,0
antonín,1,antonín=1,0,1,0,0,0,0,0,0
anya,1,anya=1,0,1,0,0,0,0,0,0
anyways,1,anyways=1,1,0,0,0,0,0,0,0
apace,1,apace=1,1,0,0,0,0,0,0,0
apes,1,apes=1,0,1,0,0,0,0,0,0
apin,1,apin=1,0,0,0,0,0,1,0,0
appal,1,appalled=1,0,0,1,0,0,0,0,0
appledore,1,appledore=1,0,1,0,0,0,0,0,0
appointee,1,appointees=1,1,0,0,0,0,0,0,0
apportionment,1,apportionment=1,1,0,0,0,0,0,0,0
appraisers,1,appraisers=1,0,1,0,0,0,0,0,0
appraising,1,appraising=1,1,0,0,0,0,0,0,0
appreciably,1,appreciably=1,0,0,0,0,0,1,0,0
appreciative,1,appreciative=1,0,1,0,0,0,0,0,0
appropriateness,1,appropriateness=1,1,0,0,0,0,0,0,0
appropriating,1,appropriating=1,0,0,1,0,0,0,0,0
apps,1,apps=1,0,1,0,0,0,0,0,0
apra,1,apra=1,0,1,0,0,0,0,0,0
apye,1,apying=1,0,0,1,0,0,0,0,0
aqua,1,aqua=1,0,1,0,0,0,0,0,0
arbiter,1,arbiter=1,1,0,0,0,0,0,0,0
arbitrarily,1,arbitrarily=1,0,0,0,0,0,1,0,0
arbitrate,1,arbitrates=1,0,0,1,0,0,0,0,0
archaeo,1,archaeo=1,1,0,0,0,0,0,0,0
archaeoptertx,1,archaeoptertx=1,0,1,0,0,0,0,0,0
architecturally,1,architecturally=1,0,0,0,0,0,1,0,0
archival,1,archival=1,1,0,0,0,0,0,0,0
archived,1,archived=1,0,0,0,0,1,0,0,0
archiving,1,archiving=1,0,0,0,0,1,0,0,0
are,1,are=1,0,0,1,0,0,0,0,0
areinferior,1,areinferior=1,0,0,0,0,1,0,0,0
aremote,1,aremote=1,0,0,1,0,0,0,0,0
argentine,1,argentine=1,0,1,0,0,0,0,0,0
argos,1,argos=1,0,1,0,0,0,0,0,0
arlecchino,1,arlecchino=1,0,1,0,0,0,0,0,0
arles,1,arles=1,0,1,0,0,0,0,0,0
armature,1,armature=1,1,0,0,0,0,0,0,0
armenian,1,armenian=1,0,0,0,0,1,0,0,0
armour,1,armour=1,1,0,0,0,0,0,0,0
aroma,1,aroma=1,1,0,0,0,0,0,0,0
arose,1,arose=1,0,0,0,0,1,0,0,0
arrangements,1,arrangements=1,0,1,0,0,0,0,0,0
artemus,1,artemus=1,0,1,0,0,0,0,0,0
arterial,1,arterial=1,0,0,0,0,1,0,0,0
artichoke,1,artichoke=1,1,0,0,0,0,0,0,0
articles,1,articles=1,0,1,0,0,0,0,0,0
artificiality,1,artificiality=1,1,0,0,0,0,0,0,0
artisanal,1,artisanal=1,0,0,0,0,1,0,0,0
artw,1,artw=1,1,0,0,0,0,0,0,0
asa,1,asa=1,0,1,0,0,0,0,0,0
ascendance,1,ascendance=1,1,0,0,0,0,0,0,0
ascendant,1,ascendant=1,1,0,0,0,0,0,0,0
ascertaining,1,ascertaining=1,1,0,0,0,0,0,0,0
ascribe,1,ascribe=1,0,0,1,0,0,0,0,0
aseasonal,1,aseasonal=1,0,0,0,0,1,0,0,0
ashamed,1,ashamed=1,0,0,0,0,1,0,0,0
asher,1,asher=1,0,1,0,0,0,0,0,0
asking,1,asking=1,1,0,0,0,0,0,0,0
asphalt,1,asphalt=1,1,0,0,0,0,0,0,0
aspiration,1,aspiration=1,1,0,0,0,0,0,0,0
aspiring,1,aspiring=1,0,0,0,0,1,0,0,0
assassination,1,assassination=1,1,0,0,0,0,0,0,0
assent,1,assent=1,1,0,0,0,0,0,0,0
assertive,1,assertive=1,1,0,0,0,0,0,0,0
assigning,1,assigning=1,0,1,0,0,0,0,0,0
assimilation,1,assimilation=1,1,0,0,0,0,0,0,0
associations,1,associations=1,0,1,0,0,0,0,0,0
assort,1,assorted=1,0,0,1,0,0,0,0,0
assumptions,1,assumptions=1,0,1,0,0,0,0,0,0
assuredness,1,assuredness=1,1,0,0,0,0,0,0,0
assyria,1,assyria=1,0,1,0,0,0,0,0,0
asteroids,1,asteroids=1,0,1,0,0,0,0,0,0
asthe,1,asthe=1,0,0,0,0,0,0,0,1
astonishment,1,astonishment=1,1,0,0,0,0,0,0,0
astoria,1,astoria=1,0,1,0,0,0,0,0,0
astoundingly,1,astoundingly=1,0,0,0,0,0,1,0,0
astronomist,1,astronomist=1,1,0,0,0,0,0,0,0
astrophysic,1,astrophysics=1,1,0,0,0,0,0,0,0
astrophysicist,1,astrophysicist=1,1,0,0,0,0,0,0,0
ate,1,ate=1,0,0,0,0,1,0,0,0
athenians,1,athenians=1,0,1,0,0,0,0,0,0
ation,1,ation=1,0,1,0,0,0,0,0,0
atrium,1,atrium=1,1,0,0,0,0,0,0,0
attangrant,1,attangrant=1,0,1,0,0,0,0,0,0
attendees,1,attendees=1,0,1,0,0,0,0,0,0
attitudes,1,attitudes=1,0,1,0,0,0,0,0,0
attributes,1,attributes=1,0,1,0,0,0,0,0,0
atudent,1,atudent=1,1,0,0,0,0,0,0,0
atv,1,atv=1,0,1,0,0,0,0,0,0
auckland,1,auckland=1,0,1,0,0,0,0,0,0
audacity,1,audacity=1,1,0,0,0,0,0,0,0
audible,1,audible=1,0,0,0,0,1,0,0,0
audiophile,1,audiophiles=1,1,0,0,0,0,0,0,0
auditions,1,auditions=1,0,1,0,0,0,0,0,0
augmentation,1,augmentation=1,1,0,0,0,0,0,0,0
augusta,1,augusta=1,0,1,0,0,0,0,0,0
auk,1,auk=1,1,0,0,0,0,0,0,0
aural,1,aural=1,0,0,0,0,1,0,0,0
aurochs,1,aurochs=1,1,0,0,0,0,0,0,0
auspicious,1,auspicious=1,0,0,0,0,1,0,0,0
australasia,1,australasia=1,0,1,0,0,0,0,0,0
australasian,1,australasian=1,0,0,0,0,1,0,0,0
austrians,1,austrians=1,0,1,0,0,0,0,0,0
auteur,1,auteur=1,1,0,0,0,0,0,0,0
auteurism,1,auteurism=1,1,0,0,0,0,0,0,0
authentically,1,authentically=1,0,0,0,0,0,1,0,0
authenticating,1,authenticating=1,1,0,0,0,0,0,0,0
authentication,1,authentication=1,1,0,0,0,0,0,0,0
authors,1,authors=1,0,1,0,0,0,0,0,0
autobiographie,1,autobiographies=1,0,0,1,0,0,0,0,0
autoimmune,1,autoimmune=1,0,0,0,0,1,0,0,0
autoinducers,1,autoinducers=1,0,1,0,0,0,0,0,0
automatism,1,automatism=1,1,0,0,0,0,0,0,0
autoplay,1,autoplay=1,1,0,0,0,0,0,0,0
auxiliary,1,auxiliary=1,0,0,0,0,1,0,0,0
avalanche,1,avalanche=1,1,0,0,0,0,0,0,0
ave,1,ave=1,0,1,0,0,0,0,0,0
avelin,1,avelin=1,0,1,0,0,0,0,0,0
aven,1,aven=1,0,1,0,0,0,0,0,0
aversive,1,aversive=1,0,0,0,0,1,0,0,0
aviary,1,aviary=1,0,0,0,0,1,0,0,0
avila,1,avila=1,0,1,0,0,0,0,0,0
avocados,1,avocados=1,0,1,0,0,0,0,0,0
avoiding,1,avoiding=1,1,0,0,0,0,0,0,0
avon,1,avon=1,0,1,0,0,0,0,0,0
awry,1,awry=1,0,0,0,0,1,0,0,0
axumite,1,axumite=1,0,1,0,0,0,0,0,0
axumites,1,axumites=1,0,1,0,0,0,0,0,0
ayers,1,ayers=1,0,1,0,0,0,0,0,0
azore,1,azores=1,1,0,0,0,0,0,0,0
ba,1,ba=1,0,1,0,0,0,0,0,0
babbling,1,babbling=1,1,0,0,0,0,0,0,0
baboons,1,baboons=1,0,1,0,0,0,0,0,0
babysitter,1,babysitter=1,1,0,0,0,0,0,0,0
bachelor,1,bachelor=1,1,0,0,0,0,0,0,0
backcourt,1,backcourt=1,1,0,0,0,0,0,0,0
backseat,1,backseat=1,1,0,0,0,0,0,0,0
backstory,1,backstory=1,1,0,0,0,0,0,0,0
backtracking,1,backtracking=1,1,0,0,0,0,0,0,0
badmouth,1,badmouthing=1,0,0,1,0,0,0,0,0
baffle,1,baffled=1,0,0,1,0,0,0,0,0
bajos,1,bajos=1,0,0,0,0,1,0,0,0
balding,1,balding=1,0,0,0,0,1,0,0,0
bangladesh,1,bangladesh=1,0,1,0,0,0,0,0,0
banish,1,banish=1,0,0,1,0,0,0,0,0
banker,1,bankers=1,1,0,0,0,0,0,0,0
barbarous,1,barbarous=1,0,0,0,0,1,0,0,0
barcode,1,barcode=1,1,0,0,0,0,0,0,0
barefoot,1,barefoot=1,1,0,0,0,0,0,0,0
baritone,1,baritone=1,1,0,0,0,0,0,0,0
barlow,1,barlow=1,0,1,0,0,0,0,0,0
barnicle,1,barnicle=1,1,0,0,0,0,0,0,0
barnyard,1,barnyard=1,1,0,0,0,0,0,0,0
baron,1,baron=1,1,0,0,0,0,0,0,0
barracuda,1,barracuda=1,1,0,0,0,0,0,0,0
barrage,1,barrage=1,1,0,0,0,0,0,0,0
barreling,1,barreling=1,1,0,0,0,0,0,0,0
barrow,1,barrow=1,0,1,0,0,0,0,0,0
barthes,1,barthes=1,0,1,0,0,0,0,0,0
bartlett,1,bartlett=1,0,1,0,0,0,0,0,0
bartolomeo,1,bartolomeo=1,0,1,0,0,0,0,0,0
bas,1,bas=1,0,1,0,0,0,0,0,0
baseline,1,baseline=1,1,0,0,0,0,0,0,0
basking,1,basking=1,1,0,0,0,0,0,0,0
bastion,1,bastions=1,1,0,0,0,0,0,0,0
bathroom,1,bathroom=1,1,0,0,0,0,0,0,0
battleship,1,battleship=1,1,0,0,0,0,0,0,0
bazaar,1,bazaars=1,1,0,0,0,0,0,0,0
beaks,1,beaks=1,0,1,0,0,0,0,0,0
bearable,1,bearable=1,0,0,0,0,1,0,0,0
bearer,1,bearer=1,1,0,0,0,0,0,0,0
bears,1,bears=1,0,1,0,0,0,0,0,0
beastie,1,beastie=1,0,1,0,0,0,0,0,0
beating,1,beating=1,1,0,0,0,0,0,0,0
beatle,1,beatles=1,1,0,0,0,0,0,0,0
beatrix,1,beatrix=1,0,1,0,0,0,0,0,0
beaversver,1,beaversvers=1,1,0,0,0,0,0,0,0
became,1,became=1,0,0,1,0,0,0,0,0
becausethe,1,becausethe=1,0,0,0,0,0,0,0,1
becoming,1,becoming=1,0,1,0,0,0,0,0,0
becouse,1,becouse=1,1,0,0,0,0,0,0,0
bede,1,bede=1,0,1,0,0,0,0,0,0
bedevil,1,bedevil=1,0,0,1,0,0,0,0,0
bediscourage,1,bediscouraged=1,0,0,1,0,0,0,0,0
bedsheet,1,bedsheet=1,1,0,0,0,0,0,0,0
beeasily,1,beeasily=1,0,0,0,0,0,1,0,0
beetacchi,1,beetacchi=1,0,1,0,0,0,0,0,0
befriend,1,befriended=1,0,0,1,0,0,0,0,0
beggar,1,beggars=1,1,0,0,0,0,0,0,0
begun,1,begun=1,0,1,0,0,0,0,0,0
behaviorally,1,behaviorally=1,0,0,0,0,0,1,0,0
behavioural,1,behavioural=1,0,0,0,0,1,0,0,0
behold,1,behold=1,0,0,0,0,1,0,0,0
beige,1,beige=1,0,0,0,0,1,0,0,0
beigy,1,beigy=1,1,0,0,0,0,0,0,0
beijing,1,beijing=1,0,1,0,0,0,0,0,0
beixin,1,beixin=1,1,0,0,0,0,0,0,0
bel,1,bel=1,0,1,0,0,0,0,0,0
beleaguered,1,beleaguered=1,0,0,0,0,1,0,0,0
believability,1,believability=1,1,0,0,0,0,0,0,0
believer,1,believer=1,1,0,0,0,0,0,0,0
bellini,1,bellini=1,0,1,0,0,0,0,0,0
belostoma,1,belostoma=1,0,1,0,0,0,0,0,0
belowground,1,belowground=1,0,0,0,0,1,0,0,0
belts,1,belts=1,0,1,0,0,0,0,0,0
beluga,1,beluga=1,0,0,0,0,1,0,0,0
benchmark,1,benchmark=1,1,0,0,0,0,0,0,0
benign,1,benign=1,0,0,0,0,1,0,0,0
bennett,1,bennett=1,0,1,0,0,0,0,0,0
benny,1,benny=1,0,1,0,0,0,0,0,0
benson,1,benson=1,0,1,0,0,0,0,0,0
beof,1,beof=1,0,0,0,0,1,0,0,0
bergsen,1,bergsen=1,0,1,0,0,0,0,0,0
bernardo,1,bernardo=1,0,1,0,0,0,0,0,0
bernd,1,bernd=1,0,1,0,0,0,0,0,0
bernini,1,bernini=1,0,1,0,0,0,0,0,0
berthe,1,berthe=1,0,1,0,0,0,0,0,0
beset,1,beset=1,0,0,1,0,0,0,0,0
bestow,1,bestow=1,0,0,1,0,0,0,0,0
bestselle,1,bestselling=1,0,0,1,0,0,0,0,0
beta,1,beta=1,1,0,0,0,0,0,0,0
beter,1,beter=1,1,0,0,0,0,0,0,0
betularia,1,betularia=1,0,1,0,0,0,0,0,0
betwee,1,betwee=1,1,0,0,0,0,0,0,0
betweeen,1,betweeen=1,0,0,1,0,0,0,0,0
bewildering,1,bewildering=1,0,0,0,0,1,0,0,0
beyoncé,1,beyoncé=1,0,1,0,0,0,0,0,0
bibliographical,1,bibliographical=1,0,0,0,0,1,0,0,0
bicker,1,bickering=1,0,0,1,0,0,0,0,0
bicycles,1,bicycles=1,0,1,0,0,0,0,0,0
bidder,1,bidder=1,1,0,0,0,0,0,0,0
bidirectional,1,bidirectional=1,0,0,0,0,1,0,0,0
bigwig,1,bigwigs=1,1,0,0,0,0,0,0,0
bilaterally,1,bilaterally=1,0,0,0,0,0,1,0,0
bilingual,1,bilingual=1,0,0,0,0,1,0,0,0
billabong,1,billabongs=1,1,0,0,0,0,0,0,0
billfish,1,billfishes=1,1,0,0,0,0,0,0,0
bioactivity,1,bioactivity=1,1,0,0,0,0,0,0,0
biochemically,1,biochemically=1,0,0,0,0,0,1,0,0
bioclimatic,1,bioclimatic=1,0,0,0,0,1,0,0,0
biodegradability,1,biodegradability=1,1,0,0,0,0,0,0,0
biographer,1,biographers=1,1,0,0,0,0,0,0,0
biohacker,1,biohackers=1,1,0,0,0,0,0,0,0
biohome,1,biohome=1,0,1,0,0,0,0,0,0
biomimetry,1,biomimetry=1,1,0,0,0,0,0,0,0
biomolecule,1,biomolecules=1,1,0,0,0,0,0,0,0
bioprecipitatlon,1,bioprecipitatlon=1,1,0,0,0,0,0,0,0
bioscience,1,bioscience=1,1,0,0,0,0,0,0,0
biosis,1,biosis=1,1,0,0,0,0,0,0,0
biosphere,1,biosphere=1,1,0,0,0,0,0,0,0
biota,1,biota=1,1,0,0,0,0,0,0,0
bioturbation,1,bioturbation=1,1,0,0,0,0,0,0,0
birdman,1,birdman=1,1,0,0,0,0,0,0,0
birdwatcher,1,birdwatchers=1,1,0,0,0,0,0,0,0
bisect,1,bisect=1,0,0,1,0,0,0,0,0
bismarck,1,bismarck=1,0,1,0,0,0,0,0,0
biston,1,biston=1,0,1,0,0,0,0,0,0
bivalve,1,bivalves=1,1,0,0,0,0,0,0,0
blackboard,1,blackboard=1,1,0,0,0,0,0,0,0
blackening,1,blackening=1,1,0,0,0,0,0,0,0
blackfeet,1,blackfeet=1,0,1,0,0,0,0,0,0
blackfly,1,blackfly=1,1,0,0,0,0,0,0,0
blackish,1,blackish=1,0,0,0,0,1,0,0,0
blackout,1,blackouts=1,1,0,0,0,0,0,0,0
blacktop,1,blacktop=1,1,0,0,0,0,0,0,0
blackwater,1,blackwater=1,0,1,0,0,0,0,0,0
blanche,1,blanche=1,0,1,0,0,0,0,0,0
bland,1,bland=1,0,0,0,0,1,0,0,0
blatantly,1,blatantly=1,0,0,0,0,0,1,0,0
blenny,1,blenny=1,1,0,0,0,0,0,0,0
blinking,1,blinking=1,1,0,0,0,0,0,0,0
blockbuster,1,blockbusters=1,1,0,0,0,0,0,0,0
blond,1,blond=1,0,0,0,0,1,0,0,0
bloodedness,1,bloodedness=1,1,0,0,0,0,0,0,0
bloomy,1,bloomy=1,1,0,0,0,0,0,0,0
blot,1,blots=1,1,0,0,0,0,0,0,0
blotch,1,blotches=1,1,0,0,0,0,0,0,0
blouse,1,blouse=1,1,0,0,0,0,0,0,0
blowhole,1,blowhole=1,1,0,0,0,0,0,0,0
blueprint,1,blueprints=1,1,0,0,0,0,0,0,0
blues,1,blues=1,0,1,0,0,0,0,0,0
bluetooth,1,bluetooth=1,0,1,0,0,0,0,0,0
bnitain,1,bnitain=1,0,1,0,0,0,0,0,0
bo,1,bo=1,0,1,0,0,0,0,0,0
boar,1,boars=1,1,0,0,0,0,0,0,0
boardman,1,boardman=1,0,1,0,0,0,0,0,0
boater,1,boaters=1,1,0,0,0,0,0,0,0
boats,1,boats=1,0,1,0,0,0,0,0,0
bode,1,bode=1,0,0,1,0,0,0,0,0
bodice,1,bodice=1,1,0,0,0,0,0,0,0
bodies,1,bodies=1,0,1,0,0,0,0,0,0
bogart,1,bogart=1,0,1,0,0,0,0,0,0
bogge,1,bogged=1,0,0,1,0,0,0,0,0
boggling,1,boggling=1,1,0,0,0,0,0,0,0
bomb,1,bomb=1,1,0,0,0,0,0,0,0
bombyx,1,bombyx=1,0,1,0,0,0,0,0,0
bonding,1,bonding=1,1,0,0,0,0,0,0,0
boned,1,boned=1,0,0,0,0,1,0,0,0
bonfire,1,bonfires=1,1,0,0,0,0,0,0,0
bookkeeper,1,bookkeeper=1,1,0,0,0,0,0,0,0
bookmark,1,bookmarks=1,1,0,0,0,0,0,0,0
bookshop,1,bookshop=1,1,0,0,0,0,0,0,0
boon,1,boon=1,1,0,0,0,0,0,0,0
booths,1,booths=1,0,1,0,0,0,0,0,0
borderland,1,borderlands=1,1,0,0,0,0,0,0,0
borderline,1,borderlines=1,1,0,0,0,0,0,0,0
borne,1,borne=1,0,0,0,0,1,0,0,0
borough,1,boroughs=1,1,0,0,0,0,0,0,0
borrower,1,borrower=1,1,0,0,0,0,0,0,0
bosh,1,bosh=1,0,0,0,0,0,1,0,0
bouncing,1,bouncing=1,1,0,0,0,0,0,0,0
bout,1,bouts=1,1,0,0,0,0,0,0,0
bowen,1,bowen=1,0,1,0,0,0,0,0,0
bowerbird,1,bowerbirds=1,1,0,0,0,0,0,0,0
bowhead,1,bowhead=1,1,0,0,0,0,0,0,0
bowler,1,bowlers=1,1,0,0,0,0,0,0,0
boxing,1,boxing=1,1,0,0,0,0,0,0,0
boxoffice,1,boxoffice=1,1,0,0,0,0,0,0,0
boyhood,1,boyhood=1,1,0,0,0,0,0,0,0
boys,1,boys=1,0,1,0,0,0,0,0,0
bracket,1,brackets=1,1,0,0,0,0,0,0,0
brackish,1,brackish=1,0,0,0,0,1,0,0,0
bracon,1,bracon=1,0,1,0,0,0,0,0,0
braggart,1,braggart=1,0,0,0,0,1,0,0,0
bragger,1,bragger=1,1,0,0,0,0,0,0,0
brainwave,1,brainwave=1,1,0,0,0,0,0,0,0
brant,1,brant=1,1,0,0,0,0,0,0,0
braque,1,braque=1,0,1,0,0,0,0,0,0
brd,1,brds=1,1,0,0,0,0,0,0,0
breakaway,1,breakaway=1,1,0,0,0,0,0,0,0
breather,1,breather=1,1,0,0,0,0,0,0,0
breathless,1,breathless=1,0,1,0,0,0,0,0,0
breezy,1,breezy=1,0,0,0,0,1,0,0,0
brenda,1,brenda=1,0,1,0,0,0,0,0,0
breugel,1,breugel=1,1,0,0,0,0,0,0,0
brevicorni,1,brevicornis=1,1,0,0,0,0,0,0,0
brevity,1,brevity=1,1,0,0,0,0,0,0,0
bricks,1,bricks=1,0,1,0,0,0,0,0,0
bridbury,1,bridbury=1,0,1,0,0,0,0,0,0
bridgette,1,bridgette=1,0,1,0,0,0,0,0,0
brighter,1,brighter=1,0,0,0,0,1,0,0,0
brinkbeach,1,brinkbeach=1,1,0,0,0,0,0,0,0
briny,1,briny=1,1,0,0,0,0,0,0,0
briquetage,1,briquetage=1,1,0,0,0,0,0,0,0
brisk,1,brisk=1,0,0,0,0,1,0,0,0
bristle,1,bristling=1,0,0,1,0,0,0,0,0
bristlecone,1,bristlecone=1,1,0,0,0,0,0,0,0
bristlemouth,1,bristlemouths=1,1,0,0,0,0,0,0,0
bristol,1,bristol=1,0,1,0,0,0,0,0,0
britney,1,britney=1,0,1,0,0,0,0,0,0
bro,1,bro=1,0,0,1,0,0,0,0,0
broach,1,broach=1,0,0,1,0,0,0,0,0
brokering,1,brokering=1,1,0,0,0,0,0,0,0
brontë,1,brontë=1,0,1,0,0,0,0,0,0
brooch,1,brooches=1,1,0,0,0,0,0,0,0
brotherhood,1,brotherhood=1,0,1,0,0,0,0,0,0
brownish,1,brownish=1,0,0,0,0,1,0,0,0
bruce,1,bruce=1,0,1,0,0,0,0,0,0
bruge,1,bruges=1,1,0,0,0,0,0,0,0
brugel,1,brugel=1,0,1,0,0,0,0,0,0
bruise,1,bruises=1,1,0,0,0,0,0,0,0
brunelleschi,1,brunelleschi=1,0,1,0,0,0,0,0,0
brunt,1,brunt=1,1,0,0,0,0,0,0,0
brutally,1,brutally=1,0,0,0,0,0,1,0,0
brute,1,brute=1,0,0,0,0,1,0,0,0
bruton,1,bruton=1,0,1,0,0,0,0,0,0
bryan,1,bryan=1,0,1,0,0,0,0,0,0
bs,1,bs=1,0,0,0,0,0,0,0,1
bubbles,1,bubbles=1,0,1,0,0,0,0,0,0
bucketful,1,bucketful=1,0,0,0,0,1,0,0,0
buckling,1,buckling=1,0,0,0,0,1,0,0,0
budgetary,1,budgetary=1,0,0,0,0,1,0,0,0
buenos,1,buenos=1,0,1,0,0,0,0,0,0
builds,1,builds=1,0,1,0,0,0,0,0,0
bulgar,1,bulgar=1,0,1,0,0,0,0,0,0
bulge,1,bulging=1,0,0,1,0,0,0,0,0
bulleted,1,bulleted=1,0,0,0,0,1,0,0,0
bullfrog,1,bullfrog=1,1,0,0,0,0,0,0,0
bullion,1,bullion=1,1,0,0,0,0,0,0,0
bullock,1,bullock=1,0,1,0,0,0,0,0,0
bully,1,bully=1,1,0,0,0,0,0,0,0
bum,1,bums=1,0,0,1,0,0,0,0,0
bummed,1,bummed=1,0,0,0,0,1,0,0,0
bummer,1,bummer=1,0,1,0,0,0,0,0,0
bun,1,buns=1,1,0,0,0,0,0,0,0
bunk,1,bunk=1,1,0,0,0,0,0,0,0
bunky,1,bunky=1,0,0,0,0,1,0,0,0
buoy,1,buoyed=1,0,0,1,0,0,0,0,0
bureau,1,bureau=1,0,1,0,0,0,0,0,0
bureaucratic,1,bureaucratic=1,0,0,0,0,1,0,0,0
burlington,1,burlington=1,0,1,0,0,0,0,0,0
burnable,1,burnable=1,0,0,0,0,1,0,0,0
burnini,1,burnini=1,0,1,0,0,0,0,0,0
burnish,1,burnished=1,0,0,1,0,0,0,0,0
burnishing,1,burnishing=1,1,0,0,0,0,0,0,0
burp,1,burp=1,1,0,0,0,0,0,0,0
burrows,1,burrows=1,0,1,0,0,0,0,0,0
bursar,1,bursar=1,0,1,0,0,0,0,0,0
bursting,1,bursting=1,1,0,0,0,0,0,0,0
buses,1,buses=1,0,1,0,0,0,0,0,0
bushfire,1,bushfires=1,1,0,0,0,0,0,0,0
bushland,1,bushlands=1,1,0,0,0,0,0,0,0
butchery,1,butchery=1,1,0,0,0,0,0,0,0
butte,1,butte=1,0,1,0,0,0,0,0,0
buttress,1,buttresses=1,1,0,0,0,0,0,0,0
caches,1,caches=1,0,1,0,0,0,0,0,0
cacti,1,cacti=1,1,0,0,0,0,0,0,0
caddi,1,caddis=1,1,0,0,0,0,0,0,0
caddisfly,1,caddisfly=1,0,0,0,0,0,1,0,0
caiman,1,caimans=1,1,0,0,0,0,0,0,0
cairo,1,cairo=1,0,1,0,0,0,0,0,0
calcareous,1,calcareous=1,0,0,0,0,1,0,0,0
calculations,1,calculations=1,0,1,0,0,0,0,0,0
calder,1,calder=1,0,1,0,0,0,0,0,0
caldera,1,calderas=1,1,0,0,0,0,0,0,0
caleb,1,caleb=1,0,1,0,0,0,0,0,0
calendarical,1,calendarical=1,0,0,0,0,1,0,0,0
calendrical,1,calendrical=1,0,0,0,0,1,0,0,0
califomia,1,califomia=1,0,1,0,0,0,0,0,0
calisto,1,calisto=1,0,1,0,0,0,0,0,0
callias,1,callias=1,0,1,0,0,0,0,0,0
calmly,1,calmly=1,0,0,0,0,0,1,0,0
calmness,1,calmness=1,0,1,0,0,0,0,0,0
caloric,1,caloric=1,0,0,0,0,1,0,0,0
calorimeter,1,calorimeter=1,1,0,0,0,0,0,0,0
calpolli,1,calpolli=1,1,0,0,0,0,0,0,0
calvinists,1,calvinists=1,0,1,0,0,0,0,0,0
cambium,1,cambium=1,1,0,0,0,0,0,0,0
camille,1,camille=1,0,1,0,0,0,0,0,0
camper,1,campers=1,1,0,0,0,0,0,0,0
canaries,1,canaries=1,0,1,0,0,0,0,0,0
candid,1,candid=1,0,0,0,0,1,0,0,0
candidly,1,candidly=1,0,0,0,0,0,1,0,0
candlelight,1,candlelight=1,1,0,0,0,0,0,0,0
canine,1,canine=1,1,0,0,0,0,0,0,0
cantabrian,1,cantabrian=1,0,1,0,0,0,0,0,0
cantemir,1,cantemir=1,0,1,0,0,0,0,0,0
cappella,1,cappella=1,1,0,0,0,0,0,0,0
capturing,1,capturing=1,1,0,0,0,0,0,0,0
caral,1,caral=1,0,1,0,0,0,0,0,0
carburizing,1,carburizing=1,1,0,0,0,0,0,0,0
cardan,1,cardan=1,1,0,0,0,0,0,0,0
cardinal,1,cardinal=1,0,0,0,0,1,0,0,0
carding,1,carding=1,1,0,0,0,0,0,0,0
carelessly,1,carelessly=1,0,0,0,0,0,1,0,0
cargoe,1,cargoes=1,0,0,1,0,0,0,0,0
caricature,1,caricatures=1,1,0,0,0,0,0,0,0
carlsbad,1,carlsbad=1,0,1,0,0,0,0,0,0
carmaker,1,carmaker=1,1,0,0,0,0,0,0,0
carpeting,1,carpeting=1,1,0,0,0,0,0,0,0
carpooling,1,carpooling=1,1,0,0,0,0,0,0,0
carr,1,carr=1,0,1,0,0,0,0,0,0
carrels,1,carrels=1,0,1,0,0,0,0,0,0
carrhae,1,carrhae=1,0,1,0,0,0,0,0,0
carrots,1,carrots=1,0,1,0,0,0,0,0,0
cars,1,cars=1,0,1,0,0,0,0,0,0
cartographer,1,cartographer=1,1,0,0,0,0,0,0,0
cartomania,1,cartomania=1,1,0,0,0,0,0,0,0
carton,1,cartons=1,1,0,0,0,0,0,0,0
cartoonist,1,cartoonist=1,1,0,0,0,0,0,0,0
carus,1,carus=1,0,1,0,0,0,0,0,0
cascading,1,cascading=1,1,0,0,0,0,0,0,0
cassie,1,cassie=1,0,1,0,0,0,0,0,0
cassin,1,cassin=1,0,1,0,0,0,0,0,0
caste,1,caste=1,1,0,0,0,0,0,0,0
catalepsy,1,catalepsy=1,0,0,1,0,0,0,0,0
cataloging,1,cataloging=1,1,0,0,0,0,0,0,0
catalysis,1,catalysis=1,1,0,0,0,0,0,0,0
catcher,1,catcher=1,0,1,0,0,0,0,0,0
catching,1,catching=1,1,0,0,0,0,0,0,0
categorical,1,categorical=1,0,0,0,0,1,0,0,0
categories,1,categories=1,0,1,0,0,0,0,0,0
catered,1,catered=1,0,0,0,0,1,0,0,0
caterer,1,caterers=1,1,0,0,0,0,0,0,0
cats,1,cats=1,0,1,0,0,0,0,0,0
catskill,1,catskill=1,0,1,0,0,0,0,0,0
caudillos,1,caudillos=1,0,1,0,0,0,0,0,0
caulfield,1,caulfield=1,0,1,0,0,0,0,0,0
causally,1,causally=1,0,0,0,0,0,1,0,0
causation,1,causation=1,1,0,0,0,0,0,0,0
causing,1,causing=1,1,0,0,0,0,0,0,0
cavese,1,cavese=1,0,1,0,0,0,0,0,0
cazalis,1,cazalis=1,0,1,0,0,0,0,0,0
ccorde,1,ccording=1,0,0,1,0,0,0,0,0
ceile,1,ceiling=1,0,0,1,0,0,0,0,0
celadon,1,celadon=1,0,1,0,0,0,0,0,0
celebratory,1,celebratory=1,0,0,1,0,0,0,0,0
celluloid,1,celluloid=1,1,0,0,0,0,0,0,0
centennial,1,centennial=1,0,0,0,0,1,0,0,0
centerpiece,1,centerpiece=1,1,0,0,0,0,0,0,0
centimetre,1,centimetres=1,1,0,0,0,0,0,0,0
centipede,1,centipede=1,1,0,0,0,0,0,0,0
centrality,1,centrality=1,1,0,0,0,0,0,0,0
centric,1,centric=1,0,0,0,0,1,0,0,0
centune,1,centunes=1,1,0,0,0,0,0,0,0
ceo,1,ceo=1,0,1,0,0,0,0,0,0
ceramics,1,ceramics=1,1,0,0,0,0,0,0,0
ceramist,1,ceramist=1,1,0,0,0,0,0,0,0
cerca,1,cerca=1,0,1,0,0,0,0,0,0
ceres,1,ceres=1,0,1,0,0,0,0,0,0
cesar,1,cesar=1,0,1,0,0,0,0,0,0
chad,1,chad=1,0,1,0,0,0,0,0,0
chains,1,chains=1,0,1,0,0,0,0,0,0
chairman,1,chairman=1,1,0,0,0,0,0,0,0
chambers,1,chambers=1,0,1,0,0,0,0,0,0
changeable,1,changeable=1,0,0,0,0,1,0,0,0
changed,1,changed=1,0,0,0,0,1,0,0,0
changemaker,1,changemakers=1,1,0,0,0,0,0,0,0
changeover,1,changeover=1,1,0,0,0,0,0,0,0
changer,1,changer=1,1,0,0,0,0,0,0,0
channels,1,channels=1,0,1,0,0,0,0,0,0
chanterelle,1,chanterelles=1,1,0,0,0,0,0,0,0
chaparral,1,chaparral=1,0,1,0,0,0,0,0,0
chaperone,1,chaperones=1,1,0,0,0,0,0,0,0
chapman,1,chapman=1,0,1,0,0,0,0,0,0
characterization,1,characterization=1,1,0,0,0,0,0,0,0
charging,1,charging=1,0,1,0,0,0,0,0,0
charlotte,1,charlotte=1,0,1,0,0,0,0,0,0
charter,1,charters=1,1,0,0,0,0,0,0,0
chassini,1,chassini=1,1,0,0,0,0,0,0,0
chatbots,1,chatbots=1,0,1,0,0,0,0,0,0
chavey,1,chavey=1,1,0,0,0,0,0,0,0
cheaper,1,cheaper=1,0,1,0,0,0,0,0,0
cheatgerass,1,cheatgerass=1,1,0,0,0,0,0,0,0
checkerboard,1,checkerboard=1,1,0,0,0,0,0,0,0
cheekbone,1,cheekbones=1,1,0,0,0,0,0,0,0
cheep,1,cheep=1,1,0,0,0,0,0,0,0
chelodina,1,chelodina=1,0,1,0,0,0,0,0,0
chemicals,1,chemicals=1,0,1,0,0,0,0,0,0
chewed,1,chewed=1,0,0,0,0,1,0,0,0
chewing,1,chewing=1,1,0,0,0,0,0,0,0
chichancanab,1,chichancanab=1,0,1,0,0,0,0,0,0
chiefs,1,chiefs=1,0,1,0,0,0,0,0,0
chihuahuas,1,chihuahuas=1,0,1,0,0,0,0,0,0
childbearing,1,childbearing=1,1,0,0,0,0,0,0,0
childless,1,childless=1,0,0,0,0,1,0,0,0
childlike,1,childlike=1,0,0,0,0,1,0,0,0
chimps,1,chimps=1,0,1,0,0,0,0,0,0
chinas,1,chinas=1,0,1,0,0,0,0,0,0
chink,1,chink=1,1,0,0,0,0,0,0,0
chjould,1,chjould=1,0,0,0,1,0,0,0,0
chloride,1,chloride=1,1,0,0,0,0,0,0,0
chondrites,1,chondrites=1,0,1,0,0,0,0,0,0
chondritic,1,chondritic=1,0,0,0,0,1,0,0,0
choosiness,1,choosiness=1,1,0,0,0,0,0,0,0
choreographed,1,choreographed=1,0,0,0,0,1,0,0,0
choreographically,1,choreographically=1,0,0,0,0,0,1,0,0
choric,1,choric=1,0,0,0,0,1,0,0,0
christmas,1,christmas=1,0,1,0,0,0,0,0,0
christy,1,christy=1,0,1,0,0,0,0,0,0
chromatic,1,chromatic=1,0,0,0,0,1,0,0,0
chronically,1,chronically=1,0,0,0,0,0,1,0,0
chronicler,1,chronicler=1,1,0,0,0,0,0,0,0
chrysler,1,chrysler=1,0,1,0,0,0,0,0,0
churches,1,churches=1,0,1,0,0,0,0,0,0
cindy,1,cindy=1,0,1,0,0,0,0,0,0
cinematically,1,cinematically=1,0,0,0,0,0,1,0,0
cinnabar,1,cinnabar=1,1,0,0,0,0,0,0,0
circulating,1,circulating=1,0,1,0,0,0,0,0,0
circumnavigate,1,circumnavigate=1,0,0,1,0,0,0,0,0
circumvent,1,circumvent=1,0,0,1,0,0,0,0,0
civilizations,1,civilizations=1,0,1,0,0,0,0,0,0
civilizing,1,civilizing=1,0,1,0,0,0,0,0,0
cladh,1,cladh=1,0,1,0,0,0,0,0,0
clamitan,1,clamitans=1,1,0,0,0,0,0,0,0
clampy,1,clampy=1,0,0,0,0,1,0,0,0
clans,1,clans=1,0,1,0,0,0,0,0,0
clap,1,clapped=1,0,0,1,0,0,0,0,0
clarinet,1,clarinet=1,1,0,0,0,0,0,0,0
clashing,1,clashing=1,1,0,0,0,0,0,0,0
clasp,1,clasped=1,0,0,1,0,0,0,0,0
classics,1,classics=1,0,1,0,0,0,0,0,0
classified,1,classified=1,0,0,0,0,1,0,0,0
clause,1,clause=1,1,0,0,0,0,0,0,0
clauzel,1,clauzel=1,0,1,0,0,0,0,0,0
clavichord,1,clavichord=1,1,0,0,0,0,0,0,0
clayborn,1,clayborn=1,0,1,0,0,0,0,0,0
cleanly,1,cleanly=1,0,0,0,0,0,1,0,0
cleanse,1,cleansed=1,0,0,1,0,0,0,0,0
clearance,1,clearance=1,1,0,0,0,0,0,0,0
clearguideline,1,clearguidelines=1,1,0,0,0,0,0,0,0
clearish,1,clearish=1,0,0,0,0,1,0,0,0
clemens,1,clemens=1,0,1,0,0,0,0,0,0
cleric,1,clerics=1,1,0,0,0,0,0,0,0
clerical,1,clerical=1,0,0,0,0,1,0,0,0
clerkin,1,clerkin=1,0,1,0,0,0,0,0,0
cleveland,1,cleveland=1,0,1,0,0,0,0,0,0
cleverness,1,cleverness=1,1,0,0,0,0,0,0,0
clicco,1,clicco=1,0,1,0,0,0,0,0,0
clicko,1,clicko=1,0,1,0,0,0,0,0,0
climax,1,climax=1,1,0,0,0,0,0,0,0
clipboard,1,clipboard=1,1,0,0,0,0,0,0,0
clipping,1,clippings=1,1,0,0,0,0,0,0,0
clod,1,clod=1,1,0,0,0,0,0,0,0
cloning,1,cloning=1,1,0,0,0,0,0,0,0
closest,1,closest=1,0,0,0,0,1,0,0,0
clove,1,cloves=1,1,0,0,0,0,0,0,0
clubworth,1,clubworth=1,1,0,0,0,0,0,0,0
clung,1,clung=1,0,1,0,0,0,0,0,0
clunky,1,clunky=1,0,0,0,0,1,0,0,0
cluny,1,cluny=1,0,1,0,0,0,0,0,0
clupeidae,1,clupeidae=1,0,1,0,0,0,0,0,0
clutter,1,clutter=1,1,0,0,0,0,0,0,0
cnn,1,cnn=1,0,1,0,0,0,0,0,0
coaching,1,coaching=1,1,0,0,0,0,0,0,0
coalbrookdale,1,coalbrookdale=1,0,1,0,0,0,0,0,0
coalfields,1,coalfields=1,0,1,0,0,0,0,0,0
coaling,1,coaling=1,1,0,0,0,0,0,0,0
coatin,1,coatin=1,1,0,0,0,0,0,0,0
cobbe,1,cobbe=1,0,1,0,0,0,0,0,0
cobblestone,1,cobblestones=1,1,0,0,0,0,0,0,0
cobweb,1,cobweb=1,0,1,0,0,0,0,0,0
cobwebs,1,cobwebs=1,1,0,0,0,0,0,0,0
cocoa,1,cocoa=1,1,0,0,0,0,0,0,0
coconut,1,coconuts=1,1,0,0,0,0,0,0,0
coddington,1,coddington=1,0,1,0,0,0,0,0,0
codependent,1,codependent=1,1,0,0,0,0,0,0,0
codification,1,codification=1,1,0,0,0,0,0,0,0
codified,1,codified=1,0,0,0,0,1,0,0,0
coding,1,coding=1,1,0,0,0,0,0,0,0
coercion,1,coercion=1,1,0,0,0,0,0,0,0
coffin,1,coffins=1,1,0,0,0,0,0,0,0
cognitively,1,cognitively=1,0,0,0,0,0,1,0,0
cohen,1,cohen=1,0,1,0,0,0,0,0,0
cohere,1,cohere=1,0,0,1,0,0,0,0,0
coins,1,coins=1,0,1,0,0,0,0,0,0
coinse,1,coinse=1,0,1,0,0,0,0,0,0
coio,1,coios=1,1,0,0,0,0,0,0,0
coldness,1,coldness=1,1,0,0,0,0,0,0,0
collages,1,collages=1,0,1,0,0,0,0,0,0
collections,1,collections=1,0,1,0,0,0,0,0,0
colloquial,1,colloquial=1,0,0,0,0,1,0,0,0
colonialism,1,colonialism=1,1,0,0,0,0,0,0,0
colonially,1,colonially=1,0,0,0,0,0,1,0,0
colonies,1,colonies=1,0,1,0,0,0,0,0,0
colorant,1,colorant=1,0,1,0,0,0,0,0,0
colorist,1,colorist=1,1,0,0,0,0,0,0,0
colossal,1,colossal=1,1,0,0,0,0,0,0,0
colosseum,1,colosseum=1,1,0,0,0,0,0,0,0
colourful,1,colourful=1,0,0,0,0,1,0,0,0
colouring,1,colouring=1,1,0,0,0,0,0,0,0
comblike,1,comblike=1,1,0,0,0,0,0,0,0
comer,1,comer=1,1,0,0,0,0,0,0,0
comforting,1,comforting=1,0,0,0,0,1,0,0,0
comforts,1,comforts=1,0,1,0,0,0,0,0,0
comfy,1,comfy=1,0,0,1,0,0,0,0,0
comma,1,commas=1,1,0,0,0,0,0,0,0
commemoration,1,commemoration=1,1,0,0,0,0,0,0,0
commend,1,commend=1,0,0,1,0,0,0,0,0
commendable,1,commendable=1,0,0,0,0,1,0,0,0
commending,1,commending=1,0,1,0,0,0,0,0,0
commensualism,1,commensualism=1,1,0,0,0,0,0,0,0
commensule,1,commensule=1,0,1,0,0,0,0,0,0
commerical,1,commerical=1,0,0,0,0,1,0,0,0
commersion,1,commersion=1,1,0,0,0,0,0,0,0
commonality,1,commonalities=1,1,0,0,0,0,0,0,0
commonest,1,commonest=1,0,0,0,0,1,0,0,0
commonness,1,commonness=1,1,0,0,0,0,0,0,0
communally,1,communally=1,0,0,0,0,0,1,0,0
commune,1,communes=1,1,0,0,0,0,0,0,0
communications,1,communications=1,0,1,0,0,0,0,0,0
communities,1,communities=1,0,1,0,0,0,0,0,0
companies,1,companies=1,0,1,0,0,0,0,0,0
comparably,1,comparably=1,0,0,0,0,0,1,0,0
comparisons,1,comparisons=1,0,1,0,0,0,0,0,0
compensating,1,compensating=1,1,0,0,0,0,0,0,0
competitively,1,competitively=1,0,0,0,0,0,1,0,0
competitiveness,1,competitiveness=1,1,0,0,0,0,0,0,0
competitors,1,competitors=1,0,1,0,0,0,0,0,0
compiler,1,compilers=1,1,0,0,0,0,0,0,0
complaints,1,complaints=1,0,1,0,0,0,0,0,0
completed,1,completed=1,0,1,0,0,0,0,0,0
completing,1,completing=1,1,0,0,0,0,0,0,0
complications,1,complications=1,0,1,0,0,0,0,0,0
composers,1,composers=1,0,1,0,0,0,0,0,0
composing,1,composing=1,1,0,0,0,0,0,0,0
compounding,1,compounding=1,0,1,0,0,0,0,0,0
comprehend,1,comprehending=1,0,0,1,0,0,0,0,0
compressing,1,compressing=1,0,1,0,0,0,0,0,0
compressive,1,compressive=1,0,0,0,0,1,0,0,0
computers,1,computers=1,0,1,0,0,0,0,0,0
comédie,1,comédie=1,0,1,0,0,0,0,0,0
concealment,1,concealment=1,0,0,0,0,1,0,0,0
concede,1,concede=1,0,1,0,0,0,0,0,0
conceited,1,conceited=1,0,0,0,0,1,0,0,0
concent,1,concent=1,1,0,0,0,0,0,0,0
concentrating,1,concentrating=1,0,1,0,0,0,0,0,0
concerted,1,concerted=1,0,0,0,0,1,0,0,0
concerto,1,concerto=1,1,0,0,0,0,0,0,0
concerts,1,concerts=1,0,1,0,0,0,0,0,0
conclusions,1,conclusions=1,0,1,0,0,0,0,0,0
concoct,1,concocted=1,0,0,1,0,0,0,0,0
concomitantly,1,concomitantly=1,0,0,0,0,0,1,0,0
concurrent,1,concurrent=1,0,0,0,0,1,0,0,0
condescend,1,condescending=1,0,0,1,0,0,0,0,0
condom,1,condom=1,1,0,0,0,0,0,0,0
condor,1,condor=1,1,0,0,0,0,0,0,0
conductive,1,conductive=1,0,0,0,0,1,0,0,0
conferences,1,conferences=1,0,1,0,0,0,0,0,0
confess,1,confess=1,0,0,1,0,0,0,0,0
confide,1,confide=1,0,0,1,0,0,0,0,0
confidenti,1,confidenti=1,0,1,0,0,0,0,0,0
confining,1,confining=1,0,0,0,0,1,0,0,0
confiscate,1,confiscates=1,0,0,1,0,0,0,0,0
confiscation,1,confiscation=1,1,0,0,0,0,0,0,0
conflicts,1,conflicts=1,0,1,0,0,0,0,0,0
conforming,1,conforming=1,0,0,0,0,1,0,0,0
confucius,1,confucius=1,0,1,0,0,0,0,0,0
cong,1,cong=1,0,1,0,0,0,0,0,0
congest,1,congested=1,0,0,1,0,0,0,0,0
congregating,1,congregating=1,1,0,0,0,0,0,0,0
congress,1,congress=1,0,1,0,0,0,0,0,0
conifers,1,conifers=1,0,1,0,0,0,0,0,0
connecting,1,connecting=1,0,0,0,0,1,0,0,0
connoisseur,1,connoisseurs=1,1,0,0,0,0,0,0,0
conscientious,1,conscientious=1,0,0,0,0,1,0,0,0
conservatism,1,conservatism=1,0,1,0,0,0,0,0,0
considering,1,considering=1,1,0,0,0,0,0,0,0
consortium,1,consortium=1,1,0,0,0,0,0,0,0
conspicuousness,1,conspicuousness=1,1,0,0,0,0,0,0,0
conspiracy,1,conspiracy=1,1,0,0,0,0,0,0,0
constancy,1,constancy=1,1,0,0,0,0,0,0,0
consternation,1,consternation=1,1,0,0,0,0,0,0,0
constline,1,constlines=1,1,0,0,0,0,0,0,0
constructional,1,constructional=1,0,0,0,0,1,0,0,0
constructively,1,constructively=1,0,0,0,0,0,1,0,0
consultant,1,consultant=1,1,0,0,0,0,0,0,0
contacted,1,contacted=1,0,1,0,0,0,0,0,0
contained,1,contained=1,0,0,0,0,1,0,0,0
containernow,1,containernow=1,1,0,0,0,0,0,0,0
contaminants,1,contaminants=1,0,1,0,0,0,0,0,0
contaminated,1,contaminated=1,0,0,0,0,1,0,0,0
contemplation,1,contemplation=1,1,0,0,0,0,0,0,0
contentedly,1,contentedly=1,0,0,0,0,0,1,0,0
contentiousness,1,contentiousness=1,1,0,0,0,0,0,0,0
contextually,1,contextually=1,0,0,0,0,0,1,0,0
contiguous,1,contiguous=1,0,0,0,0,1,0,0,0
continents,1,continents=1,0,1,0,0,0,0,0,0
continuum,1,continuum=1,1,0,0,0,0,0,0,0
contort,1,contorts=1,0,0,1,0,0,0,0,0
contours,1,contours=1,1,0,0,0,0,0,0,0
contractor,1,contractors=1,1,0,0,0,0,0,0,0
contraindication,1,contraindications=1,1,0,0,0,0,0,0,0
contrived,1,contrived=1,0,0,0,0,1,0,0,0
controllable,1,controllable=1,0,0,0,0,1,0,0,0
controlled,1,controlled=1,0,1,0,0,0,0,0,0
controversially,1,controversially=1,0,0,0,0,0,1,0,0
convergent,1,convergent=1,1,0,0,0,0,0,0,0
converging,1,converging=1,1,0,0,0,0,0,0,0
convertible,1,convertible=1,0,0,0,0,1,0,0,0
converting,1,converting=1,1,0,0,0,0,0,0,0
conveyance,1,conveyances=1,1,0,0,0,0,0,0,0
conviction,1,convictions=1,1,0,0,0,0,0,0,0
convoluted,1,convoluted=1,0,0,0,0,1,0,0,0
coo,1,coo=1,1,0,0,0,0,0,0,0
cooccur,1,cooccur=1,1,0,0,0,0,0,0,0
coot,1,coots=1,1,0,0,0,0,0,0,0
copfuse,1,copfusing=1,0,0,1,0,0,0,0,0
copier,1,copiers=1,1,0,0,0,0,0,0,0
copilot,1,copilot=1,1,0,0,0,0,0,0,0
copin,1,copin=1,0,1,0,0,0,0,0,0
copious,1,copious=1,0,0,0,0,1,0,0,0
coppersmith,1,coppersmiths=1,1,0,0,0,0,0,0,0
copyholder,1,copyholder=1,1,0,0,0,0,0,0,0
copyist,1,copyists=1,1,0,0,0,0,0,0,0
coresident,1,coresidents=1,1,0,0,0,0,0,0,0
corinthian,1,corinthian=1,0,0,0,0,1,0,0,0
corm,1,corm=1,1,0,0,0,0,0,0,0
corncob,1,corncobs=1,1,0,0,0,0,0,0,0
cornet,1,cornet=1,1,0,0,0,0,0,0,0
cornmeal,1,cornmeal=1,1,0,0,0,0,0,0,0
cornstalk,1,cornstalks=1,1,0,0,0,0,0,0,0
cornwall,1,cornwall=1,0,1,0,0,0,0,0,0
coronation,1,coronation=1,0,1,0,0,0,0,0,0
corps,1,corps=1,1,0,0,0,0,0,0,0
correctness,1,correctness=1,1,0,0,0,0,0,0,0
correlating,1,correlating=1,0,1,0,0,0,0,0,0
correspondin,1,correspondin=1,0,0,0,0,1,0,0,0
cosmographia,1,cosmographia=1,0,1,0,0,0,0,0,0
cosmology,1,cosmology=1,0,1,0,0,0,0,0,0
cosmonaut,1,cosmonauts=1,1,0,0,0,0,0,0,0
costal,1,costal=1,1,0,0,0,0,0,0,0
costs,1,costs=1,0,1,0,0,0,0,0,0
costumed,1,costumed=1,0,0,0,0,1,0,0,0
costumes,1,costumes=1,0,1,0,0,0,0,0,0
cotta,1,cotta=1,0,0,1,0,0,0,0,0
cottonseed,1,cottonseeds=1,1,0,0,0,0,0,0,0
coughing,1,coughing=1,1,0,0,0,0,0,0,0
counsel,1,counseling=1,0,0,1,0,0,0,0,0
counselling,1,counselling=1,1,0,0,0,0,0,0,0
counteradaptive,1,counteradaptive=1,0,0,0,0,1,0,0,0
counterbalancing,1,counterbalancing=1,0,0,0,0,1,0,0,0
counterpoint,1,counterpoint=1,1,0,0,0,0,0,0,0
courtney,1,courtney=1,0,1,0,0,0,0,0,0
cov,1,cov=1,0,0,1,0,0,0,0,0
cowardly,1,cowardly=1,0,0,0,0,0,1,0,0
cowhide,1,cowhides=1,1,0,0,0,0,0,0,0
cracked,1,cracked=1,0,0,0,0,1,0,0,0
crane,1,cranes=1,1,0,0,0,0,0,0,0
cranial,1,cranial=1,0,0,0,0,1,0,0,0
crave,1,craved=1,0,0,1,0,0,0,0,0
crea,1,crea=1,0,0,1,0,0,0,0,0
creamer,1,creamers=1,1,0,0,0,0,0,0,0
creamy,1,creamy=1,0,0,0,0,1,0,0,0
crease,1,creases=1,1,0,0,0,0,0,0,0
creasein,1,creasein=1,1,0,0,0,0,0,0,0
credibly,1,credibly=1,0,0,0,0,0,1,0,0
creditor,1,creditors=1,1,0,0,0,0,0,0,0
credulous,1,credulous=1,0,0,0,0,1,0,0,0
creepy,1,creepy=1,0,1,0,0,0,0,0,0
cremate,1,cremated=1,0,0,1,0,0,0,0,0
creosote,1,creosote=1,1,0,0,0,0,0,0,0
crepuscular,1,crepuscular=1,0,0,0,0,1,0,0,0
crescendo,1,crescendo=1,1,0,0,0,0,0,0,0
cringe,1,cringing=1,0,0,1,0,0,0,0,0
cripple,1,cripple=1,0,0,1,0,0,0,0,0
crippled,1,crippled=1,0,0,0,0,1,0,0,0
crisscross,1,crisscrossing=1,0,0,1,0,0,0,0,0
cristofori,1,cristofori=1,0,1,0,0,0,0,0,0
criteria,1,criteria=1,0,1,0,0,0,0,0,0
croak,1,croaks=1,1,0,0,0,0,0,0,0
croatia,1,croatia=1,0,1,0,0,0,0,0,0
crockery,1,crockery=1,1,0,0,0,0,0,0,0
crocodilian,1,crocodilians=1,1,0,0,0,0,0,0,0
crooked,1,crooked=1,0,0,0,0,1,0,0,0
cropland,1,croplands=1,1,0,0,0,0,0,0,0
cropping,1,cropping=1,1,0,0,0,0,0,0,0
crops,1,crops=1,0,1,0,0,0,0,0,0
crossroad,1,crossroads=1,1,0,0,0,0,0,0,0
crosswalk,1,crosswalk=1,1,0,0,0,0,0,0,0
crouch,1,crouched=1,0,0,1,0,0,0,0,0
crouching,1,crouching=1,0,1,0,0,0,0,0,0
crowding,1,crowding=1,1,0,0,0,0,0,0,0
crudely,1,crudely=1,0,0,0,0,0,1,0,0
cruelty,1,cruelty=1,1,0,0,0,0,0,0,0
crumb,1,crumbs=1,1,0,0,0,0,0,0,0
crumbly,1,crumbly=1,0,0,0,0,0,1,0,0
crus,1,crus=1,0,0,1,0,0,0,0,0
cruse,1,cruse=1,0,1,0,0,0,0,0,0
crusty,1,crusty=1,0,0,0,0,1,0,0,0
crux,1,crux=1,1,0,0,0,0,0,0,0
crying,1,crying=1,1,0,0,0,0,0,0,0
cryovolcanoe,1,cryovolcanoes=1,1,0,0,0,0,0,0,0
cryptically,1,cryptically=1,0,0,0,0,0,1,0,0
crypticity,1,crypticity=1,1,0,0,0,0,0,0,0
csc,1,csc=1,0,1,0,0,0,0,0,0
cubicle,1,cubicles=1,1,0,0,0,0,0,0,0
cubists,1,cubists=1,0,1,0,0,0,0,0,0
cuckoo,1,cuckoo=1,0,0,1,0,0,0,0,0
cueva,1,cueva=1,0,1,0,0,0,0,0,0
cull,1,culling=1,0,0,1,0,0,0,0,0
culpability,1,culpability=1,1,0,0,0,0,0,0,0
cultivable,1,cultivable=1,0,0,0,0,1,0,0,0
cultivating,1,cultivating=1,1,0,0,0,0,0,0,0
cultures,1,cultures=1,0,1,0,0,0,0,0,0
cumin,1,cumin=1,1,0,0,0,0,0,0,0
cunning,1,cunning=1,0,0,0,0,1,0,0,0
cupboard,1,cupboards=1,1,0,0,0,0,0,0,0
curate,1,curating=1,0,0,1,0,0,0,0,0
curiously,1,curiously=1,0,0,0,0,0,1,0,0
curran,1,curran=1,0,1,0,0,0,0,0,0
cursor,1,cursor=1,1,0,0,0,0,0,0,0
cursorial,1,cursorial=1,0,0,0,0,1,0,0,0
curvilinear,1,curvilinear=1,0,1,0,0,0,0,0,0
cushioned,1,cushioned=1,0,0,0,0,1,0,0,0
customs,1,customs=1,0,1,0,0,0,0,0,0
cuttlefish,1,cuttlefish=1,1,0,0,0,0,0,0,0
cuz,1,cuz=1,0,0,0,0,0,0,0,1
cybersecurity,1,cybersecurity=1,1,0,0,0,0,0,0,0
cycles,1,cycles=1,0,1,0,0,0,0,0,0
cymbal,1,cymbals=1,1,0,0,0,0,0,0,0
cz,1,cz=1,0,1,0,0,0,0,0,0
dagger,1,daggers=1,1,0,0,0,0,0,0,0
daguerreotyping,1,daguerreotyping=1,1,0,0,0,0,0,0,0
daguerreotypist,1,daguerreotypists=1,1,0,0,0,0,0,0,0
daintily,1,daintily=1,0,0,0,0,0,1,0,0
dairying,1,dairying=1,1,0,0,0,0,0,0,0
dakota,1,dakota=1,0,1,0,0,0,0,0,0
dakotas,1,dakotas=1,0,1,0,0,0,0,0,0
dali,1,dali=1,0,1,0,0,0,0,0,0
dalio,1,dalio=1,1,0,0,0,0,0,0,0
dammed,1,dammed=1,0,0,0,0,1,0,0,0
dampen,1,dampen=1,0,0,1,0,0,0,0,0
damselfly,1,damselflies=1,1,0,0,0,0,0,0,0
dana,1,dana=1,0,1,0,0,0,0,0,0
dancers,1,dancers=1,0,1,0,0,0,0,0,0
dangling,1,dangling=1,0,0,0,0,1,0,0,0
dangly,1,dangly=1,0,0,0,0,1,0,0,0
danseur,1,danseur=1,0,1,0,0,0,0,0,0
darkening,1,darkening=1,1,0,0,0,0,0,0,0
darrell,1,darrell=1,0,1,0,0,0,0,0,0
darryl,1,darryl=1,0,1,0,0,0,0,0,0
dart,1,darting=1,0,0,1,0,0,0,0,0
dated,1,dated=1,0,0,0,0,1,0,0,0
davy,1,davies=1,1,0,0,0,0,0,0,0
dawe,1,dawes=1,1,0,0,0,0,0,0,0
dawes,1,dawes=1,0,1,0,0,0,0,0,0
daycare,1,daycare=1,1,0,0,0,0,0,0,0
daycarecenter,1,daycarecenters=1,1,0,0,0,0,0,0,0
dce,1,dce=1,0,1,0,0,0,0,0,0
ddi,1,ddi=1,0,1,0,0,0,0,0,0
deadlines,1,deadlines=1,0,1,0,0,0,0,0,0
dearth,1,dearth=1,1,0,0,0,0,0,0,0
deb,1,deb=1,0,1,0,0,0,0,0,0
debater,1,debaters=1,1,0,0,0,0,0,0,0
debut,1,debut=1,1,0,0,0,0,0,0,0
decadent,1,decadent=1,0,0,0,0,1,0,0,0
decaffeinated,1,decaffeinated=1,0,0,0,0,1,0,0,0
deceit,1,deceit=1,1,0,0,0,0,0,0,0
decelerate,1,decelerate=1,0,0,1,0,0,0,0,0
decently,1,decently=1,0,0,0,0,0,1,0,0
decentralized,1,decentralized=1,0,0,0,0,1,0,0,0
deception,1,deception=1,1,0,0,0,0,0,0,0
decimate,1,decimated=1,0,0,1,0,0,0,0,0
deciphering,1,deciphering=1,1,0,0,0,0,0,0,0
decipherment,1,decipherment=1,1,0,0,0,0,0,0,0
decker,1,decker=1,1,0,0,0,0,0,0,0
declines,1,declines=1,0,1,0,0,0,0,0,0
declyn,1,declyn=1,0,1,0,0,0,0,0,0
decorum,1,decorum=1,1,0,0,0,0,0,0,0
decreases,1,decreases=1,0,1,0,0,0,0,0,0
decreasing,1,decreasing=1,1,0,0,0,0,0,0,0
dee,1,dee=1,0,1,0,0,0,0,0,0
deere,1,deere=1,0,1,0,0,0,0,0,0
defendant,1,defendant=1,1,0,0,0,0,0,0,0
defenses,1,defenses=1,0,1,0,0,0,0,0,0
defensible,1,defensible=1,0,0,0,0,1,0,0,0
defensively,1,defensively=1,0,0,0,0,0,1,0,0
deferral,1,deferral=1,0,0,0,0,1,0,0,0
defined,1,defined=1,0,0,0,0,1,0,0,0
definitions,1,definitions=1,0,1,0,0,0,0,0,0
deflate,1,deflate=1,0,0,1,0,0,0,0,0
deflection,1,deflection=1,1,0,0,0,0,0,0,0
defoliate,1,defoliating=1,0,0,1,0,0,0,0,0
deformational,1,deformational=1,0,0,0,0,1,0,0,0
defuse,1,defusing=1,0,0,1,0,0,0,0,0
degassing,1,degassing=1,1,0,0,0,0,0,0,0
dehumanizing,1,dehumanizing=1,0,0,0,0,1,0,0,0
dehydrate,1,dehydrate=1,0,0,1,0,0,0,0,0
dehydration,1,dehydration=1,1,0,0,0,0,0,0,0
dei,1,dei=1,0,1,0,0,0,0,0,0
deice,1,deice=1,0,0,1,0,0,0,0,0
deirdre,1,deirdre=1,0,1,0,0,0,0,0,0
delaying,1,delaying=1,1,0,0,0,0,0,0,0
delete,1,deleting=1,0,0,1,0,0,0,0,0
deletion,1,deletion=1,1,0,0,0,0,0,0,0
delf,1,delves=1,1,0,0,0,0,0,0,0
demne,1,demning=1,0,0,1,0,0,0,0,0
demolished,1,demolished=1,0,0,0,0,1,0,0,0
demos,1,demos=1,0,1,0,0,0,0,0,0
demote,1,demoted=1,0,0,1,0,0,0,0,0
demystify,1,demystify=1,0,0,1,0,0,0,0,0
dendrobatidis,1,dendrobatidis=1,1,0,0,0,0,0,0,0
dennis,1,dennis=1,0,1,0,0,0,0,0,0
denounce,1,denouncing=1,0,0,1,0,0,0,0,0
denque,1,denque=1,1,0,0,0,0,0,0,0
densest,1,densest=1,1,0,0,0,0,0,0,0
dentition,1,dentition=1,1,0,0,0,0,0,0,0
departmental,1,departmental=1,0,0,0,0,1,0,0,0
depersonalize,1,depersonalized=1,0,0,1,0,0,0,0,0
depopulation,1,depopulation=1,1,0,0,0,0,0,0,0
deposited,1,deposited=1,0,0,0,0,1,0,0,0
depositional,1,depositional=1,0,0,0,0,1,0,0,0
deprived,1,deprived=1,0,1,0,0,0,0,0,0
depths,1,depths=1,0,1,0,0,0,0,0,0
derivative,1,derivatives=1,1,0,0,0,0,0,0,0
dern,1,dern=1,0,1,0,0,0,0,0,0
deronda,1,deronda=1,0,1,0,0,0,0,0,0
describing,1,describing=1,1,0,0,0,0,0,0,0
desecration,1,desecration=1,1,0,0,0,0,0,0,0
desensitize,1,desensitized=1,0,0,1,0,0,0,0,0
deserting,1,deserting=1,0,0,0,0,1,0,0,0
desiccated,1,desiccated=1,0,0,0,0,1,0,0,0
designedly,1,designedly=1,0,0,0,0,0,1,0,0
desired,1,desired=1,0,0,0,0,1,0,0,0
despair,1,despair=1,1,0,0,0,0,0,0,0
despotic,1,despotic=1,0,0,0,0,1,0,0,0
destabilizing,1,destabilizing=1,0,0,0,0,1,0,0,0
destruct,1,destructing=1,0,0,1,0,0,0,0,0
detache,1,detaches=1,1,0,0,0,0,0,0,0
detain,1,detained=1,0,0,1,0,0,0,0,0
detenorate,1,detenorate=1,1,0,0,0,0,0,0,0
determinable,1,determinable=1,0,0,0,0,1,0,0,0
deterring,1,deterring=1,1,0,0,0,0,0,0,0
detoxification,1,detoxification=1,1,0,0,0,0,0,0,0
detoxifie,1,detoxifies=1,1,0,0,0,0,0,0,0
detritivore,1,detritivores=1,1,0,0,0,0,0,0,0
detrivore,1,detrivores=1,1,0,0,0,0,0,0,0
devices,1,devices=1,0,1,0,0,0,0,0,0
devil,1,devil=1,1,0,0,0,0,0,0,0
devious,1,devious=1,0,0,0,0,1,0,0,0
devotional,1,devotional=1,0,0,0,0,1,0,0,0
devoutness,1,devoutness=1,1,0,0,0,0,0,0,0
dew,1,dew=1,1,0,0,0,0,0,0,0
dewey,1,dewey=1,0,1,0,0,0,0,0,0
dexterity,1,dexterity=1,1,0,0,0,0,0,0,0
diachromatic,1,diachromatic=1,0,0,0,0,1,0,0,0
diagrams,1,diagrams=1,1,0,0,0,0,0,0,0
diaphragm,1,diaphragm=1,1,0,0,0,0,0,0,0
diarrhea,1,diarrhea=1,1,0,0,0,0,0,0,0
diatom,1,diatoms=1,1,0,0,0,0,0,0,0
dibamid,1,dibamids=1,1,0,0,0,0,0,0,0
dictator,1,dictator=1,1,0,0,0,0,0,0,0
diets,1,diets=1,0,1,0,0,0,0,0,0
differentiating,1,differentiating=1,1,0,0,0,0,0,0,0
differs,1,differs=1,0,1,0,0,0,0,0,0
differènt,1,differènt=1,1,0,0,0,0,0,0,0
difficulties,1,difficulties=1,0,1,0,0,0,0,0,0
diffused,1,diffused=1,0,0,0,0,1,0,0,0
diffusionist,1,diffusionist=1,1,0,0,0,0,0,0,0
diflerent,1,diflerent=1,1,0,0,0,0,0,0,0
digestibility,1,digestibility=1,1,0,0,0,0,0,0,0
digit,1,digits=1,1,0,0,0,0,0,0,0
digitizing,1,digitizing=1,1,0,0,0,0,0,0,0
digress,1,digressed=1,0,0,1,0,0,0,0,0
diluted,1,diluted=1,0,0,0,0,1,0,0,0
dilxide,1,dilxide=1,0,0,0,0,0,1,0,0
dimensionally,1,dimensionally=1,0,0,0,0,1,0,0,0
dimethyl,1,dimethyl=1,0,1,0,0,0,0,0,0
diminishe,1,diminishes=1,1,0,0,0,0,0,0,0
dimming,1,dimming=1,1,0,0,0,0,0,0,0
dingoe,1,dingoes=1,0,0,1,0,0,0,0,0
dinnertime,1,dinnertime=1,0,0,0,0,1,0,0,0
directing,1,directing=1,1,0,0,0,0,0,0,0
directorial,1,directorial=1,0,0,0,0,1,0,0,0
disadvantageous,1,disadvantageous=1,0,0,0,0,1,0,0,0
disadvantages,1,disadvantages=1,0,1,0,0,0,0,0,0
disagreements,1,disagreements=1,0,1,0,0,0,0,0,0
disappearing,1,disappearing=1,0,1,0,0,0,0,0,0
disarmament,1,disarmament=1,1,0,0,0,0,0,0,0
disarray,1,disarray=1,1,0,0,0,0,0,0,0
disbelief,1,disbelief=1,1,0,0,0,0,0,0,0
disbursement,1,disbursement=1,1,0,0,0,0,0,0,0
disciplinary,1,disciplinary=1,0,0,0,0,1,0,0,0
discounts,1,discounts=1,0,1,0,0,0,0,0,0
discouraging,1,discouraging=1,0,0,0,0,1,0,0,0
discourse,1,discourse=1,1,0,0,0,0,0,0,0
discovering,1,discovering=1,0,1,0,0,0,0,0,0
discredit,1,discredited=1,0,0,1,0,0,0,0,0
disdain,1,disdain=1,1,0,0,0,0,0,0,0
disdained,1,disdained=1,0,0,0,0,1,0,0,0
disgruntled,1,disgruntled=1,0,0,0,0,1,0,0,0
disillusion,1,disillusioned=1,0,0,1,0,0,0,0,0
disillusionment,1,disillusionment=1,1,0,0,0,0,0,0,0
disincentivize,1,disincentivize=1,0,0,1,0,0,0,0,0
disinformation,1,disinformation=1,1,0,0,0,0,0,0,0
disjointed,1,disjointed=1,0,0,0,0,1,0,0,0
disjunction,1,disjunction=1,1,0,0,0,0,0,0,0
dismutase,1,dismutase=1,1,0,0,0,0,0,0,0
disobey,1,disobeyed=1,0,0,1,0,0,0,0,0
disorderliness,1,disorderliness=1,1,0,0,0,0,0,0,0
disoriented,1,disoriented=1,0,0,0,0,1,0,0,0
disown,1,disown=1,0,0,1,0,0,0,0,0
dispassionate,1,dispassionate=1,0,0,0,0,1,0,0,0
dispatch,1,dispatched=1,0,0,1,0,0,0,0,0
displeased,1,displeased=1,0,1,0,0,0,0,0,0
displeasure,1,displeasure=1,1,0,0,0,0,0,0,0
disposing,1,disposing=1,1,0,0,0,0,0,0,0
disposition,1,disposition=1,1,0,0,0,0,0,0,0
disputed,1,disputed=1,0,0,0,0,1,0,0,0
disputes,1,disputes=1,0,1,0,0,0,0,0,0
disrepair,1,disrepair=1,1,0,0,0,0,0,0,0
disrespectful,1,disrespectful=1,0,0,0,0,1,0,0,0
disrupted,1,disrupted=1,0,0,0,0,1,0,0,0
dissertation,1,dissertations=1,1,0,0,0,0,0,0,0
dissident,1,dissidents=1,1,0,0,0,0,0,0,0
distancing,1,distancing=1,1,0,0,0,0,0,0,0
distantly,1,distantly=1,0,0,0,0,0,1,0,0
distinctions,1,distinctions=1,0,1,0,0,0,0,0,0
distinguishing,1,distinguishing=1,1,0,0,0,0,0,0,0
distressing,1,distressing=1,0,0,0,0,1,0,0,0
distrust,1,distrust=1,1,0,0,0,0,0,0,0
diverging,1,diverging=1,1,0,0,0,0,0,0,0
diversifying,1,diversifying=1,1,0,0,0,0,0,0,0
diverting,1,diverting=1,1,0,0,0,0,0,0,0
divider,1,dividers=1,1,0,0,0,0,0,0,0
divinity,1,divinity=1,1,0,0,0,0,0,0,0
divisional,1,divisional=1,0,0,0,0,1,0,0,0
divulge,1,divulge=1,0,0,1,0,0,0,0,0
djoser,1,djoser=1,0,1,0,0,0,0,0,0
doc,1,docs=1,0,0,1,0,0,0,0,0
docent,1,docent=1,1,0,0,0,0,0,0,0
docile,1,docile=1,0,0,0,0,1,0,0,0
dockstader,1,dockstader=1,0,1,0,0,0,0,0,0
doctoral,1,doctoral=1,0,0,0,0,1,0,0,0
doctorate,1,doctorate=1,1,0,0,0,0,0,0,0
doe,1,doe=1,1,0,0,0,0,0,0,0
dogma,1,dogma=1,1,0,0,0,0,0,0,0
dogwood,1,dogwood=1,1,0,0,0,0,0,0,0
dom,1,dom=1,1,0,0,0,0,0,0,0
domicile,1,domicile=1,1,0,0,0,0,0,0,0
dominanthunter,1,dominanthunters=1,1,0,0,0,0,0,0,0
dominating,1,dominating=1,0,1,0,0,0,0,0,0
domino,1,domino=1,1,0,0,0,0,0,0,0
donathan,1,donathan=1,0,1,0,0,0,0,0,0
donut,1,donut=1,1,0,0,0,0,0,0,0
doom,1,doomed=1,0,0,1,0,0,0,0,0
doomed,1,doomed=1,0,0,0,0,1,0,0,0
dorcas,1,dorcas=1,0,0,0,0,0,0,0,1
dormitories,1,dormitories=1,0,1,0,0,0,0,0,0
dorsata,1,dorsata=1,1,0,0,0,0,0,0,0
doryphoro,1,doryphoros=1,1,0,0,0,0,0,0,0
doubter,1,doubters=1,1,0,0,0,0,0,0,0
doubting,1,doubting=1,1,0,0,0,0,0,0,0
doug,1,doug=1,0,1,0,0,0,0,0,0
doughty,1,doughty=1,0,1,0,0,0,0,0,0
dovetail,1,dovetailed=1,0,0,1,0,0,0,0,0
dowdy,1,dowdy=1,0,1,0,0,0,0,0,0
downdraft,1,downdraft=1,1,0,0,0,0,0,0,0
downer,1,downer=1,1,0,0,0,0,0,0,0
downsize,1,downsize=1,0,0,1,0,0,0,0,0
downstair,1,downstairs=1,1,0,0,0,0,0,0,0
downwards,1,downwards=1,0,0,0,0,0,1,0,0
dows,1,dows=1,0,1,0,0,0,0,0,0
dr,1,dr=1,0,1,0,0,0,0,0,0
drab,1,drab=1,0,0,0,0,1,0,0,0
dragging,1,dragging=1,1,0,0,0,0,0,0,0
dragonflie,1,dragonflies=1,0,0,1,0,0,0,0,0
draining,1,draining=1,1,0,0,0,0,0,0,0
dramatization,1,dramatization=1,1,0,0,0,0,0,0,0
dramatized,1,dramatized=1,0,0,0,0,1,0,0,0
drapery,1,drapery=1,1,0,0,0,0,0,0,0
dray,1,dray=1,0,0,0,0,1,0,0,0
dressed,1,dressed=1,0,0,0,0,1,0,0,0
dresses,1,dresses=1,0,1,0,0,0,0,0,0
dressing,1,dressing=1,1,0,0,0,0,0,0,0
drier,1,drier=1,0,0,1,0,0,0,0,0
driest,1,driest=1,1,0,0,0,0,0,0,0
drifting,1,drifting=1,1,0,0,0,0,0,0,0
drile,1,driling=1,0,0,1,0,0,0,0,0
drinker,1,drinkers=1,1,0,0,0,0,0,0,0
dripping,1,dripping=1,0,0,0,0,1,0,0,0
drove,1,droves=1,1,0,0,0,0,0,0,0
drowsy,1,drowsy=1,1,0,0,0,0,0,0,0
drugstore,1,drugstores=1,1,0,0,0,0,0,0,0
drumstick,1,drumstick=1,0,0,0,0,1,0,0,0
drunk,1,drunk=1,0,0,0,0,1,0,0,0
drunken,1,drunken=1,0,0,0,0,1,0,0,0
dub,1,dubbed=1,0,0,1,0,0,0,0,0
dubious,1,dubious=1,0,0,0,0,1,0,0,0
duchy,1,duchy=1,0,1,0,0,0,0,0,0
dude,1,dudes=1,1,0,0,0,0,0,0,0
dugout,1,dugout=1,0,0,1,0,0,0,0,0
duly,1,duly=1,0,0,0,0,0,1,0,0
dumple,1,dumpling=1,0,0,1,0,0,0,0,0
dumpster,1,dumpster=1,1,0,0,0,0,0,0,0
dungeness,1,dungeness=1,0,1,0,0,0,0,0,0
dunlap,1,dunlap=1,0,1,0,0,0,0,0,0
duplicity,1,duplicity=1,1,0,0,0,0,0,0,0
duskin,1,duskin=1,1,0,0,0,0,0,0,0
dusking,1,dusking=1,1,0,0,0,0,0,0,0
dutifully,1,dutifully=1,0,0,0,0,0,1,0,0
dw,1,dw=1,0,1,0,0,0,0,0,0
dwight,1,dwight=1,0,1,0,0,0,0,0,0
dynasties,1,dynasties=1,0,1,0,0,0,0,0,0
dys,1,dys=1,1,0,0,0,0,0,0,0
dystopia,1,dystopia=1,1,0,0,0,0,0,0,0
décimas,1,décimas=1,0,1,0,0,0,0,0,0
eaf,1,eaf=1,1,0,0,0,0,0,0,0
eard,1,eard=1,0,1,0,0,0,0,0,0
eardrum,1,eardrums=1,1,0,0,0,0,0,0,0
earliest,1,earliest=1,0,0,1,0,0,0,0,0
earlobe,1,earlobes=1,1,0,0,0,0,0,0,0
earlycareer,1,earlycareer=1,1,0,0,0,0,0,0,0
earmark,1,earmarked=1,0,0,1,0,0,0,0,0
earner,1,earners=1,1,0,0,0,0,0,0,0
eart,1,eart=1,0,1,0,0,0,0,0,0
earthly,1,earthly=1,0,0,0,0,1,0,0,0
earthquakes,1,earthquakes=1,0,1,0,0,0,0,0,0
earthshaking,1,earthshaking=1,0,0,0,0,1,0,0,0
earthwork,1,earthwork=1,1,0,0,0,0,0,0,0
earthy,1,earthy=1,0,0,0,0,1,0,0,0
easterly,1,easterly=1,0,0,0,0,0,1,0,0
easterner,1,easterners=1,1,0,0,0,0,0,0,0
easternmost,1,easternmost=1,1,0,0,0,0,0,0,0
eastview,1,eastview=1,0,1,0,0,0,0,0,0
eatery,1,eatery=1,1,0,0,0,0,0,0,0
eavesdropper,1,eavesdroppers=1,1,0,0,0,0,0,0,0
eccentric,1,eccentric=1,0,0,0,0,1,0,0,0
ecoeducator,1,ecoeducators=1,1,0,0,0,0,0,0,0
ecologists,1,ecologists=1,0,1,0,0,0,0,0,0
ecologičal,1,ecologičal=1,1,0,0,0,0,0,0,0
econologe,1,econologing=1,0,0,1,0,0,0,0,0
ecotypes,1,ecotypes=1,0,1,0,0,0,0,0,0
ecstatic,1,ecstatic=1,0,0,0,0,1,0,0,0
ectomycorrhiza,1,ectomycorrhizas=1,1,0,0,0,0,0,0,0
ecu,1,ecu=1,0,0,0,0,1,0,0,0
ecuadorian,1,ecuadorian=1,0,0,0,0,1,0,0,0
eddies,1,eddies=1,0,1,0,0,0,0,0,0
edges,1,edges=1,0,1,0,0,0,0,0,0
edgewise,1,edgewise=1,1,0,0,0,0,0,0,0
edgy,1,edgy=1,0,0,0,0,1,0,0,0
edict,1,edicts=1,1,0,0,0,0,0,0,0
edith,1,edith=1,0,1,0,0,0,0,0,0
edmonton,1,edmonton=1,0,1,0,0,0,0,0,0
educating,1,educating=1,0,1,0,0,0,0,0,0
educationally,1,educationally=1,0,0,0,0,0,1,0,0
edwin,1,edwin=1,0,1,0,0,0,0,0,0
ee,1,ee=1,0,1,0,0,0,0,0,0
eely,1,eely=1,0,0,0,0,0,1,0,0
eerily,1,eerily=1,0,0,0,0,0,1,0,0
effortless,1,effortless=1,0,0,0,0,1,0,0,0
effortlessly,1,effortlessly=1,0,0,0,0,0,1,0,0
eglace,1,eglaced=1,0,0,1,0,0,0,0,0
egocentrism,1,egocentrism=1,1,0,0,0,0,0,0,0
egyptologist,1,egyptologists=1,1,0,0,0,0,0,0,0
ei,1,ei=1,0,1,0,0,0,0,0,0
eiehth,1,eiehth=1,0,0,0,0,1,0,0,0
elapse,1,elapsed=1,0,0,1,0,0,0,0,0
elapsing,1,elapsing=1,1,0,0,0,0,0,0,0
elara,1,elara=1,0,1,0,0,0,0,0,0
elasticity,1,elasticity=1,1,0,0,0,0,0,0,0
elated,1,elated=1,0,0,0,0,1,0,0,0
eleanor,1,eleanor=1,0,1,0,0,0,0,0,0
eleanora,1,eleanora=1,0,1,0,0,0,0,0,0
electrified,1,electrified=1,0,0,0,0,1,0,0,0
electrocardiogram,1,electrocardiogram=1,1,0,0,0,0,0,0,0
electrochemistry,1,electrochemistry=1,1,0,0,0,0,0,0,0
electrolyte,1,electrolytes=1,1,0,0,0,0,0,0,0
electrons,1,electrons=1,0,1,0,0,0,0,0,0
eliciting,1,eliciting=1,0,1,0,0,0,0,0,0
eligibility,1,eligibility=1,1,0,0,0,0,0,0,0
elisabetta,1,elisabetta=1,0,1,0,0,0,0,0,0
ellen,1,ellen=1,0,1,0,0,0,0,0,0
ellesmere,1,ellesmere=1,0,1,0,0,0,0,0,0
elliot,1,elliot=1,0,1,0,0,0,0,0,0
elliptic,1,elliptic=1,0,0,0,0,1,0,0,0
eloquence,1,eloquence=1,1,0,0,0,0,0,0,0
elucidate,1,elucidate=1,0,0,1,0,0,0,0,0
elude,1,elude=1,0,0,1,0,0,0,0,0
elysium,1,elysium=1,0,1,0,0,0,0,0,0
emails,1,emails=1,0,1,0,0,0,0,0,0
embargo,1,embargoes=1,1,0,0,0,0,0,0,0
embark,1,embarked=1,0,0,1,0,0,0,0,0
embarrass,1,embarrassing=1,0,0,1,0,0,0,0,0
emblem,1,emblems=1,1,0,0,0,0,0,0,0
emblematic,1,emblematic=1,0,0,0,0,1,0,0,0
embodiment,1,embodiment=1,1,0,0,0,0,0,0,0
embolden,1,embolden=1,0,0,1,0,0,0,0,0
embroider,1,embroidered=1,0,0,1,0,0,0,0,0
embroidered,1,embroidered=1,0,1,0,0,0,0,0,0
embroiderer,1,embroiderers=1,1,0,0,0,0,0,0,0
emial,1,emial=1,0,0,0,0,1,0,0,0
emigrants,1,emigrants=1,0,1,0,0,0,0,0,0
emirates,1,emirates=1,0,1,0,0,0,0,0,0
emm,1,emm=1,0,1,0,0,0,0,0,0
emotive,1,emotive=1,0,0,0,0,1,0,0,0
empathize,1,empathize=1,0,0,1,0,0,0,0,0
empirically,1,empirically=1,0,0,0,0,0,1,0,0
employees,1,employees=1,0,1,0,0,0,0,0,0
empress,1,empress=1,1,0,0,0,0,0,0,0
encapsulate,1,encapsulated=1,0,0,1,0,0,0,0,0
encircle,1,encircling=1,0,0,1,0,0,0,0,0
enclave,1,enclaves=1,1,0,0,0,0,0,0,0
encroachment,1,encroachments=1,1,0,0,0,0,0,0,0
encyclopedia,1,encyclopedias=1,1,0,0,0,0,0,0,0
endemic,1,endemic=1,0,0,0,0,1,0,0,0
endocrine,1,endocrine=1,1,0,0,0,0,0,0,0
engines,1,engines=1,0,1,0,0,0,0,0,0
engraved,1,engraved=1,0,0,0,0,1,0,0,0
engross,1,engrossed=1,0,0,1,0,0,0,0,0
enlightened,1,enlightened=1,0,0,0,0,1,0,0,0
enlightening,1,enlightening=1,0,0,0,0,1,0,0,0
enlist,1,enlisting=1,0,0,1,0,0,0,0,0
enormity,1,enormity=1,1,0,0,0,0,0,0,0
enriching,1,enriching=1,0,0,0,0,1,0,0,0
enrichment,1,enrichment=1,1,0,0,0,0,0,0,0
ensuring,1,ensuring=1,0,1,0,0,0,0,0,0
enthral,1,enthralling=1,0,0,1,0,0,0,0,0
enticing,1,enticing=1,0,0,0,0,1,0,0,0
entomology,1,entomology=1,1,0,0,0,0,0,0,0
enttle,1,enttled=1,0,0,1,0,0,0,0,0
enumerate,1,enumerated=1,0,0,1,0,0,0,0,0
envelop,1,enveloped=1,0,0,1,0,0,0,0,0
enviable,1,enviable=1,0,0,0,0,1,0,0,0
environmentalism,1,environmentalism=1,1,0,0,0,0,0,0,0
envoy,1,envoys=1,1,0,0,0,0,0,0,0
epa,1,epa=1,0,1,0,0,0,0,0,0
epi,1,epi=1,0,1,0,0,0,0,0,0
epichloé,1,epichloé=1,0,1,0,0,0,0,0,0
epicureans,1,epicureans=1,0,1,0,0,0,0,0,0
epiphytic,1,epiphytic=1,0,0,0,0,1,0,0,0
equalize,1,equalize=1,0,0,1,0,0,0,0,0
equate,1,equate=1,0,0,1,0,0,0,0,0
equivalence,1,equivalence=1,1,0,0,0,0,0,0,0
erall,1,erall=1,0,0,1,0,0,0,0,0
eraser,1,erasers=1,1,0,0,0,0,0,0,0
eratosthene,1,eratosthenes=1,1,0,0,0,0,0,0,0
erebus,1,erebus=1,0,1,0,0,0,0,0,0
erection,1,erection=1,1,0,0,0,0,0,0,0
erich,1,erich=1,0,1,0,0,0,0,0,0
erkenwald,1,erkenwald=1,0,1,0,0,0,0,0,0
erosional,1,erosional=1,0,0,0,0,1,0,0,0
erratically,1,erratically=1,0,0,0,0,0,1,0,0
erratics,1,erratics=1,0,1,0,0,0,0,0,0
erwin,1,erwin=1,0,1,0,0,0,0,0,0
esaias,1,esaias=1,0,1,0,0,0,0,0,0
esc,1,esc=1,1,0,0,0,0,0,0,0
escalator,1,escalators=1,1,0,0,0,0,0,0,0
escaped,1,escaped=1,0,0,0,0,1,0,0,0
escaping,1,escaping=1,1,0,0,0,0,0,0,0
escn,1,escn=1,0,0,0,0,1,0,0,0
esign,1,esign=1,1,0,0,0,0,0,0,0
espanola,1,espanola=1,0,1,0,0,0,0,0,0
española,1,española=1,0,1,0,0,0,0,0,0
essays,1,essays=1,0,1,0,0,0,0,0,0
essentialism,1,essentialism=1,1,0,0,0,0,0,0,0
essentials,1,essentials=1,0,1,0,0,0,0,0,0
estates,1,estates=1,0,1,0,0,0,0,0,0
esteemed,1,esteemed=1,0,0,0,0,1,0,0,0
estimates,1,estimates=1,0,1,0,0,0,0,0,0
estonia,1,estonia=1,0,1,0,0,0,0,0,0
estrogen,1,estrogen=1,0,1,0,0,0,0,0,0
etch,1,etched=1,0,0,1,0,0,0,0,0
ethano,1,ethano=1,1,0,0,0,0,0,0,0
ethereal,1,ethereal=1,0,0,0,0,1,0,0,0
ethically,1,ethically=1,0,0,0,0,0,1,0,0
ethiopian,1,ethiopian=1,0,1,0,0,0,0,0,0
ethno,1,ethno=1,1,0,0,0,0,0,0,0
ethnography,1,ethnography=1,1,0,0,0,0,0,0,0
ethnologist,1,ethnologists=1,1,0,0,0,0,0,0,0
ethnomusicology,1,ethnomusicology=1,1,0,0,0,0,0,0,0
ethology,1,ethology=1,1,0,0,0,0,0,0,0
ethos,1,ethos=1,1,0,0,0,0,0,0,0
etienne,1,etienne=1,0,1,0,0,0,0,0,0
eu,1,eu=1,0,1,0,0,0,0,0,0
eulogy,1,eulogies=1,1,0,0,0,0,0,0,0
eureka,1,eureka=1,0,1,0,0,0,0,0,0
ev,1,ev=1,0,0,0,0,1,0,0,0
evaluations,1,evaluations=1,0,1,0,0,0,0,0,0
evaluator,1,evaluators=1,1,0,0,0,0,0,0,0
evan,1,evan=1,0,1,0,0,0,0,0,0
evelyn,1,evelyn=1,0,1,0,0,0,0,0,0
evenness,1,evenness=1,1,0,0,0,0,0,0,0
evenren,1,evenren=1,1,0,0,0,0,0,0,0
events,1,events=1,0,1,0,0,0,0,0,0
evert,1,everted=1,0,0,1,0,0,0,0,0
eviction,1,evictions=1,1,0,0,0,0,0,0,0
evidentiary,1,evidentiary=1,0,0,0,0,1,0,0,0
evocative,1,evocative=1,0,0,0,0,1,0,0,0
evolutionarily,1,evolutionarily=1,0,0,0,0,0,1,0,0
evolved,1,evolved=1,0,0,0,0,1,0,0,0
evolving,1,evolving=1,0,1,0,0,0,0,0,0
eww,1,eww=1,0,1,0,0,0,0,0,0
exactness,1,exactness=1,1,0,0,0,0,0,0,0
examining,1,examining=1,0,1,0,0,0,0,0,0
exasperate,1,exasperating=1,0,0,1,0,0,0,0,0
excavated,1,excavated=1,0,0,0,0,1,0,0,0
excep,1,excep=1,0,1,0,0,0,0,0,0
exceptions,1,exceptions=1,0,1,0,0,0,0,0,0
exceрt,1,exceрt=1,0,1,0,0,0,0,0,0
exclamation,1,exclamation=1,1,0,0,0,0,0,0,0
exclusionary,1,exclusionary=1,0,0,0,0,1,0,0,0
exclusivity,1,exclusivity=1,1,0,0,0,0,0,0,0
executing,1,executing=1,1,0,0,0,0,0,0,0
exercising,1,exercising=1,0,0,0,0,1,0,0,0
exesert,1,exeserts=1,0,0,1,0,0,0,0,0
exeter,1,exeter=1,0,1,0,0,0,0,0,0
exfoliation,1,exfoliation=1,1,0,0,0,0,0,0,0
exhaustively,1,exhaustively=1,0,0,0,0,0,1,0,0
exhibitor,1,exhibitors=1,1,0,0,0,0,0,0,0
exile,1,exile=1,1,0,0,0,0,0,0,0
existential,1,existential=1,0,0,0,0,1,0,0,0
exorbitant,1,exorbitant=1,0,0,0,0,1,0,0,0
exotherm,1,exotherms=1,1,0,0,0,0,0,0,0
expandable,1,expandable=1,0,0,0,0,1,0,0,0
expected,1,expected=1,0,0,0,0,1,0,0,0
expelling,1,expelling=1,1,0,0,0,0,0,0,0
expensively,1,expensively=1,0,0,0,0,0,1,0,0
expertly,1,expertly=1,0,1,0,0,0,0,0,0
explaining,1,explaining=1,0,1,0,0,0,0,0,0
exploded,1,exploded=1,0,0,0,0,1,0,0,0
exploitative,1,exploitative=1,0,0,0,0,1,0,0,0
exploitive,1,exploitive=1,0,0,0,0,1,0,0,0
explorations,1,explorations=1,0,1,0,0,0,0,0,0
expressions,1,expressions=1,0,1,0,0,0,0,0,0
expressiveness,1,expressiveness=1,1,0,0,0,0,0,0,0
extender,1,extenders=1,1,0,0,0,0,0,0,0
extenuate,1,extenuating=1,0,0,1,0,0,0,0,0
exteriot,1,exteriot=1,0,0,0,0,1,0,0,0
extermination,1,extermination=1,1,0,0,0,0,0,0,0
extoll,1,extolling=1,0,0,1,0,0,0,0,0
extrapolate,1,extrapolated=1,0,0,1,0,0,0,0,0
extraregional,1,extraregional=1,0,0,0,0,1,0,0,0
extras,1,extras=1,0,1,0,0,0,0,0,0
extratransparent,1,extratransparent=1,1,0,0,0,0,0,0,0
extravagantly,1,extravagantly=1,0,0,0,0,0,1,0,0
extrinsic,1,extrinsic=1,0,0,0,0,1,0,0,0
exude,1,exuding=1,0,0,1,0,0,0,0,0
eyesore,1,eyesore=1,1,0,0,0,0,0,0,0
eyzies,1,eyzies=1,0,1,0,0,0,0,0,0
faced,1,faced=1,0,0,0,0,1,0,0,0
facelift,1,facelift=1,1,0,0,0,0,0,0,0
faces,1,faces=1,0,1,0,0,0,0,0,0
facetime,1,facetime=1,0,1,0,0,0,0,0,0
facilitators,1,facilitators=1,0,1,0,0,0,0,0,0
facilities,1,facilities=1,0,1,0,0,0,0,0,0
facing,1,facing=1,1,0,0,0,0,0,0,0
faction,1,factions=1,1,0,0,0,0,0,0,0
facto,1,facto=1,0,0,0,0,0,0,0,1
facts,1,facts=1,0,1,0,0,0,0,0,0
failed,1,failed=1,0,0,0,0,1,0,0,0
faithful,1,faithful=1,0,1,0,0,0,0,0,0
fallback,1,fallback=1,1,0,0,0,0,0,0,0
fallout,1,fallout=1,1,0,0,0,0,0,0,0
falsehood,1,falsehoods=1,1,0,0,0,0,0,0,0
falsely,1,falsely=1,0,0,0,0,0,1,0,0
falseness,1,falseness=1,1,0,0,0,0,0,0,0
falsification,1,falsification=1,1,0,0,0,0,0,0,0
falsity,1,falsity=1,1,0,0,0,0,0,0,0
falsterbo,1,falsterbo=1,0,1,0,0,0,0,0,0
falter,1,falter=1,1,0,0,0,0,0,0,0
famed,1,famed=1,0,0,0,0,1,0,0,0
familiarly,1,familiarly=1,0,0,0,0,0,1,0,0
fanciful,1,fanciful=1,0,0,0,0,1,0,0,0
fanfare,1,fanfare=1,1,0,0,0,0,0,0,0
farewell,1,farewell=1,1,0,0,0,0,0,0,0
farfetched,1,farfetched=1,0,0,0,0,1,0,0,0
farmable,1,farmable=1,0,0,0,0,1,0,0,0
farmhand,1,farmhands=1,1,0,0,0,0,0,0,0
farmstead,1,farmstead=1,1,0,0,0,0,0,0,0
farmworker,1,farmworkers=1,1,0,0,0,0,0,0,0
farmyard,1,farmyard=1,0,1,0,0,0,0,0,0
farnese,1,farnese=1,0,1,0,0,0,0,0,0
farrington,1,farrington=1,0,1,0,0,0,0,0,0
farsi,1,farsi=1,0,1,0,0,0,0,0,0
faseri,1,faseri=1,1,0,0,0,0,0,0,0
fashioning,1,fashioning=1,1,0,0,0,0,0,0,0
fasten,1,fastened=1,0,0,1,0,0,0,0,0
fastener,1,fasteners=1,1,0,0,0,0,0,0,0
favela,1,favela=1,0,1,0,0,0,0,0,0
favored,1,favored=1,0,0,0,0,1,0,0,0
fax,1,fax=1,1,0,0,0,0,0,0,0
fearless,1,fearless=1,0,0,0,0,1,0,0,0
fearlessness,1,fearlessness=1,1,0,0,0,0,0,0,0
fearsome,1,fearsome=1,0,0,0,0,1,0,0,0
feathering,1,featherings=1,1,0,0,0,0,0,0,0
features,1,features=1,0,1,0,0,0,0,0,0
fedorova,1,fedorova=1,0,1,0,0,0,0,0,0
feeble,1,feeble=1,0,0,0,0,1,0,0,0
fees,1,fees=1,0,1,0,0,0,0,0,0
fellowship,1,fellowship=1,0,1,0,0,0,0,0,0
feminist,1,feminist=1,0,0,0,0,1,0,0,0
fencing,1,fencing=1,1,0,0,0,0,0,0,0
fennec,1,fennec=1,0,1,0,0,0,0,0,0
ferm,1,ferms=1,1,0,0,0,0,0,0,0
ferrara,1,ferrara=1,0,1,0,0,0,0,0,0
ferry,1,ferry=1,0,0,1,0,0,0,0,0
fertilizing,1,fertilizing=1,1,0,0,0,0,0,0,0
fete,1,fete=1,0,0,0,0,1,0,0,0
feverish,1,feverish=1,0,0,0,0,1,0,0,0
fiancée,1,fiancée=1,1,0,0,0,0,0,0,0
fictionalize,1,fictionalized=1,0,0,1,0,0,0,0,0
fictitious,1,fictitious=1,0,0,0,0,1,0,0,0
fiddl,1,fiddler=1,0,0,0,0,1,0,0,0
fiddle,1,fiddling=1,0,0,1,0,0,0,0,0
fideli,1,fideli=1,0,1,0,0,0,0,0,0
fields,1,fields=1,0,1,0,0,0,0,0,0
filial,1,filial=1,0,0,0,0,1,0,0,0
filler,1,filler=1,1,0,0,0,0,0,0,0
filmmakers,1,filmmakers=1,0,1,0,0,0,0,0,0
fim,1,fim=1,1,0,0,0,0,0,0,0
finals,1,finals=1,0,1,0,0,0,0,0,0
finches,1,finches=1,0,1,0,0,0,0,0,0
fineness,1,fineness=1,1,0,0,0,0,0,0,0
finery,1,finery=1,1,0,0,0,0,0,0,0
finnish,1,finnish=1,0,0,0,0,1,0,0,0
firearm,1,firearms=1,1,0,0,0,0,0,0,0
fireballs,1,fireballs=1,0,1,0,0,0,0,0,0
firefly,1,fireflies=1,1,0,0,0,0,0,0,0
firepower,1,firepower=1,1,0,0,0,0,0,0,0
fireproofing,1,fireproofing=1,1,0,0,0,0,0,0,0
firestorm,1,firestorms=1,1,0,0,0,0,0,0,0
fischeir,1,fischeir=1,1,0,0,0,0,0,0,0
fissel,1,fissel=1,1,0,0,0,0,0,0,0
fissile,1,fissile=1,1,0,0,0,0,0,0,0
fitter,1,fitter=1,1,0,0,0,0,0,0,0
fixed,1,fixed=1,0,0,0,0,1,0,0,0
fixity,1,fixity=1,1,0,0,0,0,0,0,0
flagella,1,flagella=1,1,0,0,0,0,0,0,0
flagrantly,1,flagrantly=1,0,0,0,0,0,1,0,0
flail,1,flail=1,1,0,0,0,0,0,0,0
flaked,1,flaked=1,0,0,0,0,1,0,0,0
flaky,1,flaky=1,0,0,0,0,1,0,0,0
flapping,1,flapping=1,1,0,0,0,0,0,0,0
flashlight,1,flashlight=1,1,0,0,0,0,0,0,0
flatboat,1,flatboat=1,0,0,0,0,1,0,0,0
flatiron,1,flatiron=1,0,1,0,0,0,0,0,0
flatland,1,flatland=1,1,0,0,0,0,0,0,0
flattery,1,flattery=1,0,1,0,0,0,0,0,0
flawlessly,1,flawlessly=1,0,0,0,0,0,1,0,0
flax,1,flax=1,0,1,0,0,0,0,0,0
fle,1,fling=1,0,0,1,0,0,0,0,0
flexibly,1,flexibly=1,0,0,0,0,0,1,0,0
flipped,1,flipped=1,0,1,0,0,0,0,0,0
flle,1,flled=1,0,0,1,0,0,0,0,0
flling,1,flling=1,0,0,0,0,1,0,0,0
floe,1,floes=1,1,0,0,0,0,0,0,0
floorboard,1,floorboards=1,1,0,0,0,0,0,0,0
flooring,1,flooring=1,1,0,0,0,0,0,0,0
flores,1,flores=1,0,1,0,0,0,0,0,0
florist,1,florist=1,1,0,0,0,0,0,0,0
floss,1,floss=1,0,1,0,0,0,0,0,0
flout,1,flout=1,0,0,1,0,0,0,0,0
flowow,1,flowow=1,0,0,1,0,0,0,0,0
fluctuations,1,fluctuations=1,0,1,0,0,0,0,0,0
fluency,1,fluency=1,1,0,0,0,0,0,0,0
fluff,1,fluffing=1,0,0,1,0,0,0,0,0
fluffy,1,fluffy=1,0,0,0,0,1,0,0,0
fluidity,1,fluidity=1,1,0,0,0,0,0,0,0
fluidly,1,fluidly=1,0,0,0,0,0,1,0,0
fluorescence,1,fluorescence=1,0,1,0,0,0,0,0,0
fluorine,1,fluorine=1,1,0,0,0,0,0,0,0
fluted,1,fluted=1,0,0,0,0,1,0,0,0
fluting,1,fluting=1,1,0,0,0,0,0,0,0
flutter,1,flutters=1,1,0,0,0,0,0,0,0
focal,1,focal=1,0,0,0,0,1,0,0,0
folic,1,folic=1,0,1,0,0,0,0,0,0
folktale,1,folktales=1,1,0,0,0,0,0,0,0
folktales,1,folktales=1,0,1,0,0,0,0,0,0
foodborne,1,foodborne=1,0,0,0,0,1,0,0,0
foolproof,1,foolproof=1,1,0,0,0,0,0,0,0
footed,1,footed=1,0,0,0,0,1,0,0,0
footstep,1,footsteps=1,1,0,0,0,0,0,0,0
footwear,1,footwear=1,1,0,0,0,0,0,0,0
forced,1,forced=1,0,0,0,0,1,0,0,0
forecasters,1,forecasters=1,0,1,0,0,0,0,0,0
foregut,1,foregut=1,1,0,0,0,0,0,0,0
forerunner,1,forerunner=1,1,0,0,0,0,0,0,0
forestall,1,forestalling=1,0,0,1,0,0,0,0,0
foresters,1,foresters=1,0,1,0,0,0,0,0,0
forests,1,forests=1,0,1,0,0,0,0,0,0
forged,1,forged=1,0,1,0,0,0,0,0,0
forked,1,forked=1,0,0,0,0,1,0,0,0
formalism,1,formalism=1,1,0,0,0,0,0,0,0
formative,1,formative=1,0,0,0,0,1,0,0,0
forsake,1,forsake=1,0,0,1,0,0,0,0,0
fortuitous,1,fortuitous=1,0,0,0,0,1,0,0,0
fought,1,fought=1,0,1,0,0,0,0,0,0
foundations,1,foundations=1,0,1,0,0,0,0,0,0
foundcother,1,foundcother=1,0,0,1,0,0,0,0,0
fountains,1,fountains=1,0,1,0,0,0,0,0,0
foy,1,foy=1,0,1,0,0,0,0,0,0
fractured,1,fractured=1,0,0,0,0,1,0,0,0
francesco,1,francesco=1,0,1,0,0,0,0,0,0
franchise,1,franchises=1,1,0,0,0,0,0,0,0
frankish,1,frankish=1,0,0,0,0,1,0,0,0
fraternity,1,fraternity=1,1,0,0,0,0,0,0,0
frederic,1,frederic=1,0,1,0,0,0,0,0,0
freehand,1,freehand=1,1,0,0,0,0,0,0,0
frenetic,1,frenetic=1,0,0,0,0,1,0,0,0
frenzied,1,frenzied=1,0,0,0,0,1,0,0,0
frenzy,1,frenzy=1,1,0,0,0,0,0,0,0
frescoed,1,frescoed=1,0,0,0,0,1,0,0,0
frescoes,1,frescoes=1,0,1,0,0,0,0,0,0
freshness,1,freshness=1,1,0,0,0,0,0,0,0
fridge,1,fridge=1,1,0,0,0,0,0,0,0
fried,1,fried=1,0,0,0,0,1,0,0,0
friendliness,1,friendliness=1,1,0,0,0,0,0,0,0
frieze,1,frieze=1,0,0,0,0,1,0,0,0
fright,1,fright=1,0,0,0,0,0,1,0,0
frosted,1,frosted=1,0,0,0,0,1,0,0,0
froth,1,froth=1,1,0,0,0,0,0,0,0
froze,1,froze=1,0,0,1,0,0,0,0,0
frt,1,frt=1,0,0,0,0,1,0,0,0
fruitful,1,fruitful=1,0,0,0,0,1,0,0,0
fruits,1,fruits=1,0,1,0,0,0,0,0,0
frying,1,frying=1,1,0,0,0,0,0,0,0
fugure,1,fugured=1,0,0,1,0,0,0,0,0
fullness,1,fullness=1,1,0,0,0,0,0,0,0
fulton,1,fulton=1,0,1,0,0,0,0,0,0
functionally,1,functionally=1,0,0,0,0,0,1,0,0
functions,1,functions=1,0,1,0,0,0,0,0,0
fundraise,1,fundraising=1,0,0,1,0,0,0,0,0
funston,1,funston=1,0,1,0,0,0,0,0,0
funu,1,funu=1,0,1,0,0,0,0,0,0
furrier,1,furrier=1,1,0,0,0,0,0,0,0
fuss,1,fuss=1,1,0,0,0,0,0,0,0
futile,1,futile=1,0,0,0,0,1,0,0,0
futility,1,futility=1,1,0,0,0,0,0,0,0
gainfully,1,gainfully=1,0,0,0,0,0,1,0,0
gains,1,gains=1,0,1,0,0,0,0,0,0
galicia,1,galicia=1,0,1,0,0,0,0,0,0
galleries,1,galleries=1,0,1,0,0,0,0,0,0
gallerys,1,gallerys=1,0,1,0,0,0,0,0,0
gallop,1,galloping=1,0,0,1,0,0,0,0,0
galt,1,galt=1,0,1,0,0,0,0,0,0
gambierdiscus,1,gambierdiscus=1,0,1,0,0,0,0,0,0
gaming,1,gaming=1,1,0,0,0,0,0,0,0
garb,1,garb=1,1,0,0,0,0,0,0,0
garlic,1,garlic=1,1,0,0,0,0,0,0,0
gastrointestinal,1,gastrointestinal=1,0,0,0,0,1,0,0,0
gastrolith,1,gastroliths=1,1,0,0,0,0,0,0,0
gateway,1,gateways=1,1,0,0,0,0,0,0,0
gaudy,1,gaudy=1,0,1,0,0,0,0,0,0
gault,1,gault=1,0,1,0,0,0,0,0,0
gaume,1,gaume=1,0,1,0,0,0,0,0,0
gaumo,1,gaumo=1,0,1,0,0,0,0,0,0
gauze,1,gauzes=1,1,0,0,0,0,0,0,0
gebel,1,gebel=1,0,1,0,0,0,0,0,0
gelatinous,1,gelatinous=1,0,0,0,0,1,0,0,0
gelosi,1,gelosi=1,0,1,0,0,0,0,0,0
generalized,1,generalized=1,0,0,0,0,1,0,0,0
generalizing,1,generalizing=1,0,1,0,0,0,0,0,0
generaly,1,generaly=1,1,0,0,0,0,0,0,0
generated,1,generated=1,0,1,0,0,0,0,0,0
generating,1,generating=1,0,1,0,0,0,0,0,0
generic,1,generic=1,0,0,0,0,1,0,0,0
genesis,1,genesis=1,1,0,0,0,0,0,0,0
gentler,1,gentler=1,0,0,0,0,1,0,0,0
gentrification,1,gentrification=1,1,0,0,0,0,0,0,0
gentry,1,gentry=1,0,1,0,0,0,0,0,0
genyomis,1,genyomis=1,0,1,0,0,0,0,0,0
geo,1,geo=1,0,1,0,0,0,0,0,0
geoarchaeologist,1,geoarchaeologists=1,1,0,0,0,0,0,0,0
geocentric,1,geocentric=1,0,0,0,0,1,0,0,0
geochemistry,1,geochemistry=1,1,0,0,0,0,0,0,0
geoffrey,1,geoffrey=1,0,1,0,0,0,0,0,0
geophysic,1,geophysics=1,1,0,0,0,0,0,0,0
georges,1,georges=1,0,1,0,0,0,0,0,0
geoscientist,1,geoscientist=1,1,0,0,0,0,0,0,0
geothermally,1,geothermally=1,0,0,0,0,0,1,0,0
gerardus,1,gerardus=1,0,1,0,0,0,0,0,0
gershund,1,gershund=1,1,0,0,0,0,0,0,0
getaway,1,getaways=1,1,0,0,0,0,0,0,0
geysa,1,geysa=1,1,0,0,0,0,0,0,0
geysers,1,geysers=1,0,1,0,0,0,0,0,0
geysir,1,geysir=1,0,1,0,0,0,0,0,0
ghaggar,1,ghaggar=1,0,1,0,0,0,0,0,0
ghent,1,ghent=1,0,1,0,0,0,0,0,0
ghetto,1,ghetto=1,1,0,0,0,0,0,0,0
ghostly,1,ghostly=1,0,0,0,0,0,1,0,0
gibraltar,1,gibraltar=1,0,1,0,0,0,0,0,0
gical,1,gical=1,0,0,0,0,1,0,0,0
gigabyte,1,gigabytes=1,0,0,1,0,0,0,0,0
gigaelectron,1,gigaelectron=1,0,0,0,0,1,0,0,0
gilmore,1,gilmore=1,0,1,0,0,0,0,0,0
gimosquitoe,1,gimosquitoes=1,1,0,0,0,0,0,0,0
gina,1,gina=1,0,1,0,0,0,0,0,0
ginkgo,1,ginkgo=1,1,0,0,0,0,0,0,0
git,1,gits=1,1,0,0,0,0,0,0,0
gizzard,1,gizzard=1,1,0,0,0,0,0,0,0
glaciated,1,glaciated=1,0,0,0,0,1,0,0,0
glacior,1,glaciors=1,1,0,0,0,0,0,0,0
glacler,1,glaclers=1,1,0,0,0,0,0,0,0
glamorize,1,glamorize=1,0,0,1,0,0,0,0,0
glaring,1,glaring=1,0,0,0,0,1,0,0,0
glasgow,1,glasgow=1,0,1,0,0,0,0,0,0
glassblower,1,glassblowers=1,1,0,0,0,0,0,0,0
glassmakers,1,glassmakers=1,0,1,0,0,0,0,0,0
glazing,1,glazing=1,1,0,0,0,0,0,0,0
gleam,1,gleam=1,1,0,0,0,0,0,0,0
glimmer,1,glimmer=1,1,0,0,0,0,0,0,0
glitter,1,glittering=1,0,0,1,0,0,0,0,0
glob,1,glob=1,1,0,0,0,0,0,0,0
globalize,1,globalized=1,0,0,1,0,0,0,0,0
globule,1,globules=1,1,0,0,0,0,0,0,0
gloom,1,gloom=1,1,0,0,0,0,0,0,0
glop,1,glop=1,1,0,0,0,0,0,0,0
gloria,1,gloria=1,0,1,0,0,0,0,0,0
glorious,1,glorious=1,0,0,0,0,1,0,0,0
glory,1,glories=1,1,0,0,0,0,0,0,0
gloves,1,gloves=1,0,1,0,0,0,0,0,0
glowing,1,glowing=1,0,0,0,0,1,0,0,0
gluing,1,gluing=1,1,0,0,0,0,0,0,0
glycine,1,glycine=1,1,0,0,0,0,0,0,0
glycol,1,glycol=1,1,0,0,0,0,0,0,0
glyphosate,1,glyphosate=1,0,0,0,0,1,0,0,0
gmo,1,gmos=1,1,0,0,0,0,0,0,0
gmos,1,gmos=1,0,1,0,0,0,0,0,0
gobi,1,gobi=1,0,1,0,0,0,0,0,0
goblet,1,goblets=1,1,0,0,0,0,0,0,0
godard,1,godard=1,0,1,0,0,0,0,0,0
goldsmithing,1,goldsmithing=1,1,0,0,0,0,0,0,0
goldworker,1,goldworkers=1,1,0,0,0,0,0,0,0
golf,1,golf=1,1,0,0,0,0,0,0,0
gonzalez,1,gonzalez=1,0,1,0,0,0,0,0,0
goodbye,1,goodbye=1,1,0,0,0,0,0,0,0
goodness,1,goodness=1,1,0,0,0,0,0,0,0
goodwill,1,goodwill=1,1,0,0,0,0,0,0,0
goodwin,1,goodwin=1,0,1,0,0,0,0,0,0
gooey,1,gooey=1,1,0,0,0,0,0,0,0
gorries,1,gorries=1,0,1,0,0,0,0,0,0
goto,1,goto=1,1,0,0,0,0,0,0,0
gottfried,1,gottfried=1,0,1,0,0,0,0,0,0
gourd,1,gourds=1,1,0,0,0,0,0,0,0
gown,1,gown=1,1,0,0,0,0,0,0,0
goya,1,goya=1,0,1,0,0,0,0,0,0
gracious,1,gracious=1,0,0,0,0,1,0,0,0
graciously,1,graciously=1,0,0,0,0,0,1,0,0
graeme,1,graeme=1,0,1,0,0,0,0,0,0
grafting,1,grafting=1,1,0,0,0,0,0,0,0
grail,1,grail=1,1,0,0,0,0,0,0,0
grainy,1,grainy=1,0,0,0,0,1,0,0,0
granarius,1,granarius=1,1,0,0,0,0,0,0,0
granary,1,granaries=1,1,0,0,0,0,0,0,0
grandad,1,grandad=1,0,1,0,0,0,0,0,0
granddad,1,granddad=1,0,1,0,0,0,0,0,0
granddaughter,1,granddaughters=1,1,0,0,0,0,0,0,0
grander,1,grander=1,1,0,0,0,0,0,0,0
grandiose,1,grandiose=1,0,0,0,0,1,0,0,0
grandness,1,grandness=1,1,0,0,0,0,0,0,0
grandparents,1,grandparents=1,0,1,0,0,0,0,0,0
granola,1,granola=1,1,0,0,0,0,0,0,0
grapevine,1,grapevines=1,1,0,0,0,0,0,0,0
graphically,1,graphically=1,0,0,0,0,0,1,0,0
graphs,1,graphs=1,0,1,0,0,0,0,0,0
grappling,1,grappling=1,1,0,0,0,0,0,0,0
grasscarp,1,grasscarp=1,0,0,0,0,1,0,0,0
grasslands,1,grasslands=1,0,1,0,0,0,0,0,0
grassroots,1,grassroots=1,0,0,0,0,1,0,0,0
gratduate,1,gratduates=1,1,0,0,0,0,0,0,0
grated,1,grated=1,0,0,0,0,1,0,0,0
gratify,1,gratified=1,0,0,1,0,0,0,0,0
gratifying,1,gratifying=1,0,0,0,0,1,0,0,0
gratitude,1,gratitude=1,1,0,0,0,0,0,0,0
gravitate,1,gravitated=1,0,0,1,0,0,0,0,0
gravy,1,gravy=1,1,0,0,0,0,0,0,0
grays,1,grays=1,0,0,0,0,1,0,0,0
grayson,1,grayson=1,0,1,0,0,0,0,0,0
grazed,1,grazed=1,0,0,0,0,1,0,0,0
greck,1,greck=1,0,1,0,0,0,0,0,0
greedy,1,greedy=1,0,0,0,0,1,0,0,0
greenfield,1,greenfield=1,0,1,0,0,0,0,0,0
greenish,1,greenish=1,0,0,0,0,1,0,0,0
greenlander,1,greenlanders=1,1,0,0,0,0,0,0,0
greenlining,1,greenlining=1,1,0,0,0,0,0,0,0
greenstone,1,greenstone=1,1,0,0,0,0,0,0,0
greenworks,1,greenworks=1,0,1,0,0,0,0,0,0
greine,1,greine=1,0,1,0,0,0,0,0,0
grews,1,grews=1,1,0,0,0,0,0,0,0
gridde,1,gridded=1,0,0,1,0,0,0,0,0
gridiron,1,gridiron=1,0,1,0,0,0,0,0,0
gridline,1,gridlines=1,1,0,0,0,0,0,0,0
gridlock,1,gridlock=1,1,0,0,0,0,0,0,0
grids,1,grids=1,0,1,0,0,0,0,0,0
grierson,1,grierson=1,0,1,0,0,0,0,0,0
grill,1,grilled=1,0,0,1,0,0,0,0,0
grim,1,grim=1,0,0,0,0,1,0,0,0
grime,1,grime=1,1,0,0,0,0,0,0,0
grimness,1,grimness=1,1,0,0,0,0,0,0,0
gritty,1,gritty=1,0,0,0,0,1,0,0,0
grocer,1,grocers=1,1,0,0,0,0,0,0,0
groundfish,1,groundfish=1,1,0,0,0,0,0,0,0
growing,1,growing=1,1,0,0,0,0,0,0,0
grownup,1,grownups=1,1,0,0,0,0,0,0,0
grueling,1,grueling=1,0,0,0,0,1,0,0,0
gruff,1,gruff=1,0,0,0,0,1,0,0,0
grumble,1,grumbled=1,0,0,1,0,0,0,0,0
grunfeld,1,grunfeld=1,0,1,0,0,0,0,0,0
guan,1,guan=1,0,1,0,0,0,0,0,0
guarantor,1,guarantors=1,1,0,0,0,0,0,0,0
guards,1,guards=1,0,1,0,0,0,0,0,0
guessing,1,guessing=1,1,0,0,0,0,0,0,0
guests,1,guests=1,0,1,0,0,0,0,0,0
guglielmo,1,guglielmo=1,0,1,0,0,0,0,0,0
guided,1,guided=1,0,1,0,0,0,0,0,0
guidelines,1,guidelines=1,0,1,0,0,0,0,0,0
guilds,1,guilds=1,0,1,0,0,0,0,0,0
gully,1,gullies=1,1,0,0,0,0,0,0,0
gush,1,gush=1,1,0,0,0,0,0,0,0
gusii,1,gusii=1,0,1,0,0,0,0,0,0
gustav,1,gustav=1,0,1,0,0,0,0,0,0
gusty,1,gusty=1,1,0,0,0,0,0,0,0
gwain,1,gwain=1,0,1,0,0,0,0,0,0
gwen,1,gwen=1,0,1,0,0,0,0,0,0
gwinnett,1,gwinnett=1,0,1,0,0,0,0,0,0
gycon,1,gycon=1,0,1,0,0,0,0,0,0
gyms,1,gyms=1,0,1,0,0,0,0,0,0
gómez,1,gómez=1,0,1,0,0,0,0,0,0
habitats,1,habitats=1,0,1,0,0,0,0,0,0
habituate,1,habituated=1,0,0,1,0,0,0,0,0
haddon,1,haddon=1,0,1,0,0,0,0,0,0
hailey,1,hailey=1,0,1,0,0,0,0,0,0
haircut,1,haircut=1,1,0,0,0,0,0,0,0
hairdresser,1,hairdresser=1,1,0,0,0,0,0,0,0
haired,1,haired=1,0,0,0,0,1,0,0,0
hairs,1,hairs=1,0,1,0,0,0,0,0,0
haka,1,haka=1,1,0,0,0,0,0,0,0
hakra,1,hakra=1,0,1,0,0,0,0,0,0
halberd,1,halberds=1,1,0,0,0,0,0,0,0
hallan,1,hallan=1,0,1,0,0,0,0,0,0
hallstatt,1,hallstatt=1,0,1,0,0,0,0,0,0
hallucinogen,1,hallucinogens=1,1,0,0,0,0,0,0,0
halo,1,halo=1,1,0,0,0,0,0,0,0
hals,1,hals=1,0,1,0,0,0,0,0,0
halttunen,1,halttunen=1,0,1,0,0,0,0,0,0
halve,1,halved=1,0,0,1,0,0,0,0,0
hamle,1,hamle=1,0,1,0,0,0,0,0,0
hammerstone,1,hammerstones=1,1,0,0,0,0,0,0,0
hamza,1,hamza=1,1,0,0,0,0,0,0,0
handcraft,1,handcrafted=1,0,0,1,0,0,0,0,0
handing,1,handing=1,1,0,0,0,0,0,0,0
handiwork,1,handiwork=1,1,0,0,0,0,0,0,0
handlebar,1,handlebars=1,1,0,0,0,0,0,0,0
handloom,1,handloom=1,1,0,0,0,0,0,0,0
handsomely,1,handsomely=1,0,0,0,0,0,1,0,0
handwork,1,handwork=1,0,0,1,0,0,0,0,0
handwoven,1,handwoven=1,0,0,0,0,1,0,0,0
hangere,1,hangered=1,0,0,1,0,0,0,0,0
hanging,1,hangings=1,1,0,0,0,0,0,0,0
hanna,1,hanna=1,0,1,0,0,0,0,0,0
haphazard,1,haphazard=1,0,0,0,0,1,0,0,0
happening,1,happening=1,1,0,0,0,0,0,0,0
hapy,1,hapy=1,0,1,0,0,0,0,0,0
harald,1,harald=1,0,1,0,0,0,0,0,0
harappa,1,harappa=1,0,1,0,0,0,0,0,0
harare,1,harare=1,0,1,0,0,0,0,0,0
harborfield,1,harborfield=1,0,1,0,0,0,0,0,0
hardier,1,hardier=1,0,0,0,0,1,0,0,0
harmoniously,1,harmoniously=1,0,0,0,0,0,1,0,0
harmonize,1,harmonize=1,0,0,1,0,0,0,0,0
harnes,1,harness=1,0,0,1,0,0,0,0,0
harper,1,harper=1,0,1,0,0,0,0,0,0
harpsichord,1,harpsichord=1,1,0,0,0,0,0,0,0
harrow,1,harrows=1,1,0,0,0,0,0,0,0
harry,1,harry=1,0,1,0,0,0,0,0,0
hart,1,hart=1,0,1,0,0,0,0,0,0
hartebe,1,hartebeest=1,0,0,0,0,1,0,0,0
hartman,1,hartman=1,0,1,0,0,0,0,0,0
hartsfield,1,hartsfield=1,0,1,0,0,0,0,0,0
harvester,1,harvesters=1,1,0,0,0,0,0,0,0
harwood,1,harwood=1,0,1,0,0,0,0,0,0
hash,1,hashing=1,0,0,1,0,0,0,0,0
hashtag,1,hashtag=1,1,0,0,0,0,0,0,0
hassamfs,1,hassamfs=1,0,1,0,0,0,0,0,0
hastened,1,hastened=1,0,0,0,0,1,0,0,0
hastily,1,hastily=1,0,0,0,0,0,1,0,0
hatchet,1,hatchet=1,1,0,0,0,0,0,0,0
hath,1,hath=1,1,0,0,0,0,0,0,0
hatred,1,hatred=1,1,0,0,0,0,0,0,0
haunt,1,haunting=1,0,0,1,0,0,0,0,0
haven,1,haven=1,1,0,0,0,0,0,0,0
havingcontrol,1,havingcontrol=1,1,0,0,0,0,0,0,0
havoc,1,havoc=1,1,0,0,0,0,0,0,0
hawthorme,1,hawthorme=1,0,1,0,0,0,0,0,0
hayfield,1,hayfield=1,1,0,0,0,0,0,0,0
haywire,1,haywire=1,1,0,0,0,0,0,0,0
hazleton,1,hazleton=1,0,1,0,0,0,0,0,0
headbutting,1,headbutting=1,1,0,0,0,0,0,0,0
headed,1,headed=1,0,0,0,0,1,0,0,0
headline,1,headline=1,1,0,0,0,0,0,0,0
headquarters,1,headquarters=1,1,0,0,0,0,0,0,0
headwind,1,headwinds=1,1,0,0,0,0,0,0,0
healt,1,healt=1,1,0,0,0,0,0,0,0
healthfully,1,healthfully=1,0,0,0,0,0,1,0,0
hearted,1,hearted=1,0,0,0,0,1,0,0,0
heaviness,1,heaviness=1,1,0,0,0,0,0,0,0
heavyweight,1,heavyweight=1,1,0,0,0,0,0,0,0
heliocentric,1,heliocentric=1,0,0,0,0,1,0,0,0
hellas,1,hellas=1,0,1,0,0,0,0,0,0
helpless,1,helpless=1,0,0,0,0,1,0,0,0
hemingway,1,hemingway=1,0,1,0,0,0,0,0,0
hempen,1,hempen=1,0,0,0,0,1,0,0,0
henceforth,1,henceforth=1,0,0,0,0,0,1,0,0
hendrick,1,hendrick=1,0,1,0,0,0,0,0,0
hepburn,1,hepburn=1,0,1,0,0,0,0,0,0
heraldic,1,heraldic=1,0,0,0,0,1,0,0,0
herbaceous,1,herbaceous=1,0,0,0,0,1,0,0,0
herbert,1,herbert=1,0,1,0,0,0,0,0,0
herbivoree,1,herbivorees=1,1,0,0,0,0,0,0,0
herbivores,1,herbivores=1,0,1,0,0,0,0,0,0
herboloand,1,herboloand=1,1,0,0,0,0,0,0,0
herbory,1,herbory=1,1,0,0,0,0,0,0,0
herbs,1,herbs=1,0,1,0,0,0,0,0,0
hercules,1,hercules=1,0,1,0,0,0,0,0,0
herded,1,herded=1,0,0,0,0,1,0,0,0
heref,1,herefs=1,0,0,1,0,0,0,0,0
heretical,1,heretical=1,0,0,0,0,1,0,0,0
herman,1,herman=1,0,1,0,0,0,0,0,0
hernandez,1,hernandez=1,0,1,0,0,0,0,0,0
heroes,1,heroes=1,0,1,0,0,0,0,0,0
herringbone,1,herringbone=1,1,0,0,0,0,0,0,0
hesse,1,hesse=1,0,1,0,0,0,0,0,0
heston,1,heston=1,0,1,0,0,0,0,0,0
heterophony,1,heterophony=1,1,0,0,0,0,0,0,0
heyday,1,heyday=1,1,0,0,0,0,0,0,0
hierankonpolis,1,hierankonpolis=1,0,1,0,0,0,0,0,0
hierarchically,1,hierarchically=1,0,0,0,0,0,1,0,0
highness,1,highness=1,1,0,0,0,0,0,0,0
higner,1,higner=1,0,1,0,0,0,0,0,0
hilbert,1,hilbert=1,0,1,0,0,0,0,0,0
himalaya,1,himalaya=1,0,1,0,0,0,0,0,0
himalayan,1,himalayan=1,0,0,0,0,1,0,0,0
hindquarter,1,hindquarters=1,1,0,0,0,0,0,0,0
hindsight,1,hindsight=1,1,0,0,0,0,0,0,0
hippo,1,hippo=1,1,0,0,0,0,0,0,0
hippodrome,1,hippodrome=1,0,1,0,0,0,0,0,0
hippopotamus,1,hippopotamus=1,1,0,0,0,0,0,0,0
hippos,1,hippos=1,1,0,0,0,0,0,0,0
hippotragus,1,hippotragus=1,0,1,0,0,0,0,0,0
hips,1,hips=1,0,1,0,0,0,0,0,0
hiring,1,hiring=1,1,0,0,0,0,0,0,0
historicism,1,historicism=1,0,1,0,0,0,0,0,0
hitchhike,1,hitchhike=1,0,0,1,0,0,0,0,0
hitchhiker,1,hitchhiker=1,1,0,0,0,0,0,0,0
hoarding,1,hoarding=1,1,0,0,0,0,0,0,0
hobbyhorse,1,hobbyhorse=1,1,0,0,0,0,0,0,0
hockey,1,hockey=1,1,0,0,0,0,0,0,0
hohokam,1,hohokam=1,0,1,0,0,0,0,0,0
hoist,1,hoists=1,1,0,0,0,0,0,0,0
holdfast,1,holdfasts=1,1,0,0,0,0,0,0,0
holdover,1,holdover=1,1,0,0,0,0,0,0,0
holly,1,holly=1,0,1,0,0,0,0,0,0
homebuyer,1,homebuyers=1,1,0,0,0,0,0,0,0
homepage,1,homepage=1,1,0,0,0,0,0,0,0
homesick,1,homesick=1,0,0,0,0,1,0,0,0
homespun,1,homespun=1,1,0,0,0,0,0,0,0
homestead,1,homestead=1,0,1,0,0,0,0,0,0
homeward,1,homeward=1,0,0,0,0,1,0,0,0
homophony,1,homophony=1,0,1,0,0,0,0,0,0
hondura,1,honduras=1,1,0,0,0,0,0,0,0
hong,1,hong=1,0,1,0,0,0,0,0,0
honig,1,honig=1,0,1,0,0,0,0,0,0
honored,1,honored=1,0,0,0,0,1,0,0,0
honour,1,honouring=1,0,0,1,0,0,0,0,0
hoogstraten,1,hoogstraten=1,0,1,0,0,0,0,0,0
hopefulness,1,hopefulness=1,1,0,0,0,0,0,0,0
hopeless,1,hopeless=1,0,0,0,0,1,0,0,0
hopi,1,hopi=1,0,1,0,0,0,0,0,0
hopkins,1,hopkins=1,0,1,0,0,0,0,0,0
hormonally,1,hormonally=1,0,0,0,0,0,1,0,0
horns,1,horns=1,0,1,0,0,0,0,0,0
horrendous,1,horrendous=1,0,0,0,0,1,0,0,0
horsefair,1,horsefair=1,0,1,0,0,0,0,0,0
horsemen,1,horsemen=1,0,1,0,0,0,0,0,0
horseplay,1,horseplay=1,1,0,0,0,0,0,0,0
horses,1,horses=1,0,1,0,0,0,0,0,0
hospitals,1,hospitals=1,0,1,0,0,0,0,0,0
hostage,1,hostages=1,1,0,0,0,0,0,0,0
hostess,1,hostess=1,1,0,0,0,0,0,0,0
hotels,1,hotels=1,0,1,0,0,0,0,0,0
hours,1,hours=1,0,1,0,0,0,0,0,0
housekeeping,1,housekeeping=1,1,0,0,0,0,0,0,0
howl,1,howling=1,0,0,1,0,0,0,0,0
hr,1,hr=1,1,0,0,0,0,0,0,0
huddling,1,huddling=1,0,1,0,0,0,0,0,0
hudsons,1,hudsons=1,0,1,0,0,0,0,0,0
humane,1,humane=1,0,0,0,0,1,0,0,0
humanism,1,humanism=1,1,0,0,0,0,0,0,0
humanize,1,humanized=1,0,0,1,0,0,0,0,0
humanly,1,humanly=1,0,0,0,0,0,1,0,0
humanoid,1,humanoids=1,1,0,0,0,0,0,0,0
hume,1,hume=1,1,0,0,0,0,0,0,0
humility,1,humility=1,0,1,0,0,0,0,0,0
hummingbirds,1,hummingbirds=1,0,1,0,0,0,0,0,0
hummock,1,hummocks=1,1,0,0,0,0,0,0,0
humongous,1,humongous=1,0,0,0,0,1,0,0,0
humoral,1,humoral=1,0,0,0,0,1,0,0,0
humorist,1,humorist=1,1,0,0,0,0,0,0,0
humphrey,1,humphrey=1,0,1,0,0,0,0,0,0
hundredfold,1,hundredfold=1,1,0,0,0,0,0,0,0
hundredth,1,hundredths=1,1,0,0,0,0,0,0,0
hunk,1,hunks=1,1,0,0,0,0,0,0,0
hurtle,1,hurtling=1,0,0,1,0,0,0,0,0
husbandry,1,husbandry=1,1,0,0,0,0,0,0,0
hydration,1,hydration=1,1,0,0,0,0,0,0,0
hydrological,1,hydrological=1,0,0,0,0,1,0,0,0
hydrolysi,1,hydrolysis=1,1,0,0,0,0,0,0,0
hydrophobia,1,hydrophobia=1,1,0,0,0,0,0,0,0
hygienic,1,hygienic=1,0,0,0,0,1,0,0,0
hyperactivity,1,hyperactivity=1,1,0,0,0,0,0,0,0
hyperventilating,1,hyperventilating=1,1,0,0,0,0,0,0,0
hypno,1,hypnos=1,1,0,0,0,0,0,0,0
hypnotizable,1,hypnotizable=1,0,0,0,0,1,0,0,0
hypothalamus,1,hypothalamus=1,1,0,0,0,0,0,0,0
hypothermia,1,hypothermia=1,1,0,0,0,0,0,0,0
hypothetically,1,hypothetically=1,0,0,0,0,0,1,0,0
hysteria,1,hysteria=1,0,1,0,0,0,0,0,0
hysterically,1,hysterically=1,0,0,0,0,0,1,0,0
ian,1,ian=1,0,1,0,0,0,0,0,0
icahn,1,icahn=1,0,1,0,0,0,0,0,0
icarin,1,icarin=1,1,0,0,0,0,0,0,0
icaronicterus,1,icaronicterus=1,1,0,0,0,0,0,0,0
icarus,1,icarus=1,0,1,0,0,0,0,0,0
icebreaker,1,icebreakers=1,1,0,0,0,0,0,0,0
iceburg,1,iceburg=1,0,1,0,0,0,0,0,0
iced,1,iced=1,0,0,0,0,1,0,0,0
iciness,1,iciness=1,1,0,0,0,0,0,0,0
icing,1,icing=1,1,0,0,0,0,0,0,0
iconic,1,iconic=1,0,0,0,0,1,0,0,0
iconography,1,iconography=1,0,1,0,0,0,0,0,0
icron,1,icron=1,0,1,0,0,0,0,0,0
identife,1,identifed=1,0,0,1,0,0,0,0,0
ideological,1,ideological=1,0,0,0,0,1,0,0,0
ideologically,1,ideologically=1,0,0,0,0,0,1,0,0
idh,1,idh=1,0,1,0,0,0,0,0,0
idiom,1,idioms=1,1,0,0,0,0,0,0,0
idiosyncrasy,1,idiosyncrasies=1,1,0,0,0,0,0,0,0
idleness,1,idleness=1,1,0,0,0,0,0,0,0
iffy,1,iffy=1,0,0,0,0,1,0,0,0
igneous,1,igneous=1,0,0,0,0,1,0,0,0
ignorant,1,ignorant=1,0,0,0,0,1,0,0,0
igor,1,igor=1,0,1,0,0,0,0,0,0
iguanas,1,iguanas=1,0,1,0,0,0,0,0,0
ikat,1,ikat=1,0,1,0,0,0,0,0,0
illegally,1,illegally=1,0,0,0,0,0,1,0,0
illegitimate,1,illegitimate=1,0,0,0,0,1,0,0,0
illuminated,1,illuminated=1,0,0,0,0,1,0,0,0
illuminator,1,illuminators=1,1,0,0,0,0,0,0,0
illustrating,1,illustrating=1,1,0,0,0,0,0,0,0
illustrations,1,illustrations=1,0,1,0,0,0,0,0,0
ilustrate,1,ilustrates=1,0,0,1,0,0,0,0,0
imagining,1,imaginings=1,1,0,0,0,0,0,0,0
imagists,1,imagists=1,0,1,0,0,0,0,0,0
imestone,1,imestone=1,1,0,0,0,0,0,0,0
imitating,1,imitating=1,1,0,0,0,0,0,0,0
immeasurable,1,immeasurable=1,0,0,0,0,1,0,0,0
immeasurably,1,immeasurably=1,0,0,0,0,0,1,0,0
immensity,1,immensity=1,1,0,0,0,0,0,0,0
immigrants,1,immigrants=1,0,1,0,0,0,0,0,0
immortal,1,immortal=1,0,0,0,0,1,0,0,0
immunological,1,immunological=1,0,0,0,0,1,0,0,0
impacting,1,impacting=1,1,0,0,0,0,0,0,0
impactor,1,impactor=1,1,0,0,0,0,0,0,0
impaired,1,impaired=1,0,0,0,0,1,0,0,0
impairment,1,impairment=1,1,0,0,0,0,0,0,0
impartial,1,impartial=1,0,0,0,0,1,0,0,0
impending,1,impending=1,0,0,0,0,1,0,0,0
imperceptible,1,imperceptible=1,0,0,0,0,1,0,0,0
imperfections,1,imperfections=1,0,1,0,0,0,0,0,0
imperfectly,1,imperfectly=1,0,0,0,0,0,1,0,0
imperil,1,imperil=1,0,0,1,0,0,0,0,0
impermanent,1,impermanent=1,1,0,0,0,0,0,0,0
impersonate,1,impersonating=1,0,0,1,0,0,0,0,0
impervious,1,impervious=1,0,0,0,0,1,0,0,0
implicit,1,implicit=1,0,0,0,0,1,0,0,0
implicitly,1,implicitly=1,0,0,0,0,0,1,0,0
impolite,1,impolite=1,0,0,0,0,1,0,0,0
importan,1,importan=1,0,1,0,0,0,0,0,0
importantest,1,importantests=1,1,0,0,0,0,0,0,0
importing,1,importing=1,1,0,0,0,0,0,0,0
imposing,1,imposing=1,1,0,0,0,0,0,0,0
impossibility,1,impossibility=1,1,0,0,0,0,0,0,0
imposter,1,imposter=1,1,0,0,0,0,0,0,0
impound,1,impounded=1,0,0,1,0,0,0,0,0
impoverish,1,impoverished=1,0,0,1,0,0,0,0,0
impracticality,1,impracticality=1,1,0,0,0,0,0,0,0
imprecise,1,imprecise=1,1,0,0,0,0,0,0,0
improbable,1,improbable=1,0,0,0,0,1,0,0,0
impromptu,1,impromptu=1,0,0,0,0,1,0,0,0
improving,1,improving=1,0,1,0,0,0,0,0,0
impure,1,impure=1,1,0,0,0,0,0,0,0
impurities,1,impurities=1,0,1,0,0,0,0,0,0
inapplicable,1,inapplicable=1,0,0,0,0,1,0,0,0
incas,1,incas=1,1,0,0,0,0,0,0,0
incidental,1,incidental=1,0,0,0,0,1,0,0,0
incipient,1,incipient=1,0,0,0,0,1,0,0,0
incision,1,incisions=1,1,0,0,0,0,0,0,0
incite,1,incite=1,0,0,0,0,1,0,0,0
included,1,included=1,0,1,0,0,0,0,0,0
includina,1,includina=1,0,0,0,0,1,0,0,0
includine,1,includine=1,0,0,1,0,0,0,0,0
incompetence,1,incompetence=1,1,0,0,0,0,0,0,0
incompletely,1,incompletely=1,0,0,0,0,0,1,0,0
inconspicuously,1,inconspicuously=1,0,0,0,0,0,1,0,0
inconvenienced,1,inconvenienced=1,0,0,0,0,1,0,0,0
increasing,1,increasing=1,1,0,0,0,0,0,0,0
incremental,1,incremental=1,0,0,0,0,1,0,0,0
incrementally,1,incrementally=1,0,0,0,0,0,1,0,0
incude,1,incude=1,0,0,1,0,0,0,0,0
incurably,1,incurably=1,0,0,0,0,0,1,0,0
indebtedness,1,indebtedness=1,0,0,0,0,1,0,0,0
indecipherable,1,indecipherable=1,0,0,0,0,1,0,0,0
indecision,1,indecision=1,1,0,0,0,0,0,0,0
indelible,1,indelible=1,0,0,0,0,1,0,0,0
indicating,1,indicating=1,1,0,0,0,0,0,0,0
indifference,1,indifference=1,0,1,0,0,0,0,0,0
indignant,1,indignant=1,0,0,0,0,1,0,0,0
individualistic,1,individualistic=1,0,0,0,0,1,0,0,0
inducement,1,inducement=1,1,0,0,0,0,0,0,0
industrially,1,industrially=1,0,0,0,0,0,1,0,0
ineducation,1,ineducation=1,1,0,0,0,0,0,0,0
ineffectiveness,1,ineffectiveness=1,1,0,0,0,0,0,0,0
inelegant,1,inelegant=1,0,0,0,0,1,0,0,0
ineptly,1,ineptly=1,0,0,0,0,0,1,0,0
inessential,1,inessential=1,0,0,0,0,1,0,0,0
inexperience,1,inexperience=1,1,0,0,0,0,0,0,0
infallible,1,infallible=1,0,0,0,0,1,0,0,0
inferiority,1,inferiority=1,1,0,0,0,0,0,0,0
infinitesimal,1,infinitesimal=1,0,0,0,0,1,0,0,0
infinitesimally,1,infinitesimally=1,0,0,0,0,0,1,0,0
infirmary,1,infirmary=1,1,0,0,0,0,0,0,0
influencing,1,influencing=1,1,0,0,0,0,0,0,0
informality,1,informality=1,1,0,0,0,0,0,0,0
infrasonic,1,infrasonic=1,0,0,0,0,1,0,0,0
ingeniously,1,ingeniously=1,0,0,0,0,0,1,0,0
ingested,1,ingested=1,0,0,0,0,1,0,0,0
ingesting,1,ingesting=1,0,1,0,0,0,0,0,0
ingestion,1,ingestion=1,1,0,0,0,0,0,0,0
inhabitants,1,inhabitants=1,0,1,0,0,0,0,0,0
inhaling,1,inhaling=1,0,1,0,0,0,0,0,0
inhibitor,1,inhibitors=1,1,0,0,0,0,0,0,0
initiation,1,initiation=1,1,0,0,0,0,0,0,0
injection,1,injection=1,1,0,0,0,0,0,0,0
injured,1,injured=1,0,0,0,0,1,0,0,0
injustice,1,injustice=1,1,0,0,0,0,0,0,0
innately,1,innately=1,0,0,0,0,0,1,0,0
innocence,1,innocence=1,1,0,0,0,0,0,0,0
innovatively,1,innovatively=1,0,0,0,0,0,1,0,0
inoculant,1,inoculants=1,1,0,0,0,0,0,0,0
inoculate,1,inoculate=1,0,0,1,0,0,0,0,0
inorder,1,inorder=1,1,0,0,0,0,0,0,0
inrolled,1,inrolled=1,0,0,0,0,1,0,0,0
insane,1,insane=1,0,0,0,0,1,0,0,0
insectivore,1,insectivores=1,1,0,0,0,0,0,0,0
insectrepelle,1,insectrepelling=1,0,0,1,0,0,0,0,0
inseparable,1,inseparable=1,0,0,0,0,1,0,0,0
inserting,1,inserting=1,1,0,0,0,0,0,0,0
insider,1,insider=1,1,0,0,0,0,0,0,0
insignificance,1,insignificance=1,1,0,0,0,0,0,0,0
insisted,1,insisted=1,0,1,0,0,0,0,0,0
insomnia,1,insomnia=1,1,0,0,0,0,0,0,0
inspirational,1,inspirational=1,0,0,0,0,1,0,0,0
instalment,1,instalment=1,1,0,0,0,0,0,0,0
instigation,1,instigation=1,1,0,0,0,0,0,0,0
instill,1,instills=1,0,0,1,0,0,0,0,0
institutionalized,1,institutionalized=1,0,0,0,0,1,0,0,0
instructing,1,instructing=1,1,0,0,0,0,0,0,0
instructive,1,instructive=1,0,0,0,0,1,0,0,0
instructors,1,instructors=1,0,1,0,0,0,0,0,0
instrumentation,1,instrumentation=1,1,0,0,0,0,0,0,0
insufficiency,1,insufficiency=1,1,0,0,0,0,0,0,0
insular,1,insular=1,0,0,0,0,1,0,0,0
insult,1,insulting=1,0,0,1,0,0,0,0,0
intangible,1,intangible=1,0,0,0,0,1,0,0,0
intarcia,1,intarcia=1,0,1,0,0,0,0,0,0
intelligently,1,intelligently=1,0,0,0,0,0,1,0,0
intensified,1,intensified=1,0,0,0,0,1,0,0,0
inter,1,inter=1,0,1,0,0,0,0,0,0
interactions,1,interactions=1,0,1,0,0,0,0,0,0
interactivity,1,interactivity=1,1,0,0,0,0,0,0,0
intercellularly,1,intercellularly=1,0,0,0,0,0,1,0,0
interchangeability,1,interchangeability=1,1,0,0,0,0,0,0,0
intercollegiate,1,intercollegiate=1,0,0,0,0,1,0,0,0
intercommunity,1,intercommunity=1,1,0,0,0,0,0,0,0
interconnecting,1,interconnecting=1,1,0,0,0,0,0,0,0
interconnectivity,1,interconnectivity=1,1,0,0,0,0,0,0,0
intercropping,1,intercropping=1,1,0,0,0,0,0,0,0
intercultural,1,intercultural=1,0,0,0,0,1,0,0,0
interfamilial,1,interfamilial=1,0,0,0,0,1,0,0,0
interfering,1,interfering=1,0,1,0,0,0,0,0,0
intergovernmental,1,intergovernmental=1,0,1,0,0,0,0,0,0
interlace,1,interlacing=1,0,0,1,0,0,0,0,0
interlibrary,1,interlibrary=1,0,0,0,0,1,0,0,0
interlinked,1,interlinked=1,0,0,0,0,1,0,0,0
interloan,1,interloan=1,0,1,0,0,0,0,0,0
interlude,1,interlude=1,1,0,0,0,0,0,0,0
intermediary,1,intermediary=1,0,0,0,0,1,0,0,0
intermix,1,intermix=1,1,0,0,0,0,0,0,0
internalize,1,internalize=1,0,0,1,0,0,0,0,0
internaltime,1,internaltiming=1,0,0,1,0,0,0,0,0
interns,1,interns=1,0,1,0,0,0,0,0,0
interpretable,1,interpretable=1,0,0,0,0,1,0,0,0
interpretations,1,interpretations=1,0,1,0,0,0,0,0,0
interpretative,1,interpretative=1,0,0,0,0,1,0,0,0
interpreters,1,interpreters=1,0,1,0,0,0,0,0,0
interrelationship,1,interrelationships=1,1,0,0,0,0,0,0,0
interrupting,1,interrupting=1,1,0,0,0,0,0,0,0
intersite,1,intersite=1,1,0,0,0,0,0,0,0
interspecific,1,interspecific=1,0,1,0,0,0,0,0,0
interstice,1,interstices=1,1,0,0,0,0,0,0,0
interviewing,1,interviewing=1,1,0,0,0,0,0,0,0
interviews,1,interviews=1,0,1,0,0,0,0,0,0
interweave,1,interwoven=1,0,0,1,0,0,0,0,0
intolerable,1,intolerable=1,0,0,0,0,1,0,0,0
intraspecific,1,intraspecific=1,1,0,0,0,0,0,0,0
intrigued,1,intrigued=1,0,0,0,0,1,0,0,0
intrinsically,1,intrinsically=1,0,0,0,0,0,1,0,0
introducedin,1,introducedin=1,0,0,0,0,1,0,0,0
introducing,1,introducing=1,0,1,0,0,0,0,0,0
introductive,1,introductive=1,0,0,0,0,1,0,0,0
intuit,1,intuited=1,0,0,1,0,0,0,0,0
inturn,1,inturn=1,1,0,0,0,0,0,0,0
inundate,1,inundated=1,0,0,1,0,0,0,0,0
invalid,1,invalid=1,0,0,0,0,1,0,0,0
invariable,1,invariable=1,0,0,0,0,1,0,0,0
invariant,1,invariant=1,0,0,0,0,1,0,0,0
invasions,1,invasions=1,0,1,0,0,0,0,0,0
inventions,1,inventions=1,0,1,0,0,0,0,0,0
invert,1,inverted=1,0,0,1,0,0,0,0,0
invigorate,1,invigorated=1,0,0,1,0,0,0,0,0
invoice,1,invoices=1,1,0,0,0,0,0,0,0
io,1,io=1,0,1,0,0,0,0,0,0
ionia,1,ionia=1,0,1,0,0,0,0,0,0
ionized,1,ionized=1,0,0,0,0,1,0,0,0
iowa,1,iowa=1,0,1,0,0,0,0,0,0
ipcc,1,ipcc=1,1,0,0,0,0,0,0,0
irene,1,irene=1,0,1,0,0,0,0,0,0
ironmaker,1,ironmakers=1,1,0,0,0,0,0,0,0
ironmaster,1,ironmaster=1,1,0,0,0,0,0,0,0
ironworke,1,ironworking=1,0,0,1,0,0,0,0,0
ironworking,1,ironworking=1,1,0,0,0,0,0,0,0
irrationality,1,irrationality=1,1,0,0,0,0,0,0,0
irrefutable,1,irrefutable=1,0,0,0,0,1,0,0,0
irregularities,1,irregularities=1,0,1,0,0,0,0,0,0
irreplaceable,1,irreplaceable=1,0,0,0,0,1,0,0,0
irrespective,1,irrespective=1,0,0,0,0,0,1,0,0
irresponsibly,1,irresponsibly=1,0,0,0,0,0,1,0,0
irreversibly,1,irreversibly=1,0,0,0,0,0,1,0,0
irrevocably,1,irrevocably=1,0,0,0,0,0,1,0,0
irrigating,1,irrigating=1,1,0,0,0,0,0,0,0
irritable,1,irritable=1,0,0,0,0,1,0,0,0
irritant,1,irritant=1,0,0,0,0,1,0,0,0
irène,1,irène=1,0,1,0,0,0,0,0,0
isa,1,isa=1,0,1,0,0,0,0,0,0
ish,1,ish=1,1,0,0,0,0,0,0,0
isotopic,1,isotopic=1,0,0,0,0,1,0,0,0
issues,1,issues=1,0,1,0,0,0,0,0,0
istanbul,1,istanbul=1,0,1,0,0,0,0,0,0
italians,1,italians=1,0,1,0,0,0,0,0,0
itchy,1,itchy=1,1,0,0,0,0,0,0,0
items,1,items=1,0,1,0,0,0,0,0,0
iteru,1,iteru=1,0,1,0,0,0,0,0,0
ived,1,ived=1,0,0,0,0,1,0,0,0
ix,1,ix=1,0,1,0,0,0,0,0,0
iʻa,1,iʻa=1,0,1,0,0,0,0,0,0
j,1,j=1,0,1,0,0,0,0,0,0
jab,1,jabbing=1,0,0,1,0,0,0,0,0
jabbing,1,jabbing=1,0,1,0,0,0,0,0,0
jackal,1,jackal=1,1,0,0,0,0,0,0,0
jackrabbit,1,jackrabbit=1,1,0,0,0,0,0,0,0
jacqueline,1,jacqueline=1,0,1,0,0,0,0,0,0
jamal,1,jamal=1,0,1,0,0,0,0,0,0
janice,1,janice=1,0,1,0,0,0,0,0,0
jannet,1,jannet=1,0,1,0,0,0,0,0,0
jansen,1,jansen=1,0,1,0,0,0,0,0,0
janson,1,janson=1,0,1,0,0,0,0,0,0
japonica,1,japonica=1,0,1,0,0,0,0,0,0
java,1,java=1,0,1,0,0,0,0,0,0
javel,1,javel=1,1,0,0,0,0,0,0,0
jeanine,1,jeanine=1,0,1,0,0,0,0,0,0
jee,1,jee=1,0,1,0,0,0,0,0,0
jeez,1,jeez=1,0,1,0,0,0,0,0,0
jeffries,1,jeffries=1,0,1,0,0,0,0,0,0
jenna,1,jenna=1,0,1,0,0,0,0,0,0
jenness,1,jenness=1,0,1,0,0,0,0,0,0
jenson,1,jenson=1,0,1,0,0,0,0,0,0
jeremy,1,jeremy=1,1,0,0,0,0,0,0,0
jesko,1,jesko=1,0,1,0,0,0,0,0,0
jesuit,1,jesuit=1,0,1,0,0,0,0,0,0
jewelers,1,jewelers=1,0,1,0,0,0,0,0,0
jewelweed,1,jewelweed=1,0,1,0,0,0,0,0,0
jews,1,jews=1,0,1,0,0,0,0,0,0
jmt,1,jmt=1,0,1,0,0,0,0,0,0
joachim,1,joachim=1,0,1,0,0,0,0,0,0
joanna,1,joanna=1,0,1,0,0,0,0,0,0
jobperformance,1,jobperformance=1,1,0,0,0,0,0,0,0
joel,1,joel=1,0,1,0,0,0,0,0,0
johanne,1,johannes=1,1,0,0,0,0,0,0,0
johns,1,johns=1,0,1,0,0,0,0,0,0
jonah,1,jonah=1,0,1,0,0,0,0,0,0
jos,1,jos=1,0,1,0,0,0,0,0,0
jose,1,jose=1,0,1,0,0,0,0,0,0
josep,1,josep=1,0,1,0,0,0,0,0,0
joshi,1,joshi=1,0,1,0,0,0,0,0,0
joshua,1,joshua=1,0,1,0,0,0,0,0,0
josias,1,josias=1,0,1,0,0,0,0,0,0
journale,1,journaling=1,0,0,1,0,0,0,0,0
joust,1,joust=1,0,0,1,0,0,0,0,0
joya,1,joya=1,0,1,0,0,0,0,0,0
ju,1,ju=1,0,1,0,0,0,0,0,0
judicial,1,judicial=1,0,0,0,0,1,0,0,0
judith,1,judith=1,0,1,0,0,0,0,0,0
judy,1,judy=1,0,1,0,0,0,0,0,0
jug,1,jug=1,1,0,0,0,0,0,0,0
juggling,1,juggling=1,0,0,0,0,1,0,0,0
juke,1,juke=1,0,1,0,0,0,0,0,0
juliette,1,juliette=1,0,1,0,0,0,0,0,0
jumble,1,jumble=1,1,0,0,0,0,0,0,0
jumbo,1,jumbo=1,0,0,0,0,1,0,0,0
jungte,1,jungte=1,1,0,0,0,0,0,0,0
juniors,1,juniors=1,0,1,0,0,0,0,0,0
justifiably,1,justifiably=1,0,0,0,0,0,1,0,0
justifications,1,justifications=1,0,1,0,0,0,0,0,0
justified,1,justified=1,0,0,0,0,1,0,0,0
jute,1,jutes=1,1,0,0,0,0,0,0,0
jutes,1,jutes=1,0,1,0,0,0,0,0,0
juxtapose,1,juxtaposing=1,0,0,1,0,0,0,0,0
juxtaposed,1,juxtaposed=1,0,0,0,0,1,0,0,0
juxtaposition,1,juxtaposition=1,1,0,0,0,0,0,0,0
kaci,1,kaci=1,0,1,0,0,0,0,0,0
kafka,1,kafka=1,0,1,0,0,0,0,0,0
kaizen,1,kaizen=1,1,0,0,0,0,0,0,0
kalahari,1,kalahari=1,0,1,0,0,0,0,0,0
kang,1,kang=1,0,1,0,0,0,0,0,0
kangaroos,1,kangaroos=1,0,1,0,0,0,0,0,0
kaolin,1,kaolin=1,0,1,0,0,0,0,0,0
karamojong,1,karamojong=1,0,1,0,0,0,0,0,0
karyon,1,karyon=1,0,0,1,0,0,0,0,0
kasparoy,1,kasparoy=1,0,1,0,0,0,0,0,0
kathleen,1,kathleen=1,0,1,0,0,0,0,0,0
kay,1,kay=1,0,1,0,0,0,0,0,0
kazoo,1,kazoo=1,1,0,0,0,0,0,0,0
keeley,1,keeley=1,0,1,0,0,0,0,0,0
keenly,1,keenly=1,0,0,0,0,0,1,0,0
keg,1,keg=1,1,0,0,0,0,0,0,0
keller,1,keller=1,0,1,0,0,0,0,0,0
kells,1,kells=1,0,1,0,0,0,0,0,0
kelsey,1,kelsey=1,0,1,0,0,0,0,0,0
kenel,1,kenels=1,1,0,0,0,0,0,0,0
kenneth,1,kenneth=1,0,1,0,0,0,0,0,0
kent,1,kent=1,0,1,0,0,0,0,0,0
kentucky,1,kentucky=1,0,1,0,0,0,0,0,0
kenyan,1,kenyan=1,0,1,0,0,0,0,0,0
kern,1,kern=1,0,0,1,0,0,0,0,0
kerry,1,kerry=1,0,1,0,0,0,0,0,0
kesha,1,kesha=1,0,1,0,0,0,0,0,0
kestrels,1,kestrels=1,0,1,0,0,0,0,0,0
kettlebell,1,kettlebells=1,1,0,0,0,0,0,0,0
khafre,1,khafre=1,0,1,0,0,0,0,0,0
khnum,1,khnum=1,0,1,0,0,0,0,0,0
khoa,1,khoa=1,0,1,0,0,0,0,0,0
khoisan,1,khoisan=1,0,1,0,0,0,0,0,0
khotan,1,khotan=1,0,1,0,0,0,0,0,0
khufu,1,khufu=1,0,1,0,0,0,0,0,0
kidtrideomicosis,1,kidtrideomicosis=1,1,0,0,0,0,0,0,0
killing,1,killing=1,1,0,0,0,0,0,0,0
kilocalorie,1,kilocalories=1,1,0,0,0,0,0,0,0
kimberly,1,kimberly=1,0,0,0,0,0,1,0,0
kimi,1,kimi=1,0,1,0,0,0,0,0,0
kinesthetic,1,kinesthetic=1,0,0,0,0,1,0,0,0
kingdoms,1,kingdoms=1,0,1,0,0,0,0,0,0
kingly,1,kingly=1,1,0,0,0,0,0,0,0
kinguktuk,1,kinguktuk=1,0,1,0,0,0,0,0,0
kink,1,kinks=1,1,0,0,0,0,0,0,0
kinsbergen,1,kinsbergen=1,0,1,0,0,0,0,0,0
kiosk,1,kiosk=1,1,0,0,0,0,0,0,0
kira,1,kira=1,0,1,0,0,0,0,0,0
kirmin,1,kirmin=1,0,1,0,0,0,0,0,0
kitchens,1,kitchens=1,0,1,0,0,0,0,0,0
kivas,1,kivas=1,0,1,0,0,0,0,0,0
klepto,1,klepto=1,1,0,0,0,0,0,0,0
kllifish,1,kllifish=1,0,0,0,0,1,0,0,0
knap,1,knapping=1,0,0,1,0,0,0,0,0
knipus,1,knipus=1,1,0,0,0,0,0,0,0
knowable,1,knowable=1,0,0,0,0,1,0,0,0
knowhow,1,knowhow=1,1,0,0,0,0,0,0,0
knowing,1,knowing=1,0,1,0,0,0,0,0,0
koch,1,koch=1,0,1,0,0,0,0,0,0
kong,1,kong=1,0,1,0,0,0,0,0,0
koryfi,1,koryfi=1,0,1,0,0,0,0,0,0
kristin,1,kristin=1,0,1,0,0,0,0,0,0
krypton,1,krypton=1,0,1,0,0,0,0,0,0
kuala,1,kuala=1,0,1,0,0,0,0,0,0
kuril,1,kuril=1,0,1,0,0,0,0,0,0
laborers,1,laborers=1,0,1,0,0,0,0,0,0
laboriously,1,laboriously=1,0,0,0,0,0,1,0,0
labour,1,labour=1,1,0,0,0,0,0,0,0
labroom,1,labroom=1,0,1,0,0,0,0,0,0
labs,1,labs=1,0,1,0,0,0,0,0,0
lacking,1,lacking=1,0,0,0,0,1,0,0,0
lackluster,1,lackluster=1,0,0,0,0,1,0,0,0
lagos,1,lagos=1,0,1,0,0,0,0,0,0
lahemaa,1,lahemaa=1,0,1,0,0,0,0,0,0
lakebed,1,lakebeds=1,1,0,0,0,0,0,0,0
laman,1,lamen=1,1,0,0,0,0,0,0,0
lamb,1,lamb=1,0,1,0,0,0,0,0,0
lamplight,1,lamplight=1,1,0,0,0,0,0,0,0
lamppost,1,lampposts=1,1,0,0,0,0,0,0,0
lancashire,1,lancashire=1,0,1,0,0,0,0,0,0
landen,1,landen=1,0,1,0,0,0,0,0,0
landholde,1,landholding=1,0,0,1,0,0,0,0,0
landlocke,1,landlocked=1,0,0,1,0,0,0,0,0
landlordism,1,landlordism=1,1,0,0,0,0,0,0,0
landon,1,landon=1,0,1,0,0,0,0,0,0
landowne,1,landowning=1,0,0,1,0,0,0,0,0
landowning,1,landowning=1,1,0,0,0,0,0,0,0
lang,1,lang=1,0,1,0,0,0,0,0,0
lanka,1,lanka=1,0,1,0,0,0,0,0,0
laos,1,laos=1,0,1,0,0,0,0,0,0
lapanese,1,lapanese=1,0,0,0,0,1,0,0,0
laquerware,1,laquerware=1,1,0,0,0,0,0,0,0
larvea,1,larvea=1,1,0,0,0,0,0,0,0
lass,1,lasses=1,1,0,0,0,0,0,0,0
lateness,1,lateness=1,1,0,0,0,0,0,0,0
latrine,1,latrines=1,1,0,0,0,0,0,0,0
latte,1,lattes=1,1,0,0,0,0,0,0,0
lattice,1,lattices=1,1,0,0,0,0,0,0,0
latvia,1,latvia=1,0,1,0,0,0,0,0,0
laud,1,lauded=1,0,0,1,0,0,0,0,0
laughter,1,laughter=1,1,0,0,0,0,0,0,0
launches,1,launches=1,0,1,0,0,0,0,0,0
laurie,1,laurie=1,0,1,0,0,0,0,0,0
laut,1,laut=1,0,1,0,0,0,0,0,0
laying,1,laying=1,1,0,0,0,0,0,0,0
lcaronycteris,1,lcaronycteris=1,0,1,0,0,0,0,0,0
leading,1,leading=1,0,0,0,0,1,0,0,0
leafing,1,leafing=1,1,0,0,0,0,0,0,0
leafless,1,leafless=1,0,0,0,0,1,0,0,0
leafminers,1,leafminers=1,0,1,0,0,0,0,0,0
leaky,1,leaky=1,0,0,0,0,1,0,0,0
leaping,1,leaping=1,1,0,0,0,0,0,0,0
learns,1,learns=1,0,1,0,0,0,0,0,0
leash,1,leash=1,1,0,0,0,0,0,0,0
leatherstocke,1,leatherstocking=1,0,0,1,0,0,0,0,0
leatherstocking,1,leatherstocking=1,0,1,0,0,0,0,0,0
lebanon,1,lebanon=1,0,1,0,0,0,0,0,0
lecherous,1,lecherous=1,0,0,0,0,1,0,0,0
lector,1,lector=1,0,0,1,0,0,0,0,0
legato,1,legato=1,1,0,0,0,0,0,0,0
leggedness,1,leggedness=1,1,0,0,0,0,0,0,0
legibility,1,legibility=1,1,0,0,0,0,0,0,0
leguminous,1,leguminous=1,0,0,0,0,1,0,0,0
legwork,1,legwork=1,1,0,0,0,0,0,0,0
lehners,1,lehners=1,0,1,0,0,0,0,0,0
leidyi,1,leidyi=1,0,1,0,0,0,0,0,0
lemur,1,lemurs=1,1,0,0,0,0,0,0,0
lena,1,lena=1,0,1,0,0,0,0,0,0
lender,1,lenders=1,1,0,0,0,0,0,0,0
lengthened,1,lengthened=1,0,0,0,0,1,0,0,0
leroy,1,leroy=1,0,1,0,0,0,0,0,0
lesbian,1,lesbian=1,0,0,0,0,1,0,0,0
lessening,1,lessening=1,1,0,0,0,0,0,0,0
lessons,1,lessons=1,0,1,0,0,0,0,0,0
lethargic,1,lethargic=1,0,0,0,0,1,0,0,0
lethargy,1,lethargy=1,1,0,0,0,0,0,0,0
letterform,1,letterforms=1,1,0,0,0,0,0,0,0
levant,1,levant=1,0,1,0,0,0,0,0,0
levees,1,levees=1,0,1,0,0,0,0,0,0
levy,1,levied=1,0,0,1,0,0,0,0,0
ley,1,ley=1,0,1,0,0,0,0,0,0
lf,1,lf=1,0,0,0,0,0,0,0,1
liberally,1,liberally=1,0,0,0,0,0,1,0,0
liberating,1,liberating=1,0,0,0,0,1,0,0,0
libraries,1,libraries=1,0,1,0,0,0,0,0,0
libray,1,libray=1,1,0,0,0,0,0,0,0
lidde,1,lidded=1,0,0,1,0,0,0,0,0
lidless,1,lidless=1,0,0,0,0,1,0,0,0
lifeform,1,lifeforms=1,1,0,0,0,0,0,0,0
lifesaver,1,lifesaver=1,1,0,0,0,0,0,0,0
lifestyles,1,lifestyles=1,0,1,0,0,0,0,0,0
lifeway,1,lifeways=1,1,0,0,0,0,0,0,0
lifting,1,lifting=1,1,0,0,0,0,0,0,0
lighten,1,lighten=1,0,0,1,0,0,0,0,0
lightfast,1,lightfast=1,1,0,0,0,0,0,0,0
lighthearted,1,lighthearted=1,0,1,0,0,0,0,0,0
lighthouses,1,lighthouses=1,0,1,0,0,0,0,0,0
lightlessness,1,lightlessness=1,1,0,0,0,0,0,0,0
lightne,1,lightning=1,0,0,1,0,0,0,0,0
lights,1,lights=1,0,1,0,0,0,0,0,0
likeable,1,likeable=1,0,0,0,0,1,0,0,0
liking,1,liking=1,1,0,0,0,0,0,0,0
lila,1,lila=1,0,1,0,0,0,0,0,0
limbe,1,limbed=1,0,0,1,0,0,0,0,0
limbed,1,limbed=1,0,0,0,0,1,0,0,0
limitations,1,limitations=1,0,1,0,0,0,0,0,0
limitless,1,limitless=1,0,0,0,0,1,0,0,0
limits,1,limits=1,0,1,0,0,0,0,0,0
linden,1,linden=1,0,1,0,0,0,0,0,0
linguistically,1,linguistically=1,0,0,0,0,0,1,0,0
linguists,1,linguists=1,0,1,0,0,0,0,0,0
linking,1,linking=1,1,0,0,0,0,0,0,0
linseed,1,linseed=1,1,0,0,0,0,0,0,0
liquified,1,liquified=1,0,0,0,0,1,0,0,0
lisbon,1,lisbon=1,0,1,0,0,0,0,0,0
lisen,1,lisen=1,1,0,0,0,0,0,0,0
liseten,1,liseten=1,0,1,0,0,0,0,0,0
listenership,1,listenership=1,1,0,0,0,0,0,0,0
lists,1,lists=1,0,1,0,0,0,0,0,0
literarily,1,literarily=1,0,0,0,0,0,1,0,0
lithuania,1,lithuania=1,0,1,0,0,0,0,0,0
litigation,1,litigation=1,1,0,0,0,0,0,0,0
littering,1,littering=1,0,0,0,0,1,0,0,0
littlefield,1,littlefield=1,0,1,0,0,0,0,0,0
liveable,1,liveable=1,0,0,0,0,1,0,0,0
lived,1,lived=1,0,0,0,0,1,0,0,0
liverworts,1,liverworts=1,0,1,0,0,0,0,0,0
livingston,1,livingston=1,0,1,0,0,0,0,0,0
lly,1,lly=1,0,0,0,0,0,1,0,0
lmpact,1,lmpact=1,1,0,0,0,0,0,0,0
lmpressionist,1,lmpressionist=1,0,0,0,0,1,0,0,0
lnuit,1,lnuit=1,1,0,0,0,0,0,0,0
lobbying,1,lobbying=1,1,0,0,0,0,0,0,0
locking,1,locking=1,1,0,0,0,0,0,0,0
lockwood,1,lockwood=1,0,1,0,0,0,0,0,0
lodging,1,lodging=1,1,0,0,0,0,0,0,0
loft,1,loft=1,1,0,0,0,0,0,0,0
lofty,1,lofty=1,0,0,0,0,1,0,0,0
loggers,1,loggers=1,0,1,0,0,0,0,0,0
loko,1,loko=1,0,1,0,0,0,0,0,0
loner,1,loner=1,1,0,0,0,0,0,0,0
lonesome,1,lonesome=1,0,1,0,0,0,0,0,0
longquan,1,longquan=1,0,1,0,0,0,0,0,0
looting,1,looting=1,1,0,0,0,0,0,0,0
lopsided,1,lopsided=1,0,0,0,0,1,0,0,0
lords,1,lords=1,0,1,0,0,0,0,0,0
lothal,1,lothal=1,0,1,0,0,0,0,0,0
lothar,1,lothar=1,0,1,0,0,0,0,0,0
loudness,1,loudness=1,1,0,0,0,0,0,0,0
louisa,1,louisa=1,0,1,0,0,0,0,0,0
louver,1,louvers=1,1,0,0,0,0,0,0,0
louvre,1,louvre=1,0,1,0,0,0,0,0,0
loving,1,loving=1,1,0,0,0,0,0,0,0
lowering,1,lowering=1,1,0,0,0,0,0,0,0
lowest,1,lowest=1,0,0,0,0,0,1,0,0
lowly,1,lowly=1,0,0,0,0,1,0,0,0
lowness,1,lowness=1,1,0,0,0,0,0,0,0
lrag,1,lrag=1,0,0,0,0,1,0,0,0
lran,1,lran=1,0,1,0,0,0,0,0,0
lttle,1,lttle=1,0,0,0,0,1,0,0,0
lua,1,lua=1,0,1,0,0,0,0,0,0
luc,1,luc=1,0,1,0,0,0,0,0,0
lucie,1,lucie=1,0,1,0,0,0,0,0,0
ludwig,1,ludwig=1,0,1,0,0,0,0,0,0
luke,1,luke=1,0,1,0,0,0,0,0,0
lukewarm,1,lukewarm=1,0,0,0,0,1,0,0,0
luminesce,1,luminescing=1,0,0,1,0,0,0,0,0
luminescent,1,luminescent=1,1,0,0,0,0,0,0,0
lumpur,1,lumpur=1,0,1,0,0,0,0,0,0
lumpy,1,lumpy=1,0,0,0,0,1,0,0,0
lungs,1,lungs=1,0,1,0,0,0,0,0,0
lurk,1,lurk=1,1,0,0,0,0,0,0,0
luster,1,luster=1,1,0,0,0,0,0,0,0
luther,1,luther=1,0,1,0,0,0,0,0,0
luxur,1,luxur=1,1,0,0,0,0,0,0,0
luxuriousness,1,luxuriousness=1,0,0,0,0,1,0,0,0
lydia,1,lydia=1,0,1,0,0,0,0,0,0
lydian,1,lydian=1,0,0,0,0,1,0,0,0
lyel,1,lyel=1,0,1,0,0,0,0,0,0
lyman,1,lyman=1,0,1,0,0,0,0,0,0
lyons,1,lyons=1,0,1,0,0,0,0,0,0
lyrics,1,lyrics=1,0,1,0,0,0,0,0,0
lysol,1,lysol=1,0,1,0,0,0,0,0,0
maal,1,maal=1,1,0,0,0,0,0,0,0
macassans,1,macassans=1,0,1,0,0,0,0,0,0
macca,1,macca=1,1,0,0,0,0,0,0,0
mace,1,mace=1,1,0,0,0,0,0,0,0
mache,1,mache=1,1,0,0,0,0,0,0,0
machines,1,machines=1,0,1,0,0,0,0,0,0
madder,1,madder=1,1,0,0,0,0,0,0,0
maddow,1,maddow=1,0,1,0,0,0,0,0,0
made,1,made=1,1,0,0,0,0,0,0,0
magelan,1,magelan=1,0,1,0,0,0,0,0,0
maggie,1,maggie=1,0,1,0,0,0,0,0,0
magically,1,magically=1,0,0,0,0,0,1,0,0
magician,1,magician=1,1,0,0,0,0,0,0,0
magnetically,1,magnetically=1,0,0,0,0,0,1,0,0
mahale,1,mahale=1,0,1,0,0,0,0,0,0
maiden,1,maiden=1,1,0,0,0,0,0,0,0
mailroom,1,mailroom=1,1,0,0,0,0,0,0,0
mainstay,1,mainstays=1,1,0,0,0,0,0,0,0
maint,1,maint=1,1,0,0,0,0,0,0,0
majoring,1,majoring=1,1,0,0,0,0,0,0,0
majors,1,majors=1,0,1,0,0,0,0,0,0
makeshift,1,makeshift=1,0,0,0,0,1,0,0,0
maley,1,maley=1,0,1,0,0,0,0,0,0
mali,1,mali=1,0,1,0,0,0,0,0,0
malicious,1,malicious=1,0,0,0,0,1,0,0,0
malign,1,maligned=1,0,0,1,0,0,0,0,0
mallaha,1,mallaha=1,0,1,0,0,0,0,0,0
mallefoul,1,mallefoul=1,1,0,0,0,0,0,0,0
mallephone,1,mallephone=1,1,0,0,0,0,0,0,0
mama,1,mama=1,0,0,0,0,1,0,0,0
mamet,1,mamet=1,0,1,0,0,0,0,0,0
mammoths,1,mammoths=1,0,1,0,0,0,0,0,0
manageably,1,manageably=1,0,0,0,0,0,1,0,0
manatees,1,manatees=1,0,1,0,0,0,0,0,0
mancetter,1,mancetter=1,0,1,0,0,0,0,0,0
mandrill,1,mandrill=1,1,0,0,0,0,0,0,0
mandé,1,mandé=1,0,1,0,0,0,0,0,0
mangales,1,mangales=1,0,1,0,0,0,0,0,0
mania,1,mania=1,1,0,0,0,0,0,0,0
manifesto,1,manifesto=1,1,0,0,0,0,0,0,0
manifold,1,manifold=1,0,0,0,0,1,0,0,0
manioc,1,manioc=1,0,0,0,0,1,0,0,0
manipulating,1,manipulating=1,0,1,0,0,0,0,0,0
manipulative,1,manipulative=1,0,0,0,0,1,0,0,0
manned,1,manned=1,0,0,0,0,1,0,0,0
manpower,1,manpower=1,1,0,0,0,0,0,0,0
mansa,1,mansa=1,0,1,0,0,0,0,0,0
mantegna,1,mantegna=1,0,1,0,0,0,0,0,0
mapmakers,1,mapmakers=1,0,1,0,0,0,0,0,0
maps,1,maps=1,0,1,0,0,0,0,0,0
marc,1,marc=1,0,1,0,0,0,0,0,0
marco,1,marco=1,0,1,0,0,0,0,0,0
marga,1,marga=1,1,0,0,0,0,0,0,0
marginalized,1,marginalized=1,0,0,0,0,1,0,0,0
marguerite,1,marguerite=1,0,0,0,0,1,0,0,0
marian,1,marian=1,0,1,0,0,0,0,0,0
mariana,1,mariana=1,0,1,0,0,0,0,0,0
markham,1,markham=1,0,1,0,0,0,0,0,0
marks,1,marks=1,0,1,0,0,0,0,0,0
marquess,1,marquess=1,0,1,0,0,0,0,0,0
marric,1,marric=1,0,1,0,0,0,0,0,0
marsuwial,1,marsuwials=1,1,0,0,0,0,0,0,0
marta,1,marta=1,0,1,0,0,0,0,0,0
martina,1,martina=1,0,1,0,0,0,0,0,0
marxist,1,marxist=1,0,1,0,0,0,0,0,0
mas,1,mas=1,1,0,0,0,0,0,0,0
maska,1,maska=1,0,1,0,0,0,0,0,0
mason,1,masons=1,1,0,0,0,0,0,0,0
masque,1,masque=1,0,1,0,0,0,0,0,0
massalia,1,massalia=1,0,1,0,0,0,0,0,0
masses,1,masses=1,0,1,0,0,0,0,0,0
massively,1,massively=1,0,0,0,0,0,1,0,0
massiveness,1,massiveness=1,1,0,0,0,0,0,0,0
masted,1,masted=1,0,0,0,0,1,0,0,0
masterfully,1,masterfully=1,0,0,0,0,0,1,0,0
masterly,1,masterly=1,0,0,0,0,1,0,0,0
masterwork,1,masterworks=1,1,0,0,0,0,0,0,0
matcha,1,matcha=1,0,1,0,0,0,0,0,0
matenial,1,matenials=1,1,0,0,0,0,0,0,0
mateo,1,mateo=1,0,1,0,0,0,0,0,0
mathematically,1,mathematically=1,0,0,0,0,0,1,0,0
mathew,1,mathew=1,0,1,0,0,0,0,0,0
matine,1,matine=1,1,0,0,0,0,0,0,0
matriarch,1,matriarch=1,1,0,0,0,0,0,0,0
matte,1,matte=1,1,0,0,0,0,0,0,0
matthews,1,matthews=1,0,1,0,0,0,0,0,0
mattress,1,mattresses=1,1,0,0,0,0,0,0,0
mauritania,1,mauritania=1,0,1,0,0,0,0,0,0
mauss,1,mauss=1,0,1,0,0,0,0,0,0
maven,1,maven=1,0,1,0,0,0,0,0,0
maximumly,1,maximumly=1,0,0,0,0,0,1,0,0
mayanist,1,mayanist=1,0,1,0,0,0,0,0,0
maynard,1,maynard=1,0,1,0,0,0,0,0,0
mc,1,mc=1,0,1,0,0,0,0,0,0
mccaw,1,mccaws=1,1,0,0,0,0,0,0,0
mcclintock,1,mcclintock=1,0,1,0,0,0,0,0,0
mcdonald,1,mcdonald=1,0,1,0,0,0,0,0,0
mcpherson,1,mcpherson=1,0,1,0,0,0,0,0,0
me,1,med=1,0,0,1,0,0,0,0,0
meals,1,meals=1,0,1,0,0,0,0,0,0
mealtime,1,mealtime=1,1,0,0,0,0,0,0,0
meand,1,meander=1,0,0,0,0,1,0,0,0
meander,1,meandering=1,0,0,1,0,0,0,0,0
meandering,1,meandering=1,1,0,0,0,0,0,0,0
meaner,1,meaner=1,1,0,0,0,0,0,0,0
meaninglessness,1,meaninglessness=1,1,0,0,0,0,0,0,0
measured,1,measured=1,0,0,0,0,1,0,0,0
measures,1,measures=1,0,1,0,0,0,0,0,0
meaty,1,meaty=1,0,1,0,0,0,0,0,0
mechanisms,1,mechanisms=1,0,1,0,0,0,0,0,0
mechanizing,1,mechanizing=1,1,0,0,0,0,0,0,0
medial,1,medial=1,0,0,0,0,1,0,0,0
medically,1,medically=1,0,0,0,0,0,1,0,0
medicin,1,medicin=1,0,1,0,0,0,0,0,0
medieyal,1,medieyal=1,0,0,0,0,1,0,0,0
mediocrity,1,mediocrity=1,1,0,0,0,0,0,0,0
mediterrancan,1,mediterrancan=1,0,1,0,0,0,0,0,0
meek,1,meek=1,0,1,0,0,0,0,0,0
meerkat,1,meerkats=1,1,0,0,0,0,0,0,0
meetings,1,meetings=1,0,1,0,0,0,0,0,0
meetup,1,meetup=1,1,0,0,0,0,0,0,0
mega,1,mega=1,0,0,0,0,1,0,0,0
megafuana,1,megafuana=1,0,0,0,0,1,0,0,0
mehitable,1,mehitable=1,0,1,0,0,0,0,0,0
mei,1,mei=1,0,1,0,0,0,0,0,0
melancholic,1,melancholic=1,0,0,0,0,1,0,0,0
melancholy,1,melancholy=1,0,0,0,0,1,0,0,0
melanesia,1,melanesia=1,0,1,0,0,0,0,0,0
mellow,1,mellow=1,0,0,0,0,1,0,0,0
melon,1,melons=1,1,0,0,0,0,0,0,0
meltdown,1,meltdown=1,1,0,0,0,0,0,0,0
melted,1,melted=1,0,0,0,0,1,0,0,0
meltwater,1,meltwater=1,1,0,0,0,0,0,0,0
melvin,1,melvin=1,0,1,0,0,0,0,0,0
memoirs,1,memoirs=1,0,1,0,0,0,0,0,0
memorialize,1,memorialize=1,0,0,1,0,0,0,0,0
memorized,1,memorized=1,0,0,0,0,1,0,0,0
memorizing,1,memorizing=1,0,1,0,0,0,0,0,0
memphis,1,memphis=1,0,1,0,0,0,0,0,0
menagerie,1,menagerie=1,1,0,0,0,0,0,0,0
mend,1,mending=1,0,0,1,0,0,0,0,0
mendoza,1,mendoza=1,0,1,0,0,0,0,0,0
menkaure,1,menkaure=1,1,0,0,0,0,0,0,0
mentors,1,mentors=1,0,1,0,0,0,0,0,0
menz,1,menz=1,0,1,0,0,0,0,0,0
merger,1,merger=1,1,0,0,0,0,0,0,0
merial,1,merials=1,1,0,0,0,0,0,0,0
meritocracy,1,meritocracy=1,1,0,0,0,0,0,0,0
meroite,1,meroites=1,1,0,0,0,0,0,0,0
meroěand,1,meroěand=1,0,1,0,0,0,0,0,0
meroěas,1,meroěas=1,0,1,0,0,0,0,0,0
meso,1,meso=1,0,0,0,0,1,0,0,0
mesoamenica,1,mesoamenica=1,0,1,0,0,0,0,0,0
mesocosms,1,mesocosms=1,0,1,0,0,0,0,0,0
mesopotam,1,mesopotam=1,0,1,0,0,0,0,0,0
messaging,1,messaging=1,1,0,0,0,0,0,0,0
messina,1,messina=1,0,1,0,0,0,0,0,0
messner,1,messner=1,0,1,0,0,0,0,0,0
metabolize,1,metabolize=1,0,0,1,0,0,0,0,0
metalling,1,metalling=1,1,0,0,0,0,0,0,0
metallurgical,1,metallurgical=1,0,0,0,0,1,0,0,0
metals,1,metals=1,0,1,0,0,0,0,0,0
metalworkers,1,metalworkers=1,0,1,0,0,0,0,0,0
metaphilosophical,1,metaphilosophical=1,0,0,0,0,1,0,0,0
methanogens,1,methanogens=1,0,1,0,0,0,0,0,0
methodically,1,methodically=1,0,0,0,0,0,1,0,0
methodologies,1,methodologies=1,0,1,0,0,0,0,0,0
methylmercury,1,methylmercury=1,1,0,0,0,0,0,0,0
metropolis,1,metropolis=1,1,0,0,0,0,0,0,0
mgm,1,mgm=1,0,0,0,0,1,0,0,0
mi,1,mi=1,1,0,0,0,0,0,0,0
miami,1,miami=1,0,1,0,0,0,0,0,0
mice,1,mice=1,0,0,1,0,0,0,0,0
micheal,1,micheal=1,1,0,0,0,0,0,0,0
mick,1,mick=1,0,1,0,0,0,0,0,0
microfiber,1,microfibers=1,1,0,0,0,0,0,0,0
micronesia,1,micronesia=1,0,1,0,0,0,0,0,0
microplastics,1,microplastics=1,0,1,0,0,0,0,0,0
microradioactivity,1,microradioactivity=1,1,0,0,0,0,0,0,0
microsecond,1,microseconds=1,1,0,0,0,0,0,0,0
microseisms,1,microseisms=1,0,1,0,0,0,0,0,0
microwear,1,microwear=1,1,0,0,0,0,0,0,0
midair,1,midair=1,1,0,0,0,0,0,0,0
middleman,1,middleman=1,1,0,0,0,0,0,0,0
middlemarch,1,middlemarch=1,0,1,0,0,0,0,0,0
midoceanic,1,midoceanic=1,0,0,0,0,1,0,0,0
midsummer,1,midsummer=1,1,0,0,0,0,0,0,0
midwestem,1,midwestem=1,1,0,0,0,0,0,0,0
midwinter,1,midwinter=1,1,0,0,0,0,0,0,0
mightiest,1,mightiest=1,1,0,0,0,0,0,0,0
migrations,1,migrations=1,0,1,0,0,0,0,0,0
mii,1,mii=1,1,0,0,0,0,0,0,0
milano,1,milano=1,0,1,0,0,0,0,0,0
militarily,1,militarily=1,0,0,0,0,0,1,0,0
militia,1,militia=1,1,0,0,0,0,0,0,0
millefleur,1,millefleurs=1,1,0,0,0,0,0,0,0
millionaire,1,millionaires=1,1,0,0,0,0,0,0,0
millions,1,millions=1,0,1,0,0,0,0,0,0
millionth,1,millionth=1,1,0,0,0,0,0,0,0
mills,1,mills=1,0,1,0,0,0,0,0,0
milpa,1,milpa=1,0,1,0,0,0,0,0,0
milwaukee,1,milwaukee=1,0,1,0,0,0,0,0,0
mimicked,1,mimicked=1,0,0,0,0,1,0,0,0
mimicking,1,mimicking=1,1,0,0,0,0,0,0,0
mimosas,1,mimosas=1,0,1,0,0,0,0,0,0
mindfulness,1,mindfulness=1,0,0,0,0,1,0,0,0
mineralize,1,mineralized=1,0,0,1,0,0,0,0,0
minerallexplorer,1,minerallexplorers=1,1,0,0,0,0,0,0,0
miniserie,1,miniseries=1,1,0,0,0,0,0,0,0
minister,1,minister=1,1,0,0,0,0,0,0,0
minnesota,1,minnesota=1,0,1,0,0,0,0,0,0
mint,1,mints=1,1,0,0,0,0,0,0,0
miocine,1,miocine=1,0,1,0,0,0,0,0,0
misapply,1,misapplied=1,0,0,1,0,0,0,0,0
misbehave,1,misbehave=1,0,0,1,0,0,0,0,0
misbehavior,1,misbehavior=1,1,0,0,0,0,0,0,0
miscalculation,1,miscalculation=1,1,0,0,0,0,0,0,0
misclassification,1,misclassifications=1,1,0,0,0,0,0,0,0
misclassify,1,misclassify=1,0,0,1,0,0,0,0,0
misconceptions,1,misconceptions=1,0,1,0,0,0,0,0,0
misdirect,1,misdirecting=1,0,0,1,0,0,0,0,0
miserly,1,miserly=1,0,0,0,0,0,1,0,0
misfortune,1,misfortune=1,1,0,0,0,0,0,0,0
misjudge,1,misjudging=1,0,0,1,0,0,0,0,0
mislabele,1,mislabeled=1,0,0,1,0,0,0,0,0
misnomer,1,misnomer=1,1,0,0,0,0,0,0,0
misperception,1,misperception=1,1,0,0,0,0,0,0,0
misreading,1,misreading=1,1,0,0,0,0,0,0,0
misrepresent,1,misrepresents=1,0,0,1,0,0,0,0,0
misrepresented,1,misrepresented=1,0,0,0,0,1,0,0,0
misshapen,1,misshapen=1,0,0,0,0,1,0,0,0
mistook,1,mistook=1,1,0,0,0,0,0,0,0
mistranslate,1,mistranslated=1,0,0,1,0,0,0,0,0
mistress,1,mistress=1,1,0,0,0,0,0,0,0
mitchell,1,mitchell=1,0,1,0,0,0,0,0,0
mitigation,1,mitigation=1,1,0,0,0,0,0,0,0
mitochondrion,1,mitochondrion=1,1,0,0,0,0,0,0,0
mitten,1,mitten=1,1,0,0,0,0,0,0,0
miximatch,1,miximatch=1,1,0,0,0,0,0,0,0
mnemiopsis,1,mnemiopsis=1,0,1,0,0,0,0,0,0
mnemonic,1,mnemonic=1,0,0,0,0,1,0,0,0
mo,1,mo=1,0,1,0,0,0,0,0,0
moai,1,moai=1,1,0,0,0,0,0,0,0
mob,1,mob=1,1,0,0,0,0,0,0,0
mocha,1,mocha=1,1,0,0,0,0,0,0,0
mocking,1,mocking=1,1,0,0,0,0,0,0,0
modality,1,modalities=1,1,0,0,0,0,0,0,0
models,1,models=1,0,1,0,0,0,0,0,0
moderation,1,moderation=1,1,0,0,0,0,0,0,0
moderator,1,moderator=1,0,1,0,0,0,0,0,0
modernized,1,modernized=1,0,0,0,0,1,0,0,0
modestly,1,modestly=1,0,0,0,0,0,1,0,0
modifie,1,modifies=1,1,0,0,0,0,0,0,0
modified,1,modified=1,0,1,0,0,0,0,0,0
modulator,1,modulator=1,0,1,0,0,0,0,0,0
mohican,1,mohican=1,0,1,0,0,0,0,0,0
moistening,1,moistening=1,1,0,0,0,0,0,0,0
molar,1,molars=1,1,0,0,0,0,0,0,0
moldboard,1,moldboards=1,1,0,0,0,0,0,0,0
molds,1,molds=1,0,1,0,0,0,0,0,0
molnar,1,molnar=1,0,1,0,0,0,0,0,0
molton,1,molton=1,1,0,0,0,0,0,0,0
momentarily,1,momentarily=1,0,0,0,0,0,1,0,0
monarchy,1,monarchy=1,1,0,0,0,0,0,0,0
mondragén,1,mondragén=1,0,1,0,0,0,0,0,0
mongolian,1,mongolian=1,0,0,0,0,1,0,0,0
monkeys,1,monkeys=1,0,1,0,0,0,0,0,0
monkeysand,1,monkeysand=1,1,0,0,0,0,0,0,0
monocultural,1,monocultural=1,0,0,0,0,1,0,0,0
monograph,1,monograph=1,1,0,0,0,0,0,0,0
monomyth,1,monomyth=1,1,0,0,0,0,0,0,0
monopolize,1,monopolizing=1,0,0,1,0,0,0,0,0
monsoonal,1,monsoonal=1,0,0,0,0,1,0,0,0
montefeltro,1,montefeltro=1,1,0,0,0,0,0,0,0
montmarte,1,montmarte=1,0,1,0,0,0,0,0,0
montmartre,1,montmartre=1,0,1,0,0,0,0,0,0
moonless,1,moonless=1,0,0,0,0,1,0,0,0
moonquake,1,moonquakes=1,1,0,0,0,0,0,0,0
mooren,1,mooren=1,0,1,0,0,0,0,0,0
moose,1,moose=1,1,0,0,0,0,0,0,0
morales,1,morales=1,0,1,0,0,0,0,0,0
morbid,1,morbid=1,0,0,0,0,1,0,0,0
mori,1,mori=1,1,0,0,0,0,0,0,0
morisot,1,morisot=1,0,1,0,0,0,0,0,0
morran,1,morran=1,0,1,0,0,0,0,0,0
morris,1,morris=1,0,1,0,0,0,0,0,0
morrison,1,morrison=1,0,1,0,0,0,0,0,0
morton,1,morton=1,0,1,0,0,0,0,0,0
mortuary,1,mortuary=1,1,0,0,0,0,0,0,0
moscow,1,moscow=1,0,1,0,0,0,0,0,0
mosquitoes,1,mosquitoes=1,0,1,0,0,0,0,0,0
mothering,1,mothering=1,1,0,0,0,0,0,0,0
motivating,1,motivating=1,1,0,0,0,0,0,0,0
motivator,1,motivators=1,1,0,0,0,0,0,0,0
mould,1,mould=1,1,0,0,0,0,0,0,0
mourn,1,mourning=1,0,0,1,0,0,0,0,0
mouthpiece,1,mouthpiece=1,1,0,0,0,0,0,0,0
movements,1,movements=1,0,1,0,0,0,0,0,0
moviegoe,1,moviegoing=1,0,0,1,0,0,0,0,0
moviegoer,1,moviegoers=1,1,0,0,0,0,0,0,0
movies,1,movies=1,0,1,0,0,0,0,0,0
mozzarella,1,mozzarella=1,1,0,0,0,0,0,0,0
mp,1,mp=1,0,1,0,0,0,0,0,0
mployee,1,mployee=1,0,0,0,0,0,1,0,0
mr,1,mr=1,0,1,0,0,0,0,0,0
mucous,1,mucous=1,0,0,0,0,1,0,0,0
mudbank,1,mudbank=1,1,0,0,0,0,0,0,0
mudflat,1,mudflats=1,1,0,0,0,0,0,0,0
muffin,1,muffin=1,1,0,0,0,0,0,0,0
muir,1,muir=1,0,1,0,0,0,0,0,0
mulch,1,mulching=1,0,0,1,0,0,0,0,0
mulching,1,mulching=1,1,0,0,0,0,0,0,0
mull,1,mulled=1,0,0,1,0,0,0,0,0
multiblock,1,multiblock=1,0,1,0,0,0,0,0,0
multicolored,1,multicolored=1,0,0,0,0,1,0,0,0
multicroppe,1,multicropping=1,0,0,1,0,0,0,0,0
multifunctional,1,multifunctional=1,0,0,0,0,1,0,0,0
multimedia,1,multimedia=1,1,0,0,0,0,0,0,0
multiplicity,1,multiplicity=1,1,0,0,0,0,0,0,0
multiplying,1,multiplying=1,1,0,0,0,0,0,0,0
multistory,1,multistory=1,0,0,0,0,1,0,0,0
mumbling,1,mumbling=1,1,0,0,0,0,0,0,0
mummified,1,mummified=1,0,1,0,0,0,0,0,0
mummify,1,mummified=1,0,0,1,0,0,0,0,0
munich,1,munich=1,0,1,0,0,0,0,0,0
municipal,1,municipal=1,0,0,0,0,1,0,0,0
municipality,1,municipalities=1,1,0,0,0,0,0,0,0
munition,1,munitions=1,1,0,0,0,0,0,0,0
murano,1,murano=1,0,1,0,0,0,0,0,0
murex,1,murex=1,0,1,0,0,0,0,0,0
muscles,1,muscles=1,0,1,0,0,0,0,0,0
musgrove,1,musgrove=1,0,1,0,0,0,0,0,0
musicality,1,musicality=1,1,0,0,0,0,0,0,0
musically,1,musically=1,0,0,0,0,0,1,0,0
muslims,1,muslims=1,0,1,0,0,0,0,0,0
mustangs,1,mustangs=1,0,1,0,0,0,0,0,0
musée,1,musée=1,0,1,0,0,0,0,0,0
mutabilis,1,mutabilis=1,0,1,0,0,0,0,0,0
muted,1,muted=1,0,1,0,0,0,0,0,0
mutter,1,muttering=1,0,0,1,0,0,0,0,0
mutualist,1,mutualists=1,1,0,0,0,0,0,0,0
muzzle,1,muzzles=1,1,0,0,0,0,0,0,0
mwf,1,mwf=1,0,1,0,0,0,0,0,0
mya,1,mya=1,1,0,0,0,0,0,0,0
mycelia,1,mycelia=1,0,1,0,0,0,0,0,0
mykonos,1,mykonos=1,0,1,0,0,0,0,0,0
myopia,1,myopia=1,1,0,0,0,0,0,0,0
mysteriously,1,mysteriously=1,0,0,0,0,0,1,0,0
mysterypasta,1,mysterypasta=1,0,1,0,0,0,0,0,0
mystify,1,mystified=1,0,0,1,0,0,0,0,0
mystifying,1,mystifying=1,0,0,0,0,1,0,0,0
mythologist,1,mythologist=1,1,0,0,0,0,0,0,0
mérimée,1,mérimée=1,0,1,0,0,0,0,0,0
nabweed,1,nabweed=1,1,0,0,0,0,0,0,0
nadeem,1,nadeem=1,0,1,0,0,0,0,0,0
nair,1,nair=1,0,1,0,0,0,0,0,0
naively,1,naively=1,0,0,0,0,0,1,0,0
naming,1,naming=1,0,0,0,0,1,0,0,0
nanodiamonds,1,nanodiamonds=1,0,1,0,0,0,0,0,0
nanoscale,1,nanoscale=1,0,1,0,0,0,0,0,0
naomi,1,naomi=1,0,1,0,0,0,0,0,0
nape,1,nape=1,1,0,0,0,0,0,0,0
naphweed,1,naphweed=1,1,0,0,0,0,0,0,0
narrated,1,narrated=1,0,0,0,0,1,0,0,0
narrower,1,narrower=1,0,0,0,0,0,1,0,0
narrowing,1,narrowing=1,0,0,0,0,1,0,0,0
nascent,1,nascent=1,0,0,0,0,1,0,0,0
nasco,1,nasco=1,0,1,0,0,0,0,0,0
nash,1,nash=1,0,1,0,0,0,0,0,0
nassau,1,nassau=1,0,1,0,0,0,0,0,0
nathaniel,1,nathaniel=1,0,1,0,0,0,0,0,0
natively,1,natively=1,0,0,0,0,0,1,0,0
naturalness,1,naturalness=1,1,0,0,0,0,0,0,0
natured,1,natured=1,0,0,0,0,1,0,0,0
naughty,1,naughty=1,0,0,0,0,1,0,0,0
navacov,1,navacov=1,0,1,0,0,0,0,0,0
navigating,1,navigating=1,1,0,0,0,0,0,0,0
nay,1,nay=1,0,1,0,0,0,0,0,0
neal,1,neal=1,0,1,0,0,0,0,0,0
nearest,1,nearest=1,0,0,0,0,0,0,0,1
nearshore,1,nearshore=1,0,1,0,0,0,0,0,0
neater,1,neater=1,1,0,0,0,0,0,0,0
necessitating,1,necessitating=1,1,0,0,0,0,0,0,0
nectarist,1,nectarist=1,1,0,0,0,0,0,0,0
necteris,1,necteris=1,0,1,0,0,0,0,0,0
needlelike,1,needlelike=1,0,0,0,0,1,0,0,0
needlessly,1,needlessly=1,0,0,0,0,0,1,0,0
neferirkare,1,neferirkare=1,0,1,0,0,0,0,0,0
negligence,1,negligence=1,1,0,0,0,0,0,0,0
negotiating,1,negotiating=1,1,0,0,0,0,0,0,0
neighborhoods,1,neighborhoods=1,0,1,0,0,0,0,0,0
neighbour,1,neighbouring=1,0,0,1,0,0,0,0,0
neocolonialism,1,neocolonialism=1,1,0,0,0,0,0,0,0
neon,1,neon=1,0,1,0,0,0,0,0,0
neoptera,1,neoptera=1,1,0,0,0,0,0,0,0
neopteran,1,neopterans=1,1,0,0,0,0,0,0,0
nepidae,1,nepidae=1,0,1,0,0,0,0,0,0
nero,1,nero=1,0,1,0,0,0,0,0,0
nestle,1,nestled=1,0,0,1,0,0,0,0,0
netherlandish,1,netherlandish=1,0,0,0,0,1,0,0,0
netting,1,netting=1,1,0,0,0,0,0,0,0
nettle,1,nettles=1,1,0,0,0,0,0,0,0
neurobiology,1,neurobiology=1,1,0,0,0,0,0,0,0
neuroimage,1,neuroimaging=1,0,0,1,0,0,0,0,0
neuropsychologist,1,neuropsychologists=1,1,0,0,0,0,0,0,0
neurotoxic,1,neurotoxic=1,0,0,0,0,0,1,0,0
newburg,1,newburg=1,0,1,0,0,0,0,0,0
newness,1,newness=1,1,0,0,0,0,0,0,0
newshour,1,newshour=1,0,1,0,0,0,0,0,0
newspapers,1,newspapers=1,0,1,0,0,0,0,0,0
newsroom,1,newsroom=1,1,0,0,0,0,0,0,0
niaux,1,niaux=1,1,0,0,0,0,0,0,0
nibble,1,nibbling=1,0,0,1,0,0,0,0,0
niccolò,1,niccolò=1,0,1,0,0,0,0,0,0
nicolaus,1,nicolaus=1,0,1,0,0,0,0,0,0
nicéphore,1,nicéphore=1,0,1,0,0,0,0,0,0
nifty,1,nifty=1,0,0,0,0,1,0,0,0
nightlife,1,nightlife=1,1,0,0,0,0,0,0,0
nights,1,nights=1,0,1,0,0,0,0,0,0
nightside,1,nightside=1,0,0,0,0,1,0,0,0
nijinsky,1,nijinsky=1,0,1,0,0,0,0,0,0
nilly,1,nilly=1,0,0,0,0,0,1,0,0
nilometer,1,nilometers=1,1,0,0,0,0,0,0,0
nilometers,1,nilometers=1,0,1,0,0,0,0,0,0
nineteen,1,nineteen=1,0,0,0,0,0,0,0,1
ninurta,1,ninurta=1,0,1,0,0,0,0,0,0
niova,1,niova=1,0,1,0,0,0,0,0,0
nip,1,nip=1,0,0,1,0,0,0,0,0
nixon,1,nixon=1,0,1,0,0,0,0,0,0
nliterature,1,nliterature=1,1,0,0,0,0,0,0,0
noblemen,1,noblemen=1,0,1,0,0,0,0,0,0
nobly,1,nobly=1,0,0,0,0,0,1,0,0
nod,1,nodding=1,0,0,1,0,0,0,0,0
nodule,1,nodules=1,1,0,0,0,0,0,0,0
nok,1,nok=1,0,1,0,0,0,0,0,0
nonacademic,1,nonacademic=1,0,0,0,0,1,0,0,0
nonadditive,1,nonadditive=1,0,0,0,0,1,0,0,0
nonagricultural,1,nonagricultural=1,0,0,0,0,1,0,0,0
nonart,1,nonart=1,0,0,1,0,0,0,0,0
nonbulky,1,nonbulky=1,0,0,0,0,1,0,0,0
noncatch,1,noncatch=1,1,0,0,0,0,0,0,0
nonchemical,1,nonchemical=1,0,0,0,0,1,0,0,0
noncredit,1,noncredit=1,1,0,0,0,0,0,0,0
noneconomic,1,noneconomic=1,0,0,0,0,1,0,0,0
nonessential,1,nonessential=1,0,0,0,0,1,0,0,0
nonfluoridated,1,nonfluoridated=1,0,0,0,0,1,0,0,0
nonflying,1,nonflying=1,0,0,0,0,1,0,0,0
nonglacial,1,nonglacial=1,0,0,0,0,1,0,0,0
nonhierarchical,1,nonhierarchical=1,0,0,0,0,1,0,0,0
nonhunter,1,nonhunter=1,1,0,0,0,0,0,0,0
nonhunting,1,nonhunting=1,1,0,0,0,0,0,0,0
nonliterate,1,nonliterate=1,1,0,0,0,0,0,0,0
nonmember,1,nonmembers=1,1,0,0,0,0,0,0,0
nonmutualistic,1,nonmutualistic=1,0,0,0,0,1,0,0,0
nonnatural,1,nonnatural=1,0,0,0,0,1,0,0,0
nonpaleontologists,1,nonpaleontologists=1,0,1,0,0,0,0,0,0
nonpaternal,1,nonpaternal=1,0,0,0,0,1,0,0,0
nonperishable,1,nonperishable=1,0,0,0,0,1,0,0,0
nonpersonal,1,nonpersonal=1,0,0,0,0,1,0,0,0
nonpollute,1,nonpolluting=1,0,0,1,0,0,0,0,0
nonprimate,1,nonprimates=1,0,0,1,0,0,0,0,0
nonrefundable,1,nonrefundable=1,0,0,0,0,1,0,0,0
nonreligious,1,nonreligious=1,0,0,0,0,1,0,0,0
nonrewarde,1,nonrewarding=1,0,0,1,0,0,0,0,0
nonscheduled,1,nonscheduled=1,0,0,0,0,1,0,0,0
nonscientist,1,nonscientists=1,1,0,0,0,0,0,0,0
nonsense,1,nonsense=1,1,0,0,0,0,0,0,0
nonsensical,1,nonsensical=1,0,0,0,0,1,0,0,0
nonspecialist,1,nonspecialists=1,1,0,0,0,0,0,0,0
nonspinne,1,nonspinning=1,0,0,1,0,0,0,0,0
nonstop,1,nonstop=1,0,0,0,0,0,1,0,0
nontenure,1,nontenured=1,0,0,1,0,0,0,0,0
nontenured,1,nontenured=1,0,0,0,0,1,0,0,0
nontrivial,1,nontrivial=1,1,0,0,0,0,0,0,0
nonurban,1,nonurban=1,0,0,0,0,1,0,0,0
nook,1,nooks=1,1,0,0,0,0,0,0,0
nope,1,nope=1,0,1,0,0,0,0,0,0
norfolk,1,norfolk=1,0,1,0,0,0,0,0,0
norma,1,norma=1,0,1,0,0,0,0,0,0
northamptonshire,1,northamptonshire=1,0,1,0,0,0,0,0,0
northbridge,1,northbridge=1,0,1,0,0,0,0,0,0
northdale,1,northdale=1,0,1,0,0,0,0,0,0
northeastward,1,northeastward=1,1,0,0,0,0,0,0,0
norwich,1,norwich=1,0,1,0,0,0,0,0,0
notch,1,notch=1,1,0,0,0,0,0,0,0
notes,1,notes=1,0,1,0,0,0,0,0,0
notifying,1,notifying=1,1,0,0,0,0,0,0,0
notoriety,1,notoriety=1,1,0,0,0,0,0,0,0
notorious,1,notorious=1,0,0,0,0,1,0,0,0
nottingham,1,nottingham=1,0,1,0,0,0,0,0,0
notwithstanding,1,notwithstanding=1,0,0,0,0,0,0,0,1
nourished,1,nourished=1,0,0,0,0,1,0,0,0
novels,1,novels=1,0,1,0,0,0,0,0,0
novices,1,novices=1,0,1,0,0,0,0,0,0
noway,1,noway=1,0,1,0,0,0,0,0,0
noxious,1,noxious=1,0,0,0,0,1,0,0,0
ns,1,ns=1,1,0,0,0,0,0,0,0
nubia,1,nubia=1,0,1,0,0,0,0,0,0
nucleic,1,nucleic=1,0,0,0,0,1,0,0,0
num,1,num=1,1,0,0,0,0,0,0,0
numbered,1,numbered=1,0,0,0,0,1,0,0,0
numbingly,1,numbingly=1,0,0,0,0,0,1,0,0
numbness,1,numbness=1,1,0,0,0,0,0,0,0
numerically,1,numerically=1,0,0,0,0,0,1,0,0
nun,1,nuns=1,1,0,0,0,0,0,0,0
nunatak,1,nunataks=1,1,0,0,0,0,0,0,0
nutmeg,1,nutmeg=1,1,0,0,0,0,0,0,0
nutria,1,nutria=1,1,0,0,0,0,0,0,0
nutritionist,1,nutritionists=1,1,0,0,0,0,0,0,0
nuts,1,nuts=1,0,0,0,0,1,0,0,0
nutty,1,nutty=1,0,0,0,0,1,0,0,0
oaks,1,oaks=1,0,1,0,0,0,0,0,0
oat,1,oats=1,1,0,0,0,0,0,0,0
ob,1,ob=1,0,1,0,0,0,0,0,0
obiect,1,obiects=1,1,0,0,0,0,0,0,0
objectionable,1,objectionable=1,0,0,0,0,1,0,0,0
obliged,1,obliged=1,0,0,0,0,1,0,0,0
oboe,1,oboe=1,1,0,0,0,0,0,0,0
observant,1,observant=1,0,0,0,0,1,0,0,0
observatorie,1,observatories=1,0,0,1,0,0,0,0,0
obsess,1,obsessed=1,0,0,1,0,0,0,0,0
obsessive,1,obsessive=1,0,0,0,0,1,0,0,0
obstinacy,1,obstinacy=1,1,0,0,0,0,0,0,0
obtainable,1,obtainable=1,0,0,0,0,1,0,0,0
obtaining,1,obtaining=1,0,1,0,0,0,0,0,0
ocal,1,ocal=1,0,0,0,0,1,0,0,0
occupancy,1,occupancy=1,1,0,0,0,0,0,0,0
occupations,1,occupations=1,0,1,0,0,0,0,0,0
occupier,1,occupiers=1,1,0,0,0,0,0,0,0
oceanfront,1,oceanfront=1,1,0,0,0,0,0,0,0
oculist,1,oculist=1,1,0,0,0,0,0,0,0
od,1,od=1,0,1,0,0,0,0,0,0
oddly,1,oddly=1,0,0,0,0,0,1,0,0
odorless,1,odorless=1,0,0,0,0,1,0,0,0
offender,1,offenders=1,1,0,0,0,0,0,0,0
offense,1,offense=1,1,0,0,0,0,0,0,0
offices,1,offices=1,0,1,0,0,0,0,0,0
officials,1,officials=1,0,1,0,0,0,0,0,0
offline,1,offline=1,0,0,0,0,1,0,0,0
offspre,1,offspring=1,0,0,1,0,0,0,0,0
ofindirect,1,ofindirect=1,1,0,0,0,0,0,0,0
ofinfection,1,ofinfection=1,1,0,0,0,0,0,0,0
oflapanese,1,oflapanese=1,0,0,0,0,1,0,0,0
oft,1,oft=1,0,0,0,0,0,1,0,0
oftenseen,1,oftenseen=1,0,0,0,0,1,0,0,0
ofthe,1,ofthe=1,1,0,0,0,0,0,0,0
oit,1,oit=1,0,1,0,0,0,0,0,0
ola,1,ola=1,0,1,0,0,0,0,0,0
olaf,1,olaf=1,0,1,0,0,0,0,0,0
olden,1,olden=1,0,1,0,0,0,0,0,0
olga,1,olga=1,0,1,0,0,0,0,0,0
oligarchic,1,oligarchic=1,0,0,0,0,1,0,0,0
oligarchy,1,oligarchy=1,1,0,0,0,0,0,0,0
olin,1,olin=1,0,1,0,0,0,0,0,0
olives,1,olives=1,0,1,0,0,0,0,0,0
ollide,1,ollided=1,0,0,1,0,0,0,0,0
olympics,1,olympics=1,0,1,0,0,0,0,0,0
omic,1,omic=1,0,0,0,0,1,0,0,0
omithologists,1,omithologists=1,0,1,0,0,0,0,0,0
oncoming,1,oncoming=1,0,0,0,0,1,0,0,0
onehundre,1,onehundred=1,0,0,1,0,0,0,0,0
onslaught,1,onslaught=1,1,0,0,0,0,0,0,0
onthophagus,1,onthophagus=1,0,1,0,0,0,0,0,0
onustus,1,onustus=1,1,0,0,0,0,0,0,0
onversation,1,onversation=1,1,0,0,0,0,0,0,0
oo,1,oo=1,0,0,0,0,0,0,0,1
oop,1,oops=1,1,0,0,0,0,0,0,0
oops,1,oops=1,0,0,0,0,0,1,0,0
op,1,op=1,1,0,0,0,0,0,0,0
openings,1,openings=1,0,1,0,0,0,0,0,0
operative,1,operative=1,0,0,0,0,1,0,0,0
opossum,1,opossums=1,1,0,0,0,0,0,0,0
opposed,1,opposed=1,0,0,0,0,1,0,0,0
optics,1,optics=1,0,1,0,0,0,0,0,0
optimally,1,optimally=1,0,0,0,0,0,1,0,0
opulence,1,opulence=1,1,0,0,0,0,0,0,0
opulently,1,opulently=1,0,0,0,0,0,1,0,0
orang,1,orang=1,0,1,0,0,0,0,0,0
orator,1,orator=1,1,0,0,0,0,0,0,0
orbiting,1,orbiting=1,1,0,0,0,0,0,0,0
orca一nicknamed,1,orca一nicknamed=1,0,0,0,0,1,0,0,0
orchestrate,1,orchestrated=1,0,0,1,0,0,0,0,0
orchestrated,1,orchestrated=1,0,0,0,0,1,0,0,0
orchids,1,orchids=1,0,1,0,0,0,0,0,0
ordering,1,ordering=1,1,0,0,0,0,0,0,0
oreferre,1,oreferred=1,0,0,1,0,0,0,0,0
organisation,1,organisation=1,1,0,0,0,0,0,0,0
organizing,1,organizing=1,1,0,0,0,0,0,0,0
orientalizing,1,orientalizing=1,1,0,0,0,0,0,0,0
originating,1,originating=1,1,0,0,0,0,0,0,0
origination,1,origination=1,1,0,0,0,0,0,0,0
orignate,1,orignated=1,0,0,1,0,0,0,0,0
ork,1,ork=1,1,0,0,0,0,0,0,0
orozco,1,orozco=1,0,1,0,0,0,0,0,0
orthodoxy,1,orthodoxy=1,1,0,0,0,0,0,0,0
orville,1,orville=1,0,1,0,0,0,0,0,0
osborne,1,osborne=1,0,1,0,0,0,0,0,0
oscar,1,oscar=1,0,1,0,0,0,0,0,0
osi,1,osi=1,0,1,0,0,0,0,0,0
osis,1,osis=1,1,0,0,0,0,0,0,0
ossibilitie,1,ossibilities=1,1,0,0,0,0,0,0,0
ost,1,ost=1,0,0,0,0,0,1,0,0
ostentatious,1,ostentatious=1,0,0,0,0,1,0,0,0
ostracize,1,ostracized=1,0,0,1,0,0,0,0,0
ostrom,1,ostrom=1,0,1,0,0,0,0,0,0
otherworldly,1,otherworldly=1,0,0,0,0,0,1,0,0
ottavio,1,ottavio=1,0,1,0,0,0,0,0,0
otto,1,otto=1,0,1,0,0,0,0,0,0
ottoman,1,ottoman=1,0,1,0,0,0,0,0,0
ottomans,1,ottomans=1,0,1,0,0,0,0,0,0
ouch,1,ouch=1,0,0,0,0,0,0,0,1
outcast,1,outcast=1,1,0,0,0,0,0,0,0
outcrop,1,outcrops=1,1,0,0,0,0,0,0,0
outdatedness,1,outdatedness=1,1,0,0,0,0,0,0,0
outdo,1,outdone=1,0,0,1,0,0,0,0,0
outflow,1,outflow=1,1,0,0,0,0,0,0,0
outgrown,1,outgrown=1,0,0,1,0,0,0,0,0
outlaw,1,outlawed=1,0,0,1,0,0,0,0,0
outlines,1,outlines=1,0,1,0,0,0,0,0,0
outrage,1,outraged=1,0,0,1,0,0,0,0,0
outshoot,1,outshoot=1,0,0,1,0,0,0,0,0
outsiders,1,outsiders=1,0,1,0,0,0,0,0,0
outsmart,1,outsmart=1,0,0,1,0,0,0,0,0
outstretche,1,outstretched=1,0,0,1,0,0,0,0,0
ovary,1,ovaries=1,1,0,0,0,0,0,0,0
overabundance,1,overabundance=1,1,0,0,0,0,0,0,0
overact,1,overacted=1,0,0,1,0,0,0,0,0
overactive,1,overactive=1,0,0,0,0,1,0,0,0
overal,1,overal=1,0,0,0,0,1,0,0,0
overbearing,1,overbearing=1,0,0,0,0,1,0,0,0
overburden,1,overburdened=1,0,0,1,0,0,0,0,0
overbury,1,overbury=1,0,1,0,0,0,0,0,0
overcharge,1,overcharged=1,0,0,1,0,0,0,0,0
overclaim,1,overclaim=1,0,0,1,0,0,0,0,0
overconfident,1,overconfident=1,1,0,0,0,0,0,0,0
overcrowd,1,overcrowding=1,0,0,1,0,0,0,0,0
overcultivation,1,overcultivation=1,1,0,0,0,0,0,0,0
overdo,1,overdid=1,0,0,1,0,0,0,0,0
overemphasis,1,overemphasis=1,0,1,0,0,0,0,0,0
overextend,1,overextended=1,0,0,1,0,0,0,0,0
overgeneralize,1,overgeneralizing=1,0,0,1,0,0,0,0,0
overhang,1,overhangs=1,1,0,0,0,0,0,0,0
overhear,1,overhear=1,0,0,1,0,0,0,0,0
overheated,1,overheated=1,0,0,0,0,1,0,0,0
overinterpretation,1,overinterpretation=1,0,0,0,0,1,0,0,0
overjoy,1,overjoyed=1,0,0,1,0,0,0,0,0
overlain,1,overlain=1,0,0,0,0,1,0,0,0
overpainte,1,overpainting=1,0,0,1,0,0,0,0,0
overpopulate,1,overpopulated=1,0,0,1,0,0,0,0,0
overproduce,1,overproduce=1,0,0,1,0,0,0,0,0
overproduction,1,overproduction=1,1,0,0,0,0,0,0,0
overrepresente,1,overrepresented=1,0,0,1,0,0,0,0,0
oversimplifie,1,oversimplifies=1,1,0,0,0,0,0,0,0
overspend,1,overspend=1,0,0,1,0,0,0,0,0
overspending,1,overspending=1,1,0,0,0,0,0,0,0
overstep,1,overstepping=1,0,0,1,0,0,0,0,0
oversupply,1,oversupply=1,1,0,0,0,0,0,0,0
overtake,1,overtook=1,0,0,1,0,0,0,0,0
overtrappe,1,overtrapped=1,0,0,1,0,0,0,0,0
overturning,1,overturning=1,1,0,0,0,0,0,0,0
overwork,1,overwork=1,1,0,0,0,0,0,0,0
overworking,1,overworking=1,1,0,0,0,0,0,0,0
owen,1,owen=1,0,1,0,0,0,0,0,0
owher,1,owher=1,1,0,0,0,0,0,0,0
owls,1,owls=1,0,1,0,0,0,0,0,0
owning,1,owning=1,1,0,0,0,0,0,0,0
oxdye,1,oxdying=1,0,0,1,0,0,0,0,0
oxides,1,oxides=1,0,1,0,0,0,0,0,0
oxyger,1,oxyger=1,1,0,0,0,0,0,0,0
pacify,1,pacifying=1,0,0,1,0,0,0,0,0
pacing,1,pacing=1,1,0,0,0,0,0,0,0
packages,1,packages=1,0,1,0,0,0,0,0,0
packer,1,packers=1,1,0,0,0,0,0,0,0
padding,1,padding=1,1,0,0,0,0,0,0,0
paddy,1,paddies=1,1,0,0,0,0,0,0,0
pages,1,pages=1,0,1,0,0,0,0,0,0
painfully,1,painfully=1,0,0,0,0,0,1,0,0
painterly,1,painterly=1,0,0,0,0,0,1,0,0
paints,1,paints=1,0,1,0,0,0,0,0,0
pajama,1,pajamas=1,1,0,0,0,0,0,0,0
palaeoptera,1,palaeoptera=1,0,1,0,0,0,0,0,0
palaeopteran,1,palaeopteran=1,0,0,0,0,1,0,0,0
palate,1,palates=1,1,0,0,0,0,0,0,0
paleness,1,paleness=1,1,0,0,0,0,0,0,0
palenque,1,palenque=1,1,0,0,0,0,0,0,0
paleobotanist,1,paleobotanists=1,1,0,0,0,0,0,0,0
paleogene,1,paleogene=1,0,1,0,0,0,0,0,0
paleontologists,1,paleontologists=1,0,1,0,0,0,0,0,0
palpable,1,palpable=1,0,0,0,0,1,0,0,0
palve,1,palve=1,0,0,1,0,0,0,0,0
panamanian,1,panamanian=1,0,0,0,0,1,0,0,0
pandas,1,pandas=1,0,1,0,0,0,0,0,0
paneling,1,paneling=1,1,0,0,0,0,0,0,0
pangolins,1,pangolins=1,0,1,0,0,0,0,0,0
paperclip,1,paperclips=1,1,0,0,0,0,0,0,0
papermake,1,papermaking=1,0,0,1,0,0,0,0,0
papermaking,1,papermaking=1,1,0,0,0,0,0,0,0
papers,1,papers=1,0,1,0,0,0,0,0,0
papua,1,papua=1,0,1,0,0,0,0,0,0
parado,1,parados=1,1,0,0,0,0,0,0,0
paradoxical,1,paradoxical=1,0,0,0,0,1,0,0,0
parakeets,1,parakeets=1,0,1,0,0,0,0,0,0
paralyze,1,paralyze=1,0,0,1,0,0,0,0,0
paralyzed,1,paralyzed=1,0,0,0,0,1,0,0,0
paranoid,1,paranoid=1,0,0,0,0,1,0,0,0
parasitoid,1,parasitoid=1,1,0,0,0,0,0,0,0
parcel,1,parceling=1,0,0,1,0,0,0,0,0
pare,1,pare=1,0,0,1,0,0,0,0,0
parenthesis,1,parentheses=1,1,0,0,0,0,0,0,0
parents,1,parents=1,0,1,0,0,0,0,0,0
parkes,1,parkes=1,0,1,0,0,0,0,0,0
parlance,1,parlance=1,1,0,0,0,0,0,0,0
parliamentary,1,parliamentary=1,0,0,0,0,1,0,0,0
parmesan,1,parmesan=1,0,1,0,0,0,0,0,0
paro,1,paro=1,0,1,0,0,0,0,0,0
parthey,1,parthey=1,0,0,0,0,0,0,1,0
particles,1,particles=1,0,1,0,0,0,0,0,0
partitioning,1,partitioning=1,0,1,0,0,0,0,0,0
partners,1,partners=1,0,1,0,0,0,0,0,0
partway,1,partway=1,0,0,0,0,0,1,0,0
partying,1,partying=1,1,0,0,0,0,0,0,0
pascal,1,pascal=1,0,1,0,0,0,0,0,0
passengers,1,passengers=1,0,1,0,0,0,0,0,0
passkey,1,passkey=1,1,0,0,0,0,0,0,0
passthrough,1,passthrough=1,0,0,1,0,0,0,0,0
pastels,1,pastels=1,0,1,0,0,0,0,0,0
patchily,1,patchily=1,0,0,0,0,0,1,0,0
patchy,1,patchy=1,0,0,0,0,1,0,0,0
patented,1,patented=1,0,0,0,0,1,0,0,0
patently,1,patently=1,0,0,0,0,0,1,0,0
pater,1,pater=1,0,1,0,0,0,0,0,0
pathogens,1,pathogens=1,0,1,0,0,0,0,0,0
pathologically,1,pathologically=1,0,0,0,0,0,1,0,0
patients,1,patients=1,0,1,0,0,0,0,0,0
patriotic,1,patriotic=1,0,0,0,0,1,0,0,0
patronise,1,patronising=1,0,0,1,0,0,0,0,0
patrons,1,patrons=1,0,1,0,0,0,0,0,0
patten,1,pattens=1,1,0,0,0,0,0,0,0
patter,1,pattering=1,0,0,1,0,0,0,0,0
pauli,1,pauli=1,0,1,0,0,0,0,0,0
paulo,1,paulo=1,0,1,0,0,0,0,0,0
paving,1,paving=1,1,0,0,0,0,0,0,0
paxton,1,paxton=1,0,1,0,0,0,0,0,0
payable,1,payable=1,0,0,0,0,1,0,0,0
payments,1,payments=1,0,1,0,0,0,0,0,0
payout,1,payout=1,1,0,0,0,0,0,0,0
payrment,1,payrment=1,1,0,0,0,0,0,0,0
payroll,1,payroll=1,1,0,0,0,0,0,0,0
pd,1,pd=1,0,1,0,0,0,0,0,0
peatlands,1,peatlands=1,0,1,0,0,0,0,0,0
peck,1,pecked=1,0,0,1,0,0,0,0,0
peculiarity,1,peculiarities=1,1,0,0,0,0,0,0,0
pedant,1,pedant=1,1,0,0,0,0,0,0,0
peels,1,peels=1,0,1,0,0,0,0,0,0
peep,1,peeps=1,1,0,0,0,0,0,0,0
peeper,1,peeper=1,1,0,0,0,0,0,0,0
peeps,1,peeps=1,0,1,0,0,0,0,0,0
pegasus,1,pegasus=1,0,1,0,0,0,0,0,0
pemberton,1,pemberton=1,0,1,0,0,0,0,0,0
penalize,1,penalizing=1,0,0,1,0,0,0,0,0
pende,1,pending=1,0,0,1,0,0,0,0,0
pendulum,1,pendulum=1,1,0,0,0,0,0,0,0
penfold,1,penfold=1,0,1,0,0,0,0,0,0
penn,1,penn=1,0,1,0,0,0,0,0,0
pennant,1,pennants=1,1,0,0,0,0,0,0,0
pentekonter,1,pentekonters=1,1,0,0,0,0,0,0,0
penu,1,penu=1,0,1,0,0,0,0,0,0
peopling,1,peopling=1,1,0,0,0,0,0,0,0
pepi,1,pepi=1,0,1,0,0,0,0,0,0
perasiveness,1,perasiveness=1,1,0,0,0,0,0,0,0
perceptive,1,perceptive=1,0,0,0,0,1,0,0,0
percolate,1,percolated=1,0,0,1,0,0,0,0,0
percussionist,1,percussionist=1,1,0,0,0,0,0,0,0
pere,1,pere=1,0,1,0,0,0,0,0,0
perez,1,perez=1,0,1,0,0,0,0,0,0
perfectible,1,perfectible=1,0,0,0,0,1,0,0,0
performers,1,performers=1,0,1,0,0,0,0,0,0
peril,1,peril=1,1,0,0,0,0,0,0,0
perilously,1,perilously=1,0,0,0,0,0,1,0,0
perishe,1,perishes=1,1,0,0,0,0,0,0,0
perkel,1,perkel=1,1,0,0,0,0,0,0,0
perkin,1,perkins=1,1,0,0,0,0,0,0,0
permeability,1,permeability=1,1,0,0,0,0,0,0,0
permutation,1,permutation=1,1,0,0,0,0,0,0,0
perpetuation,1,perpetuation=1,1,0,0,0,0,0,0,0
perplex,1,perplexing=1,0,0,1,0,0,0,0,0
personification,1,personification=1,1,0,0,0,0,0,0,0
perturbation,1,perturbations=1,1,0,0,0,0,0,0,0
pesky,1,pesky=1,0,0,0,0,1,0,0,0
pessimism,1,pessimism=1,1,0,0,0,0,0,0,0
pests,1,pests=1,0,1,0,0,0,0,0,0
petals,1,petals=1,0,1,0,0,0,0,0,0
pete,1,pete=1,0,1,0,0,0,0,0,0
petersen,1,petersen=1,0,1,0,0,0,0,0,0
petronas,1,petronas=1,0,1,0,0,0,0,0,0
petrova,1,petrova=1,0,1,0,0,0,0,0,0
pets,1,pets=1,0,1,0,0,0,0,0,0
petén,1,petén=1,0,1,0,0,0,0,0,0
pewter,1,pewter=1,1,0,0,0,0,0,0,0
pewterware,1,pewterware=1,1,0,0,0,0,0,0,0
phaedrus,1,phaedrus=1,0,1,0,0,0,0,0,0
phantom,1,phantom=1,0,0,0,0,1,0,0,0
pharaohs,1,pharaohs=1,0,1,0,0,0,0,0,0
pharmacology,1,pharmacology=1,1,0,0,0,0,0,0,0
phenol,1,phenols=1,1,0,0,0,0,0,0,0
phenolic,1,phenolic=1,0,0,0,0,1,0,0,0
phenomenally,1,phenomenally=1,0,0,0,0,0,1,0,0
pheromones,1,pheromones=1,0,1,0,0,0,0,0,0
phil,1,phil=1,0,1,0,0,0,0,0,0
philactheat,1,philactheat=1,0,0,0,0,1,0,0,0
phillip,1,phillip=1,0,1,0,0,0,0,0,0
phillips,1,phillips=1,0,1,0,0,0,0,0,0
phloem,1,phloem=1,1,0,0,0,0,0,0,0
phoebe,1,phoebe=1,1,0,0,0,0,0,0,0
phoeniciansan,1,phoeniciansan=1,0,1,0,0,0,0,0,0
phosphorous,1,phosphorous=1,0,0,0,0,1,0,0,0
photoreceptor,1,photoreceptors=1,1,0,0,0,0,0,0,0
photos,1,photos=1,0,1,0,0,0,0,0,0
photosynthates,1,photosynthates=1,0,1,0,0,0,0,0,0
photosynthesizing,1,photosynthesizing=1,1,0,0,0,0,0,0,0
phy,1,phy=1,1,0,0,0,0,0,0,0
physicall,1,physicall=1,1,0,0,0,0,0,0,0
physicists,1,physicists=1,0,1,0,0,0,0,0,0
physiologist,1,physiologists=1,1,0,0,0,0,0,0,0
physique,1,physique=1,1,0,0,0,0,0,0,0
pickle,1,pickle=1,1,0,0,0,0,0,0,0
pictures,1,pictures=1,0,1,0,0,0,0,0,0
picturesque,1,picturesque=1,0,0,0,0,1,0,0,0
pieter,1,pieter=1,0,1,0,0,0,0,0,0
pigments,1,pigments=1,0,1,0,0,0,0,0,0
pigs,1,pigs=1,0,1,0,0,0,0,0,0
pillare,1,pillared=1,0,0,1,0,0,0,0,0
pincer,1,pincers=1,1,0,0,0,0,0,0,0
pinewood,1,pinewoods=1,1,0,0,0,0,0,0,0
pinging,1,pinging=1,1,0,0,0,0,0,0,0
pinpointing,1,pinpointing=1,1,0,0,0,0,0,0,0
pinto,1,pinto=1,0,1,0,0,0,0,0,0
pip,1,piped=1,0,0,1,0,0,0,0,0
pisa,1,pisa=1,0,1,0,0,0,0,0,0
pistachio,1,pistachios=1,1,0,0,0,0,0,0,0
pita,1,pita=1,1,0,0,0,0,0,0,0
pitched,1,pitched=1,0,0,0,0,1,0,0,0
piter,1,piter=1,0,1,0,0,0,0,0,0
pitiful,1,pitiful=1,0,0,0,0,1,0,0,0
pivot,1,pivoted=1,0,0,1,0,0,0,0,0
pixel,1,pixels=1,1,0,0,0,0,0,0,0
pl,1,pl=1,0,1,0,0,0,0,0,0
placate,1,placate=1,0,0,1,0,0,0,0,0
places,1,places=1,0,1,0,0,0,0,0,0
plagiarism,1,plagiarism=1,1,0,0,0,0,0,0,0
planetarium,1,planetarium=1,1,0,0,0,0,0,0,0
planetwide,1,planetwide=1,0,0,0,0,1,0,0,0
planforge,1,planforge=1,0,1,0,0,0,0,0,0
plast,1,plaster=1,0,0,0,0,1,0,0,0
plastically,1,plastically=1,0,0,0,0,0,1,0,0
plat,1,plated=1,0,0,1,0,0,0,0,0
plateaus,1,plateaus=1,1,0,0,0,0,0,0,0
plausibility,1,plausibility=1,1,0,0,0,0,0,0,0
plavthing,1,plavthings=1,1,0,0,0,0,0,0,0
playable,1,playable=1,0,0,0,0,1,0,0,0
playact,1,playacting=1,0,0,1,0,0,0,0,0
playacting,1,playacting=1,1,0,0,0,0,0,0,0
playback,1,playback=1,1,0,0,0,0,0,0,0
players,1,players=1,0,1,0,0,0,0,0,0
playhouse,1,playhouse=1,0,1,0,0,0,0,0,0
playlist,1,playlists=1,1,0,0,0,0,0,0,0
plaything,1,playthings=1,1,0,0,0,0,0,0,0
plead,1,pleads=1,1,0,0,0,0,0,0,0
pliable,1,pliable=1,0,0,0,0,1,0,0,0
pliny,1,pliny=1,0,1,0,0,0,0,0,0
plower,1,plowers=1,1,0,0,0,0,0,0,0
plows,1,plows=1,0,1,0,0,0,0,0,0
plowshare,1,plowshares=1,1,0,0,0,0,0,0,0
plywood,1,plywood=1,1,0,0,0,0,0,0,0
pneumatic,1,pneumatic=1,0,0,0,0,1,0,0,0
pockmarked,1,pockmarked=1,0,0,0,0,1,0,0,0
podcaster,1,podcaster=1,1,0,0,0,0,0,0,0
poef,1,poef=1,0,1,0,0,0,0,0,0
poems,1,poems=1,0,1,0,0,0,0,0,0
poets,1,poets=1,0,1,0,0,0,0,0,0
poignant,1,poignant=1,0,0,0,0,1,0,0,0
pointer,1,pointers=1,1,0,0,0,0,0,0,0
pointi,1,pointier=1,0,0,0,0,1,0,0,0
pointing,1,pointing=1,1,0,0,0,0,0,0,0
poking,1,poking=1,1,0,0,0,0,0,0,0
polarization,1,polarization=1,1,0,0,0,0,0,0,0
poles,1,poles=1,0,1,0,0,0,0,0,0
poleward,1,poleward=1,0,0,0,0,1,0,0,0
policies,1,policies=1,0,1,0,0,0,0,0,0
policymake,1,policymaking=1,0,0,1,0,0,0,0,0
polishing,1,polishing=1,1,0,0,0,0,0,0,0
pollinaator,1,pollinaators=1,1,0,0,0,0,0,0,0
pollinators,1,pollinators=1,0,1,0,0,0,0,0,0
polls,1,polls=1,0,1,0,0,0,0,0,0
polymerity,1,polymerity=1,1,0,0,0,0,0,0,0
polynya,1,polynya=1,0,1,0,0,0,0,0,0
polyommatus,1,polyommatus=1,1,0,0,0,0,0,0,0
polyvert,1,polyvert=1,1,0,0,0,0,0,0,0
poma,1,poma=1,0,1,0,0,0,0,0,0
pooling,1,pooling=1,1,0,0,0,0,0,0,0
pools,1,pools=1,0,1,0,0,0,0,0,0
popcorn,1,popcorn=1,0,0,0,0,1,0,0,0
popkin,1,popkin=1,0,1,0,0,0,0,0,0
populous,1,populous=1,0,0,0,0,1,0,0,0
porcini,1,porcini=1,1,0,0,0,0,0,0,0
porosity,1,porosity=1,1,0,0,0,0,0,0,0
porridge,1,porridge=1,1,0,0,0,0,0,0,0
porter,1,porter=1,1,0,0,0,0,0,0,0
portón,1,portón=1,0,1,0,0,0,0,0,0
positioned,1,positioned=1,0,0,0,0,1,0,0,0
positivity,1,positivity=1,1,0,0,0,0,0,0,0
postage,1,postage=1,1,0,0,0,0,0,0,0
postcards,1,postcards=1,0,1,0,0,0,0,0,0
postcolonial,1,postcolonial=1,0,0,0,0,1,0,0,0
postdate,1,postdated=1,0,0,1,0,0,0,0,0
posterior,1,posterior=1,0,0,0,0,1,0,0,0
posterity,1,posterity=1,1,0,0,0,0,0,0,0
postgraduate,1,postgraduate=1,1,0,0,0,0,0,0,0
postgraduation,1,postgraduation=1,1,0,0,0,0,0,0,0
posthole,1,postholes=1,1,0,0,0,0,0,0,0
postmortem,1,postmortem=1,1,0,0,0,0,0,0,0
postsecondary,1,postsecondary=1,0,0,0,0,1,0,0,0
postulation,1,postulations=1,1,0,0,0,0,0,0,0
potatoes,1,potatoes=1,0,1,0,0,0,0,0,0
potlatch,1,potlatch=1,0,0,0,0,1,0,0,0
potluck,1,potluck=1,1,0,0,0,0,0,0,0
potomac,1,potomac=1,0,1,0,0,0,0,0,0
pouched,1,pouched=1,0,0,0,0,1,0,0,0
pounding,1,poundings=1,1,0,0,0,0,0,0,0
powdery,1,powdery=1,1,0,0,0,0,0,0,0
powered,1,powered=1,0,0,0,0,1,0,0,0
powerless,1,powerless=1,0,0,0,0,1,0,0,0
powerlessness,1,powerlessness=1,1,0,0,0,0,0,0,0
practicable,1,practicable=1,0,0,0,0,1,0,0,0
practicum,1,practicum=1,1,0,0,0,0,0,0,0
praffall,1,praffall=1,1,0,0,0,0,0,0,0
preadapte,1,preadapted=1,0,0,1,0,0,0,0,0
preagricultural,1,preagricultural=1,1,0,0,0,0,0,0,0
preblocking,1,preblocking=1,1,0,0,0,0,0,0,0
precarious,1,precarious=1,0,0,0,0,1,0,0,0
precept,1,precepts=1,1,0,0,0,0,0,0,0
precipitant,1,precipitant=1,1,0,0,0,0,0,0,0
precipitous,1,precipitous=1,0,0,0,0,1,0,0,0
precipitously,1,precipitously=1,0,0,0,0,0,1,0,0
preclassic,1,preclassic=1,0,1,0,0,0,0,0,0
precocious,1,precocious=1,0,0,0,0,1,0,0,0
preconceive,1,preconceived=1,0,0,1,0,0,0,0,0
preconception,1,preconceptions=1,1,0,0,0,0,0,0,0
predetermined,1,predetermined=1,0,0,0,0,1,0,0,0
predicament,1,predicament=1,1,0,0,0,0,0,0,0
predicate,1,predicate=1,1,0,0,0,0,0,0,0
predinosaur,1,predinosaurs=1,1,0,0,0,0,0,0,0
predmcsti,1,predmcsti=1,0,1,0,0,0,0,0,0
predominance,1,predominance=1,1,0,0,0,0,0,0,0
preeminence,1,preeminence=1,1,0,0,0,0,0,0,0
preen,1,preening=1,0,0,1,0,0,0,0,0
preexist,1,preexisting=1,0,0,1,0,0,0,0,0
prefabricate,1,prefabricated=1,0,0,1,0,0,0,0,0
preface,1,preface=1,1,0,0,0,0,0,0,0
pregiving,1,pregiving=1,0,1,0,0,0,0,0,0
prelinguistic,1,prelinguistic=1,0,0,0,0,1,0,0,0
preliterate,1,preliterate=1,1,0,0,0,0,0,0,0
premiere,1,premiere=1,0,0,0,0,1,0,0,0
preoccupied,1,preoccupied=1,0,0,0,0,1,0,0,0
preparations,1,preparations=1,0,1,0,0,0,0,0,0
preparatory,1,preparatory=1,0,0,0,0,1,0,0,0
preparedness,1,preparedness=1,1,0,0,0,0,0,0,0
preparing,1,preparing=1,0,1,0,0,0,0,0,0
preponderance,1,preponderance=1,1,0,0,0,0,0,0,0
preposterous,1,preposterous=1,0,0,0,0,1,0,0,0
preprogram,1,preprogram=1,0,1,0,0,0,0,0,0
preprogrammed,1,preprogrammed=1,0,0,0,0,1,0,0,0
prerecording,1,prerecordings=1,1,0,0,0,0,0,0,0
preregister,1,preregister=1,0,0,1,0,0,0,0,0
preregistration,1,preregistration=1,0,1,0,0,0,0,0,0
prerevolutionary,1,prerevolutionary=1,0,0,0,0,1,0,0,0
presenting,1,presenting=1,1,0,0,0,0,0,0,0
preserved,1,preserved=1,0,0,0,0,1,0,0,0
pretension,1,pretensions=1,1,0,0,0,0,0,0,0
pretoria,1,pretoria=1,0,1,0,0,0,0,0,0
prettiest,1,prettiest=1,0,0,0,0,1,0,0,0
prick,1,pricked=1,0,0,1,0,0,0,0,0
pricy,1,pricier=1,0,0,0,0,1,0,0,0
primacy,1,primacy=1,1,0,0,0,0,0,0,0
primal,1,primal=1,0,0,0,0,1,0,0,0
primates,1,primates=1,0,1,0,0,0,0,0,0
princeton,1,princeton=1,0,1,0,0,0,0,0,0
principes,1,principes=1,0,1,0,0,0,0,0,0
priya,1,priya=1,0,1,0,0,0,0,0,0
prizes,1,prizes=1,0,1,0,0,0,0,0,0
proactive,1,proactive=1,0,0,0,0,1,0,0,0
proactively,1,proactively=1,0,0,0,0,0,1,0,0
probing,1,probings=1,1,0,0,0,0,0,0,0
processed,1,processed=1,0,0,0,0,1,0,0,0
procrastinate,1,procrastinating=1,0,0,1,0,0,0,0,0
procurement,1,procurement=1,1,0,0,0,0,0,0,0
prodding,1,prodding=1,1,0,0,0,0,0,0,0
professionalization,1,professionalization=1,0,1,0,0,0,0,0,0
profitably,1,profitably=1,0,0,0,0,0,1,0,0
progenitor,1,progenitor=1,1,0,0,0,0,0,0,0
progeny,1,progeny=1,1,0,0,0,0,0,0,0
prognostic,1,prognostic=1,0,0,0,0,1,0,0,0
programmable,1,programmable=1,0,0,0,0,1,0,0,0
prohibition,1,prohibition=1,1,0,0,0,0,0,0,0
prohibitive,1,prohibitive=1,0,0,0,0,1,0,0,0
projec,1,projec=1,1,0,0,0,0,0,0,0
prokaryotes,1,prokaryotes=1,0,1,0,0,0,0,0,0
prompter,1,prompter=1,0,0,1,0,0,0,0,0
pronged,1,pronged=1,0,0,0,0,1,0,0,0
pronunciation,1,pronunciation=1,1,0,0,0,0,0,0,0
proofread,1,proofread=1,0,0,1,0,0,0,0,0
proofreading,1,proofreading=1,1,0,0,0,0,0,0,0
propaganda,1,propaganda=1,1,0,0,0,0,0,0,0
propagandistic,1,propagandistic=1,0,0,0,0,1,0,0,0
propellers,1,propellers=1,0,1,0,0,0,0,0,0
propensity,1,propensity=1,1,0,0,0,0,0,0,0
properties,1,properties=1,0,1,0,0,0,0,0,0
proplyds,1,proplyds=1,0,1,0,0,0,0,0,0
proportionate,1,proportionate=1,0,0,0,0,1,0,0,0
propositional,1,propositional=1,0,0,0,0,1,0,0,0
proprietary,1,proprietary=1,0,0,0,0,1,0,0,0
propulsion,1,propulsion=1,1,0,0,0,0,0,0,0
prosaic,1,prosaic=1,0,0,0,0,1,0,0,0
prosecute,1,prosecute=1,0,0,1,0,0,0,0,0
prosimian,1,prosimians=1,1,0,0,0,0,0,0,0
proteinthat,1,proteinthat=1,1,0,0,0,0,0,0,0
protestant,1,protestant=1,0,0,0,0,1,0,0,0
protestants,1,protestants=1,0,1,0,0,0,0,0,0
protocell,1,protocell=1,1,0,0,0,0,0,0,0
protofeather,1,protofeathers=1,1,0,0,0,0,0,0,0
prototyping,1,prototyping=1,0,0,0,0,1,0,0,0
protégé,1,protégé=1,1,0,0,0,0,0,0,0
proved,1,proved=1,0,1,0,0,0,0,0,0
proverbial,1,proverbial=1,0,0,0,0,1,0,0,0
provoking,1,provoking=1,0,0,0,0,1,0,0,0
provost,1,provost=1,1,0,0,0,0,0,0,0
prowl,1,prowling=1,0,0,1,0,0,0,0,0
prudent,1,prudent=1,0,0,0,0,1,0,0,0
pseudonym,1,pseudonym=1,1,0,0,0,0,0,0,0
psychophysic,1,psychophysics=1,1,0,0,0,0,0,0,0
psycology,1,psycology=1,1,0,0,0,0,0,0,0
pterosaurs,1,pterosaurs=1,0,1,0,0,0,0,0,0
pterygote,1,pterygotes=1,1,0,0,0,0,0,0,0
pu,1,pu=1,0,1,0,0,0,0,0,0
puff,1,puffs=1,1,0,0,0,0,0,0,0
puffy,1,puffy=1,0,0,0,0,1,0,0,0
pukao,1,pukao=1,1,0,0,0,0,0,0,0
pulitzer,1,pulitzer=1,0,1,0,0,0,0,0,0
puller,1,puller=1,1,0,0,0,0,0,0,0
pulley,1,pulleys=1,1,0,0,0,0,0,0,0
pulpy,1,pulpy=1,1,0,0,0,0,0,0,0
pulsars,1,pulsars=1,0,1,0,0,0,0,0,0
pulverize,1,pulverized=1,0,0,1,0,0,0,0,0
pumping,1,pumping=1,1,0,0,0,0,0,0,0
pumpkin,1,pumpkins=1,1,0,0,0,0,0,0,0
punctual,1,punctual=1,0,0,0,0,1,0,0,0
punctuate,1,punctuated=1,0,0,1,0,0,0,0,0
pupae,1,pupae=1,1,0,0,0,0,0,0,0
pupal,1,pupal=1,1,0,0,0,0,0,0,0
pupate,1,pupates=1,1,0,0,0,0,0,0,0
pupation,1,pupation=1,1,0,0,0,0,0,0,0
puppy,1,puppies=1,1,0,0,0,0,0,0,0
purdue,1,purdue=1,0,1,0,0,0,0,0,0
purebre,1,purebred=1,0,0,1,0,0,0,0,0
purebred,1,purebreds=1,1,0,0,0,0,0,0,0
purer,1,purer=1,1,0,0,0,0,0,0,0
purifying,1,purifying=1,0,1,0,0,0,0,0,0
purposefully,1,purposefully=1,0,0,0,0,0,1,0,0
puteoli,1,puteoli=1,0,1,0,0,0,0,0,0
puttkamer,1,puttkamer=1,0,1,0,0,0,0,0,0
pytheas,1,pytheas=1,0,1,0,0,0,0,0,0
père,1,père=1,0,1,0,0,0,0,0,0
q,1,q=1,1,0,0,0,0,0,0,0
qi,1,qi=1,0,1,0,0,0,0,0,0
qr,1,qr=1,0,1,0,0,0,0,0,0
quaint,1,quaint=1,1,0,0,0,0,0,0,0
quakers,1,quakers=1,0,1,0,0,0,0,0,0
qualities,1,qualities=1,0,1,0,0,0,0,0,0
quarried,1,quarried=1,0,0,0,0,1,0,0,0
quarterly,1,quarterly=1,0,0,0,0,1,0,0,0
quell,1,quelled=1,0,0,1,0,0,0,0,0
quenching,1,quenching=1,1,0,0,0,0,0,0,0
questionably,1,questionably=1,0,0,0,0,0,1,0,0
questionnare,1,questionnares=1,1,0,0,0,0,0,0,0
quetzal,1,quetzal=1,1,0,0,0,0,0,0,0
quicken,1,quickened=1,0,0,1,0,0,0,0,0
quicklime,1,quicklime=1,1,0,0,0,0,0,0,0
quintuple,1,quintuple=1,0,0,0,0,1,0,0,0
quo,1,quo=1,1,0,0,0,0,0,0,0
quotes,1,quotes=1,0,1,0,0,0,0,0,0
rab,1,rab=1,1,0,0,0,0,0,0,0
rabbits,1,rabbits=1,0,1,0,0,0,0,0,0
rabidly,1,rabidly=1,0,0,0,0,0,1,0,0
racemization,1,racemization=1,1,0,0,0,0,0,0,0
racket,1,rackets=1,1,0,0,0,0,0,0,0
rada,1,rada=1,0,1,0,0,0,0,0,0
radially,1,radially=1,0,0,0,0,0,1,0,0
radiating,1,radiating=1,0,0,0,0,1,0,0,0
radioactively,1,radioactively=1,0,0,0,0,0,1,0,0
raffle,1,raffle=1,1,0,0,0,0,0,0,0
ragtime,1,ragtime=1,1,0,0,0,0,0,0,0
ragwort,1,ragwort=1,1,0,0,0,0,0,0,0
railroads,1,railroads=1,0,1,0,0,0,0,0,0
rainless,1,rainless=1,1,0,0,0,0,0,0,0
raised,1,raised=1,0,1,0,0,0,0,0,0
rajesh,1,rajesh=1,0,0,1,0,0,0,0,0
rally,1,rally=1,0,0,0,0,1,0,0,0
rammer,1,rammer=1,1,0,0,0,0,0,0,0
rampage,1,rampage=1,0,0,1,0,0,0,0,0
rampant,1,rampant=1,0,0,0,0,1,0,0,0
rana,1,rana=1,0,1,0,0,0,0,0,0
rand,1,rand=1,0,1,0,0,0,0,0,0
randi,1,randi=1,0,1,0,0,0,0,0,0
randomized,1,randomized=1,0,0,0,0,1,0,0,0
ranging,1,ranging=1,0,1,0,0,0,0,0,0
ranking,1,ranking=1,0,1,0,0,0,0,0,0
ranson,1,ranson=1,0,1,0,0,0,0,0,0
raphael,1,raphael=1,0,1,0,0,0,0,0,0
rapids,1,rapids=1,0,1,0,0,0,0,0,0
rappahannock,1,rappahannock=1,0,1,0,0,0,0,0,0
rar,1,rar=1,0,0,0,0,1,0,0,0
rarer,1,rarer=1,0,1,0,0,0,0,0,0
ras,1,ras=1,0,1,0,0,0,0,0,0
raspberry,1,raspberry=1,1,0,0,0,0,0,0,0
rater,1,raters=1,1,0,0,0,0,0,0,0
rates,1,rates=1,0,1,0,0,0,0,0,0
ration,1,ration=1,1,0,0,0,0,0,0,0
rationalization,1,rationalization=1,1,0,0,0,0,0,0,0
rats,1,rats=1,0,1,0,0,0,0,0,0
ravens,1,ravens=1,0,1,0,0,0,0,0,0
ravi,1,ravi=1,0,1,0,0,0,0,0,0
ravine,1,ravines=1,1,0,0,0,0,0,0,0
rea,1,rea=1,0,0,1,0,0,0,0,0
reachable,1,reachable=1,0,0,0,0,1,0,0,0
reaching,1,reaching=1,0,0,0,0,1,0,0,0
reactions,1,reactions=1,0,1,0,0,0,0,0,0
readable,1,readable=1,0,0,0,0,1,0,0,0
readjust,1,readjust=1,0,0,1,0,0,0,0,0
readout,1,readout=1,1,0,0,0,0,0,0,0
realign,1,realigned=1,0,0,1,0,0,0,0,0
realists,1,realists=1,0,1,0,0,0,0,0,0
reallocate,1,reallocating=1,0,0,1,0,0,0,0,0
reaping,1,reaping=1,1,0,0,0,0,0,0,0
rearrangement,1,rearrangement=1,1,0,0,0,0,0,0,0
reasoned,1,reasoned=1,0,0,0,0,1,0,0,0
reassign,1,reassigned=1,0,0,1,0,0,0,0,0
reattach,1,reattach=1,0,0,1,0,0,0,0,0
reauthenticate,1,reauthenticating=1,0,0,1,0,0,0,0,0
rebate,1,rebates=1,1,0,0,0,0,0,0,0
reboot,1,reboot=1,1,0,0,0,0,0,0,0
rebuttal,1,rebuttal=1,1,0,0,0,0,0,0,0
recalibrate,1,recalibrating=1,0,0,1,0,0,0,0,0
recalling,1,recalling=1,1,0,0,0,0,0,0,0
receivers,1,receivers=1,0,1,0,0,0,0,0,0
recess,1,recess=1,1,0,0,0,0,0,0,0
reckless,1,reckless=1,0,0,0,0,1,0,0,0
recklessly,1,recklessly=1,0,0,0,0,0,1,0,0
recline,1,reclining=1,0,0,1,0,0,0,0,0
recommence,1,recommence=1,1,0,0,0,0,0,0,0
recommendations,1,recommendations=1,0,1,0,0,0,0,0,0
reconfigure,1,reconfigure=1,0,0,1,0,0,0,0,0
reconnecte,1,reconnecting=1,0,0,1,0,0,0,0,0
reconsideration,1,reconsideration=1,1,0,0,0,0,0,0,0
reconvert,1,reconverted=1,0,0,1,0,0,0,0,0
recourse,1,recourses=1,1,0,0,0,0,0,0,0
recruiting,1,recruiting=1,1,0,0,0,0,0,0,0
recuperate,1,recuperate=1,0,0,1,0,0,0,0,0
redbird,1,redbird=1,0,1,0,0,0,0,0,0
redecorate,1,redecorating=1,0,0,1,0,0,0,0,0
redeem,1,redeem=1,0,0,1,0,0,0,0,0
redefinition,1,redefinition=1,1,0,0,0,0,0,0,0
redistributing,1,redistributing=1,0,1,0,0,0,0,0,0
redone,1,redone=1,1,0,0,0,0,0,0,0
redundancy,1,redundancy=1,1,0,0,0,0,0,0,0
redwinge,1,redwinged=1,0,0,1,0,0,0,0,0
reede,1,reeded=1,0,0,1,0,0,0,0,0
reemerge,1,reemerging=1,0,0,1,0,0,0,0,0
reemit,1,reemit=1,0,0,1,0,0,0,0,0
reengineer,1,reengineer=1,0,0,1,0,0,0,0,0
reenter,1,reenter=1,0,0,1,0,0,0,0,0
reentere,1,reentering=1,0,0,1,0,0,0,0,0
reentry,1,reentry=1,1,0,0,0,0,0,0,0
reevaluation,1,reevaluation=1,1,0,0,0,0,0,0,0
referee,1,referees=1,1,0,0,0,0,0,0,0
referential,1,referential=1,0,0,0,0,1,0,0,0
referral,1,referral=1,1,0,0,0,0,0,0,0
refinery,1,refinery=1,1,0,0,0,0,0,0,0
refinings,1,refinings=1,0,1,0,0,0,0,0,0
reflectance,1,reflectance=1,1,0,0,0,0,0,0,0
reflections,1,reflections=1,0,1,0,0,0,0,0,0
reflectively,1,reflectively=1,0,0,0,0,0,1,0,0
reflectivity,1,reflectivity=1,1,0,0,0,0,0,0,0
refract,1,refracted=1,0,0,1,0,0,0,0,0
refreshed,1,refreshed=1,0,0,0,0,1,0,0,0
refresher,1,refresher=1,1,0,0,0,0,0,0,0
refreshing,1,refreshing=1,0,0,0,0,1,0,0,0
refrigerated,1,refrigerated=1,0,0,0,0,1,0,0,0
refrigerators,1,refrigerators=1,0,1,0,0,0,0,0,0
refuel,1,refuel=1,0,0,1,0,0,0,0,0
refueling,1,refueling=1,1,0,0,0,0,0,0,0
regal,1,regal=1,0,1,0,0,0,0,0,0
regalia,1,regalia=1,1,0,0,0,0,0,0,0
regally,1,regally=1,0,0,0,0,0,1,0,0
regenerating,1,regenerating=1,1,0,0,0,0,0,0,0
regent,1,regent=1,1,0,0,0,0,0,0,0
regiman,1,regimen=1,1,0,0,0,0,0,0,0
registering,1,registering=1,0,1,0,0,0,0,0,0
regretful,1,regretful=1,0,1,0,0,0,0,0,0
regrown,1,regrown=1,0,0,1,0,0,0,0,0
regulations,1,regulations=1,0,1,0,0,0,0,0,0
regulator,1,regulators=1,1,0,0,0,0,0,0,0
rehash,1,rehash=1,0,0,1,0,0,0,0,0
reherse,1,rehersing=1,0,0,1,0,0,0,0,0
rehydrate,1,rehydrate=1,0,0,1,0,0,0,0,0
rehydration,1,rehydration=1,1,0,0,0,0,0,0,0
reimagines,1,reimagines=1,0,1,0,0,0,0,0,0
reimagining,1,reimagining=1,1,0,0,0,0,0,0,0
reimer,1,reimer=1,0,1,0,0,0,0,0,0
rein,1,rein=1,1,0,0,0,0,0,0,0
reinvest,1,reinvest=1,0,0,1,0,0,0,0,0
reinvigorate,1,reinvigorated=1,0,0,1,0,0,0,0,0
reinvigorator,1,reinvigorators=1,1,0,0,0,0,0,0,0
relatedness,1,relatedness=1,1,0,0,0,0,0,0,0
relationships,1,relationships=1,0,1,0,0,0,0,0,0
relearn,1,relearned=1,0,0,1,0,0,0,0,0
releasing,1,releasing=1,0,1,0,0,0,0,0,0
relegate,1,relegated=1,0,0,1,0,0,0,0,0
relentless,1,relentless=1,0,0,0,0,1,0,0,0
relentlessly,1,relentlessly=1,0,0,0,0,0,1,0,0
relie,1,relies=1,1,0,0,0,0,0,0,0
relish,1,relish=1,0,0,1,0,0,0,0,0
relive,1,relive=1,0,0,1,0,0,0,0,0
relocating,1,relocating=1,1,0,0,0,0,0,0,0
remarks,1,remarks=1,0,1,0,0,0,0,0,0
remediation,1,remediation=1,1,0,0,0,0,0,0,0
remelte,1,remelted=1,0,0,1,0,0,0,0,0
remem,1,remem=1,0,0,1,0,0,0,0,0
reminisce,1,reminisce=1,0,0,1,0,0,0,0,0
reminiscence,1,reminiscence=1,1,0,0,0,0,0,0,0
remix,1,remix=1,1,0,0,0,0,0,0,0
remixe,1,remixes=1,1,0,0,0,0,0,0,0
remodeling,1,remodeling=1,1,0,0,0,0,0,0,0
removed,1,removed=1,0,0,0,0,1,0,0,0
removes,1,removes=1,0,1,0,0,0,0,0,0
removing,1,removing=1,0,1,0,0,0,0,0,0
rene,1,rene=1,0,1,0,0,0,0,0,0
renegotiate,1,renegotiate=1,0,0,1,0,0,0,0,0
renewed,1,renewed=1,0,1,0,0,0,0,0,0
renter,1,renters=1,1,0,0,0,0,0,0,0
rentier,1,rentiers=1,1,0,0,0,0,0,0,0
renzi,1,renzi=1,0,1,0,0,0,0,0,0
reoccupation,1,reoccupation=1,1,0,0,0,0,0,0,0
reoccupie,1,reoccupied=1,0,0,1,0,0,0,0,0
reoccurre,1,reoccurred=1,0,0,1,0,0,0,0,0
reopening,1,reopening=1,1,0,0,0,0,0,0,0
reorganization,1,reorganization=1,1,0,0,0,0,0,0,0
reorientation,1,reorientation=1,1,0,0,0,0,0,0,0
repainting,1,repainting=1,1,0,0,0,0,0,0,0
repairable,1,repairable=1,0,0,0,0,1,0,0,0
repairs,1,repairs=1,0,1,0,0,0,0,0,0
repare,1,reparing=1,0,0,1,0,0,0,0,0
repave,1,repaved=1,0,0,1,0,0,0,0,0
repellant,1,repellant=1,1,0,0,0,0,0,0,0
repetitively,1,repetitively=1,0,0,0,0,0,1,0,0
repetitiveness,1,repetitiveness=1,0,0,0,0,1,0,0,0
rephrase,1,rephrase=1,0,0,1,0,0,0,0,0
replanting,1,replanting=1,1,0,0,0,0,0,0,0
replicas,1,replicas=1,0,1,0,0,0,0,0,0
reportedly,1,reportedly=1,0,0,0,0,0,1,0,0
reports,1,reports=1,0,1,0,0,0,0,0,0
repository,1,repository=1,1,0,0,0,0,0,0,0
repressive,1,repressive=1,0,0,0,0,1,0,0,0
reproducer,1,reproducers=1,1,0,0,0,0,0,0,0
reproducible,1,reproducible=1,0,0,0,0,1,0,0,0
reproductively,1,reproductively=1,0,0,0,0,0,1,0,0
reptiles,1,reptiles=1,0,1,0,0,0,0,0,0
repulsive,1,repulsive=1,0,0,0,0,1,0,0,0
repute,1,reputed=1,0,0,1,0,0,0,0,0
rerecord,1,rerecords=1,1,0,0,0,0,0,0,0
reroute,1,rerouted=1,0,0,1,0,0,0,0,0
rescheduling,1,rescheduling=1,1,0,0,0,0,0,0,0
rescind,1,rescinded=1,0,0,1,0,0,0,0,0
reseeding,1,reseeding=1,1,0,0,0,0,0,0,0
resell,1,reselling=1,0,0,1,0,0,0,0,0
resend,1,resend=1,0,0,1,0,0,0,0,0
reshaping,1,reshaping=1,1,0,0,0,0,0,0,0
reshelve,1,reshelve=1,0,0,1,0,0,0,0,0
reshoot,1,reshoot=1,0,0,1,0,0,0,0,0
residents,1,residents=1,0,1,0,0,0,0,0,0
resignation,1,resignation=1,1,0,0,0,0,0,0,0
resinous,1,resinous=1,0,0,0,0,1,0,0,0
resisting,1,resisting=1,0,0,0,0,1,0,0,0
resourceful,1,resourceful=1,0,0,0,0,1,0,0,0
respire,1,respire=1,0,0,1,0,0,0,0,0
resplendent,1,resplendent=1,0,0,0,0,1,0,0,0
respondent,1,respondents=1,1,0,0,0,0,0,0,0
responsibly,1,responsibly=1,0,0,0,0,0,1,0,0
restaurants,1,restaurants=1,0,1,0,0,0,0,0,0
restless,1,restless=1,0,0,0,0,1,0,0,0
restorative,1,restorative=1,0,0,0,0,1,0,0,0
restorer,1,restorer=1,1,0,0,0,0,0,0,0
restraint,1,restraints=1,1,0,0,0,0,0,0,0
restrictions,1,restrictions=1,0,1,0,0,0,0,0,0
resumé,1,resumé=1,1,0,0,0,0,0,0,0
resumés,1,resumés=1,1,0,0,0,0,0,0,0
resupplie,1,resupplied=1,0,0,1,0,0,0,0,0
resurge,1,resurges=1,1,0,0,0,0,0,0,0
resurrect,1,resurrected=1,0,0,1,0,0,0,0,0
retaliate,1,retaliated=1,0,0,1,0,0,0,0,0
retarding,1,retarding=1,1,0,0,0,0,0,0,0
reteste,1,retested=1,0,0,1,0,0,0,0,0
rethinking,1,rethinking=1,0,1,0,0,0,0,0,0
reticence,1,reticence=1,1,0,0,0,0,0,0,0
retool,1,retooled=1,0,0,1,0,0,0,0,0
retract,1,retracting=1,0,0,1,0,0,0,0,0
retraction,1,retraction=1,1,0,0,0,0,0,0,0
retreats,1,retreats=1,0,1,0,0,0,0,0,0
retroactively,1,retroactively=1,0,0,0,0,0,1,0,0
retrofit,1,retrofitted=1,0,0,1,0,0,0,0,0
retrospect,1,retrospect=1,1,0,0,0,0,0,0,0
reunion,1,reunion=1,1,0,0,0,0,0,0,0
revealing,1,revealing=1,0,0,0,0,1,0,0,0
revenge,1,revenge=1,1,0,0,0,0,0,0,0
reverend,1,reverend=1,0,1,0,0,0,0,0,0
reversibility,1,reversibility=1,1,0,0,0,0,0,0,0
reviewing,1,reviewing=1,1,0,0,0,0,0,0,0
reviews,1,reviews=1,0,1,0,0,0,0,0,0
revitalize,1,revitalize=1,0,0,1,0,0,0,0,0
revoke,1,revoke=1,0,0,1,0,0,0,0,0
revolutionizing,1,revolutionizing=1,1,0,0,0,0,0,0,0
revolutions,1,revolutions=1,0,1,0,0,0,0,0,0
revolving,1,revolving=1,0,0,0,0,1,0,0,0
rewind,1,rewind=1,1,0,0,0,0,0,0,0
rewire,1,rewiring=1,0,0,1,0,0,0,0,0
reworking,1,reworkings=1,1,0,0,0,0,0,0,0
rewriting,1,rewriting=1,1,0,0,0,0,0,0,0
rh,1,rh=1,0,1,0,0,0,0,0,0
rhapsody,1,rhapsody=1,1,0,0,0,0,0,0,0
rhein,1,rhein=1,0,1,0,0,0,0,0,0
rhineland,1,rhineland=1,0,1,0,0,0,0,0,0
rhinocerose,1,rhinoceroses=1,0,0,1,0,0,0,0,0
rhizome,1,rhizomes=1,1,0,0,0,0,0,0,0
rhododendron,1,rhododendrons=1,1,0,0,0,0,0,0,0
rhythmically,1,rhythmically=1,0,0,0,0,0,1,0,0
rhythms,1,rhythms=1,0,1,0,0,0,0,0,0
ribcage,1,ribcage=1,1,0,0,0,0,0,0,0
ricercar,1,ricercars=1,1,0,0,0,0,0,0,0
richer,1,richer=1,0,1,0,0,0,0,0,0
richly,1,richly=1,0,0,0,0,0,1,0,0
rick,1,rick=1,0,1,0,0,0,0,0,0
ridesharing,1,ridesharing=1,1,0,0,0,0,0,0,0
ridges,1,ridges=1,0,1,0,0,0,0,0,0
ridiculously,1,ridiculously=1,0,0,0,0,0,1,0,0
ries,1,ries=1,0,1,0,0,0,0,0,0
riff,1,riffs=1,1,0,0,0,0,0,0,0
rifts,1,rifts=1,0,1,0,0,0,0,0,0
riggman,1,riggman=1,0,1,0,0,0,0,0,0
rightfully,1,rightfully=1,0,0,0,0,0,1,0,0
rightness,1,rightness=1,1,0,0,0,0,0,0,0
rights,1,rights=1,0,1,0,0,0,0,0,0
rigorously,1,rigorously=1,0,0,0,0,0,1,0,0
rihanna,1,rihanna=1,0,1,0,0,0,0,0,0
rinascita,1,rinascita=1,0,1,0,0,0,0,0,0
ringing,1,ringing=1,1,0,0,0,0,0,0,0
rink,1,rink=1,1,0,0,0,0,0,0,0
rinsing,1,rinsing=1,1,0,0,0,0,0,0,0
rio,1,rio=1,0,1,0,0,0,0,0,0
ripening,1,ripening=1,1,0,0,0,0,0,0,0
ritually,1,ritually=1,0,0,0,0,0,1,0,0
rituals,1,rituals=1,0,1,0,0,0,0,0,0
riven,1,riven=1,0,0,0,0,1,0,0,0
riveting,1,riveting=1,0,0,0,0,1,0,0,0
rko,1,rko=1,0,1,0,0,0,0,0,0
rm,1,rm=1,0,1,0,0,0,0,0,0
rmoregulation,1,rmoregulation=1,1,0,0,0,0,0,0,0
roadwey,1,roadweys=1,1,0,0,0,0,0,0,0
roald,1,roald=1,0,1,0,0,0,0,0,0
roaring,1,roaring=1,1,0,0,0,0,0,0,0
roasting,1,roasting=1,1,0,0,0,0,0,0,0
robber,1,robbers=1,1,0,0,0,0,0,0,0
robbery,1,robbery=1,1,0,0,0,0,0,0,0
robigus,1,robigus=1,0,1,0,0,0,0,0,0
robins,1,robins=1,0,1,0,0,0,0,0,0
robs,1,robs=1,1,0,0,0,0,0,0,0
roby,1,roby=1,0,1,0,0,0,0,0,0
rocca,1,rocca=1,0,1,0,0,0,0,0,0
rochester,1,rochester=1,0,1,0,0,0,0,0,0
rockies,1,rockies=1,0,1,0,0,0,0,0,0
rodents,1,rodents=1,0,1,0,0,0,0,0,0
rogue,1,rogue=1,1,0,0,0,0,0,0,0
roil,1,roiling=1,0,0,1,0,0,0,0,0
roland,1,roland=1,0,1,0,0,0,0,0,0
roles,1,roles=1,0,1,0,0,0,0,0,0
rom,1,rom=1,1,0,0,0,0,0,0,0
romano,1,romano=1,0,0,0,0,1,0,0,0
ronald,1,ronald=1,0,1,0,0,0,0,0,0
roofed,1,roofed=1,0,0,0,0,1,0,0,0
roomed,1,roomed=1,0,0,0,0,1,0,0,0
rootlet,1,rootlets=1,1,0,0,0,0,0,0,0
roots,1,roots=1,0,1,0,0,0,0,0,0
rory,1,rory=1,0,1,0,0,0,0,0,0
roseate,1,roseate=1,0,0,1,0,0,0,0,0
roster,1,roster=1,1,0,0,0,0,0,0,0
rotjan,1,rotjan=1,0,1,0,0,0,0,0,0
rotting,1,rotting=1,1,0,0,0,0,0,0,0
rouffignac,1,rouffignac=1,0,1,0,0,0,0,0,0
roughage,1,roughage=1,1,0,0,0,0,0,0,0
roughen,1,roughen=1,0,0,1,0,0,0,0,0
roughness,1,roughness=1,1,0,0,0,0,0,0,0
roundish,1,roundish=1,0,0,0,0,1,0,0,0
routinized,1,routinized=1,0,0,0,0,1,0,0,0
rower,1,rowers=1,1,0,0,0,0,0,0,0
rpm,1,rpm=1,1,0,0,0,0,0,0,0
rseaciss,1,rseaciss=1,1,0,0,0,0,0,0,0
rsvp,1,rsvp=1,1,0,0,0,0,0,0,0
rubbing,1,rubbing=1,1,0,0,0,0,0,0,0
rudely,1,rudely=1,0,0,0,0,0,1,0,0
rue,1,rue=1,1,0,0,0,0,0,0,0
rug,1,rugs=1,1,0,0,0,0,0,0,0
rugosa,1,rugosa=1,1,0,0,0,0,0,0,0
ruinous,1,ruinous=1,0,0,0,0,1,0,0,0
rulers,1,rulers=1,0,1,0,0,0,0,0,0
rum,1,rum=1,1,0,0,0,0,0,0,0
rumour,1,rumour=1,0,1,0,0,0,0,0,0
rump,1,rumps=1,1,0,0,0,0,0,0,0
rundown,1,rundown=1,0,0,0,0,1,0,0,0
runny,1,runny=1,0,0,0,0,1,0,0,0
runway,1,runway=1,1,0,0,0,0,0,0,0
ruse,1,ruse=1,1,0,0,0,0,0,0,0
rustle,1,rustling=1,0,0,1,0,0,0,0,0
rutting,1,rutting=1,1,0,0,0,0,0,0,0
ruysdael,1,ruysdael=1,0,1,0,0,0,0,0,0
ry,1,ry=1,0,1,0,0,0,0,0,0
ryman,1,ryman=1,0,1,0,0,0,0,0,0
sable,1,sable=1,1,0,0,0,0,0,0,0
sacking,1,sacking=1,1,0,0,0,0,0,0,0
saddle,1,saddle=1,1,0,0,0,0,0,0,0
saddlebrook,1,saddlebrook=1,0,1,0,0,0,0,0,0
safaris,1,safaris=1,0,1,0,0,0,0,0,0
saffron,1,saffron=1,0,1,0,0,0,0,0,0
sagal,1,sagal=1,0,1,0,0,0,0,0,0
saggy,1,saggy=1,0,0,0,0,1,0,0,0
saguaro,1,saguaro=1,0,0,0,0,1,0,0,0
sahure,1,sahure=1,0,1,0,0,0,0,0,0
said,1,said=1,0,1,0,0,0,0,0,0
sailcloth,1,sailcloth=1,1,0,0,0,0,0,0,0
sails,1,sails=1,0,1,0,0,0,0,0,0
salama,1,salama=1,0,1,0,0,0,0,0,0
saleem,1,saleem=1,0,1,0,0,0,0,0,0
salem,1,salem=1,0,1,0,0,0,0,0,0
saleslady,1,saleslady=1,1,0,0,0,0,0,0,0
salisbury,1,salisbury=1,0,1,0,0,0,0,0,0
sally,1,sally=1,0,1,0,0,0,0,0,0
salp,1,salps=1,1,0,0,0,0,0,0,0
salute,1,salutes=1,1,0,0,0,0,0,0,0
saluterian,1,saluterian=1,0,0,0,0,1,0,0,0
salutine,1,salutines=1,1,0,0,0,0,0,0,0
salvador,1,salvador=1,0,1,0,0,0,0,0,0
salvage,1,salvaged=1,0,0,1,0,0,0,0,0
samba,1,samba=1,1,0,0,0,0,0,0,0
samoan,1,samoan=1,0,1,0,0,0,0,0,0
sanatose,1,sanatose=1,1,0,0,0,0,0,0,0
sanchez,1,sanchez=1,0,1,0,0,0,0,0,0
sandbar,1,sandbars=1,1,0,0,0,0,0,0,0
sanderson,1,sanderson=1,0,1,0,0,0,0,0,0
sandpaper,1,sandpaper=1,1,0,0,0,0,0,0,0
sandstorm,1,sandstorms=1,1,0,0,0,0,0,0,0
sandwiches,1,sandwiches=1,0,1,0,0,0,0,0,0
saniosis,1,saniosis=1,0,0,0,0,1,0,0,0
sanskrit,1,sanskrit=1,0,1,0,0,0,0,0,0
sansui,1,sansui=1,1,0,0,0,0,0,0,0
santiago,1,santiago=1,0,1,0,0,0,0,0,0
sapanac,1,sapanac=1,0,1,0,0,0,0,0,0
saqia,1,saqia=1,1,0,0,0,0,0,0,0
sasha,1,sasha=1,0,1,0,0,0,0,0,0
sate,1,sate=1,0,1,0,0,0,0,0,0
satellites,1,satellites=1,0,1,0,0,0,0,0,0
sates,1,sates=1,0,1,0,0,0,0,0,0
satirize,1,satirized=1,0,0,1,0,0,0,0,0
satisficer,1,satisficer=1,1,0,0,0,0,0,0,0
satisficing,1,satisficing=1,1,0,0,0,0,0,0,0
saturated,1,saturated=1,0,0,0,0,1,0,0,0
saurian,1,saurian=1,1,0,0,0,0,0,0,0
sausage,1,sausages=1,1,0,0,0,0,0,0,0
saussure,1,saussure=1,0,1,0,0,0,0,0,0
savage,1,savage=1,0,0,0,0,1,0,0,0
savannah,1,savannahs=1,1,0,0,0,0,0,0,0
savings,1,savings=1,0,1,0,0,0,0,0,0
savvy,1,savvy=1,0,0,0,0,1,0,0,0
sawlike,1,sawlike=1,0,0,0,0,1,0,0,0
sawteeth,1,sawteeth=1,1,0,0,0,0,0,0,0
saxophonist,1,saxophonist=1,1,0,0,0,0,0,0,0
sc,1,sc=1,0,1,0,0,0,0,0,0
scalable,1,scalable=1,0,0,0,0,1,0,0,0
scalelike,1,scalelike=1,0,0,0,0,1,0,0,0
scalp,1,scalp=1,1,0,0,0,0,0,0,0
scandalize,1,scandalized=1,0,0,1,0,0,0,0,0
scandalous,1,scandalous=1,0,0,0,0,1,0,0,0
scant,1,scant=1,0,0,0,0,1,0,0,0
scanty,1,scantiest=1,0,0,0,0,1,0,0,0
scapegoat,1,scapegoat=1,0,1,0,0,0,0,0,0
scarcely,1,scarcely=1,0,0,0,0,0,1,0,0
scattered,1,scattered=1,0,0,0,0,1,0,0,0
scented,1,scented=1,0,0,0,0,1,0,0,0
scholarships,1,scholarships=1,0,1,0,0,0,0,0,0
schoolmate,1,schoolmates=1,1,0,0,0,0,0,0,0
schoolyard,1,schoolyard=1,1,0,0,0,0,0,0,0
scofield,1,scofield=1,0,1,0,0,0,0,0,0
scorekeeper,1,scorekeeper=1,1,0,0,0,0,0,0,0
scores,1,scores=1,0,1,0,0,0,0,0,0
scornfully,1,scornfully=1,0,0,0,0,0,1,0,0
scotch,1,scotch=1,0,1,0,0,0,0,0,0
scour,1,scouring=1,0,0,1,0,0,0,0,0
scourge,1,scourges=1,1,0,0,0,0,0,0,0
scraggly,1,scraggly=1,0,0,0,0,0,1,0,0
scramble,1,scrambling=1,0,0,1,0,0,0,0,0
scraping,1,scraping=1,1,0,0,0,0,0,0,0
screaming,1,screaming=1,1,0,0,0,0,0,0,0
screeching,1,screeching=1,0,0,0,0,1,0,0,0
screenwriters,1,screenwriters=1,0,1,0,0,0,0,0,0
screwdriver,1,screwdriver=1,1,0,0,0,0,0,0,0
scripted,1,scripted=1,0,0,0,0,1,0,0,0
scriptwriter,1,scriptwriters=1,1,0,0,0,0,0,0,0
scrolling,1,scrolling=1,1,0,0,0,0,0,0,0
scuff,1,scuff=1,0,0,0,0,1,0,0,0
sculpted,1,sculpted=1,0,0,0,0,1,0,0,0
sculpting,1,sculpting=1,0,0,0,0,1,0,0,0
scum,1,scum=1,1,0,0,0,0,0,0,0
scurry,1,scurry=1,0,0,1,0,0,0,0,0
scurvy,1,scurvy=1,0,0,1,0,0,0,0,0
seagra,1,seagras=1,1,0,0,0,0,0,0,0
seahorse,1,seahorses=1,1,0,0,0,0,0,0,0
sealer,1,sealer=1,1,0,0,0,0,0,0,0
seals,1,seals=1,0,1,0,0,0,0,0,0
searcher,1,searcher=1,1,0,0,0,0,0,0,0
searching,1,searching=1,1,0,0,0,0,0,0,0
seasoned,1,seasoned=1,0,0,0,0,1,0,0,0
seasoning,1,seasoning=1,1,0,0,0,0,0,0,0
seasons,1,seasons=1,0,1,0,0,0,0,0,0
seater,1,seater=1,1,0,0,0,0,0,0,0
seats,1,seats=1,0,1,0,0,0,0,0,0
seattle,1,seattle=1,0,1,0,0,0,0,0,0
seaworthiness,1,seaworthiness=1,1,0,0,0,0,0,0,0
sec,1,sec=1,0,1,0,0,0,0,0,0
secession,1,secession=1,1,0,0,0,0,0,0,0
seclude,1,secluded=1,0,0,1,0,0,0,0,0
seclusion,1,seclusion=1,1,0,0,0,0,0,0,0
secondarily,1,secondarily=1,0,0,0,0,0,1,0,0
secrecy,1,secrecy=1,1,0,0,0,0,0,0,0
secretes,1,secretes=1,0,1,0,0,0,0,0,0
securing,1,securing=1,0,1,0,0,0,0,0,0
sedate,1,sedated=1,0,0,1,0,0,0,0,0
seeming,1,seeming=1,0,1,0,0,0,0,0,0
seepage,1,seepage=1,1,0,0,0,0,0,0,0
seesaw,1,seesaw=1,1,0,0,0,0,0,0,0
segall,1,segall=1,0,0,1,0,0,0,0,0
segmented,1,segmented=1,0,0,0,0,1,0,0,0
segregated,1,segregated=1,0,0,0,0,1,0,0,0
sehel,1,sehel=1,0,1,0,0,0,0,0,0
seitz,1,seitz=1,0,1,0,0,0,0,0,0
selecting,1,selecting=1,0,1,0,0,0,0,0,0
selfishly,1,selfishly=1,0,0,0,0,0,1,0,0
selfishness,1,selfishness=1,1,0,0,0,0,0,0,0
selfless,1,selfless=1,0,0,0,0,1,0,0,0
selfmanagement,1,selfmanagement=1,1,0,0,0,0,0,0,0
selkirk,1,selkirk=1,0,1,0,0,0,0,0,0
semifluid,1,semifluid=1,0,0,0,0,1,0,0,0
semisedentary,1,semisedentary=1,0,0,0,0,1,0,0,0
senegal,1,senegal=1,0,1,0,0,0,0,0,0
senegalese,1,senegalese=1,0,0,0,0,1,0,0,0
seniority,1,seniority=1,1,0,0,0,0,0,0,0
sensational,1,sensational=1,0,0,0,0,1,0,0,0
sensible,1,sensible=1,0,0,0,0,1,0,0,0
sensibly,1,sensibly=1,0,0,0,0,0,1,0,0
sensors,1,sensors=1,0,1,0,0,0,0,0,0
sensuous,1,sensuous=1,0,0,0,0,1,0,0,0
sent,1,sent=1,0,0,0,0,1,0,0,0
sentimentality,1,sentimentality=1,1,0,0,0,0,0,0,0
sepal,1,sepals=1,1,0,0,0,0,0,0,0
sequentially,1,sequentially=1,0,0,0,0,0,1,0,0
serbia,1,serbia=1,0,1,0,0,0,0,0,0
sere,1,seres=1,1,0,0,0,0,0,0,0
serene,1,serene=1,0,0,0,0,1,0,0,0
serenely,1,serenely=1,1,0,0,0,0,0,0,0
serenity,1,serenity=1,1,0,0,0,0,0,0,0
serf,1,serves=1,1,0,0,0,0,0,0,0
sergeant,1,sergeant=1,0,1,0,0,0,0,0,0
serially,1,serially=1,0,0,0,0,0,1,0,0
serica,1,serica=1,0,1,0,0,0,0,0,0
serpents,1,serpents=1,0,1,0,0,0,0,0,0
serving,1,servings=1,1,0,0,0,0,0,0,0
serén,1,serén=1,0,1,0,0,0,0,0,0
sessile,1,sessile=1,1,0,0,0,0,0,0,0
sets,1,sets=1,0,1,0,0,0,0,0,0
settlers,1,settlers=1,0,1,0,0,0,0,0,0
sever,1,sever=1,0,0,1,0,0,0,0,0
severa,1,severa=1,1,0,0,0,0,0,0,0
sewn,1,sewn=1,0,1,0,0,0,0,0,0
sexually,1,sexually=1,0,0,0,0,0,1,0,0
shack,1,shacks=1,1,0,0,0,0,0,0,0
shadowgraphs,1,shadowgraphs=1,0,1,0,0,0,0,0,0
shadowing,1,shadowing=1,0,0,0,0,1,0,0,0
shafer,1,shafer=1,0,1,0,0,0,0,0,0
shafts,1,shafts=1,0,0,0,0,1,0,0,0
shahr,1,shahr=1,0,1,0,0,0,0,0,0
shalmaneser,1,shalmaneser=1,0,1,0,0,0,0,0,0
sham,1,sham=1,1,0,0,0,0,0,0,0
shamanism,1,shamanism=1,1,0,0,0,0,0,0,0
shameless,1,shameless=1,0,0,0,0,1,0,0,0
shansi,1,shansi=1,0,1,0,0,0,0,0,0
shapiro,1,shapiro=1,0,1,0,0,0,0,0,0
sharks,1,sharks=1,0,1,0,0,0,0,0,0
shauna,1,shauna=1,0,1,0,0,0,0,0,0
shave,1,shaving=1,0,0,1,0,0,0,0,0
shear,1,shears=1,1,0,0,0,0,0,0,0
sheathe,1,sheathed=1,0,0,1,0,0,0,0,0
sheen,1,sheen=1,1,0,0,0,0,0,0,0
sheepherder,1,sheepherders=1,1,0,0,0,0,0,0,0
shelley,1,shelley=1,0,1,0,0,0,0,0,0
shells,1,shells=1,0,1,0,0,0,0,0,0
shelve,1,shelved=1,0,0,1,0,0,0,0,0
shensi,1,shensi=1,0,1,0,0,0,0,0,0
shepherd,1,shepherd=1,1,0,0,0,0,0,0,0
shi,1,shi=1,0,1,0,0,0,0,0,0
shielded,1,shielded=1,0,0,0,0,1,0,0,0
shifton,1,shifton=1,0,1,0,0,0,0,0,0
shifts,1,shifts=1,0,1,0,0,0,0,0,0
shinier,1,shinier=1,1,0,0,0,0,0,0,0
shinto,1,shinto=1,0,1,0,0,0,0,0,0
shipments,1,shipments=1,0,1,0,0,0,0,0,0
shipwright,1,shipwrights=1,1,0,0,0,0,0,0,0
shipyard,1,shipyard=1,1,0,0,0,0,0,0,0
shockingly,1,shockingly=1,0,0,0,0,0,1,0,0
shockwave,1,shockwaves=1,1,0,0,0,0,0,0,0
shoelace,1,shoelaces=1,1,0,0,0,0,0,0,0
shooting,1,shooting=1,1,0,0,0,0,0,0,0
shopkeeper,1,shopkeepers=1,1,0,0,0,0,0,0,0
shortening,1,shortening=1,1,0,0,0,0,0,0,0
shorthand,1,shorthand=1,1,0,0,0,0,0,0,0
shortness,1,shortness=1,1,0,0,0,0,0,0,0
shortsighted,1,shortsighted=1,0,0,0,0,1,0,0,0
showcasing,1,showcasing=1,1,0,0,0,0,0,0,0
showdown,1,showdowns=1,1,0,0,0,0,0,0,0
shredder,1,shredder=1,1,0,0,0,0,0,0,0
shrivel,1,shrivel=1,0,0,1,0,0,0,0,0
shroud,1,shrouded=1,0,0,1,0,0,0,0,0
shrunk,1,shrunk=1,1,0,0,0,0,0,0,0
shuffle,1,shuffle=1,1,0,0,0,0,0,0,0
shun,1,shunned=1,0,0,1,0,0,0,0,0
shyness,1,shyness=1,1,0,0,0,0,0,0,0
sicilian,1,sicilian=1,0,0,0,0,1,0,0,0
sicken,1,sicken=1,0,0,1,0,0,0,0,0
sicklaid,1,sicklaid=1,1,0,0,0,0,0,0,0
sicklet,1,sicklet=1,1,0,0,0,0,0,0,0
sicklid,1,sicklids=1,1,0,0,0,0,0,0,0
sicklids,1,sicklids=1,0,1,0,0,0,0,0,0
sidedness,1,sidedness=1,1,0,0,0,0,0,0,0
sideshow,1,sideshows=1,0,0,1,0,0,0,0,0
siege,1,siege=1,1,0,0,0,0,0,0,0
siegel,1,siegel=1,0,1,0,0,0,0,0,0
sigel,1,sigel=1,0,1,0,0,0,0,0,0
sightings,1,sightings=1,0,1,0,0,0,0,0,0
sightsee,1,sightsee=1,0,0,1,0,0,0,0,0
sigmund,1,sigmund=1,0,1,0,0,0,0,0,0
signals,1,signals=1,0,1,0,0,0,0,0,0
signatures,1,signatures=1,0,1,0,0,0,0,0,0
signer,1,signers=1,1,0,0,0,0,0,0,0
signficant,1,signficant=1,0,0,0,0,1,0,0,0
signpost,1,signposts=1,1,0,0,0,0,0,0,0
signup,1,signup=1,0,0,0,0,1,0,0,0
silkworms,1,silkworms=1,0,1,0,0,0,0,0,0
silky,1,silky=1,0,0,0,0,1,0,0,0
sill,1,sills=1,1,0,0,0,0,0,0,0
silliness,1,silliness=1,1,0,0,0,0,0,0,0
silo,1,silos=1,1,0,0,0,0,0,0,0
silsila,1,silsila=1,0,1,0,0,0,0,0,0
silverfish,1,silverfish=1,1,0,0,0,0,0,0,0
silverman,1,silverman=1,0,1,0,0,0,0,0,0
simms,1,simms=1,0,1,0,0,0,0,0,0
simpler,1,simpler=1,0,1,0,0,0,0,0,0
simulating,1,simulating=1,1,0,0,0,0,0,0,0
sincere,1,sincere=1,0,0,0,0,1,0,0,0
singh,1,singh=1,0,1,0,0,0,0,0,0
sinter,1,sinter=1,0,1,0,0,0,0,0,0
sip,1,sip=1,0,0,1,0,0,0,0,0
sire,1,sire=1,1,0,0,0,0,0,0,0
sisters,1,sisters=1,0,1,0,0,0,0,0,0
sitophilus,1,sitophilus=1,0,1,0,0,0,0,0,0
situational,1,situational=1,0,0,0,0,1,0,0,0
sixfold,1,sixfold=1,0,0,0,0,0,1,0,0
sjetie,1,sjeties=1,1,0,0,0,0,0,0,0
skating,1,skating=1,1,0,0,0,0,0,0,0
skeptically,1,skeptically=1,0,0,0,0,0,1,0,0
skid,1,skid=1,0,0,1,0,0,0,0,0
skil,1,skils=1,1,0,0,0,0,0,0,0
skille,1,skilled=1,0,0,1,0,0,0,0,0
skitter,1,skitters=1,1,0,0,0,0,0,0,0
skydiving,1,skydiving=1,1,0,0,0,0,0,0,0
skywatching,1,skywatching=1,0,0,0,0,1,0,0,0
skyway,1,skyway=1,0,1,0,0,0,0,0,0
slam,1,slamming=1,0,0,1,0,0,0,0,0
slant,1,slanted=1,0,0,1,0,0,0,0,0
slanted,1,slanted=1,0,0,0,0,1,0,0,0
slat,1,slats=1,1,0,0,0,0,0,0,0
slates,1,slates=1,0,1,0,0,0,0,0,0
slavic,1,slavic=1,0,0,0,0,1,0,0,0
sleeveless,1,sleeveless=1,0,0,0,0,1,0,0,0
slick,1,slick=1,0,0,0,0,1,0,0,0
sliding,1,sliding=1,0,1,0,0,0,0,0,0
slighter,1,slighter=1,1,0,0,0,0,0,0,0
slipper,1,slippers=1,1,0,0,0,0,0,0,0
slips,1,slips=1,0,1,0,0,0,0,0,0
sloss,1,sloss=1,1,0,0,0,0,0,0,0
slum,1,slums=1,1,0,0,0,0,0,0,0
smallness,1,smallness=1,1,0,0,0,0,0,0,0
smartwatch,1,smartwatch=1,1,0,0,0,0,0,0,0
smeary,1,smeary=1,0,0,0,0,1,0,0,0
smelling,1,smelling=1,1,0,0,0,0,0,0,0
smithsonian,1,smithsonian=1,0,1,0,0,0,0,0,0
smoker,1,smokers=1,1,0,0,0,0,0,0,0
smokestack,1,smokestacks=1,1,0,0,0,0,0,0,0
smoothed,1,smoothed=1,0,0,0,0,1,0,0,0
smoothing,1,smoothing=1,1,0,0,0,0,0,0,0
smoothy,1,smoothies=1,1,0,0,0,0,0,0,0
smother,1,smother=1,0,0,1,0,0,0,0,0
snacks,1,snacks=1,0,1,0,0,0,0,0,0
snakebite,1,snakebite=1,1,0,0,0,0,0,0,0
snatch,1,snatch=1,0,0,1,0,0,0,0,0
sncs,1,sncs=1,0,1,0,0,0,0,0,0
sneer,1,sneer=1,0,0,1,0,0,0,0,0
sneezing,1,sneezing=1,1,0,0,0,0,0,0,0
snofru,1,snofru=1,0,1,0,0,0,0,0,0
snooty,1,snooty=1,0,0,0,0,1,0,0,0
snowboarding,1,snowboarding=1,1,0,0,0,0,0,0,0
snowflake,1,snowflakes=1,1,0,0,0,0,0,0,0
sobering,1,sobering=1,0,0,0,0,1,0,0,0
socal,1,socal=1,0,0,0,0,1,0,0,0
socia,1,socia=1,1,0,0,0,0,0,0,0
socializing,1,socializing=1,1,0,0,0,0,0,0,0
socio,1,socio=1,0,0,1,0,0,0,0,0
sociocultural,1,sociocultural=1,0,0,0,0,1,0,0,0
sociopolitical,1,sociopolitical=1,0,0,0,0,1,0,0,0
sociotechnological,1,sociotechnological=1,0,0,0,0,1,0,0,0
sofia,1,sofia=1,0,1,0,0,0,0,0,0
softly,1,softly=1,0,0,0,0,0,1,0,0
softwood,1,softwoods=1,1,0,0,0,0,0,0,0
soggy,1,soggy=1,0,0,0,0,1,0,0,0
sojourn,1,sojourn=1,1,0,0,0,0,0,0,0
sokhta,1,sokhta=1,0,1,0,0,0,0,0,0
solace,1,solace=1,1,0,0,0,0,0,0,0
solder,1,solder=1,1,0,0,0,0,0,0,0
solidity,1,solidity=1,1,0,0,0,0,0,0,0
solidly,1,solidly=1,0,0,0,0,0,1,0,0
solu,1,solu=1,0,1,0,0,0,0,0,0
solubility,1,solubility=1,1,0,0,0,0,0,0,0
somethine,1,somethine=1,1,0,0,0,0,0,0,0
songs,1,songs=1,0,1,0,0,0,0,0,0
songwriter,1,songwriters=1,1,0,0,0,0,0,0,0
songwriting,1,songwriting=1,0,0,0,0,1,0,0,0
sonia,1,sonia=1,0,1,0,0,0,0,0,0
sonifye,1,sonifying=1,0,0,1,0,0,0,0,0
sonora,1,sonora=1,0,1,0,0,0,0,0,0
sonya,1,sonya=1,0,1,0,0,0,0,0,0
soothe,1,soothe=1,0,0,1,0,0,0,0,0
soothing,1,soothing=1,0,0,0,0,1,0,0,0
sopa,1,sopa=1,0,1,0,0,0,0,0,0
sore,1,sore=1,0,0,0,0,1,0,0,0
sorrowful,1,sorrowful=1,0,0,0,0,1,0,0,0
sorta,1,sorta=1,0,1,0,0,0,0,0,0
sorting,1,sorting=1,1,0,0,0,0,0,0,0
soundly,1,soundly=1,0,0,0,0,0,1,0,0
soundscapes,1,soundscapes=1,0,1,0,0,0,0,0,0
sources,1,sources=1,0,1,0,0,0,0,0,0
southerner,1,southerners=1,1,0,0,0,0,0,0,0
southernmost,1,southernmost=1,0,0,0,0,1,0,0,0
southside,1,southside=1,1,0,0,0,0,0,0,0
spaced,1,spaced=1,0,0,0,0,1,0,0,0
spacex,1,spacex=1,0,1,0,0,0,0,0,0
spadefoot,1,spadefoot=1,1,0,0,0,0,0,0,0
sparkling,1,sparkling=1,0,0,0,0,1,0,0,0
sparks,1,sparks=1,0,1,0,0,0,0,0,0
sparser,1,sparser=1,1,0,0,0,0,0,0,0
spatialy,1,spatialy=1,0,1,0,0,0,0,0,0
spatter,1,spatters=1,1,0,0,0,0,0,0,0
speakeasy,1,speakeasies=1,1,0,0,0,0,0,0,0
speakers,1,speakers=1,0,1,0,0,0,0,0,0
speckle,1,speckles=1,1,0,0,0,0,0,0,0
speckled,1,speckled=1,0,0,0,0,1,0,0,0
spectatorship,1,spectatorship=1,1,0,0,0,0,0,0,0
speculations,1,speculations=1,0,1,0,0,0,0,0,0
speeches,1,speeches=1,0,1,0,0,0,0,0,0
speechwrite,1,speechwriting=1,0,0,1,0,0,0,0,0
speeder,1,speeders=1,1,0,0,0,0,0,0,0
speight,1,speight=1,1,0,0,0,0,0,0,0
spencer,1,spencer=1,0,1,0,0,0,0,0,0
spices,1,spices=1,0,1,0,0,0,0,0,0
spiked,1,spiked=1,0,0,0,0,1,0,0,0
spillage,1,spillage=1,1,0,0,0,0,0,0,0
spindly,1,spindly=1,0,0,0,0,1,0,0,0
spirits,1,spirits=1,0,1,0,0,0,0,0,0
spirituality,1,spirituality=1,1,0,0,0,0,0,0,0
splicing,1,splicing=1,1,0,0,0,0,0,0,0
spoiled,1,spoiled=1,0,0,0,0,1,0,0,0
spongelike,1,spongelike=1,0,0,0,0,1,0,0,0
sponges,1,sponges=1,0,1,0,0,0,0,0,0
spongy,1,spongy=1,0,0,0,0,1,0,0,0
sponsorship,1,sponsorship=1,1,0,0,0,0,0,0,0
sporelike,1,sporelike=1,0,0,0,0,1,0,0,0
spotting,1,spotting=1,1,0,0,0,0,0,0,0
spouse,1,spouses=1,1,0,0,0,0,0,0,0
spraying,1,spraying=1,1,0,0,0,0,0,0,0
springboard,1,springboard=1,1,0,0,0,0,0,0,0
springdale,1,springdale=1,0,1,0,0,0,0,0,0
springlike,1,springlike=1,0,0,0,0,0,0,0,1
springtail,1,springtails=1,1,0,0,0,0,0,0,0
sprinkling,1,sprinkling=1,1,0,0,0,0,0,0,0
sprinting,1,sprinting=1,1,0,0,0,0,0,0,0
sprouting,1,sprouting=1,1,0,0,0,0,0,0,0
sputnik,1,sputnik=1,0,1,0,0,0,0,0,0
spy,1,spying=1,0,0,1,0,0,0,0,0
squad,1,squad=1,0,0,0,0,1,0,0,0
squander,1,squandering=1,0,0,1,0,0,0,0,0
squawk,1,squawking=1,0,0,1,0,0,0,0,0
squawroot,1,squawroot=1,1,0,0,0,0,0,0,0
squeaky,1,squeaky=1,0,0,0,0,1,0,0,0
squeal,1,squeals=1,1,0,0,0,0,0,0,0
squealing,1,squealing=1,1,0,0,0,0,0,0,0
squishy,1,squishy=1,0,0,0,0,1,0,0,0
sri,1,sri=1,0,1,0,0,0,0,0,0
stabilizing,1,stabilizing=1,1,0,0,0,0,0,0,0
stackable,1,stackable=1,0,0,0,0,1,0,0,0
staffed,1,staffed=1,0,0,0,0,1,0,0,0
staghorn,1,staghorn=1,0,0,0,0,1,0,0,0
stairwells,1,stairwells=1,0,1,0,0,0,0,0,0
stale,1,stale=1,0,0,0,0,1,0,0,0
stalls,1,stalls=1,0,1,0,0,0,0,0,0
stalne,1,stalned=1,0,0,1,0,0,0,0,0
stamen,1,stamens=1,1,0,0,0,0,0,0,0
stan,1,stan=1,0,1,0,0,0,0,0,0
standby,1,standby=1,1,0,0,0,0,0,0,0
starches,1,starches=1,0,1,0,0,0,0,0,0
stare,1,stare=1,0,0,1,0,0,0,0,0
stargaze,1,stargazing=1,0,0,1,0,0,0,0,0
stargazer,1,stargazer=1,1,0,0,0,0,0,0,0
stargazing,1,stargazing=1,1,0,0,0,0,0,0,0
stasis,1,stasis=1,1,0,0,0,0,0,0,0
stater,1,staters=1,1,0,0,0,0,0,0,0
statesman,1,statesman=1,1,0,0,0,0,0,0,0
stationery,1,stationery=1,1,0,0,0,0,0,0,0
stations,1,stations=1,0,1,0,0,0,0,0,0
statistician,1,statistician=1,0,0,0,0,1,0,0,0
statues,1,statues=1,0,1,0,0,0,0,0,0
statuette,1,statuettes=1,1,0,0,0,0,0,0,0
staying,1,staying=1,1,0,0,0,0,0,0,0
steadfast,1,steadfast=1,0,0,0,0,1,0,0,0
stealanother,1,stealanother=1,0,0,1,0,0,0,0,0
steckel,1,steckel=1,0,1,0,0,0,0,0,0
steelworker,1,steelworkers=1,1,0,0,0,0,0,0,0
stelae,1,stelae=1,0,1,0,0,0,0,0,0
stele,1,steles=1,1,0,0,0,0,0,0,0
stems,1,stems=1,0,1,0,0,0,0,0,0
stench,1,stench=1,1,0,0,0,0,0,0,0
stern,1,stern=1,0,0,0,0,1,0,0,0
steven,1,steven=1,0,1,0,0,0,0,0,0
stevens,1,stevens=1,0,1,0,0,0,0,0,0
stevenson,1,stevenson=1,0,1,0,0,0,0,0,0
steward,1,steward=1,0,1,0,0,0,0,0,0
stickiness,1,stickiness=1,1,0,0,0,0,0,0,0
sticking,1,sticking=1,1,0,0,0,0,0,0,0
stierle,1,stierle=1,0,1,0,0,0,0,0,0
stimulant,1,stimulant=1,0,0,0,0,1,0,0,0
stimulated,1,stimulated=1,0,0,0,0,1,0,0,0
stingless,1,stingless=1,0,0,0,0,1,0,0,0
stink,1,stinks=1,0,0,1,0,0,0,0,0
stockham,1,stockham=1,0,1,0,0,0,0,0,0
stocking,1,stocking=1,1,0,0,0,0,0,0,0
stoke,1,stoked=1,0,0,1,0,0,0,0,0
stole,1,stole=1,0,0,1,0,0,0,0,0
stonchenge,1,stonchenge=1,0,1,0,0,0,0,0,0
stonecutter,1,stonecutters=1,1,0,0,0,0,0,0,0
stonehouse,1,stonehouse=1,0,1,0,0,0,0,0,0
stonework,1,stonework=1,1,0,0,0,0,0,0,0
stony,1,stony=1,0,0,0,0,1,0,0,0
stoplight,1,stoplights=1,1,0,0,0,0,0,0,0
stopover,1,stopover=1,1,0,0,0,0,0,0,0
stoppage,1,stoppages=1,1,0,0,0,0,0,0,0
stops,1,stops=1,0,1,0,0,0,0,0,0
storable,1,storable=1,0,0,0,0,1,0,0,0
storehouse,1,storehouses=1,1,0,0,0,0,0,0,0
storer,1,storers=1,1,0,0,0,0,0,0,0
stowaway,1,stowaways=1,1,0,0,0,0,0,0,0
straighteners,1,straighteners=1,0,1,0,0,0,0,0,0
strained,1,strained=1,0,0,0,0,1,0,0,0
strandbeasts,1,strandbeasts=1,0,1,0,0,0,0,0,0
stranded,1,stranded=1,0,0,0,0,1,0,0,0
strangeness,1,strangeness=1,1,0,0,0,0,0,0,0
strangers,1,strangers=1,0,1,0,0,0,0,0,0
strategies,1,strategies=1,0,1,0,0,0,0,0,0
stratford,1,stratford=1,0,1,0,0,0,0,0,0
stratigraphy,1,stratigraphy=1,1,0,0,0,0,0,0,0
streamlining,1,streamlining=1,1,0,0,0,0,0,0,0
streamside,1,streamside=1,1,0,0,0,0,0,0,0
streetcars,1,streetcars=1,0,1,0,0,0,0,0,0
streetscape,1,streetscapes=1,1,0,0,0,0,0,0,0
stressor,1,stressors=1,1,0,0,0,0,0,0,0
stricken,1,stricken=1,0,0,1,0,0,0,0,0
stringing,1,stringing=1,1,0,0,0,0,0,0,0
stringy,1,stringy=1,0,0,0,0,1,0,0,0
stripes,1,stripes=1,0,1,0,0,0,0,0,0
striving,1,strivings=1,1,0,0,0,0,0,0,0
strongman,1,strongman=1,0,1,0,0,0,0,0,0
stu,1,stu=1,0,1,0,0,0,0,0,0
stub,1,stubs=1,1,0,0,0,0,0,0,0
stubbornly,1,stubbornly=1,0,0,0,0,0,1,0,0
studentorganization,1,studentorganization=1,1,0,0,0,0,0,0,0
stuewe,1,stuewe=1,0,0,0,0,0,0,0,1
stun,1,stunned=1,0,0,1,0,0,0,0,0
stunned,1,stunned=1,0,0,0,0,1,0,0,0
suarez,1,suarez=1,0,1,0,0,0,0,0,0
subarctic,1,subarctic=1,0,0,0,0,1,0,0,0
subclassification,1,subclassification=1,1,0,0,0,0,0,0,0
subcutaneous,1,subcutaneous=1,0,0,0,0,1,0,0,0
subfreeze,1,subfreezing=1,0,0,1,0,0,0,0,0
subfreezing,1,subfreezing=1,1,0,0,0,0,0,0,0
subgroups,1,subgroups=1,0,1,0,0,0,0,0,0
subjectivity,1,subjectivity=1,1,0,0,0,0,0,0,0
submerged,1,submerged=1,0,0,0,0,1,0,0,0
submergence,1,submergence=1,1,0,0,0,0,0,0,0
submitting,1,submitting=1,0,1,0,0,0,0,0,0
subscriber,1,subscribers=1,1,0,0,0,0,0,0,0
substantiate,1,substantiating=1,0,0,1,0,0,0,0,0
substructure,1,substructures=1,1,0,0,0,0,0,0,0
subsume,1,subsumed=1,0,0,1,0,0,0,0,0
subtitle,1,subtitles=1,1,0,0,0,0,0,0,0
subtleties,1,subtleties=1,0,1,0,0,0,0,0,0
subtopic,1,subtopics=1,1,0,0,0,0,0,0,0
subtraction,1,subtraction=1,1,0,0,0,0,0,0,0
subzero,1,subzero=1,1,0,0,0,0,0,0,0
successional,1,successional=1,0,0,0,0,1,0,0,0
suddenness,1,suddenness=1,1,0,0,0,0,0,0,0
sufficent,1,sufficent=1,1,0,0,0,0,0,0,0
suggesting,1,suggesting=1,1,0,0,0,0,0,0,0
suggost,1,suggost=1,1,0,0,0,0,0,0,0
suicidal,1,suicidal=1,0,0,0,0,1,0,0,0
suitably,1,suitably=1,0,0,0,0,0,1,0,0
sulawesi,1,sulawesi=1,0,1,0,0,0,0,0,0
suleyman,1,suleyman=1,0,1,0,0,0,0,0,0
sulphate,1,sulphate=1,1,0,0,0,0,0,0,0
sulphur,1,sulphur=1,0,1,0,0,0,0,0,0
sulphuric,1,sulphuric=1,0,0,0,0,1,0,0,0
suminoe,1,suminoe=1,0,1,0,0,0,0,0,0
summarise,1,summarise=1,0,0,1,0,0,0,0,0
summon,1,summoned=1,0,0,1,0,0,0,0,0
sunbake,1,sunbaked=1,0,0,1,0,0,0,0,0
sunblock,1,sunblock=1,1,0,0,0,0,0,0,0
sunburn,1,sunburn=1,1,0,0,0,0,0,0,0
sunless,1,sunless=1,0,0,0,0,1,0,0,0
sunlike,1,sunlike=1,0,0,0,0,1,0,0,0
sunnier,1,sunnier=1,1,0,0,0,0,0,0,0
sunshine,1,sunshine=1,1,0,0,0,0,0,0,0
sunup,1,sunup=1,0,0,0,0,1,0,0,0
supercritica,1,supercritica=1,0,1,0,0,0,0,0,0
superimpose,1,superimposed=1,0,0,1,0,0,0,0,0
supermodel,1,supermodel=1,1,0,0,0,0,0,0,0
superoxide,1,superoxide=1,1,0,0,0,0,0,0,0
superrotation,1,superrotation=1,1,0,0,0,0,0,0,0
supersaturated,1,supersaturated=1,0,0,0,0,1,0,0,0
superstar,1,superstar=1,1,0,0,0,0,0,0,0
superstitious,1,superstitious=1,0,0,0,0,1,0,0,0
supplant,1,supplant=1,0,0,1,0,0,0,0,0
supplementary,1,supplementary=1,0,0,0,0,1,0,0,0
supportable,1,supportable=1,0,0,0,0,1,0,0,0
supportively,1,supportively=1,0,1,0,0,0,0,0,0
supposed,1,supposed=1,0,1,0,0,0,0,0,0
suprachiasmatic,1,suprachiasmatic=1,0,0,0,0,1,0,0,0
supremely,1,supremely=1,0,0,0,0,0,1,0,0
surgeon,1,surgeons=1,1,0,0,0,0,0,0,0
surmmary,1,surmmary=1,0,0,0,0,1,0,0,0
surmount,1,surmounting=1,0,0,1,0,0,0,0,0
surpluses,1,surpluses=1,0,1,0,0,0,0,0,0
surrealistic,1,surrealistic=1,0,0,0,0,1,0,0,0
surreptitiously,1,surreptitiously=1,0,0,0,0,0,1,0,0
surveys,1,surveys=1,0,1,0,0,0,0,0,0
survivability,1,survivability=1,1,0,0,0,0,0,0,0
susie,1,susie=1,0,1,0,0,0,0,0,0
suspected,1,suspected=1,0,1,0,0,0,0,0,0
suspension,1,suspension=1,1,0,0,0,0,0,0,0
sustainably,1,sustainably=1,0,0,0,0,0,1,0,0
suzanna,1,suzanna=1,0,1,0,0,0,0,0,0
suzanne,1,suzanne=1,0,1,0,0,0,0,0,0
swap,1,swapped=1,0,0,1,0,0,0,0,0
swapping,1,swapping=1,1,0,0,0,0,0,0,0
swaying,1,swaying=1,1,0,0,0,0,0,0,0
sweaty,1,sweaty=1,1,0,0,0,0,0,0,0
sweeter,1,sweeter=1,1,0,0,0,0,0,0,0
swerve,1,swerve=1,0,0,1,0,0,0,0,0
swhis,1,swhis=1,0,0,0,0,1,0,0,0
swifter,1,swifter=1,1,0,0,0,0,0,0,0
swimsuit,1,swimsuit=1,1,0,0,0,0,0,0,0
swirling,1,swirling=1,1,0,0,0,0,0,0,0
swishing,1,swishing=1,0,0,0,0,1,0,0,0
swollen,1,swollen=1,0,0,0,0,1,0,0,0
swoop,1,swoop=1,0,0,1,0,0,0,0,0
swooping,1,swooping=1,1,0,0,0,0,0,0,0
sydney,1,sydney=1,0,1,0,0,0,0,0,0
symbiose,1,symbioses=1,1,0,0,0,0,0,0,0
sympathize,1,sympathizes=1,0,0,1,0,0,0,0,0
synapse,1,synapse=1,1,0,0,0,0,0,0,0
synchronization,1,synchronization=1,1,0,0,0,0,0,0,0
synchrony,1,synchrony=1,1,0,0,0,0,0,0,0
synergy,1,synergy=1,1,0,0,0,0,0,0,0
synonymous,1,synonymous=1,0,0,0,0,1,0,0,0
synopsis,1,synopsis=1,1,0,0,0,0,0,0,0
synthetically,1,synthetically=1,0,0,0,0,0,1,0,0
syrphid,1,syrphids=1,1,0,0,0,0,0,0,0
syrup,1,syrup=1,1,0,0,0,0,0,0,0
systemic,1,systemic=1,0,0,0,0,1,0,0,0
sérusier,1,sérusier=1,0,1,0,0,0,0,0,0
tabulate,1,tabulate=1,0,0,1,0,0,0,0,0
tacky,1,tacky=1,0,0,0,0,1,0,0,0
taco,1,tacos=1,1,0,0,0,0,0,0,0
tad,1,tad=1,0,1,0,0,0,0,0,0
taiga,1,taiga=1,1,0,0,0,0,0,0,0
tailism,1,tailism=1,1,0,0,0,0,0,0,0
tailoring,1,tailoring=1,1,0,0,0,0,0,0,0
takashi,1,takashi=1,0,1,0,0,0,0,0,0
takeaway,1,takeaway=1,1,0,0,0,0,0,0,0
tales,1,tales=1,0,1,0,0,0,0,0,0
talking,1,talking=1,1,0,0,0,0,0,0,0
tallest,1,tallest=1,0,0,0,0,1,0,0,0
tallinn,1,tallinn=1,0,1,0,0,0,0,0,0
talon,1,talons=1,1,0,0,0,0,0,0,0
tamarine,1,tamarines=1,1,0,0,0,0,0,0,0
taming,1,taming=1,1,0,0,0,0,0,0,0
tamp,1,tamp=1,0,0,1,0,0,0,0,0
tamper,1,tampering=1,0,0,1,0,0,0,0,0
tandem,1,tandem=1,1,0,0,0,0,0,0,0
tanker,1,tankers=1,1,0,0,0,0,0,0,0
tannenwald,1,tannenwald=1,0,1,0,0,0,0,0,0
tannery,1,tanneries=1,1,0,0,0,0,0,0,0
tansy,1,tansy=1,0,0,0,0,1,0,0,0
taos,1,taos=1,0,1,0,0,0,0,0,0
tapir,1,tapirs=1,1,0,0,0,0,0,0,0
tarantula,1,tarantulas=1,1,0,0,0,0,0,0,0
tardigrades,1,tardigrades=1,0,1,0,0,0,0,0,0
targeted,1,targeted=1,0,0,0,0,1,0,0,0
tarim,1,tarim=1,0,1,0,0,0,0,0,0
tarnish,1,tarnished=1,0,0,1,0,0,0,0,0
tarot,1,tarot=1,0,0,0,0,1,0,0,0
tarsier,1,tarsiers=1,1,0,0,0,0,0,0,0
tassel,1,tassels=1,0,0,1,0,0,0,0,0
tasteless,1,tasteless=1,0,0,0,0,1,0,0,0
tat,1,tat=1,1,0,0,0,0,0,0,0
tattooed,1,tattooed=1,1,0,0,0,0,0,0,0
tattooing,1,tattooing=1,1,0,0,0,0,0,0,0
taunt,1,taunt=1,0,0,1,0,0,0,0,0
taxes,1,taxes=1,0,1,0,0,0,0,0,0
taxonomist,1,taxonomist=1,1,0,0,0,0,0,0,0
taxpayer,1,taxpayer=1,1,0,0,0,0,0,0,0
tbt,1,tbt=1,0,1,0,0,0,0,0,0
teacup,1,teacups=1,1,0,0,0,0,0,0,0
teahouse,1,teahouses=1,1,0,0,0,0,0,0,0
teams,1,teams=1,0,1,0,0,0,0,0,0
teaser,1,teasers=1,1,0,0,0,0,0,0,0
technicality,1,technicality=1,1,0,0,0,0,0,0,0
technocrat,1,technocrats=1,1,0,0,0,0,0,0,0
technologies,1,technologies=1,0,1,0,0,0,0,0,0
tectonics,1,tectonics=1,0,1,0,0,0,0,0,0
teddy,1,teddy=1,0,1,0,0,0,0,0,0
teem,1,teeming=1,0,0,1,0,0,0,0,0
teepees,1,teepees=1,0,1,0,0,0,0,0,0
telecommunication,1,telecommunications=1,1,0,0,0,0,0,0,0
telecommute,1,telecommuting=1,0,0,1,0,0,0,0,0
telegraphic,1,telegraphic=1,0,0,0,0,1,0,0,0
telescopes,1,telescopes=1,0,1,0,0,0,0,0,0
televise,1,televised=1,0,0,1,0,0,0,0,0
telling,1,telling=1,1,0,0,0,0,0,0,0
telltale,1,telltale=1,0,0,0,0,1,0,0,0
temenggung,1,temenggung=1,1,0,0,0,0,0,0,0
temperance,1,temperance=1,1,0,0,0,0,0,0,0
tenacious,1,tenacious=1,0,0,0,0,1,0,0,0
tenderness,1,tenderness=1,1,0,0,0,0,0,0,0
tending,1,tending=1,1,0,0,0,0,0,0,0
tendon,1,tendons=1,1,0,0,0,0,0,0,0
tenement,1,tenements=1,1,0,0,0,0,0,0,0
tentatively,1,tentatively=1,0,0,0,0,0,1,0,0
tenuous,1,tenuous=1,0,0,0,0,1,0,0,0
tenured,1,tenured=1,0,0,0,0,1,0,0,0
ter,1,ter=1,1,0,0,0,0,0,0,0
terra,1,terra=1,1,0,0,0,0,0,0,0
terrestris,1,terrestris=1,0,1,0,0,0,0,0,0
terrifying,1,terrifying=1,0,0,0,0,1,0,0,0
territories,1,territories=1,0,1,0,0,0,0,0,0
terrorist,1,terrorist=1,0,0,0,0,1,0,0,0
tertiary,1,tertiary=1,0,0,0,0,1,0,0,0
tessera,1,tesserae=1,1,0,0,0,0,0,0,0
testable,1,testable=1,0,0,0,0,1,0,0,0
testament,1,testament=1,1,0,0,0,0,0,0,0
testart,1,testart=1,0,1,0,0,0,0,0,0
tester,1,testers=1,1,0,0,0,0,0,0,0
testosterone,1,testosterone=1,1,0,0,0,0,0,0,0
texte,1,texting=1,0,0,1,0,0,0,0,0
texturing,1,texturing=1,0,0,0,0,1,0,0,0
tfieory,1,tfieory=1,1,0,0,0,0,0,0,0
thai,1,thai=1,0,1,0,0,0,0,0,0
thailand,1,thailand=1,0,1,0,0,0,0,0,0
thames,1,thames=1,0,1,0,0,0,0,0,0
thamus,1,thamus=1,0,1,0,0,0,0,0,0
thar,1,thar=1,0,1,0,0,0,0,0,0
tharsis,1,tharsis=1,0,1,0,0,0,0,0,0
thaws,1,thaws=1,0,0,0,0,0,1,0,0
theatergoer,1,theatergoers=1,1,0,0,0,0,0,0,0
theatrically,1,theatrically=1,0,0,0,0,0,1,0,0
theatron,1,theatron=1,1,0,0,0,0,0,0,0
thematic,1,thematic=1,0,0,0,0,1,0,0,0
themes,1,themes=1,0,1,0,0,0,0,0,0
thence,1,thence=1,0,0,1,0,0,0,0,0
theo,1,theo=1,0,1,0,0,0,0,0,0
theodor,1,theodor=1,0,1,0,0,0,0,0,0
theodore,1,theodore=1,0,1,0,0,0,0,0,0
theorise,1,theorised=1,0,0,1,0,0,0,0,0
theorizing,1,theorizing=1,1,0,0,0,0,0,0,0
theoty,1,theoty=1,0,1,0,0,0,0,0,0
theraphosid,1,theraphosid=1,0,0,0,0,1,0,0,0
therapod,1,therapod=1,0,0,0,0,1,0,0,0
therein,1,therein=1,0,0,0,0,0,1,0,0
therm,1,therm=1,1,0,0,0,0,0,0,0
thermometer,1,thermometer=1,1,0,0,0,0,0,0,0
thermoregulate,1,thermoregulate=1,0,0,1,0,0,0,0,0
thery,1,thery=1,0,1,0,0,0,0,0,0
thickener,1,thickeners=1,1,0,0,0,0,0,0,0
thievery,1,thievery=1,1,0,0,0,0,0,0,0
thira,1,thira=1,0,1,0,0,0,0,0,0
thirdly,1,thirdly=1,0,0,0,0,0,1,0,0
thiunen,1,thiunen=1,0,1,0,0,0,0,0,0
tho,1,tho=1,0,0,0,0,0,0,1,0
thomisus,1,thomisus=1,0,1,0,0,0,0,0,0
thorium,1,thorium=1,1,0,0,0,0,0,0,0
thorny,1,thorny=1,0,0,0,0,1,0,0,0
thoth,1,thoth=1,0,1,0,0,0,0,0,0
threats,1,threats=1,0,1,0,0,0,0,0,0
thresher,1,threshers=1,1,0,0,0,0,0,0,0
thriller,1,thriller=1,1,0,0,0,0,0,0,0
thrilling,1,thrilling=1,1,0,0,0,0,0,0,0
throwers,1,throwers=1,0,1,0,0,0,0,0,0
thump,1,thumped=1,0,0,1,0,0,0,0,0
thylacoleo,1,thylacoleo=1,0,1,0,0,0,0,0,0
théry,1,théry=1,0,1,0,0,0,0,0,0
ti,1,ti=1,1,0,0,0,0,0,0,0
tibetan,1,tibetan=1,0,0,0,0,1,0,0,0
tick,1,ticks=1,1,0,0,0,0,0,0,0
tickle,1,tickles=1,0,0,1,0,0,0,0,0
tigersare,1,tigersare=1,1,0,0,0,0,0,0,0
tightening,1,tightening=1,1,0,0,0,0,0,0,0
tighter,1,tighter=1,0,0,0,0,0,1,0,0
tightness,1,tightness=1,1,0,0,0,0,0,0,0
tiie,1,tiie=1,0,0,1,0,0,0,0,0
tilapia,1,tilapia=1,1,0,0,0,0,0,0,0
tillage,1,tillage=1,1,0,0,0,0,0,0,0
tiller,1,tiller=1,1,0,0,0,0,0,0,0
timescale,1,timescale=1,1,0,0,0,0,0,0,0
timesheet,1,timesheet=1,1,0,0,0,0,0,0,0
tina,1,tina=1,0,1,0,0,0,0,0,0
ting,1,ting=1,0,0,0,0,1,0,0,0
tion,1,tions=1,1,0,0,0,0,0,0,0
titans,1,titans=1,0,1,0,0,0,0,0,0
tits,1,tits=1,0,1,0,0,0,0,0,0
titular,1,titular=1,0,0,0,0,1,0,0,0
tliere,1,tliere=1,0,0,0,0,0,1,0,0
toba,1,toba=1,0,1,0,0,0,0,0,0
toed,1,toed=1,1,0,0,0,0,0,0,0
tofoumban,1,tofoumban=1,1,0,0,0,0,0,0,0
toga,1,toga=1,1,0,0,0,0,0,0,0
togetherness,1,togetherness=1,1,0,0,0,0,0,0,0
toil,1,toil=1,0,0,1,0,0,0,0,0
tok,1,tok=1,1,0,0,0,0,0,0,0
toller,1,toller=1,0,1,0,0,0,0,0,0
tomake,1,tomake=1,0,0,1,0,0,0,0,0
tomás,1,tomás=1,0,1,0,0,0,0,0,0
toned,1,toned=1,0,0,0,0,1,0,0,0
toolmake,1,toolmaking=1,0,0,1,0,0,0,0,0
toophic,1,toophic=1,0,1,0,0,0,0,0,0
topknot,1,topknots=1,1,0,0,0,0,0,0,0
topmost,1,topmost=1,0,0,0,0,1,0,0,0
topographical,1,topographical=1,0,0,0,0,1,0,0,0
toronto,1,toronto=1,0,1,0,0,0,0,0,0
tortoises,1,tortoises=1,0,1,0,0,0,0,0,0
torture,1,tortured=1,0,0,1,0,0,0,0,0
tothe,1,tothe=1,0,0,0,0,0,0,0,1
totocalli,1,totocalli=1,0,1,0,0,0,0,0,0
towers,1,towers=1,0,1,0,0,0,0,0,0
towns,1,towns=1,0,1,0,0,0,0,0,0
townsend,1,townsend=1,0,1,0,0,0,0,0,0
towrope,1,towropes=1,1,0,0,0,0,0,0,0
toxicus,1,toxicus=1,1,0,0,0,0,0,0,0
toymaker,1,toymaker=1,1,0,0,0,0,0,0,0
tracer,1,tracers=1,1,0,0,0,0,0,0,0
trachtenberg,1,trachtenberg=1,0,1,0,0,0,0,0,0
tracing,1,tracing=1,1,0,0,0,0,0,0,0
tracy,1,tracy=1,0,1,0,0,0,0,0,0
trademark,1,trademark=1,1,0,0,0,0,0,0,0
tradeoff,1,tradeoffs=1,1,0,0,0,0,0,0,0
traders,1,traders=1,0,1,0,0,0,0,0,0
tradesman,1,tradesmen=1,1,0,0,0,0,0,0,0
traditionalist,1,traditionalists=1,1,0,0,0,0,0,0,0
trailer,1,trailers=1,1,0,0,0,0,0,0,0
trailhead,1,trailhead=1,1,0,0,0,0,0,0,0
trainers,1,trainers=1,0,1,0,0,0,0,0,0
tram,1,tram=1,1,0,0,0,0,0,0,0
tramp,1,tramps=1,1,0,0,0,0,0,0,0
transaltantic,1,transaltantic=1,0,0,0,0,1,0,0,0
transfect,1,transfect=1,0,0,1,0,0,0,0,0
transferring,1,transferring=1,1,0,0,0,0,0,0,0
transitions,1,transitions=1,0,1,0,0,0,0,0,0
transitory,1,transitory=1,0,0,0,0,1,0,0,0
translations,1,translations=1,0,1,0,0,0,0,0,0
translocate,1,translocated=1,0,0,1,0,0,0,0,0
transmitting,1,transmitting=1,1,0,0,0,0,0,0,0
transmute,1,transmuted=1,0,0,1,0,0,0,0,0
transportable,1,transportable=1,0,0,0,0,1,0,0,0
transshipment,1,transshipments=1,1,0,0,0,0,0,0,0
travelers,1,travelers=1,0,1,0,0,0,0,0,0
treachery,1,treachery=1,1,0,0,0,0,0,0,0
treasury,1,treasury=1,1,0,0,0,0,0,0,0
tremble,1,tremble=1,0,1,0,0,0,0,0,0
trendie,1,trendie=1,0,1,0,0,0,0,0,0
trendsette,1,trendsetting=1,0,0,1,0,0,0,0,0
trendsetter,1,trendsetters=1,1,0,0,0,0,0,0,0
trendy,1,trendy=1,0,0,0,0,1,0,0,0
trevor,1,trevor=1,0,1,0,0,0,0,0,0
triad,1,triad=1,0,1,0,0,0,0,0,0
triakonter,1,triakonters=1,1,0,0,0,0,0,0,0
tributyl,1,tributyl=1,1,0,0,0,0,0,0,0
tricarico,1,tricarico=1,0,1,0,0,0,0,0,0
tricycle,1,tricycle=1,1,0,0,0,0,0,0,0
trigo,1,trigo=1,0,1,0,0,0,0,0,0
trilete,1,trilete=1,0,0,0,0,1,0,0,0
trilobozoa,1,trilobozoa=1,0,1,0,0,0,0,0,0
trim,1,trims=1,0,0,1,0,0,0,0,0
trocto,1,trocto=1,0,0,0,0,1,0,0,0
troctolite,1,troctolite=1,0,1,0,0,0,0,0,0
trojan,1,trojan=1,0,1,0,0,0,0,0,0
trolling,1,trolling=1,1,0,0,0,0,0,0,0
trongly,1,trongly=1,0,0,0,0,0,1,0,0
tronie,1,tronies=1,1,0,0,0,0,0,0,0
tropics,1,tropics=1,0,1,0,0,0,0,0,0
tropism,1,tropism=1,1,0,0,0,0,0,0,0
trouser,1,trousers=1,1,0,0,0,0,0,0,0
trova,1,trova=1,0,1,0,0,0,0,0,0
troy,1,troy=1,0,1,0,0,0,0,0,0
truer,1,truer=1,1,0,0,0,0,0,0,0
truncate,1,truncates=1,0,0,1,0,0,0,0,0
tryout,1,tryouts=1,1,0,0,0,0,0,0,0
ts,1,ts=1,0,0,0,0,0,0,0,1
tub,1,tub=1,1,0,0,0,0,0,0,0
tubes,1,tubes=1,0,1,0,0,0,0,0,0
tumbleweed,1,tumbleweed=1,1,0,0,0,0,0,0,0
tumor,1,tumors=1,1,0,0,0,0,0,0,0
tumulimound,1,tumulimounds=1,1,0,0,0,0,0,0,0
tuned,1,tuned=1,0,0,0,0,1,0,0,0
tunneling,1,tunneling=1,1,0,0,0,0,0,0,0
turbination,1,turbination=1,1,0,0,0,0,0,0,0
turbo,1,turbo=1,1,0,0,0,0,0,0,0
turin,1,turin=1,0,1,0,0,0,0,0,0
turnip,1,turnips=1,1,0,0,0,0,0,0,0
turnips,1,turnips=1,0,1,0,0,0,0,0,0
turret,1,turrets=1,1,0,0,0,0,0,0,0
turtledove,1,turtledove=1,0,0,1,0,0,0,0,0
turtles,1,turtles=1,0,1,0,0,0,0,0,0
tuscan,1,tuscan=1,0,1,0,0,0,0,0,0
tuscany,1,tuscany=1,0,1,0,0,0,0,0,0
tusking,1,tusking=1,1,0,0,0,0,0,0,0
tutu,1,tutu=1,1,0,0,0,0,0,0,0
twee,1,twee=1,1,0,0,0,0,0,0,0
twisted,1,twisted=1,0,0,0,0,1,0,0,0
twit,1,twit=1,1,0,0,0,0,0,0,0
typewriter,1,typewriter=1,1,0,0,0,0,0,0,0
typhoid,1,typhoid=1,1,0,0,0,0,0,0,0
typhoon,1,typhoons=1,1,0,0,0,0,0,0,0
typography,1,typography=1,1,0,0,0,0,0,0,0
ubiquitously,1,ubiquitously=1,0,0,0,0,0,1,0,0
ue,1,ue=1,0,1,0,0,0,0,0,0
ugliness,1,ugliness=1,1,0,0,0,0,0,0,0
uhhh,1,uhhh=1,0,1,0,0,0,0,0,0
uhn,1,uhn=1,0,1,0,0,0,0,0,0
ultra,1,ultra=1,0,0,0,0,1,0,0,0
ultrasonic,1,ultrasonic=1,0,0,0,0,1,0,0,0
umiak,1,umiaks=1,1,0,0,0,0,0,0,0
un,1,un=1,0,1,0,0,0,0,0,0
unaccounte,1,unaccounted=1,0,0,1,0,0,0,0,0
unaffordable,1,unaffordable=1,0,0,0,0,1,0,0,0
unafraid,1,unafraid=1,0,0,0,0,1,0,0,0
unaggressive,1,unaggressive=1,0,0,0,0,1,0,0,0
unaided,1,unaided=1,0,0,0,0,1,0,0,0
unalterable,1,unalterable=1,0,0,0,0,1,0,0,0
unanticipated,1,unanticipated=1,0,0,0,0,1,0,0,0
unappetizing,1,unappetizing=1,0,0,0,0,1,0,0,0
unattainable,1,unattainable=1,0,0,0,0,1,0,0,0
unblended,1,unblended=1,0,0,0,0,1,0,0,0
unburned,1,unburned=1,0,0,0,0,1,0,0,0
uncarnivorous,1,uncarnivorous=1,0,0,0,0,1,0,0,0
unceasing,1,unceasing=1,0,0,0,0,1,0,0,0
uncertainties,1,uncertainties=1,0,1,0,0,0,0,0,0
unchangeable,1,unchangeable=1,0,0,0,0,1,0,0,0
unclaimed,1,unclaimed=1,0,0,0,0,1,0,0,0
uncomfortably,1,uncomfortably=1,0,0,0,0,0,1,0,0
uncompleted,1,uncompleted=1,0,0,0,0,1,0,0,0
unconcerned,1,unconcerned=1,0,1,0,0,0,0,0,0
unconfirmed,1,unconfirmed=1,0,0,0,0,1,0,0,0
unconstraine,1,unconstrained=1,0,0,1,0,0,0,0,0
uncontaminated,1,uncontaminated=1,0,0,0,0,1,0,0,0
uncontested,1,uncontested=1,0,0,0,0,1,0,0,0
unconvince,1,unconvinced=1,0,0,1,0,0,0,0,0
unconvinced,1,unconvinced=1,0,0,0,0,1,0,0,0
uncooked,1,uncooked=1,0,0,0,0,1,0,0,0
uncorrected,1,uncorrected=1,0,0,0,0,1,0,0,0
uncountable,1,uncountable=1,0,0,0,0,1,0,0,0
uncremated,1,uncremated=1,0,0,0,0,1,0,0,0
uncritically,1,uncritically=1,0,0,0,0,0,1,0,0
unction,1,unction=1,1,0,0,0,0,0,0,0
uncultivate,1,uncultivated=1,0,0,1,0,0,0,0,0
undamaged,1,undamaged=1,0,0,0,0,1,0,0,0
undefeated,1,undefeated=1,0,0,0,0,1,0,0,0
undependable,1,undependable=1,0,0,0,0,1,0,0,0
underfed,1,underfed=1,0,0,0,0,1,0,0,0
underglazing,1,underglazing=1,1,0,0,0,0,0,0,0
undergraduates,1,undergraduates=1,0,1,0,0,0,0,0,0
undergrowth,1,undergrowth=1,1,0,0,0,0,0,0,0
underpart,1,underparts=1,1,0,0,0,0,0,0,0
underrepresente,1,underrepresenting=1,0,0,1,0,0,0,0,0
undertook,1,undertook=1,0,0,0,0,1,0,0,0
underutilize,1,underutilized=1,0,0,1,0,0,0,0,0
undervalue,1,undervalued=1,0,0,1,0,0,0,0,0
underwa,1,underwa=1,0,0,0,0,1,0,0,0
underwrote,1,underwrote=1,0,1,0,0,0,0,0,0
undesired,1,undesired=1,0,0,0,0,1,0,0,0
undiscovere,1,undiscovered=1,0,0,1,0,0,0,0,0
undisputed,1,undisputed=1,0,0,0,0,1,0,0,0
undistorted,1,undistorted=1,0,0,0,0,1,0,0,0
undocumente,1,undocumented=1,0,0,1,0,0,0,0,0
unduly,1,unduly=1,0,0,0,0,0,1,0,0
undying,1,undying=1,0,0,0,0,1,0,0,0
uneconomical,1,uneconomical=1,0,0,0,0,1,0,0,0
unedited,1,unedited=1,0,0,0,0,1,0,0,0
uneducated,1,uneducated=1,0,0,0,0,1,0,0,0
unending,1,unending=1,0,0,0,0,1,0,0,0
unenthusiastic,1,unenthusiastic=1,0,0,0,0,1,0,0,0
unevenness,1,unevenness=1,1,0,0,0,0,0,0,0
unexplainable,1,unexplainable=1,0,0,0,0,1,0,0,0
unexplaine,1,unexplained=1,0,0,1,0,0,0,0,0
unexplained,1,unexplained=1,0,0,0,0,1,0,0,0
unfailing,1,unfailing=1,0,0,0,0,1,0,0,0
unfarme,1,unfarmed=1,0,0,1,0,0,0,0,0
unfeasible,1,unfeasible=1,0,0,0,0,1,0,0,0
unfiltered,1,unfiltered=1,0,0,0,0,1,0,0,0
unfinishe,1,unfinished=1,0,0,1,0,0,0,0,0
unfit,1,unfit=1,0,0,0,0,1,0,0,0
unfocused,1,unfocused=1,0,0,0,0,1,0,0,0
unfounded,1,unfounded=1,0,0,0,0,1,0,0,0
unfragmented,1,unfragmented=1,0,0,0,0,1,0,0,0
unfunded,1,unfunded=1,0,0,0,0,1,0,0,0
unhampere,1,unhampered=1,0,0,1,0,0,0,0,0
unhappiness,1,unhappiness=1,1,0,0,0,0,0,0,0
unhealthful,1,unhealthful=1,0,0,0,0,1,0,0,0
unilaterally,1,unilaterally=1,0,0,0,0,0,1,0,0
unimpeded,1,unimpeded=1,0,0,0,0,1,0,0,0
unimplemented,1,unimplemented=1,0,0,0,0,1,0,0,0
unimpressive,1,unimpressive=1,0,0,0,0,1,0,0,0
uninfected,1,uninfected=1,0,0,0,0,1,0,0,0
uninformed,1,uninformed=1,0,0,0,0,1,0,0,0
uninhabitable,1,uninhabitable=1,0,0,0,0,1,0,0,0
uninstall,1,uninstall=1,0,1,0,0,0,0,0,0
uninviting,1,uninviting=1,0,0,0,0,1,0,0,0
universalis,1,universalis=1,0,1,0,0,0,0,0,0
universalistic,1,universalistic=1,0,0,0,0,1,0,0,0
universities,1,universities=1,0,1,0,0,0,0,0,0
unjust,1,unjust=1,0,0,0,0,1,0,0,0
unkind,1,unkind=1,0,0,0,0,1,0,0,0
unknowable,1,unknowable=1,0,0,0,0,1,0,0,0
unmarried,1,unmarried=1,0,0,0,0,1,0,0,0
unmatched,1,unmatched=1,0,0,0,0,1,0,0,0
unmet,1,unmet=1,1,0,0,0,0,0,0,0
unmistakably,1,unmistakably=1,0,0,0,0,0,1,0,0
unmove,1,unmoved=1,0,0,1,0,0,0,0,0
unmoved,1,unmoved=1,0,0,0,0,1,0,0,0
unmoving,1,unmoving=1,1,0,0,0,0,0,0,0
unofficial,1,unofficial=1,0,0,0,0,1,0,0,0
unofficially,1,unofficially=1,0,0,0,0,0,1,0,0
unoriginal,1,unoriginal=1,0,0,0,0,1,0,0,0
unorthodox,1,unorthodox=1,0,0,0,0,1,0,0,0
unpaved,1,unpaved=1,0,0,0,0,1,0,0,0
unplante,1,unplanted=1,0,0,1,0,0,0,0,0
unpleasantly,1,unpleasantly=1,0,0,0,0,0,1,0,0
unplug,1,unplug=1,0,1,0,0,0,0,0,0
unpollute,1,unpolluted=1,0,0,1,0,0,0,0,0
unprepared,1,unprepared=1,0,0,0,0,1,0,0,0
unproblematic,1,unproblematic=1,0,0,0,0,1,0,0,0
unquestione,1,unquestione=1,0,0,0,0,0,1,0,0
unreadable,1,unreadable=1,0,0,0,0,1,0,0,0
unreal,1,unreal=1,0,0,0,0,1,0,0,0
unrealistically,1,unrealistically=1,0,0,0,0,0,1,0,0
unreasonably,1,unreasonably=1,0,0,0,0,0,1,0,0
unrecognisable,1,unrecognisable=1,0,0,0,0,1,0,0,0
unrecognized,1,unrecognized=1,0,0,0,0,1,0,0,0
unregulated,1,unregulated=1,0,0,0,0,1,0,0,0
unreliability,1,unreliability=1,1,0,0,0,0,0,0,0
unremarkable,1,unremarkable=1,0,0,0,0,1,0,0,0
unrepaire,1,unrepaired=1,0,0,1,0,0,0,0,0
unreported,1,unreported=1,0,0,0,0,1,0,0,0
unrestricted,1,unrestricted=1,0,0,0,0,1,0,0,0
unrewarding,1,unrewarding=1,0,0,0,0,1,0,0,0
unrivale,1,unrivaled=1,0,0,1,0,0,0,0,0
unsanitary,1,unsanitary=1,0,0,0,0,1,0,0,0
unsatisfactory,1,unsatisfactory=1,1,0,0,0,0,0,0,0
unsatisfie,1,unsatisfied=1,0,0,1,0,0,0,0,0
unsatisfying,1,unsatisfying=1,1,0,0,0,0,0,0,0
unscientific,1,unscientific=1,0,0,0,0,1,0,0,0
unscrupulous,1,unscrupulous=1,0,0,0,0,1,0,0,0
unsettle,1,unsettled=1,0,0,1,0,0,0,0,0
unsettled,1,unsettled=1,0,0,0,0,1,0,0,0
unsigned,1,unsigned=1,0,0,0,0,1,0,0,0
unsold,1,unsold=1,0,0,0,0,1,0,0,0
unsolved,1,unsolved=1,0,0,0,0,1,0,0,0
unsophisticated,1,unsophisticated=1,0,0,0,0,1,0,0,0
unspecified,1,unspecified=1,0,0,0,0,1,0,0,0
unspoile,1,unspoiled=1,0,0,1,0,0,0,0,0
unspoiled,1,unspoiled=1,0,0,0,0,1,0,0,0
unsteadily,1,unsteadily=1,0,0,0,0,0,1,0,0
unstressed,1,unstressed=1,0,0,0,0,1,0,0,0
unstriped,1,unstriped=1,0,0,0,0,1,0,0,0
unsubstantiated,1,unsubstantiated=1,0,0,0,0,1,0,0,0
unsuccessfully,1,unsuccessfully=1,0,0,0,0,0,1,0,0
unsupported,1,unsupported=1,0,0,0,0,1,0,0,0
unsurpassed,1,unsurpassed=1,0,0,0,0,1,0,0,0
unsuspecting,1,unsuspecting=1,0,0,0,0,1,0,0,0
unsweetened,1,unsweetened=1,0,0,0,0,1,0,0,0
unsystematic,1,unsystematic=1,0,0,0,0,1,0,0,0
untamed,1,untamed=1,0,0,0,0,1,0,0,0
untestable,1,untestable=1,0,0,0,0,1,0,0,0
untouche,1,untouched=1,0,0,1,0,0,0,0,0
untraine,1,untrained=1,0,0,1,0,0,0,0,0
unvarying,1,unvarying=1,0,1,0,0,0,0,0,0
unviable,1,unviable=1,0,0,0,0,1,0,0,0
unvisited,1,unvisited=1,0,0,0,0,1,0,0,0
unwelcome,1,unwelcome=1,0,0,1,0,0,0,0,0
unwise,1,unwise=1,0,0,0,0,1,0,0,0
unworke,1,unworked=1,0,0,1,0,0,0,0,0
unworldly,1,unworldly=1,0,0,0,0,0,1,0,0
unwrap,1,unwrapping=1,0,0,1,0,0,0,0,0
upbringe,1,upbringing=1,0,0,1,0,0,0,0,0
upbringing,1,upbringing=1,1,0,0,0,0,0,0,0
updated,1,updated=1,0,0,0,0,1,0,0,0
updating,1,updating=1,1,0,0,0,0,0,0,0
upfront,1,upfront=1,1,0,0,0,0,0,0,0
upperclassmen,1,upperclassmen=1,0,0,0,0,0,0,1,0
uproar,1,uproar=1,1,0,0,0,0,0,0,0
upshot,1,upshot=1,1,0,0,0,0,0,0,0
upstroke,1,upstroke=1,1,0,0,0,0,0,0,0
upsurge,1,upsurge=1,1,0,0,0,0,0,0,0
upwardly,1,upwardly=1,0,0,0,0,0,1,0,0
ur,1,ur=1,0,0,1,0,0,0,0,0
urbanisation,1,urbanisation=1,1,0,0,0,0,0,0,0
urea,1,urea=1,1,0,0,0,0,0,0,0
urgently,1,urgently=1,0,0,0,0,0,1,0,0
uric,1,uric=1,0,0,0,0,1,0,0,0
urinary,1,urinary=1,0,0,0,0,1,0,0,0
urumchi,1,urumchi=1,0,1,0,0,0,0,0,0
usability,1,usability=1,1,0,0,0,0,0,0,0
usb,1,usb=1,1,0,0,0,0,0,0,0
username,1,username=1,1,0,0,0,0,0,0,0
using,1,using=1,1,0,0,0,0,0,0,0
ust,1,ust=1,1,0,0,0,0,0,0,0
usurp,1,usurped=1,0,0,1,0,0,0,0,0
uterus,1,uterus=1,1,0,0,0,0,0,0,0
utilization,1,utilization=1,1,0,0,0,0,0,0,0
utter,1,utter=1,0,0,1,0,0,0,0,0
uuh,1,uuh=1,1,0,0,0,0,0,0,0
uum,1,uum=1,0,1,0,0,0,0,0,0
uzbekistan,1,uzbekistan=1,0,1,0,0,0,0,0,0
va,1,va=1,0,1,0,0,0,0,0,0
vaccination,1,vaccination=1,1,0,0,0,0,0,0,0
vadosus,1,vadosus=1,1,0,0,0,0,0,0,0
vagabond,1,vagabonds=1,1,0,0,0,0,0,0,0
vagary,1,vagaries=1,1,0,0,0,0,0,0,0
valente,1,valente=1,0,1,0,0,0,0,0,0
valis,1,valis=1,0,1,0,0,0,0,0,0
vandalism,1,vandalism=1,1,0,0,0,0,0,0,0
vanishing,1,vanishing=1,1,0,0,0,0,0,0,0
vargas,1,vargas=1,0,1,0,0,0,0,0,0
variously,1,variously=1,0,0,0,0,0,1,0,0
varma,1,varma=1,0,1,0,0,0,0,0,0
varsity,1,varsity=1,1,0,0,0,0,0,0,0
vasili,1,vasilis=1,1,0,0,0,0,0,0,0
vcs,1,vcs=1,0,1,0,0,0,0,0,0
vege,1,veges=1,1,0,0,0,0,0,0,0
vendors,1,vendors=1,0,1,0,0,0,0,0,0
vengeful,1,vengeful=1,0,0,0,0,1,0,0,0
vents,1,vents=1,1,0,0,0,0,0,0,0
ventures,1,ventures=1,0,1,0,0,0,0,0,0
venusian,1,venusian=1,0,0,0,0,1,0,0,0
verdant,1,verdant=1,0,0,0,0,1,0,0,0
verifiable,1,verifiable=1,0,0,0,0,1,0,0,0
verifying,1,verifying=1,0,1,0,0,0,0,0,0
vermont,1,vermont=1,0,1,0,0,0,0,0,0
vernacular,1,vernacular=1,0,0,0,0,1,0,0,0
vernal,1,vernal=1,0,0,0,0,1,0,0,0
vessels,1,vessels=1,0,1,0,0,0,0,0,0
vest,1,vests=1,1,0,0,0,0,0,0,0
vested,1,vested=1,0,0,0,0,1,0,0,0
vestige,1,vestiges=1,1,0,0,0,0,0,0,0
vesuvius,1,vesuvius=1,0,1,0,0,0,0,0,0
vetch,1,vetches=1,1,0,0,0,0,0,0,0
vexing,1,vexing=1,0,0,0,0,1,0,0,0
vibe,1,vibes=1,1,0,0,0,0,0,0,0
vibrancy,1,vibrancy=1,1,0,0,0,0,0,0,0
vibrations,1,vibrations=1,0,1,0,0,0,0,0,0
vibrios,1,vibrios=1,0,1,0,0,0,0,0,0
viceroys,1,viceroys=1,0,1,0,0,0,0,0,0
victorious,1,victorious=1,0,0,0,0,1,0,0,0
vicus,1,vicus=1,1,0,0,0,0,0,0,0
vie,1,vying=1,0,0,1,0,0,0,0,0
viewable,1,viewable=1,0,0,0,0,1,0,0,0
viewers,1,viewers=1,0,1,0,0,0,0,0,0
vigilance,1,vigilance=1,1,0,0,0,0,0,0,0
villanella,1,villanellas=1,1,0,0,0,0,0,0,0
villas,1,villas=1,0,1,0,0,0,0,0,0
vines,1,vines=1,0,1,0,0,0,0,0,0
violator,1,violators=1,1,0,0,0,0,0,0,0
violets,1,violets=1,0,1,0,0,0,0,0,0
viper,1,viper=1,1,0,0,0,0,0,0,0
virality,1,virality=1,1,0,0,0,0,0,0,0
virtues,1,virtues=1,0,1,0,0,0,0,0,0
virtuosic,1,virtuosic=1,0,0,0,0,1,0,0,0
visibly,1,visibly=1,0,0,0,0,0,1,0,0
visigoth,1,visigoths=1,1,0,0,0,0,0,0,0
visited,1,visited=1,0,0,0,0,1,0,0,0
visitors,1,visitors=1,0,1,0,0,0,0,0,0
visor,1,visor=1,1,0,0,0,0,0,0,0
vista,1,vistas=1,1,0,0,0,0,0,0,0
vitae,1,vitae=1,1,0,0,0,0,0,0,0
vitally,1,vitally=1,0,0,0,0,0,1,0,0
vitelline,1,vitelline=1,1,0,0,0,0,0,0,0
vitriolic,1,vitriolic=1,0,0,0,0,1,0,0,0
vo,1,vo=1,1,0,0,0,0,0,0,0
vocalist,1,vocalists=1,0,0,1,0,0,0,0,0
vogue,1,vogue=1,1,0,0,0,0,0,0,0
volcanologist,1,volcanologists=1,1,0,0,0,0,0,0,0
volt,1,volts=1,1,0,0,0,0,0,0,0
voltaire,1,voltaire=1,1,0,0,0,0,0,0,0
voluntarily,1,voluntarily=1,0,0,0,0,0,1,0,0
vorism,1,vorism=1,0,1,0,0,0,0,0,0
vow,1,vowing=1,0,0,1,0,0,0,0,0
voyages,1,voyages=1,0,1,0,0,0,0,0,0
voyaging,1,voyaging=1,1,0,0,0,0,0,0,0
vroom,1,vroom=1,1,0,0,0,0,0,0,0
vygodsky,1,vygodsky=1,0,1,0,0,0,0,0,0
wack,1,wack=1,0,1,0,0,0,0,0,0
wade,1,wade=1,0,0,1,0,0,0,0,0
wafer,1,wafer=1,0,0,1,0,0,0,0,0
wagonload,1,wagonload=1,1,0,0,0,0,0,0,0
wair,1,wair=1,0,1,0,0,0,0,0,0
waite,1,waite=1,0,1,0,0,0,0,0,0
waiter,1,waiter=1,1,0,0,0,0,0,0,0
waitlist,1,waitlist=1,1,0,0,0,0,0,0,0
wakefulness,1,wakefulness=1,1,0,0,0,0,0,0,0
waldorf,1,waldorf=1,0,1,0,0,0,0,0,0
waldseemoler,1,waldseemoler=1,0,1,0,0,0,0,0,0
waley,1,waley=1,0,1,0,0,0,0,0,0
wallabies,1,wallabies=1,0,1,0,0,0,0,0,0
walls,1,walls=1,0,1,0,0,0,0,0,0
walruse,1,walruses=1,0,0,1,0,0,0,0,0
waltz,1,waltz=1,1,0,0,0,0,0,0,0
wanderer,1,wanderer=1,1,0,0,0,0,0,0,0
wann,1,wann=1,0,1,0,0,0,0,0,0
wanning,1,wanning=1,1,0,0,0,0,0,0,0
wanting,1,wanting=1,1,0,0,0,0,0,0,0
wapiti,1,wapiti=1,1,0,0,0,0,0,0,0
wardrobe,1,wardrobe=1,1,0,0,0,0,0,0,0
warhol,1,warhol=1,0,1,0,0,0,0,0,0
warmup,1,warmup=1,1,0,0,0,0,0,0,0
warner,1,warner=1,0,1,0,0,0,0,0,0
warped,1,warped=1,0,0,0,0,1,0,0,0
warranty,1,warranty=1,1,0,0,0,0,0,0,0
warwickshire,1,warwickshire=1,0,1,0,0,0,0,0,0
washable,1,washable=1,0,0,0,0,1,0,0,0
wastage,1,wastage=1,1,0,0,0,0,0,0,0
wasteland,1,wasteland=1,1,0,0,0,0,0,0,0
wasthe,1,wasthe=1,0,0,1,0,0,0,0,0
wasting,1,wasting=1,1,0,0,0,0,0,0,0
watchman,1,watchmen=1,1,0,0,0,0,0,0,0
watercolour,1,watercolour=1,1,0,0,0,0,0,0,0
waterline,1,waterline=1,1,0,0,0,0,0,0,0
waterpow,1,waterpower=1,0,0,0,0,1,0,0,0
watershed,1,watershed=1,0,0,0,0,1,0,0,0
watertime,1,watertime=1,1,0,0,0,0,0,0,0
waterwheel,1,waterwheels=1,1,0,0,0,0,0,0,0
watling,1,watling=1,0,1,0,0,0,0,0,0
watson,1,watson=1,0,1,0,0,0,0,0,0
wavering,1,wavering=1,1,0,0,0,0,0,0,0
waviness,1,waviness=1,1,0,0,0,0,0,0,0
wayne,1,wayne=1,0,1,0,0,0,0,0,0
weakened,1,weakened=1,0,0,0,0,1,0,0,0
weakening,1,weakening=1,1,0,0,0,0,0,0,0
weakfish,1,weakfish=1,1,0,0,0,0,0,0,0
weakling,1,weaklings=1,1,0,0,0,0,0,0,0
weaknesse,1,weaknesses=1,0,0,1,0,0,0,0,0
weavers,1,weavers=1,0,1,0,0,0,0,0,0
webinar,1,webinar=1,1,0,0,0,0,0,0,0
wed,1,wedded=1,0,0,1,0,0,0,0,0
weeklong,1,weeklong=1,0,0,0,0,1,0,0,0
wegeners,1,wegeners=1,0,1,0,0,0,0,0,0
weighting,1,weighting=1,1,0,0,0,0,0,0,0
weightless,1,weightless=1,0,0,0,0,1,0,0,0
weightlift,1,weightlifting=1,0,0,1,0,0,0,0,0
weilburg,1,weilburg=1,0,1,0,0,0,0,0,0
weimar,1,weimar=1,0,1,0,0,0,0,0,0
weirdly,1,weirdly=1,0,0,0,0,0,1,0,0
weisman,1,weisman=1,0,1,0,0,0,0,0,0
welb,1,welb=1,0,1,0,0,0,0,0,0
welcoming,1,welcoming=1,0,0,0,0,1,0,0,0
weld,1,welded=1,0,0,1,0,0,0,0,0
wellbeing,1,wellbeing=1,1,0,0,0,0,0,0,0
welle,1,welles=1,1,0,0,0,0,0,0,0
welltrained,1,welltrained=1,0,0,0,0,1,0,0,0
wetness,1,wetness=1,1,0,0,0,0,0,0,0
wettable,1,wettable=1,0,0,0,0,1,0,0,0
weyl,1,weyl=1,0,0,1,0,0,0,0,0
wg,1,wg=1,0,1,0,0,0,0,0,0
wgs,1,wgs=1,1,0,0,0,0,0,0,0
wha,1,wha=1,0,1,0,0,0,0,0,0
wheezing,1,wheezing=1,1,0,0,0,0,0,0,0
wherein,1,wherein=1,0,0,0,0,0,0,0,1
whine,1,whining=1,0,0,1,0,0,0,0,0
whining,1,whining=1,1,0,0,0,0,0,0,0
whip,1,whipping=1,0,0,1,0,0,0,0,0
whirlpool,1,whirlpools=1,1,0,0,0,0,0,0,0
whisker,1,whiskers=1,1,0,0,0,0,0,0,0
whiteboard,1,whiteboard=1,1,0,0,0,0,0,0,0
whiter,1,whiter=1,1,0,0,0,0,0,0,0
whoa,1,whoa=1,0,0,0,0,0,0,0,1
wholeheartedly,1,wholeheartedly=1,0,0,0,0,0,1,0,0
wholesome,1,wholesome=1,0,0,0,0,1,0,0,0
whoosh,1,whoosh=1,1,0,0,0,0,0,0,0
whooshing,1,whooshing=1,1,0,0,0,0,0,0,0
wickerwork,1,wickerwork=1,1,0,0,0,0,0,0,0
widening,1,widening=1,1,0,0,0,0,0,0,0
widle,1,widle=1,1,0,0,0,0,0,0,0
wiggins,1,wiggins=1,0,1,0,0,0,0,0,0
wiggling,1,wiggling=1,1,0,0,0,0,0,0,0
williamson,1,williamson=1,0,1,0,0,0,0,0,0
willy,1,willy=1,0,0,0,0,0,1,0,0
winch,1,winches=1,1,0,0,0,0,0,0,0
windmill,1,windmills=1,1,0,0,0,0,0,0,0
windowsill,1,windowsill=1,1,0,0,0,0,0,0,0
windpipe,1,windpipe=1,1,0,0,0,0,0,0,0
windstorm,1,windstorms=1,1,0,0,0,0,0,0,0
wings,1,wings=1,0,1,0,0,0,0,0,0
wink,1,winking=1,0,0,1,0,0,0,0,0
wishful,1,wishful=1,0,0,0,0,1,0,0,0
withdrew,1,withdrew=1,0,1,0,0,0,0,0,0
witherspoon,1,witherspoon=1,0,1,0,0,0,0,0,0
withhold,1,withhold=1,0,0,1,0,0,0,0,0
withtin,1,withtin=1,0,1,0,0,0,0,0,0
wives,1,wives=1,0,1,0,0,0,0,0,0
wo,1,wo=1,1,0,0,0,0,0,0,0
wok,1,wok=1,1,0,0,0,0,0,0,0
wolcott,1,wolcott=1,0,1,0,0,0,0,0,0
wolfattack,1,wolfattack=1,0,0,1,0,0,0,0,0
wolves,1,wolves=1,0,1,0,0,0,0,0,0
wonderfully,1,wonderfully=1,0,0,0,0,0,1,0,0
wonderous,1,wonderous=1,0,0,0,0,1,0,0,0
wondrous,1,wondrous=1,0,0,0,0,1,0,0,0
woodcarver,1,woodcarvers=1,1,0,0,0,0,0,0,0
woodlands,1,woodlands=1,0,1,0,0,0,0,0,0
woodlot,1,woodlots=1,1,0,0,0,0,0,0,0
woodlouse,1,woodlouse=1,1,0,0,0,0,0,0,0
woodsman,1,woodsmen=1,1,0,0,0,0,0,0,0
woodwork,1,woodwork=1,1,0,0,0,0,0,0,0
woric,1,woric=1,0,0,1,0,0,0,0,0
workability,1,workability=1,0,1,0,0,0,0,0,0
workbook,1,workbooks=1,1,0,0,0,0,0,0,0
workbooks,1,workbooks=1,0,1,0,0,0,0,0,0
worldview,1,worldview=1,1,0,0,0,0,0,0,0
worryingly,1,worryingly=1,0,0,0,0,0,1,0,0
worse,1,worse=1,0,0,0,0,0,1,0,0
worsening,1,worsening=1,1,0,0,0,0,0,0,0
worthless,1,worthless=1,0,0,0,0,1,0,0,0
wove,1,wove=1,0,0,1,0,0,0,0,0
wrack,1,wracking=1,0,0,1,0,0,0,0,0
wrench,1,wrench=1,1,0,0,0,0,0,0,0
wriggle,1,wriggling=1,0,0,1,0,0,0,0,0
wristband,1,wristband=1,1,0,0,0,0,0,0,0
writers,1,writers=1,0,1,0,0,0,0,0,0
wrongdoing,1,wrongdoing=1,1,0,0,0,0,0,0,0
wrongness,1,wrongness=1,1,0,0,0,0,0,0,0
wug,1,wug=1,0,1,0,0,0,0,0,0
wwa,1,wwas=1,0,0,1,0,0,0,0,0
xenolith,1,xenoliths=1,1,0,0,0,0,0,0,0
xenon,1,xenon=1,0,1,0,0,0,0,0,0
xi,1,xi=1,0,1,0,0,0,0,0,0
xiv,1,xiv=1,0,1,0,0,0,0,0,0
xvi,1,xvi=1,0,1,0,0,0,0,0,0
xylem,1,xylem=1,0,1,0,0,0,0,0,0
yak,1,yaks=1,1,0,0,0,0,0,0,0
yakima,1,yakima=1,0,1,0,0,0,0,0,0
yam,1,yams=1,1,0,0,0,0,0,0,0
yankee,1,yankee=1,0,1,0,0,0,0,0,0
yearlong,1,yearlong=1,0,0,0,0,1,0,0,0
yeavering,1,yeavering=1,0,1,0,0,0,0,0,0
yellowed,1,yellowed=1,0,0,0,0,1,0,0,0
yeoman,1,yeoman=1,0,1,0,0,0,0,0,0
yielding,1,yielding=1,1,0,0,0,0,0,0,0
yifei,1,yifei=1,0,1,0,0,0,0,0,0
yike,1,yikes=1,1,0,0,0,0,0,0,0
yoghurt,1,yoghurt=1,1,0,0,0,0,0,0,0
yorkers,1,yorkers=1,0,1,0,0,0,0,0,0
yoshida,1,yoshida=1,0,1,0,0,0,0,0,0
yourselves,1,yourselves=1,0,0,0,0,0,0,1,0
youthful,1,youthful=1,0,0,0,0,1,0,0,0
yuanperiod,1,yuanperiod=1,0,1,0,0,0,0,0,0
yuck,1,yuck=1,0,1,0,0,0,0,0,0
yugoslav,1,yugoslav=1,0,0,0,0,1,0,0,0
yum,1,yum=1,0,0,0,0,0,0,0,1
zanne,1,zanne=1,0,1,0,0,0,0,0,0
zanni,1,zanni=1,1,0,0,0,0,0,0,0
zauner,1,zauner=1,0,1,0,0,0,0,0,0
zazen,1,zazen=1,0,1,0,0,0,0,0,0
zealanders,1,zealanders=1,0,1,0,0,0,0,0,0
zealous,1,zealous=1,0,1,0,0,0,0,0,0
zen,1,zen=1,0,1,0,0,0,0,0,0
zibaldoni,1,zibaldoni=1,0,1,0,0,0,0,0,0
zimmerman,1,zimmerman=1,0,1,0,0,0,0,0,0
zine,1,zine=1,1,0,0,0,0,0,0,0
zip,1,zip=1,1,0,0,0,0,0,0,0
zirconium,1,zirconium=1,1,0,0,0,0,0,0,0
zircons,1,zircons=1,0,1,0,0,0,0,0,0
zoe,1,zoe=1,1,0,0,0,0,0,0,0
zonation,1,zonation=1,1,0,0,0,0,0,0,0
zoning,1,zoning=1,1,0,0,0,0,0,0,0
zooarchaeologist,1,zooarchaeologists=1,1,0,0,0,0,0,0,0
zoologist,1,zoologists=1,1,0,0,0,0,0,0,0
œby,1,œby=1,0,0,1,0,0,0,0,0
œdress,1,œdress=1,0,0,0,0,0,1,0,0
œgravitational,1,œgravitational=1,0,0,0,0,1,0,0,0
œheraldic,1,œheraldic=1,0,0,0,0,1,0,0,0
œit,1,œit=1,1,0,0,0,0,0,0,0
œmight,1,œmight=1,0,0,0,0,1,0,0,0
œprecautionary,1,œprecautionary=1,0,0,0,0,1,0,0,0
œsmoke,1,œsmoke=1,0,0,1,0,0,0,0,0
œwe,1,œwe=1,1,0,0,0,0,0,0,0
утter,1,утter=1,1,0,0,0,0,0,0,0
