lemma,count,observed_forms,noun,proper_noun,verb,auxiliary,adjective,adverb,pronoun,other
the,13058,the=13058,0,0,0,0,0,0,0,13058
be,8621,is=2937; be=2282; are=1678; was=935; were=358; been=300; being=110; am=21,0,0,1,8620,0,0,0,0
to,8149,to=8148; na=1,0,0,0,0,0,0,0,8149
a,6560,a=6560,286,156,0,0,0,0,0,6118
of,4689,of=4689,0,0,0,0,0,30,0,4659
and,4550,and=4550,0,0,0,0,0,0,0,4550
in,3923,in=3921; ins=2,5,1,0,0,0,24,0,3893
you,2953,you=2953,0,0,0,0,0,0,2953,0
it,2661,it=2661,1,3,0,0,0,0,2657,0
i,2521,i=2314; me=207,1,10,0,0,0,0,2510,0
for,2498,for=2498,0,0,0,0,0,0,0,2498
that,2435,that=2435,0,0,0,0,0,16,942,1477
do,2370,do=929; does=855; did=521; doing=36; done=29,0,0,65,2305,0,0,0,0
have,2357,have=1522; has=539; had=252; having=43; haves=1,1,0,43,2313,0,0,0,0
what,1769,what=1769,0,0,0,0,0,0,1625,144
on,1562,on=1562,1,0,0,0,0,10,0,1551
they,1561,they=1285; them=276,0,0,0,0,0,0,1561,0
an,1479,an=1479,0,0,0,0,0,0,0,1479
can,1388,can=1337; ca=51,1,0,0,1387,0,0,0,0
not,1360,not=1360,0,0,0,0,0,0,0,1360
will,1350,will=1329; wo=21,2,1,0,1347,0,0,0,0
with,1335,with=1335,0,0,0,0,0,0,0,1335
fill,1322,fill=1306; filled=12; filling=3; fills=1,216,1081,25,0,0,0,0,0
response,1320,response=1301; responses=19,1303,17,0,0,0,0,0,0
time,1309,time=1256; times=52; timing=1,1304,4,1,0,0,0,0,0
about,1303,about=1303,0,2,0,0,3,45,0,1253
student,1220,student=789; students=431,1179,39,1,0,1,0,0,0
blank,1189,blank=1081; blanks=108,108,0,0,0,1081,0,0,0
this,1045,this=1045,0,0,0,0,0,0,0,1045
at,1036,at=1036,0,0,0,0,0,18,0,1018
make,995,make=621; made=158; making=137; makes=79,1,0,994,0,0,0,0,0
by,972,by=972,0,0,0,0,0,1,0,971
as,906,as=906,0,0,0,0,0,118,0,788
sentence,854,sentence=818; sentences=36,842,12,0,0,0,0,0,0
good,845,best=599; good=229; goods=17,18,1,0,0,825,1,0,0
how,835,how=835,0,0,0,0,0,0,0,835
listen,812,listen=754; listening=50; listened=6; listens=2,0,0,812,0,0,0,0,0
your,800,your=797; yours=3,3,0,0,0,0,0,797,0
some,779,some=779,0,0,0,0,0,0,0,779
second,764,seconds=732; second=32,733,0,0,0,30,1,0,0
or,756,or=756,0,0,0,0,0,0,0,756
why,756,why=756,0,0,0,0,0,0,0,756
from,749,from=749,0,0,0,0,0,0,0,749
use,745,use=345; used=224; using=152; uses=24,142,5,598,0,0,0,0,0
item,710,item=652; items=58,494,216,0,0,0,0,0,0
their,701,their=701,0,0,0,0,0,0,701,0
we,666,we=571; us=95,0,0,0,0,0,0,666,0
like,652,like=628; likes=17; liked=6; liking=1,3,0,223,0,18,0,0,408
more,621,more=621,0,0,0,0,240,381,0,0
class,618,class=529; classes=89,608,8,2,0,0,0,0,0
new,600,new=594; newer=4; newest=2,0,18,0,0,582,0,0,0
question,593,questions=514; question=78; questioning=1,587,0,6,0,0,0,0,0
choose,587,choose=563; choosing=10; chose=9; chosen=4; chooses=1,0,3,584,0,0,0,0,0
speaker,586,speaker=558; speakers=28,563,23,0,0,0,0,0,0
one,545,one=525; ones=20,71,11,0,0,0,0,12,451
she,541,she=475; her=66,0,0,0,0,0,0,541,0
he,528,he=482; him=46,0,0,0,0,0,0,528,0
prompt,525,prompt=520; prompting=3; prompted=2,172,348,5,0,0,0,0,0
transcript,524,transcript=523; transcripts=1,4,520,0,0,0,0,0,0
work,524,work=305; working=131; works=56; worked=32,216,4,304,0,0,0,0,0
study,520,study=360; studying=75; studies=71; studied=14,363,3,154,0,0,0,0,0
help,496,help=323; helps=112; helping=32; helped=29,77,7,412,0,0,0,0,0
word,491,word=468; words=23,131,360,0,0,0,0,0,0
which,489,which=489,0,0,0,0,0,0,0,489
my,487,my=487,0,0,0,0,0,0,472,15
but,485,but=485,0,0,0,0,0,0,0,485
woman,485,woman=469; women=16,485,0,0,0,0,0,0,0
man,483,man=478; men=4; manned=1,482,0,1,0,0,0,0,0
complete,479,completed=385; complete=90; completing=4,0,1,426,0,52,0,0,0
conversation,479,conversation=465; conversations=14,478,1,0,0,0,0,0,0
need,473,need=332; needs=83; needed=57; needing=1,110,0,362,1,0,0,0,0
people,473,people=468; peoples=5,467,6,0,0,0,0,0,0
other,471,other=328; others=143,143,0,0,0,328,0,0,0
these,469,these=469,0,0,0,0,0,0,0,469
think,458,think=353; thought=56; thinking=38; thinks=11,0,0,458,0,0,0,0,0
when,438,when=438,0,0,0,0,0,0,0,438
please,420,please=419; pleased=1,1,0,1,0,0,0,0,418
change,413,change=212; changes=122; changed=45; changing=34,269,8,136,0,0,0,0,0
passage,397,passage=394; passages=3,397,0,0,0,0,0,0,0
its,386,its=386,0,0,0,0,0,0,386,0
there,380,there=380,0,0,0,0,0,142,238,0
talk,378,talk=347; talking=23; talked=7; talks=1,303,1,74,0,0,0,0,0
go,375,go=154; going=144; went=45; goes=17; gone=14; gon=1,2,5,368,0,0,0,0,0
researcher,375,researcher=241; researchers=134,375,0,0,0,0,0,0,0
take,373,take=216; taking=81; took=34; taken=27; takes=15,1,0,372,0,0,0,0,0
bank,371,bank=371,371,0,0,0,0,0,0,0
appropriate,367,appropriate=367,0,0,0,0,367,0,0,0
if,365,if=365,0,0,0,0,0,0,0,365
would,362,would=362,0,0,0,362,0,0,0,0
campus,359,campus=358; campuses=1,340,18,0,0,1,0,0,0
know,358,know=247; known=94; knows=11; knew=3; knowing=3,0,0,358,0,0,0,0,0
well,350,well=211; better=118; best=21,4,3,0,0,75,187,0,81
than,347,than=347,0,0,0,0,0,0,0,347
university,341,university=337; universities=4,297,43,0,0,1,0,0,0
so,340,so=340,0,0,0,0,0,271,0,69
only,329,only=329,0,1,0,0,25,303,0,0
all,328,all=328,0,0,0,0,0,28,0,300
say,327,says=147; say=137; said=40; saying=3,0,0,321,0,0,0,0,6
answer,326,answer=314; answers=7; answered=4; answering=1,23,0,303,0,0,0,0,0
research,323,research=320; researched=2; researching=1,305,11,7,0,0,0,0,0
art,322,art=306; arts=16,308,14,0,0,0,0,0,0
provide,321,provide=189; provides=51; providing=46; provided=35,0,1,320,0,0,0,0,0
who,321,who=321,0,0,0,0,0,0,321,0
text,320,text=314; texts=6,8,0,183,0,0,0,0,129
our,316,our=316,0,0,0,0,0,0,316,0
no,307,no=307,5,64,0,0,0,33,0,205
out,301,out=298; outing=2; outs=1,1,0,2,0,0,14,0,284
social,301,social=301,1,14,0,0,285,1,0,0
up,301,up=297; ups=4,13,0,0,0,0,18,0,270
online,300,online=300,5,1,0,0,200,94,0,0
where,298,where=298,0,0,0,0,0,0,0,298
most,291,most=291,0,0,0,0,102,189,0,0
ask,287,ask=249; asked=24; asking=11; asks=3,1,1,285,0,0,0,0,0
get,287,get=194; got=40; getting=33; gets=18; gotten=2,0,1,286,0,0,0,0,0
music,287,music=287,277,10,0,0,0,0,0,0
professor,285,professor=273; professors=12,255,30,0,0,0,0,0,0
interviewer,284,interviewer=284,284,0,0,0,0,0,0,0
also,283,also=283,0,0,0,0,0,283,0,0
should,281,should=281,0,0,0,281,0,0,0,0
next,280,next=280,0,2,0,0,223,44,0,11
repeat,280,repeat=266; repeated=8; repeating=6,4,0,276,0,0,0,0,0
announcement,278,announcement=276; announcements=2,278,0,0,0,0,0,0,0
see,278,see=186; seen=48; saw=30; seeing=13; sees=1,0,0,278,0,0,0,0,0
into,276,into=276,0,0,0,0,0,0,0,276
mention,276,mention=189; mentioned=55; mentions=30; mentioning=2,3,3,270,0,0,0,0,0
suggest,269,suggest=177; suggests=44; suggested=31; suggesting=17,0,1,268,0,0,0,0,0
system,269,systems=150; system=119,268,1,0,0,0,0,0,0
find,268,find=141; found=103; finding=16; finds=8,5,0,263,0,0,0,0,0
often,266,often=266,0,0,0,0,0,266,0,0
friend,256,friend=210; friends=46,179,77,0,0,0,0,0,0
learn,255,learning=130; learn=99; learned=23; learns=3,0,1,254,0,0,0,0,0
explain,250,explain=225; explains=11; explained=8; explaining=6,0,1,249,0,0,0,0,0
while,249,while=249,8,0,0,0,0,0,0,241
just,247,just=247,0,0,0,0,1,246,0,0
example,246,example=213; examples=33,246,0,0,0,0,0,0,0
event,239,event=162; events=77,238,1,0,0,0,0,0,0
such,238,such=238,0,0,0,0,232,0,0,6
start,236,start=108; starting=53; started=43; starts=32,19,2,215,0,0,0,0,0
interview,233,interview=222; interviews=9; interviewed=2,229,0,4,0,0,0,0,0
way,232,way=149; ways=83,227,2,0,0,0,3,0,0
create,231,create=108; creating=65; created=39; creates=19,0,0,231,0,0,0,0,0
could,230,could=230,0,0,0,230,0,0,0,0
last,228,last=208; lasted=10; lasting=8; lasts=2,0,0,30,0,192,6,0,0
many,228,many=228,0,0,0,0,228,0,0,0
technology,228,technology=185; technologies=43,226,2,0,0,0,0,0,0
her,226,her=226,0,0,0,0,0,0,226,0
long,226,long=171; longer=51; longest=4,0,0,0,0,126,100,0,0
yes,225,yes=225,0,46,0,0,0,0,0,179
want,224,want=126; wanted=62; wants=36,0,0,224,0,0,0,0,0
experience,222,experience=113; experiences=83; experienced=14; experiencing=12,169,1,52,0,0,0,0,0
challenge,221,challenges=124; challenge=70; challenging=20; challenged=7,164,0,57,0,0,0,0,0
may,219,may=219,0,1,0,218,0,0,0,0
lead,217,lead=86; led=57; leading=43; leads=31,10,0,206,0,1,0,0,0
city,216,city=112; cities=104,199,17,0,0,0,0,0,0
write,215,write=134; writing=53; written=12; wrote=12; writes=4,0,0,215,0,0,0,0,0
great,214,great=164; greater=42; greatest=8,0,28,0,0,181,0,0,5
human,208,human=168; humans=40,53,2,0,0,152,1,0,0
different,207,different=207,0,0,0,0,207,0,0,0
through,203,through=203,0,0,0,0,0,8,0,195
close,202,closest=92; close=45; closed=39; closer=12; closes=12; closing=2,1,0,61,0,120,20,0,0
life,201,life=182; lives=19,200,1,0,0,0,0,0,0
offer,201,offer=84; offers=59; offered=33; offering=25,10,1,190,0,0,0,0,0
too,200,too=200,0,0,0,0,0,200,0,0
book,198,book=126; books=56; booked=15; booking=1,166,5,27,0,0,0,0,0
water,198,water=178; waters=17; watering=2; watered=1,187,5,6,0,0,0,0,0
his,197,his=197,0,0,0,0,0,0,197,0
group,195,group=158; groups=36; grouped=1,187,7,1,0,0,0,0,0
food,193,food=179; foods=14,191,2,0,0,0,0,0,0
early,190,early=148; earlier=36; earliest=6,0,0,0,0,134,56,0,0
design,189,design=112; designed=44; designs=25; designing=8,110,3,76,0,0,0,0,0
over,188,over=188,0,0,0,0,0,8,0,180
might,187,might=187,0,0,0,187,0,0,0,0
once,187,once=187,0,0,0,0,0,176,0,11
another,185,another=185,0,0,0,0,0,0,0,185
first,184,first=184,0,0,0,0,88,96,0,0
reduce,184,reduce=81; reducing=53; reduces=27; reduced=23,0,0,184,0,0,0,0,0
require,184,requires=78; required=58; require=36; requiring=12,0,0,184,0,0,0,0,0
now,183,now=183,0,0,0,0,0,182,0,1
today,183,today=183,183,0,0,0,0,0,0,0
during,181,during=181,0,0,0,0,0,0,0,181
role,181,role=147; roles=34,176,5,0,0,0,0,0,0
between,180,between=180,0,0,0,0,0,0,0,180
point,180,point=127; points=51; pointed=1; pointing=1,108,8,64,0,0,0,0,0
show,179,show=100; shows=26; shown=21; showed=18; showing=14,24,2,153,0,0,0,0,0
plan,178,plan=63; planning=59; plans=48; planned=8,66,4,108,0,0,0,0,0
place,177,place=111; places=37; placed=17; placing=12,133,2,42,0,0,0,0,0
activity,176,activities=105; activity=71,176,0,0,0,0,0,0,0
discuss,176,discuss=105; discussing=46; discussed=17; discusses=8,0,6,170,0,0,0,0,0
plant,176,plants=105; plant=65; planted=3; planting=3,159,2,15,0,0,0,0,0
before,175,before=175,0,0,0,0,0,26,0,149
look,175,looking=80; look=66; looks=16; looked=13,11,1,163,0,0,0,0,0
include,174,including=68; include=67; includes=23; included=16,0,0,174,0,0,0,0,0
part,174,part=150; parts=24,159,0,0,0,15,0,0,0
week,174,week=152; weeks=22,171,3,0,0,0,0,0,0
center,173,center=154; centered=13; centers=6,121,39,13,0,0,0,0,0
information,173,information=173,168,5,0,0,0,0,0,0
main,173,main=173,0,4,0,0,169,0,0,0
process,173,process=111; processes=56; processing=4; processed=2,154,0,19,0,0,0,0,0
area,170,areas=107; area=63,170,0,0,0,0,0,0,0
believe,169,believe=139; believed=22; believes=8,0,0,169,0,0,0,0,0
because,168,because=168,0,0,0,0,0,0,0,168
library,168,library=167; libraries=1,163,5,0,0,0,0,0,0
problem,168,problem=99; problems=69,168,0,0,0,0,0,0,0
space,167,space=89; spaces=78,156,11,0,0,0,0,0,0
short,165,short=162; shorter=3,0,0,0,0,161,4,0,0
describe,164,describe=109; describes=36; described=16; describing=3,0,0,164,0,0,0,0,0
give,164,give=92; giving=28; gave=18; given=18; gives=8,0,0,164,0,0,0,0,0
important,164,important=164,0,0,0,0,164,0,0,0
increase,164,increase=66; increased=58; increasing=23; increases=17,33,0,131,0,0,0,0,0
year,164,year=92; years=72,163,1,0,0,0,0,0,0
idea,163,idea=94; ideas=69,163,0,0,0,0,0,0,0
email,162,email=155; emails=5; emailed=2,149,0,13,0,0,0,0,0
influence,162,influence=92; influenced=40; influences=19; influencing=11,63,4,95,0,0,0,0,0
impact,160,impact=129; impacts=25; impacted=4; impacting=2,126,2,32,0,0,0,0,0
improve,160,improve=100; improved=27; improving=23; improves=10,0,0,160,0,0,0,0,0
play,159,play=77; played=39; plays=28; playing=15,19,4,136,0,0,0,0,0
produce,159,produce=80; produced=32; produces=24; producing=23,8,0,151,0,0,0,0,0
check,158,check=118; checked=26; checking=13; checks=1,7,8,143,0,0,0,0,0
energy,158,energy=158,154,4,0,0,0,0,0,0
project,157,project=122; projects=35,154,0,3,0,0,0,0,0
effect,155,effects=84; effect=71,147,7,1,0,0,0,0,0
manager,155,manager=153; managers=2,138,17,0,0,0,0,0,0
store,155,store=111; stores=30; stored=9; storing=5,121,1,33,0,0,0,0,0
environmental,154,environmental=154,0,11,0,0,143,0,0,0
health,154,health=154,144,10,0,0,0,0,0,0
task,154,task=122; tasks=32,46,108,0,0,0,0,0,0
thank,154,thank=105; thanks=49,49,0,105,0,0,0,0,0
traditional,153,traditional=153,2,3,0,0,148,0,0,0
any,152,any=152,0,0,0,0,0,0,0,152
sound,152,sounds=89; sound=62; sounding=1,66,1,69,0,16,0,0,0
very,152,very=152,0,0,0,0,2,150,0,0
form,151,form=91; forms=44; formed=10; forming=6,103,0,48,0,0,0,0,0
theory,151,theory=122; theories=29,141,10,0,0,0,0,0,0
large,150,large=104; larger=39; largest=7,0,1,0,0,149,0,0,0
cultural,149,cultural=149,0,0,0,0,149,0,0,0
available,147,available=147,0,0,0,0,147,0,0,0
focus,146,focus=73; focusing=27; focused=24; focuses=22,33,5,108,0,0,0,0,0
understand,146,understand=79; understanding=54; understood=12; understands=1,0,0,146,0,0,0,0,0
issue,145,issues=92; issue=48; issued=5,140,0,5,0,0,0,0,0
much,145,much=145,0,0,0,0,52,93,0,0
club,144,club=137; clubs=7,124,20,0,0,0,0,0,0
community,144,community=93; communities=51,138,6,0,0,0,0,0,0
accord,143,according=143,0,0,143,0,0,0,0,0
attend,143,attend=96; attending=33; attended=13; attends=1,0,0,143,0,0,0,0,0
benefit,142,benefits=89; benefit=47; benefited=3; benefiting=3,110,0,32,0,0,0,0,0
day,142,day=110; days=32,141,1,0,0,0,0,0,0
structure,142,structures=80; structure=55; structured=7,135,0,7,0,0,0,0,0
allow,141,allows=46; allowed=38; allow=30; allowing=27,0,0,141,0,0,0,0,0
ancient,141,ancient=141,0,13,0,0,128,0,0,0
environment,141,environment=81; environments=60,141,0,0,0,0,0,0,0
history,140,history=138; histories=2,139,1,0,0,0,0,0,0
material,140,materials=103; material=37,138,0,0,0,2,0,0,0
become,139,became=51; become=48; becoming=26; becomes=14,0,0,139,0,0,0,0,0
individual,139,individuals=90; individual=49,104,0,0,0,35,0,0,0
course,138,course=110; courses=28,122,0,0,0,0,16,0,0
datum,138,data=138,138,0,0,0,0,0,0,0
urban,137,urban=137,0,10,0,0,127,0,0,0
after,136,after=136,0,0,0,0,0,3,0,133
technique,136,techniques=100; technique=36,136,0,0,0,0,0,0,0
call,135,called=75; call=49; calling=8; calls=3,15,2,118,0,0,0,0,0
computer,134,computer=95; computers=39,128,6,0,0,0,0,0,0
support,134,support=96; supports=19; supported=12; supporting=7,31,1,102,0,0,0,0,0
job,133,job=109; jobs=24,133,0,0,0,0,0,0,0
volunteer,133,volunteered=79; volunteer=24; volunteering=16; volunteers=14,30,3,100,0,0,0,0,0
likely,132,likely=132,0,0,0,0,58,74,0,0
public,132,public=132,13,2,0,0,117,0,0,0
schedule,132,schedule=86; scheduled=39; schedules=7,87,2,43,0,0,0,0,0
sure,131,sure=131,0,34,0,0,74,3,0,20
approach,129,approach=101; approaches=24; approaching=3; approached=1,116,0,13,0,0,0,0,0
high,129,high=91; higher=33; highest=5,0,4,0,0,125,0,0,0
however,129,however=129,0,0,0,0,0,129,0,0
read,129,reading=66; read=63,0,6,123,0,0,0,0,0
cause,128,caused=46; cause=37; causes=28; causing=17,19,0,109,0,0,0,0,0
culture,128,culture=65; cultures=63,123,5,0,0,0,0,0,0
school,127,school=113; schools=14,124,3,0,0,0,0,0,0
free,126,free=126,0,9,0,0,117,0,0,0
join,126,join=69; joining=47; joined=10,1,6,119,0,0,0,0,0
yet,126,yet=126,0,0,0,0,0,105,0,21
building,125,building=74; buildings=51,119,6,0,0,0,0,0,0
local,125,local=124; locals=1,1,2,0,0,122,0,0,0
natural,125,natural=125,0,3,0,0,122,0,0,0
animal,124,animals=75; animal=49,122,1,0,0,1,0,0,0
business,124,business=83; businesses=41,120,4,0,0,0,0,0,0
person,124,person=124,72,52,0,0,0,0,0,0
still,124,still=124,0,0,0,0,0,124,0,0
climate,123,climate=111; climates=12,111,9,3,0,0,0,0,0
develop,123,developed=51; develop=38; developing=32; develops=2,0,0,123,0,0,0,0,0
light,123,light=107; lights=11; lighter=3; lighting=1; lit=1,81,1,4,0,37,0,0,0
modern,123,modern=123,1,4,0,0,118,0,0,0
move,123,move=56; moving=33; moved=23; moves=11,13,1,109,0,0,0,0,0
practice,123,practices=59; practice=40; practiced=12; practicing=12,90,0,33,0,0,0,0,0
artist,122,artists=82; artist=40,121,1,0,0,0,0,0,0
behavior,122,behavior=98; behaviors=24,122,0,0,0,0,0,0,0
field,122,field=79; fields=43,121,1,0,0,0,0,0,0
begin,121,begin=58; began=35; begins=13; beginning=11; begun=4,0,1,120,0,0,0,0,0
emphasize,121,emphasize=94; emphasizes=14; emphasizing=9; emphasized=4,0,0,121,0,0,0,0,0
right,121,right=118; rights=3,6,1,0,0,62,44,0,8
follow,120,following=58; follow=42; followed=14; follows=6,1,0,119,0,0,0,0,0
temperature,120,temperature=66; temperatures=54,118,2,0,0,0,0,0,0
two,120,two=120,0,0,0,0,0,0,0,120
science,119,science=105; sciences=14,110,9,0,0,0,0,0,0
prefer,118,prefer=98; prefers=16; preferred=4,2,0,116,0,0,0,0,0
small,118,small=91; smaller=26; smallest=1,0,1,0,0,117,0,0,0
painting,117,paintings=62; painting=55,116,1,0,0,0,0,0,0
speak,117,speaking=79; speak=28; spoke=4; spoken=4; speaks=2,0,5,112,0,0,0,0,0
affect,116,affect=57; affected=25; affecting=17; affects=17,1,0,115,0,0,0,0,0
buy,116,buy=82; bought=20; buying=14,1,12,103,0,0,0,0,0
method,116,methods=65; method=51,116,0,0,0,0,0,0,0
topic,116,topic=94; topics=22,116,0,0,0,0,0,0,0
visit,116,visit=77; visited=19; visiting=19; visits=1,13,11,92,0,0,0,0,0
live,115,live=59; living=38; lived=11; lives=7,0,2,99,0,11,3,0,0
without,115,without=115,0,0,0,0,0,0,0,115
come,114,come=53; coming=23; came=21; comes=17,0,0,113,0,1,0,0,0
open,114,open=81; opened=16; opening=9; opens=8,0,0,46,0,67,0,0,1
control,113,control=82; controlled=21; controlling=5; controls=5,60,5,48,0,0,0,0,0
even,113,even=113,0,0,0,0,0,113,0,0
feedback,113,feedback=113,111,2,0,0,0,0,0,0
imply,112,imply=109; implies=2; implied=1,0,0,112,0,0,0,0,0
shape,112,shape=58; shaped=25; shaping=16; shapes=13,47,0,65,0,0,0,0,0
cost,111,cost=67; costs=44,101,1,9,0,0,0,0,0
development,111,development=105; developments=6,111,0,0,0,0,0,0,0
really,111,really=111,0,0,0,0,0,111,0,0
type,111,types=60; type=47; typing=4,107,0,4,0,0,0,0,0
participate,110,participate=92; participating=11; participated=7,1,0,109,0,0,0,0,0
those,110,those=110,0,0,0,0,0,0,0,110
let,109,let=103; letting=5; lets=1,1,4,104,0,0,0,0,0
narrator,109,narrator=109,109,0,0,0,0,0,0,0
century,108,century=71; centuries=37,108,0,0,0,0,0,0,0
meaning,108,meaning=108,108,0,0,0,0,0,0,0
complex,107,complex=106; complexes=1,9,3,0,0,95,0,0,0
hour,107,hours=74; hour=33,107,0,0,0,0,0,0,0
involve,107,involves=56; involved=28; involve=12; involving=11,0,0,107,0,0,0,0,0
less,107,less=107,0,0,0,0,35,72,0,0
meet,107,meet=64; meeting=15; meets=14; met=14,0,2,105,0,0,0,0,0
meeting,107,meeting=96; meetings=11,105,2,0,0,0,0,0,0
condition,106,conditions=99; condition=7,106,0,0,0,0,0,0,0
must,106,must=106,1,0,0,105,0,0,0,0
product,106,products=67; product=39,105,1,0,0,0,0,0,0
room,106,room=90; rooms=16,97,9,0,0,0,0,0,0
train,106,train=54; training=35; trained=15; trains=2,45,0,61,0,0,0,0,0
agree,105,agree=53; agreed=34; agreeing=18,0,0,105,0,0,0,0,0
grow,105,grow=39; growing=33; grows=13; grew=10; grown=10,0,0,105,0,0,0,0,0
park,105,park=78; parks=21; parked=4; parking=2,71,20,14,0,0,0,0,0
interesting,104,interesting=104,0,53,0,0,51,0,0,0
decision,103,decisions=54; decision=49,103,0,0,0,0,0,0,0
earth,103,earth=103,9,94,0,0,0,0,0,0
lot,103,lot=84; lots=19,100,3,0,0,0,0,0,0
program,103,program=59; programs=43; programmed=1,100,2,1,0,0,0,0,0
purpose,103,purpose=94; purposes=9,103,0,0,0,0,0,0,0
tell,103,tell=84; told=8; tells=6; telling=5,0,0,103,0,0,0,0,0
tool,103,tools=81; tool=22,103,0,0,0,0,0,0,0
back,102,back=98; backed=2; backing=2,16,0,7,0,6,67,0,6
enjoy,102,enjoy=70; enjoyed=16; enjoys=9; enjoying=7,0,0,102,0,0,0,0,0
highlight,102,highlight=78; highlights=13; highlighting=7; highlighted=4,2,0,100,0,0,0,0,0
near,102,near=97; nearest=5,0,0,0,0,7,6,0,89
significant,102,significant=102,0,0,0,0,102,0,0,0
each,101,each=101,0,0,0,0,0,1,0,100
green,101,green=98; greens=3,4,16,0,0,81,0,0,0
identify,101,identify=76; identifying=13; identified=10; identifies=2,0,0,101,0,0,0,0,0
scientist,101,scientists=92; scientist=9,101,0,0,0,0,0,0,0
teach,101,teaching=62; taught=22; teach=12; teaches=5,0,0,101,0,0,0,0,0
concern,100,concerns=56; concern=34; concerned=8; concerning=2,89,0,11,0,0,0,0,0
hear,100,heard=64; hear=32; hearing=4,0,0,100,0,0,0,0,0
weekend,100,weekend=90; weekends=10,99,1,0,0,0,0,0,0
world,100,world=97; worlds=3,96,4,0,0,0,0,0,0
argue,99,argue=89; argued=6; arguing=3; argues=1,0,0,99,0,0,0,0,0
keep,99,keep=67; keeping=12; kept=12; keeps=8,0,0,99,0,0,0,0,0
service,99,service=58; services=40; servicing=1,95,3,1,0,0,0,0,0
specie,99,species=99,99,0,0,0,0,0,0,0
ability,98,ability=80; abilities=18,98,0,0,0,0,0,0,0
bring,98,bring=70; brought=17; bringing=10; brings=1,0,2,96,0,0,0,0,0
customer,98,customer=59; customers=39,96,2,0,0,0,0,0,0
everyday,98,everyday=98,41,0,0,0,57,0,0,0
feel,98,feel=57; feels=16; feeling=15; felt=10,2,0,96,0,0,0,0,0
growth,98,growth=98,96,2,0,0,0,0,0,0
result,98,results=42; result=40; resulting=12; resulted=4,64,0,34,0,0,0,0,0
feature,97,features=50; feature=32; featured=10; featuring=5,57,0,40,0,0,0,0,0
few,97,few=79; fewer=18,0,0,0,0,97,0,0,0
paragraph,97,paragraph=90; paragraphs=7,67,28,2,0,0,0,0,0
try,97,try=42; trying=29; tried=25; tries=1,3,0,94,0,0,0,0,0
across,96,across=96,0,0,0,0,0,0,0,96
future,96,future=95; futures=1,44,3,0,0,49,0,0,0
morning,95,morning=89; mornings=6,95,0,0,0,0,0,0,0
office,95,office=91; offices=4,83,12,0,0,0,0,0,0
receive,95,received=47; receive=42; receiving=5; receives=1,0,0,95,0,0,0,0,0
wind,95,wind=90; winds=5,89,4,2,0,0,0,0,0
end,94,end=73; ended=10; ends=8; ending=3,53,0,41,0,0,0,0,0
pattern,94,patterns=78; pattern=16,94,0,0,0,0,0,0,0
maintain,93,maintain=50; maintaining=38; maintained=5,0,0,93,0,0,0,0,0
personal,93,personal=93,1,3,0,0,89,0,0,0
build,92,built=32; building=30; build=25; builds=5,1,0,91,0,0,0,0,0
skill,92,skills=71; skill=21,90,0,2,0,0,0,0,0
value,92,value=50; values=37; valued=4; valuing=1,79,0,13,0,0,0,0,0
color,91,color=50; colors=39; coloring=2,88,1,2,0,0,0,0,0
language,91,language=57; languages=34,90,1,0,0,0,0,0,0
late,91,late=76; latest=12; later=3,0,2,0,0,49,40,0,0
model,91,models=54; model=34; modeling=3,85,0,6,0,0,0,0,0
post,91,post=62; posted=22; posts=4; posting=3,55,3,29,0,4,0,0,0
soil,91,soil=90; soils=1,91,0,0,0,0,0,0,0
due,90,due=89; dues=1,1,0,0,0,55,0,0,34
performance,90,performance=65; performances=25,88,1,1,0,0,0,0,0
factor,89,factors=77; factor=12,89,0,0,0,0,0,0,0
run,89,run=48; running=24; ran=13; runs=4,8,1,80,0,0,0,0,0
sleep,89,sleep=81; sleeping=7; slept=1,70,6,13,0,0,0,0,0
encourage,88,encourage=50; encouraged=15; encourages=15; encouraging=8,0,0,88,0,0,0,0,0
lecture,88,lecture=79; lectures=9,87,1,0,0,0,0,0,0
ocean,88,ocean=76; oceans=12,81,5,2,0,0,0,0,0
subject,88,subject=71; subjects=13; subjected=4,77,0,5,0,6,0,0,0
workshop,88,workshop=73; workshops=15,85,3,0,0,0,0,0,0
lab,87,lab=84; labs=3,83,4,0,0,0,0,0,0
member,87,members=66; member=21,87,0,0,0,0,0,0,0
mostly,87,mostly=87,0,0,0,0,0,87,0,0
resource,87,resources=63; resource=24,87,0,0,0,0,0,0,0
ai,86,ai=86,3,83,0,0,0,0,0,0
air,86,air=85; airs=1,82,3,1,0,0,0,0,0
author,86,author=77; authors=8; authored=1,85,0,1,0,0,0,0,0
base,86,based=82; base=4,4,0,82,0,0,0,0,0
hold,86,held=46; hold=25; holds=9; holding=6,1,0,85,0,0,0,0,0
present,86,present=42; presents=20; presented=14; presenting=10,10,0,61,0,15,0,0,0
tomorrow,86,tomorrow=86,78,8,0,0,0,0,0,0
assignment,85,assignment=61; assignments=24,85,0,0,0,0,0,0,0
finish,85,finish=51; finished=31; finishing=3,3,0,82,0,0,0,0,0
consider,84,considering=30; considered=28; consider=24; considers=2,0,0,84,0,0,0,0,0
enhance,84,enhance=49; enhancing=16; enhances=12; enhanced=7,0,0,84,0,0,0,0,0
travel,84,travel=61; traveling=13; traveled=6; travels=3; travelling=1,35,2,47,0,0,0,0,0
both,83,both=83,0,0,0,0,0,0,0,83
mainly,83,mainly=83,0,0,0,0,0,83,0,0
paper,83,paper=75; papers=8,83,0,0,0,0,0,0,0
usually,83,usually=83,0,0,0,0,0,83,0,0
around,82,around=82,0,0,0,0,0,15,0,67
conference,82,conference=81; conferences=1,72,10,0,0,0,0,0,0
night,82,night=80; nights=2,81,1,0,0,0,0,0,0
remain,82,remains=47; remain=28; remaining=4; remained=3,7,0,75,0,0,0,0,0
society,82,society=51; societies=31,81,1,0,0,0,0,0,0
film,81,film=53; films=26; filming=2,78,1,2,0,0,0,0,0
following,81,following=81,68,0,0,0,13,0,0,0
mean,81,means=40; mean=15; meaning=13; meant=13,9,1,71,0,0,0,0,0
power,81,power=80; powered=1,74,3,4,0,0,0,0,0
thing,81,things=61; thing=20,81,0,0,0,0,0,0,0
b,80,b=80,1,79,0,0,0,0,0,0
classroom,80,classroom=77; classrooms=3,80,0,0,0,0,0,0,0
crucial,80,crucial=80,0,0,0,0,80,0,0,0
infer,80,inferred=77; infer=3,2,0,78,0,0,0,0,0
session,80,session=62; sessions=18,79,1,0,0,0,0,0,0
sign,80,sign=40; signed=21; signs=10; signing=9,23,2,55,0,0,0,0,0
specific,80,specific=80,0,0,0,0,80,0,0,0
yesterday,80,yesterday=78; yesterdays=2,78,1,1,0,0,0,0,0
eat,79,eat=39; eating=24; ate=7; eaten=7; eats=2,0,0,79,0,0,0,0,0
kind,79,kind=51; kinds=28,66,0,0,0,1,12,0,0
number,79,number=63; numbers=16,78,1,0,0,0,0,0,0
off,79,off=77; offs=2,4,0,0,0,2,7,0,66
solution,79,solutions=48; solution=31,79,0,0,0,0,0,0,0
various,79,various=79,0,1,0,0,78,0,0,0
within,79,within=79,0,0,0,0,0,0,0,79
despite,78,despite=78,0,0,0,0,0,0,0,78
here,78,here=78,0,0,0,0,0,78,0,0
opinion,78,opinion=56; opinions=22,78,0,0,0,0,0,0,0
opportunity,78,opportunities=43; opportunity=35,78,0,0,0,0,0,0,0
address,77,address=50; addressing=17; addressed=6; addresses=4,10,1,66,0,0,0,0,0
explore,77,explore=43; exploring=21; explores=9; explored=4,1,0,76,0,0,0,0,0
introduce,77,introduce=39; introduced=22; introduces=9; introducing=7,0,0,77,0,0,0,0,0
leave,77,leave=34; left=28; leaving=11; leaves=4,0,1,76,0,0,0,0,0
medium,77,media=69; medium=7; mediums=1,77,0,0,0,0,0,0,0
ticket,77,tickets=47; ticket=29; ticketed=1,75,1,1,0,0,0,0,0
whether,77,whether=77,0,0,0,0,0,0,0,77
break,76,break=41; breaking=13; broken=12; breaks=5; broke=5,23,3,50,0,0,0,0,0
concept,76,concept=60; concepts=16,76,0,0,0,0,0,0,0
economic,76,economic=52; economics=24,24,0,0,0,52,0,0,0
happen,76,happened=22; happen=19; happens=19; happening=16,0,0,76,0,0,0,0,0
home,76,home=57; homes=19,62,2,0,0,0,12,0,0
key,76,key=69; keys=7,16,1,0,0,59,0,0,0
own,76,own=73; owned=2; owns=1,0,0,7,0,69,0,0,0
turn,76,turn=46; turning=13; turns=9; turned=8,15,0,61,0,0,0,0,0
coral,75,coral=54; corals=21,23,12,0,0,40,0,0,0
drive,75,drive=29; driven=25; driving=17; drives=4,8,2,65,0,0,0,0,0
museum,75,museum=59; museums=16,63,12,0,0,0,0,0,0
share,75,share=46; shared=21; sharing=6; shares=2,1,2,72,0,0,0,0,0
biology,74,biology=74,72,2,0,0,0,0,0,0
down,74,down=74,0,0,0,0,0,10,0,64
face,74,face=39; faced=15; facing=11; faces=9,19,0,55,0,0,0,0,0
movement,74,movement=50; movements=24,72,2,0,0,0,0,0,0
popular,74,popular=74,0,0,0,0,74,0,0,0
recent,74,recent=74,0,3,0,0,71,0,0,0
semester,74,semester=73; semesters=1,73,0,0,0,1,0,0,0
update,74,update=29; updates=23; updated=16; updating=6,34,4,36,0,0,0,0,0
access,73,access=72; accessed=1,55,0,18,0,0,0,0,0
current,73,current=65; currents=8,14,0,0,0,59,0,0,0
effort,73,efforts=52; effort=21,73,0,0,0,0,0,0,0
far,73,far=52; further=16; farther=5,0,1,0,0,0,72,0,0
patient,73,patients=41; patient=32,57,1,0,0,15,0,0,0
prepare,73,prepare=38; preparing=17; prepared=14; prepares=4,1,1,71,0,0,0,0,0
same,73,same=73,0,1,0,0,72,0,0,0
view,73,view=49; views=15; viewing=5; viewed=4,50,1,22,0,0,0,0,0
weather,73,weather=73,72,1,0,0,0,0,0,0
analyze,72,analyze=36; analyzing=31; analyzed=5,0,0,72,0,0,0,0,0
company,72,companies=36; company=36,72,0,0,0,0,0,0,0
debate,72,debate=51; debates=13; debated=7; debating=1,56,6,10,0,0,0,0,0
expert,72,experts=46; expert=26,68,2,0,0,2,0,0,0
innovation,72,innovation=56; innovations=16,68,4,0,0,0,0,0,0
level,72,level=36; levels=36,71,0,1,0,0,0,0,0
location,72,location=48; locations=24,72,0,0,0,0,0,0,0
monolog,72,monolog=72,72,0,0,0,0,0,0,0
note,72,notes=44; note=22; noted=6,43,0,29,0,0,0,0,0
protect,72,protect=45; protected=13; protecting=13; protects=1,0,0,72,0,0,0,0,0
difficult,71,difficult=71,0,0,0,0,71,0,0,0
easy,71,easier=45; easy=26,0,0,0,0,69,2,0,0
education,71,education=71,67,4,0,0,0,0,0,0
enough,71,enough=71,0,0,0,0,44,27,0,0
every,71,every=71,0,0,0,0,0,0,0,71
global,71,global=71,0,2,0,0,69,0,0,0
illustrate,71,illustrate=61; illustrates=7; illustrated=2; illustrating=1,0,0,71,0,0,0,0,0
predict,71,predict=52; predicting=12; predicted=4; predicts=3,2,0,69,0,0,0,0,0
radio,71,radio=71,66,5,0,0,0,0,0,0
restaurant,71,restaurant=65; restaurants=6,69,2,0,0,0,0,0,0
stay,71,stay=56; staying=7; stayed=4; stays=4,8,1,62,0,0,0,0,0
street,71,street=67; streets=4,36,35,0,0,0,0,0,0
reflect,70,reflect=34; reflects=20; reflecting=10; reflected=6,0,1,69,0,0,0,0,0
set,70,set=56; setting=11; sets=3,19,1,46,0,4,0,0,0
able,69,able=69,0,0,0,0,69,0,0,0
among,69,among=69,0,0,0,0,0,0,0,69
communication,69,communication=67; communications=2,68,1,0,0,0,0,0,0
dynamic,69,dynamic=40; dynamics=29,30,0,0,0,39,0,0,0
especially,69,especially=69,0,0,0,0,0,69,0,0
major,69,major=54; majors=10; majoring=5,21,0,5,0,43,0,0,0
quality,69,quality=63; qualities=6,68,0,0,0,1,0,0,0
quickly,69,quickly=69,0,0,0,0,0,69,0,0
assist,68,assist=66; assisting=1; assists=1,1,0,67,0,0,0,0,0
body,68,body=44; bodies=24,68,0,0,0,0,0,0,0
ecosystem,68,ecosystems=44; ecosystem=24,68,0,0,0,0,0,0,0
equipment,68,equipment=68,64,4,0,0,0,0,0,0
spread,68,spread=50; spreads=11; spreading=7,20,0,48,0,0,0,0,0
digital,67,digital=67,1,3,0,0,63,0,0,0
instead,67,instead=67,0,0,0,0,0,67,0,0
policy,67,policy=49; policies=18,67,0,0,0,0,0,0,0
spend,67,spend=33; spent=20; spending=13; spends=1,0,0,67,0,0,0,0,0
then,67,then=67,0,0,0,0,0,67,0,0
website,67,website=66; websites=1,67,0,0,0,0,0,0,0
deep,66,deep=46; deeper=20,0,3,0,0,55,8,0,0
fast,66,faster=38; fast=23; fastest=4; fasting=1,0,0,1,0,32,33,0,0
nature,66,nature=66,63,3,0,0,0,0,0,0
podcast,66,podcast=65; podcasts=1,65,0,0,0,1,0,0,0
recently,66,recently=66,0,0,0,0,0,66,0,0
relationship,66,relationships=40; relationship=26,66,0,0,0,0,0,0,0
term,66,term=55; terms=9; termed=2,64,0,2,0,0,0,0,0
application,65,applications=35; application=30,65,0,0,0,0,0,0,0
apply,65,apply=28; applying=24; applied=12; applies=1,0,1,64,0,0,0,0,0
avoid,65,avoid=46; avoiding=16; avoided=2; avoids=1,2,3,60,0,0,0,0,0
bird,65,birds=48; bird=17,63,2,0,0,0,0,0,0
expensive,65,expensive=65,0,1,0,0,64,0,0,0
interaction,65,interactions=46; interaction=19,65,0,0,0,0,0,0,0
manage,65,manage=37; managing=18; managed=8; manages=2,0,0,65,0,0,0,0,0
order,65,order=47; ordered=7; orders=6; ordering=5,46,1,18,0,0,0,0,0
population,65,populations=33; population=32,65,0,0,0,0,0,0,0
send,65,send=32; sent=28; sending=5,0,0,65,0,0,0,0,0
something,65,something=65,0,0,0,0,0,0,65,0
effective,64,effective=64,0,0,0,0,64,0,0,0
everyone,64,everyone=64,0,3,0,0,0,0,61,0
movie,64,movie=44; movies=20,63,1,0,0,0,0,0,0
shift,64,shift=32; shifts=23; shifting=8; shifted=1,39,2,23,0,0,0,0,0
source,64,sources=34; source=29; sourced=1,63,0,1,0,0,0,0,0
trip,64,trip=56; trips=8,62,2,0,0,0,0,0,0
visitor,64,visitors=56; visitor=8,64,0,0,0,0,0,0,0
wave,64,waves=44; wave=20,60,3,1,0,0,0,0,0
damage,63,damage=29; damaged=26; damages=5; damaging=3,22,0,41,0,0,0,0,0
ensure,63,ensure=35; ensuring=21; ensures=5; ensured=2,0,1,62,0,0,0,0,0
gas,63,gas=47; gases=16,63,0,0,0,0,0,0,0
indicate,63,indicate=39; indicated=15; indicates=8; indicating=1,0,0,63,0,0,0,0,0
locate,63,located=51; locate=8; locating=4,0,0,63,0,0,0,0,0
maintenance,63,maintenance=63,59,4,0,0,0,0,0,0
month,63,month=56; months=7,63,0,0,0,0,0,0,0
network,63,networks=31; network=27; networking=5,57,1,5,0,0,0,0,0
potential,63,potential=63,28,0,0,0,35,0,0,0
reading,63,reading=58; readings=5,63,0,0,0,0,0,0,0
respond,63,responding=37; respond=25; responded=1,0,2,61,0,0,0,0,0
strategy,63,strategies=46; strategy=17,63,0,0,0,0,0,0,0
child,62,children=46; child=16,62,0,0,0,0,0,0,0
cover,62,covered=29; cover=18; covers=14; covering=1,6,0,56,0,0,0,0,0
desk,62,desk=62,53,7,2,0,0,0,0,0
emotional,62,emotional=62,0,1,0,0,61,0,0,0
essential,62,essential=62,0,0,0,0,62,0,0,0
family,62,family=56; families=6,62,0,0,0,0,0,0,0
solar,62,solar=62,0,2,0,0,60,0,0,0
team,62,team=52; teams=10,61,1,0,0,0,0,0,0
actually,61,actually=61,0,0,0,0,0,61,0,0
advanced,61,advanced=61,0,1,0,0,60,0,0,0
always,61,always=61,0,0,0,0,0,61,0,0
balance,61,balance=47; balancing=11; balanced=2; balances=1,30,0,31,0,0,0,0,0
guide,61,guide=38; guided=16; guides=4; guiding=3,15,0,46,0,0,0,0,0
hall,61,hall=56; halls=5,51,10,0,0,0,0,0,0
landscape,61,landscape=45; landscapes=16,57,4,0,0,0,0,0,0
later,61,later=61,0,0,0,0,8,53,0,0
low,61,low=39; lower=21; lowest=1,0,2,0,0,53,6,0,0
promote,61,promote=35; promoting=13; promoted=9; promotes=4,1,0,60,0,0,0,0,0
signal,61,signals=48; signal=13,56,0,5,0,0,0,0,0
advance,60,advance=25; advances=21; advanced=10; advancing=4,43,0,16,0,1,0,0,0
career,60,career=51; careers=9,57,3,0,0,0,0,0,0
function,60,function=32; functions=27; functioned=1,46,0,14,0,0,0,0,0
market,60,market=34; markets=24; marketing=2,57,0,3,0,0,0,0,0
noise,60,noise=54; noises=6,55,5,0,0,0,0,0,0
roman,60,roman=60,0,19,0,0,41,0,0,0
shop,60,shop=42; shopping=13; shops=4; shopped=1,34,2,24,0,0,0,0,0
three,60,three=60,0,1,0,0,0,0,0,59
already,59,already=59,0,0,0,0,0,59,0,0
common,59,common=59,0,3,0,0,56,0,0,0
positive,59,positive=58; positives=1,1,2,0,0,56,0,0,0
sea,59,sea=58; seas=1,55,4,0,0,0,0,0,0
stress,59,stress=55; stressed=2; stressing=2,52,1,6,0,0,0,0,0
surface,59,surface=42; surfaces=17,58,0,1,0,0,0,0,0
aspect,58,aspect=34; aspects=24,58,0,0,0,0,0,0,0
financial,58,financial=58,0,0,0,0,58,0,0,0
garden,58,garden=31; gardens=26; gardening=1,56,1,1,0,0,0,0,0
glass,58,glass=55; glasses=3,58,0,0,0,0,0,0,0
heat,58,heat=54; heated=3; heating=1,48,1,9,0,0,0,0,0
occur,58,occur=21; occurs=17; occurred=15; occurring=5,0,0,58,0,0,0,0,0
price,58,price=32; prices=23; priced=3,53,2,3,0,0,0,0,0
probably,58,probably=58,0,0,0,0,0,58,0,0
region,58,regions=46; region=12,58,0,0,0,0,0,0,0
request,58,request=42; requested=10; requesting=4; requests=2,20,1,37,0,0,0,0,0
until,58,until=58,0,0,0,0,0,0,0,58
chemical,57,chemical=41; chemicals=16,35,3,1,0,18,0,0,0
helpful,57,helpful=57,0,0,0,0,57,0,0,0
lack,57,lack=38; lacks=12; lacking=4; lacked=3,29,2,26,0,0,0,0,0
presentation,57,presentation=49; presentations=8,57,0,0,0,0,0,0,0
recommend,57,recommend=38; recommended=16; recommends=2; recommending=1,0,0,55,0,2,0,0,0
resident,57,residents=56; resident=1,57,0,0,0,0,0,0,0
seminar,57,seminar=57,57,0,0,0,0,0,0,0
certain,56,certain=56,0,0,0,0,56,0,0,0
cognitive,56,cognitive=56,0,0,0,0,56,0,0,0
phone,56,phone=41; phones=15,55,0,1,0,0,0,0,0
quantum,56,quantum=56,25,19,0,0,12,0,0,0
reason,56,reason=33; reasons=22; reasoned=1,55,0,1,0,0,0,0,0
risk,56,risk=35; risks=21,52,0,4,0,0,0,0,0
staff,56,staff=56,54,2,0,0,0,0,0,0
exhibit,55,exhibit=45; exhibits=8; exhibited=1; exhibiting=1,45,1,9,0,0,0,0,0
habitat,55,habitat=29; habitats=26,51,3,0,0,1,0,0,0
ice,55,ice=55,49,6,0,0,0,0,0,0
oh,55,oh=55,0,1,0,0,0,0,0,54
report,55,report=49; reports=3; reporting=2; reported=1,38,1,16,0,0,0,0,0
several,55,several=55,0,0,0,0,55,0,0,0
similar,55,similar=55,0,0,0,0,55,0,0,0
sometimes,55,sometimes=55,0,0,0,0,0,55,0,0
story,55,story=30; stories=24; storied=1,54,0,1,0,0,0,0,0
theater,55,theater=48; theaters=7,49,6,0,0,0,0,0,0
together,55,together=55,0,0,0,0,0,55,0,0
video,55,video=39; videos=16,53,2,0,0,0,0,0,0
contact,54,contact=50; contacted=3; contacting=1,18,5,31,0,0,0,0,0
daily,54,daily=54,0,1,0,0,41,12,0,0
detail,54,details=41; detail=12; detailing=1,53,0,1,0,0,0,0,0
land,54,land=50; landing=2; landed=1; lands=1,50,1,3,0,0,0,0,0
learning,54,learning=54,49,5,0,0,0,0,0,0
minute,54,minutes=39; minute=15,54,0,0,0,0,0,0,0
miss,54,missed=26; miss=21; missing=7,0,0,54,0,0,0,0,0
size,54,size=46; sizes=8,54,0,0,0,0,0,0,0
understanding,54,understanding=53; understandings=1,54,0,0,0,0,0,0,0
unique,54,unique=54,0,1,0,0,53,0,0,0
action,53,actions=31; action=22,49,4,0,0,0,0,0,0
carbon,53,carbon=53,53,0,0,0,0,0,0,0
choice,53,choices=27; choice=26,53,0,0,0,0,0,0,0
concert,53,concert=48; concerts=5,52,1,0,0,0,0,0,0
friday,53,friday=53,0,53,0,0,0,0,0,0
instrument,53,instruments=38; instrument=15,53,0,0,0,0,0,0,0
marine,53,marine=53,3,3,0,0,47,0,0,0
money,53,money=53,52,1,0,0,0,0,0,0
panel,53,panels=34; panel=19,48,5,0,0,0,0,0,0
professional,53,professional=28; professionals=25,25,0,0,0,28,0,0,0
raise,53,raises=18; raise=13; raised=13; raising=9,0,0,53,0,0,0,0,0
replace,53,replace=22; replaced=21; replacing=9; replaces=1,1,0,52,0,0,0,0,0
return,53,return=32; returning=10; returned=6; returns=5,8,3,42,0,0,0,0,0
stage,53,stage=31; stages=22,53,0,0,0,0,0,0,0
submit,53,submit=32; submitted=16; submitting=5,0,0,53,0,0,0,0,0
act,52,act=28; acting=11; acts=9; acted=4,7,2,43,0,0,0,0,0
amount,52,amount=30; amounts=22,52,0,0,0,0,0,0,0
compare,52,compared=22; compare=20; compares=7; comparing=3,1,0,51,0,0,0,0,0
contrast,52,contrast=39; contrasts=9; contrasted=2; contrasting=2,19,0,33,0,0,0,0,0
contribute,52,contribute=24; contributing=14; contributed=8; contributes=6,0,0,52,0,0,0,0,0
interested,52,interested=52,0,0,0,0,52,0,0,0
list,52,list=37; lists=8; listed=6; listing=1,35,0,17,0,0,0,0,0
outside,52,outside=52,2,0,0,0,2,15,0,33
teacher,52,teacher=44; teachers=8,50,2,0,0,0,0,0,0
apartment,51,apartment=48; apartments=3,51,0,0,0,0,0,0,0
attention,51,attention=51,47,4,0,0,0,0,0,0
big,51,big=38; biggest=7; bigger=6,0,2,0,0,49,0,0,0
dining,51,dining=51,46,5,0,0,0,0,0,0
gym,51,gym=51,48,2,1,0,0,0,0,0
option,51,options=37; option=14,51,0,0,0,0,0,0,0
photography,51,photography=51,49,2,0,0,0,0,0,0
pollution,51,pollution=51,49,2,0,0,0,0,0,0
principle,51,principles=34; principle=17,51,0,0,0,0,0,0,0
production,51,production=50; productions=1,51,0,0,0,0,0,0,0
psychology,51,psychology=51,49,2,0,0,0,0,0,0
soon,51,soon=48; sooner=3,0,0,0,0,0,51,0,0
star,51,stars=42; star=8; stared=1,48,1,2,0,0,0,0,0
therapy,51,therapy=45; therapies=6,49,2,0,0,0,0,0,0
variety,51,variety=47; varieties=4,51,0,0,0,0,0,0,0
bookstore,50,bookstore=50,49,1,0,0,0,0,0,0
connect,50,connect=27; connected=12; connecting=9; connects=2,0,0,50,0,0,0,0,0
discovery,50,discovery=39; discoveries=11,48,2,0,0,0,0,0,0
period,50,period=34; periods=16,50,0,0,0,0,0,0,0
preserve,50,preserving=23; preserve=16; preserved=11,0,0,50,0,0,0,0,0
prevent,50,prevent=34; prevents=6; prevented=5; preventing=5,0,1,49,0,0,0,0,0
refer,50,refers=31; refer=12; referred=5; referring=2,2,0,48,0,0,0,0,0
wait,50,wait=32; waiting=15; waited=2; waits=1,2,2,46,0,0,0,0,0
afternoon,49,afternoon=43; afternoons=6,49,0,0,0,0,0,0,0
app,49,app=36; apps=13,46,3,0,0,0,0,0,0
arrive,49,arrive=27; arrived=12; arrives=6; arriving=4,1,3,44,0,1,0,0,0
core,49,core=41; cores=8,47,2,0,0,0,0,0,0
evolve,49,evolved=25; evolve=12; evolves=6; evolving=6,1,0,48,0,0,0,0,0
exist,49,existing=23; exist=16; existed=5; exists=5,1,0,48,0,0,0,0,0
expect,49,expected=21; expect=20; expecting=4; expects=4,0,0,49,0,0,0,0,0
goal,49,goals=29; goal=20,49,0,0,0,0,0,0,0
medical,49,medical=49,0,0,0,0,49,0,0,0
musical,49,musical=48; musicals=1,1,1,0,0,47,0,0,0
negative,49,negative=48; negatives=1,1,0,0,0,48,0,0,0
pay,49,pay=30; paid=10; paying=7; pays=2,1,1,47,0,0,0,0,0
physical,49,physical=49,0,1,0,0,48,0,0,0
picture,49,picture=29; pictures=19; pictured=1,37,0,12,0,0,0,0,0
rely,49,rely=28; relied=7; relies=7; relying=7,0,0,49,0,0,0,0,0
seem,49,seemed=18; seem=16; seems=15,0,0,49,0,0,0,0,0
serve,49,serve=22; served=13; serves=8; serving=6,0,0,49,0,0,0,0,0
special,49,special=49,0,1,0,0,48,0,0,0
training,49,training=49,48,1,0,0,0,0,0,0
difference,48,difference=28; differences=20,47,1,0,0,0,0,0,0
fitness,48,fitness=48,44,4,0,0,0,0,0,0
generate,48,generate=31; generated=8; generating=7; generates=2,0,0,47,0,1,0,0,0
interest,48,interest=35; interests=10; interested=3,39,1,8,0,0,0,0,0
reveal,48,reveal=20; revealing=10; reveals=10; revealed=8,2,0,46,0,0,0,0,0
station,48,station=42; stations=6,44,4,0,0,0,0,0,0
sunlight,48,sunlight=48,48,0,0,0,0,0,0,0
supply,48,supplies=24; supply=19; supplied=4; supplying=1,41,0,7,0,0,0,0,0
though,48,though=48,0,0,0,0,0,27,0,21
transform,48,transformed=18; transforming=12; transform=11; transforms=7,6,1,41,0,0,0,0,0
yoga,48,yoga=48,46,2,0,0,0,0,0,0
additionally,47,additionally=47,0,0,0,0,0,47,0,0
advantage,47,advantage=32; advantages=15,46,1,0,0,0,0,0,0
continue,47,continue=24; continues=20; continued=2; continuing=1,0,0,47,0,0,0,0,0
disease,47,disease=28; diseases=19,46,1,0,0,0,0,0,0
floor,47,floor=43; floors=4,47,0,0,0,0,0,0,0
invite,47,invite=24; inviting=14; invited=7; invites=2,1,0,46,0,0,0,0,0
limit,47,limited=21; limit=11; limits=9; limiting=6,10,3,34,0,0,0,0,0
love,47,love=37; loved=5; loves=4; loving=1,5,0,42,0,0,0,0,0
migration,47,migration=43; migrations=4,38,9,0,0,0,0,0,0
rather,47,rather=47,0,0,0,0,0,47,0,0
site,47,site=32; sites=15,46,1,0,0,0,0,0,0
strong,47,strong=31; stronger=14; strongest=2,0,0,0,0,47,0,0,0
algorithm,46,algorithms=37; algorithm=9,40,4,2,0,0,0,0,0
car,46,car=34; cars=12,45,1,0,0,0,0,0,0
construction,46,construction=46,46,0,0,0,0,0,0,0
dark,46,dark=45; darker=1,0,5,1,0,40,0,0,0
depend,46,depends=22; depend=10; depending=10; depended=4,0,0,46,0,0,0,0,0
engineering,46,engineering=46,42,4,0,0,0,0,0,0
express,46,express=32; expressed=8; expresses=4; expressing=2,2,0,43,0,1,0,0,0
hard,46,hard=34; harder=11; hardest=1,0,0,0,0,37,9,0,0
release,46,release=23; released=14; releasing=5; releases=4,9,1,36,0,0,0,0,0
step,46,step=26; steps=16; stepping=3; stepped=1,33,8,5,0,0,0,0,0
stop,46,stop=28; stopped=8; stopping=6; stops=4,11,0,35,0,0,0,0,0
achieve,45,achieve=25; achieving=15; achieved=5,0,0,45,0,0,0,0,0
additional,45,additional=45,0,0,0,0,45,0,0,0
away,45,away=45,1,0,0,0,0,44,0,0
department,45,department=40; departments=5,34,11,0,0,0,0,0,0
employee,45,employees=31; employee=14,45,0,0,0,0,0,0,0
gift,45,gift=40; gifts=5,45,0,0,0,0,0,0,0
habit,45,habits=41; habit=4,45,0,0,0,0,0,0,0
internship,45,internship=38; internships=7,43,1,1,0,0,0,0,0
paint,45,paint=18; painted=13; painting=10; paints=4,15,0,30,0,0,0,0,0
powerful,45,powerful=45,0,0,0,0,45,0,0,0
reach,45,reach=25; reached=7; reaching=7; reaches=6,7,0,38,0,0,0,0,0
remember,45,remember=44; remembering=1,0,0,45,0,0,0,0,0
rise,45,rise=21; rising=15; rises=7; risen=2,23,0,22,0,0,0,0,0
roof,45,roofs=36; roof=9,43,2,0,0,0,0,0,0
tradition,45,traditions=32; tradition=13,45,0,0,0,0,0,0,0
advancement,44,advancements=39; advancement=5,44,0,0,0,0,0,0,0
artificial,44,artificial=44,0,6,0,0,38,0,0,0
clean,44,clean=34; cleaner=5; cleaning=3; cleaned=2,1,3,22,0,18,0,0,0
demand,44,demand=24; demands=17; demanding=3,31,0,13,0,0,0,0,0
engage,44,engage=18; engaging=16; engaged=6; engages=4,0,0,44,0,0,0,0,0
experiment,44,experiment=24; experiments=15; experimenting=4; experimented=1,37,0,7,0,0,0,0,0
favorite,44,favorite=43; favorites=1,1,0,0,0,43,0,0,0
feather,44,feathers=35; feathered=5; feather=4,36,0,5,0,3,0,0,0
government,44,government=39; governments=5,43,1,0,0,0,0,0,0
intelligence,44,intelligence=44,37,7,0,0,0,0,0,0
international,44,international=44,0,7,0,0,37,0,0,0
map,44,map=26; maps=16; mapped=1; mapping=1,39,0,5,0,0,0,0,0
marketing,44,marketing=44,43,1,0,0,0,0,0,0
multiple,44,multiple=44,0,1,0,0,43,0,0,0
never,44,never=44,0,0,0,0,0,44,0,0
range,44,range=35; ranging=9,33,0,11,0,0,0,0,0
traffic,44,traffic=44,41,3,0,0,0,0,0,0
waste,44,waste=43; wasted=1,41,0,3,0,0,0,0,0
welcome,44,welcome=41; welcoming=2; welcomes=1,2,1,27,0,9,0,0,5
cloud,43,cloud=23; clouds=20,39,0,2,0,2,0,0,0
concrete,43,concrete=43,25,3,0,0,15,0,0,0
determine,43,determine=33; determined=9; determines=1,1,1,41,0,0,0,0,0
display,43,display=23; displayed=9; displays=9; displaying=2,20,0,23,0,0,0,0,0
exam,43,exam=28; exams=15,42,1,0,0,0,0,0,0
greek,43,greek=43,0,4,0,0,39,0,0,0
guest,43,guest=27; guests=16,43,0,0,0,0,0,0,0
loss,43,loss=29; losses=14,41,1,1,0,0,0,0,0
monday,43,monday=43,0,43,0,0,0,0,0,0
notice,43,notice=21; noticed=19; noticing=2; notices=1,16,0,27,0,0,0,0,0
relate,43,related=36; relate=4; relates=3,0,0,43,0,0,0,0,0
renaissance,43,renaissance=43,2,41,0,0,0,0,0,0
self,43,self=43,43,0,0,0,0,0,0,0
under,43,under=43,0,0,0,0,0,0,0,43
add,42,add=17; adding=17; added=6; adds=2,0,1,41,0,0,0,0,0
announce,42,announce=26; announced=14; announcing=2,0,0,42,0,0,0,0,0
conflict,42,conflict=20; conflicts=16; conflicting=5; conflicted=1,35,0,7,0,0,0,0,0
date,42,date=21; dates=12; dating=9,32,0,10,0,0,0,0,0
decide,42,decided=22; decide=14; deciding=5; decides=1,0,0,42,0,0,0,0,0
diamond,42,diamonds=42,40,0,2,0,0,0,0,0
gain,42,gain=23; gained=10; gaining=6; gains=3,12,0,30,0,0,0,0,0
galaxy,42,galaxies=33; galaxy=9,42,0,0,0,0,0,0,0
magnetic,42,magnetic=42,0,4,0,0,38,0,0,0
purchase,42,purchase=25; purchased=11; purchases=3; purchasing=3,19,3,20,0,0,0,0,0
real,42,real=42,0,0,0,0,42,0,0,0
spot,42,spot=29; spots=11; spotted=2,32,7,3,0,0,0,0,0
state,42,state=30; states=10; stated=2,35,2,5,0,0,0,0,0
aim,41,aim=17; aims=15; aimed=5; aiming=4,5,0,36,0,0,0,0,0
blue,41,blue=39; blues=2,7,8,0,0,26,0,0,0
creative,41,creative=41,0,0,0,0,41,0,0,0
electricity,41,electricity=41,40,1,0,0,0,0,0,0
except,41,except=41,0,30,0,0,0,0,0,11
final,41,final=39; finals=2,2,0,0,0,39,0,0,0
importance,41,importance=41,41,0,0,0,0,0,0,0
organize,41,organize=14; organized=13; organizing=13; organizes=1,0,0,41,0,0,0,0,0
planning,41,planning=41,41,0,0,0,0,0,0,0
pressure,41,pressure=36; pressures=5,38,2,1,0,0,0,0,0
record,41,recorded=13; records=13; record=10; recording=5,18,1,22,0,0,0,0,0
slow,41,slow=22; slower=8; slowing=6; slows=5,0,0,17,0,22,2,0,0
solve,41,solve=26; solving=12; solved=3,0,0,41,0,0,0,0,0
style,41,style=24; styles=17,41,0,0,0,0,0,0,0
thought,41,thoughts=24; thought=17,41,0,0,0,0,0,0,0
watch,41,watch=27; watching=7; watched=6; watches=1,1,3,37,0,0,0,0,0
audience,40,audience=24; audiences=16,40,0,0,0,0,0,0,0
bus,40,bus=35; buses=5,39,1,0,0,0,0,0,0
cell,40,cells=30; cell=10,40,0,0,0,0,0,0,0
demonstrate,40,demonstrate=26; demonstrated=10; demonstrates=2; demonstrating=2,0,0,40,0,0,0,0,0
diverse,40,diverse=40,0,0,1,0,39,0,0,0
enter,40,enter=21; entering=9; entered=5; enters=5,1,1,38,0,0,0,0,0
hand,40,hand=24; hands=15; handing=1,38,1,1,0,0,0,0,0
limited,40,limited=40,0,2,0,0,38,0,0,0
little,40,little=40,0,0,0,0,38,2,0,0
lose,40,lose=19; lost=16; losing=5,0,0,40,0,0,0,0,0
management,40,management=40,39,1,0,0,0,0,0,0
old,40,old=25; older=13; oldest=2,0,1,0,0,39,0,0,0
perform,40,perform=16; performed=15; performing=7; performs=2,0,1,39,0,0,0,0,0
planet,40,planet=21; planets=19,40,0,0,0,0,0,0,0
possible,40,possible=40,0,0,0,0,40,0,0,0
repair,40,repair=21; repairs=9; repaired=7; repairing=3,25,0,15,0,0,0,0,0
review,40,review=27; reviews=11; reviewed=1; reviewing=1,20,5,15,0,0,0,0,0
test,40,test=25; tests=10; tested=4; testing=1,28,1,11,0,0,0,0,0
throughout,40,throughout=40,0,0,0,0,0,0,0,40
walk,40,walk=26; walking=9; walks=4; walked=1,11,0,29,0,0,0,0,0
wall,40,walls=27; wall=13,38,2,0,0,0,0,0,0
absorb,39,absorb=24; absorbed=7; absorbing=5; absorbs=3,0,0,39,0,0,0,0,0
academic,39,academic=38; academics=1,1,1,0,0,37,0,0,0
adapt,39,adapt=22; adapted=9; adapting=6; adapts=2,2,1,36,0,0,0,0,0
connection,39,connection=20; connections=19,39,0,0,0,0,0,0,0
contain,39,contain=23; contains=7; contained=6; containing=3,0,0,39,0,0,0,0,0
cool,39,cool=25; cooler=6; cooling=6; cools=2,2,0,17,0,19,0,0,1
emotion,39,emotions=31; emotion=8,39,0,0,0,0,0,0,0
enable,39,enabled=12; enables=12; enabling=9; enable=6,0,0,39,0,0,0,0,0
exercise,39,exercise=32; exercising=5; exercises=2,26,0,11,0,2,0,0,0
fly,39,flying=25; fly=13; flew=1,0,2,37,0,0,0,0,0
ground,39,ground=21; grounds=17; grounded=1,38,0,1,0,0,0,0,0
historical,39,historical=39,0,1,0,0,38,0,0,0
instance,39,instance=38; instances=1,39,0,0,0,0,0,0,0
parallel,39,parallel=39,0,0,0,0,39,0,0,0
parking,39,parking=39,33,6,0,0,0,0,0,0
section,39,section=33; sections=6,30,9,0,0,0,0,0,0
someone,39,someone=39,0,0,0,0,0,0,39,0
sustainable,39,sustainable=39,0,0,0,0,39,0,0,0
tour,39,tour=21; tours=17; touring=1,35,1,3,0,0,0,0,0
universal,39,universal=24; universals=15,15,1,0,0,23,0,0,0
conductor,38,conductors=33; conductor=5,38,0,0,0,0,0,0,0
critic,38,critics=37; critic=1,38,0,0,0,0,0,0,0
facility,38,facilities=24; facility=14,38,0,0,0,0,0,0,0
foster,38,foster=13; fostering=13; fosters=7; fostered=5,2,1,34,0,1,0,0,0
leader,38,leaders=22; leader=16,38,0,0,0,0,0,0,0
maybe,38,maybe=38,0,0,0,0,0,38,0,0
organism,38,organisms=37; organism=1,38,0,0,0,0,0,0,0
print,38,print=18; printed=13; printing=6; prints=1,6,5,27,0,0,0,0,0
put,38,put=28; putting=9; puts=1,0,0,38,0,0,0,0,0
scale,38,scale=24; scales=10; scaling=3; scaled=1,33,0,5,0,0,0,0,0
success,38,success=37; successes=1,38,0,0,0,0,0,0,0
useful,38,useful=38,0,0,0,0,38,0,0,0
visual,38,visual=32; visuals=6,6,0,0,0,32,0,0,0
artistic,37,artistic=37,0,0,0,0,37,0,0,0
efficient,37,efficient=37,0,0,0,0,37,0,0,0
evidence,37,evidence=37,36,1,0,0,0,0,0,0
finally,37,finally=37,0,0,0,0,0,37,0,0
gallery,37,gallery=29; galleries=8,34,3,0,0,0,0,0,0
healthy,37,healthy=32; healthier=5,0,0,0,0,37,0,0,0
layer,37,layers=19; layer=18,37,0,0,0,0,0,0,0
mental,37,mental=37,0,1,0,0,36,0,0,0
object,37,objects=28; object=9,37,0,0,0,0,0,0,0
past,37,past=37,16,0,0,0,14,0,0,7
philosophy,37,philosophy=34; philosophys=2; philosophies=1,29,8,0,0,0,0,0,0
political,37,political=37,0,4,0,0,33,0,0,0
printer,37,printer=36; printers=1,36,1,0,0,0,0,0,0
rule,37,rules=24; rule=12; ruled=1,36,0,1,0,0,0,0,0
seek,37,seeking=18; seek=15; seeks=2; sought=2,0,0,37,0,0,0,0,0
series,37,series=37,31,6,0,0,0,0,0,0
significantly,37,significantly=37,0,0,0,0,0,37,0,0
transportation,37,transportation=37,35,2,0,0,0,0,0,0
unlike,37,unlike=37,0,0,0,0,0,0,0,37
agriculture,36,agriculture=36,35,1,0,0,0,0,0,0
belief,36,beliefs=25; belief=11,36,0,0,0,0,0,0,0
bias,36,bias=28; biases=7; biased=1,33,2,1,0,0,0,0,0
biological,36,biological=36,0,0,0,0,36,0,0,0
busy,36,busy=35; busier=1,0,1,0,0,35,0,0,0
case,36,case=30; cases=6,36,0,0,0,0,0,0,0
chemistry,36,chemistry=36,31,5,0,0,0,0,0,0
critical,36,critical=36,0,0,0,0,36,0,0,0
deadline,36,deadline=31; deadlines=5,36,0,0,0,0,0,0,0
decline,36,decline=27; declining=6; declines=2; declined=1,24,0,12,0,0,0,0,0
drug,36,drug=33; drugs=3,34,2,0,0,0,0,0,0
improvement,36,improvements=21; improvement=15,36,0,0,0,0,0,0,0
meal,36,meal=21; meals=15,36,0,0,0,0,0,0,0
mechanism,36,mechanisms=24; mechanism=12,36,0,0,0,0,0,0,0
particularly,36,particularly=36,0,0,0,0,0,36,0,0
pass,36,pass=17; passed=7; passes=7; passing=5,9,0,27,0,0,0,0,0
piece,36,piece=19; pieces=17,36,0,0,0,0,0,0,0
position,36,position=28; positions=5; positioned=3,32,0,4,0,0,0,0,0
represent,36,represent=19; represents=7; represented=6; representing=4,0,0,36,0,0,0,0,0
rock,36,rock=18; rocks=18,33,3,0,0,0,0,0,0
sell,36,selling=11; sell=10; sold=9; sells=6,0,0,36,0,0,0,0,0
since,36,since=36,0,0,0,0,0,1,0,35
software,36,software=36,36,0,0,0,0,0,0,0
struggle,36,struggle=21; struggles=8; struggling=7,7,0,29,0,0,0,0,0
summer,36,summer=36,34,2,0,0,0,0,0,0
themselves,36,themselves=36,0,0,0,0,0,0,36,0
toward,36,toward=36,0,0,0,0,0,0,0,36
track,36,track=21; tracking=10; tracked=3; tracks=2,7,0,29,0,0,0,0,0
united,36,united=36,0,36,0,0,0,0,0,0
valuable,36,valuable=36,0,0,0,0,36,0,0,0
bee,35,bees=29; bee=6,32,3,0,0,0,0,0,0
conduct,35,conducting=17; conducted=12; conduct=6,0,1,34,0,0,0,0,0
dinosaur,35,dinosaurs=25; dinosaur=10,32,3,0,0,0,0,0,0
disagree,35,disagree=32; disagrees=3,0,0,35,0,0,0,0,0
discussion,35,discussion=26; discussions=9,35,0,0,0,0,0,0,0
efficiency,35,efficiency=35,34,1,0,0,0,0,0,0
evening,35,evening=30; evenings=5,35,0,0,0,0,0,0,0
extra,35,extra=35,0,3,0,0,32,0,0,0
festival,35,festival=26; festivals=9,33,2,0,0,0,0,0,0
fish,35,fish=35,34,0,1,0,0,0,0,0
frequency,35,frequency=18; frequencies=17,35,0,0,0,0,0,0,0
full,35,full=35,0,0,0,0,35,0,0,0
harmful,35,harmful=35,0,0,0,0,35,0,0,0
highly,35,highly=35,0,0,0,0,0,35,0,0
imagine,35,imagine=34; imagined=1,0,2,31,0,2,0,0,0
inform,35,inform=33; informed=2,0,1,34,0,0,0,0,0
innovative,35,innovative=35,0,0,0,0,35,0,0,0
instruction,35,instructions=30; instruction=5,35,0,0,0,0,0,0,0
intervention,35,intervention=18; interventions=17,35,0,0,0,0,0,0,0
led,35,leds=20; led=15,34,1,0,0,0,0,0,0
particular,35,particular=35,0,0,0,0,35,0,0,0
phenomenon,35,phenomenon=29; phenomena=6,35,0,0,0,0,0,0,0
pottery,35,pottery=35,35,0,0,0,0,0,0,0
practical,35,practical=35,0,3,0,0,32,0,0,0
saturday,35,saturday=35,0,35,0,0,0,0,0,0
sense,35,sense=34; sensing=1,33,0,2,0,0,0,0,0
user,35,users=20; user=15,35,0,0,0,0,0,0,0
age,34,age=27; ages=4; aging=3,23,8,3,0,0,0,0,0
brand,34,brand=29; brands=5,32,2,0,0,0,0,0,0
country,34,country=18; countries=16,34,0,0,0,0,0,0,0
dinner,34,dinner=34,32,2,0,0,0,0,0,0
fusion,34,fusion=34,30,4,0,0,0,0,0,0
hot,34,hot=29; hotter=5,0,0,0,0,34,0,0,0
knowledge,34,knowledge=34,34,0,0,0,0,0,0,0
mind,34,mind=32; minds=2,26,1,7,0,0,0,0,0
outcome,34,outcomes=33; outcome=1,34,0,0,0,0,0,0,0
preference,34,preferences=24; preference=10,34,0,0,0,0,0,0,0
quite,34,quite=34,0,0,0,0,0,29,0,5
resilience,34,resilience=34,32,2,0,0,0,0,0,0
road,34,road=25; roads=9,32,2,0,0,0,0,0,0
route,34,routes=20; route=14,28,6,0,0,0,0,0,0
safety,34,safety=34,32,2,0,0,0,0,0,0
sale,34,sale=24; sales=10,33,1,0,0,0,0,0,0
side,34,side=31; sides=3,34,0,0,0,0,0,0,0
song,34,songs=24; song=10,33,1,0,0,0,0,0,0
technological,34,technological=34,0,0,0,0,34,0,0,0
trade,34,trade=33; traded=1,31,2,1,0,0,0,0,0
tree,34,trees=21; tree=13,34,0,0,0,0,0,0,0
against,33,against=33,0,0,0,0,0,0,0,33
artwork,33,artworks=18; artwork=15,33,0,0,0,0,0,0,0
associate,33,associated=27; associate=4; associates=2,3,0,30,0,0,0,0,0
attitude,33,attitude=31; attitudes=2,33,0,0,0,0,0,0,0
consumer,33,consumers=18; consumer=15,33,0,0,0,0,0,0,0
content,33,content=33,33,0,0,0,0,0,0,0
effectively,33,effectively=33,0,0,0,0,0,33,0,0
ethical,33,ethical=33,0,0,0,0,33,0,0,0
famous,33,famous=33,1,0,0,0,32,0,0,0
fossil,33,fossils=18; fossil=15,28,0,0,0,5,0,0,0
gardening,33,gardening=33,30,3,0,0,0,0,0,0
hope,33,hope=33,8,0,25,0,0,0,0,0
image,33,images=23; image=10,33,0,0,0,0,0,0,0
lighting,33,lighting=33,31,2,0,0,0,0,0,0
line,33,line=21; lines=10; lined=2,29,1,3,0,0,0,0,0
literature,33,literature=33,30,3,0,0,0,0,0,0
machine,33,machines=17; machine=16,32,1,0,0,0,0,0,0
memory,33,memory=26; memories=7,33,0,0,0,0,0,0,0
mitigate,33,mitigate=23; mitigating=10,1,0,32,0,0,0,0,0
perspective,33,perspective=20; perspectives=13,31,2,0,0,0,0,0,0
pick,33,pick=22; picked=6; picking=5,0,0,33,0,0,0,0,0
previously,33,previously=33,0,0,0,0,0,33,0,0
propose,33,propose=17; proposed=12; proposes=4,0,1,32,0,0,0,0,0
root,33,roots=18; root=10; rooted=5,28,0,5,0,0,0,0,0
routine,33,routine=22; routines=11,23,0,1,0,9,0,0,0
studio,33,studio=30; studios=3,32,1,0,0,0,0,0,0
survive,33,survive=26; survived=4; surviving=3,0,0,33,0,0,0,0,0
tonight,33,tonight=33,33,0,0,0,0,0,0,0
turbine,33,turbines=28; turbine=5,33,0,0,0,0,0,0,0
accept,32,accepted=21; accept=9; accepting=1; accepts=1,0,0,32,0,0,0,0,0
along,32,along=32,0,0,0,0,0,1,0,31
analysis,32,analysis=31; analyses=1,30,2,0,0,0,0,0,0
basic,32,basic=28; basics=4,4,1,0,0,27,0,0,0
carry,32,carry=12; carried=9; carries=8; carrying=3,0,0,32,0,0,0,0,0
coastal,32,coastal=32,0,5,0,0,27,0,0,0
consequence,32,consequences=25; consequence=7,32,0,0,0,0,0,0,0
creativity,32,creativity=32,32,0,0,0,0,0,0,0
decrease,32,decrease=12; decreased=12; decreasing=5; decreases=3,11,0,21,0,0,0,0,0
europe,32,europe=32,0,32,0,0,0,0,0,0
ever,32,ever=32,0,0,0,0,0,32,0,0
everything,32,everything=32,0,0,0,0,0,0,32,0
flow,32,flow=29; flows=3,28,1,3,0,0,0,0,0
front,32,front=32,9,1,0,0,22,0,0,0
industrial,32,industrial=32,0,4,0,0,28,0,0,0
insight,32,insights=25; insight=7,32,0,0,0,0,0,0,0
matter,32,matter=25; matters=7,24,0,8,0,0,0,0,0
monitor,32,monitor=21; monitoring=6; monitored=3; monitors=2,4,1,27,0,0,0,0,0
nutrient,32,nutrients=23; nutrient=9,24,0,0,0,8,0,0,0
platform,32,platforms=17; platform=15,30,2,0,0,0,0,0,0
regular,32,regular=32,0,0,0,0,32,0,0,0
roommate,32,roommate=32,32,0,0,0,0,0,0,0
states,32,states=32,0,32,0,0,0,0,0,0
successful,32,successful=32,0,1,0,0,31,0,0,0
tiny,32,tiny=32,0,0,0,0,32,0,0,0
advice,31,advice=31,31,0,0,0,0,0,0,0
award,31,award=16; awards=13; awarded=2,24,5,2,0,0,0,0,0
broad,31,broader=19; broad=12,0,3,0,0,28,0,0,0
charge,31,charge=21; charged=9; charging=1,16,0,15,0,0,0,0,0
distance,31,distances=20; distance=11,30,0,1,0,0,0,0,0
dorm,31,dorm=28; dorms=3,29,1,1,0,0,0,0,0
fair,31,fair=30; fairs=1,6,1,0,0,24,0,0,0
flight,31,flight=29; flights=2,31,0,0,0,0,0,0,0
forest,31,forests=17; forest=13; forested=1,28,2,1,0,0,0,0,0
fun,31,fun=31,21,1,0,0,9,0,0,0
grocery,31,grocery=22; groceries=9,31,0,0,0,0,0,0,0
healthcare,31,healthcare=31,26,5,0,0,0,0,0,0
industry,31,industry=24; industries=7,31,0,0,0,0,0,0,0
inspire,31,inspired=18; inspire=10; inspiring=3,1,0,30,0,0,0,0,0
instructor,31,instructor=26; instructors=5,31,0,0,0,0,0,0,0
lunch,31,lunch=31,29,2,0,0,0,0,0,0
measure,31,measure=14; measures=9; measuring=5; measured=3,16,0,15,0,0,0,0,0
name,31,name=18; named=7; names=5; naming=1,21,0,10,0,0,0,0,0
opal,31,opals=25; opal=6,25,4,1,0,1,0,0,0
overall,31,overall=31,0,0,0,0,19,12,0,0
reserve,31,reserve=18; reserved=10; reserving=3,4,2,25,0,0,0,0,0
security,31,security=31,31,0,0,0,0,0,0,0
storm,31,storm=20; storms=11,31,0,0,0,0,0,0,0
upcoming,31,upcoming=31,0,2,0,0,29,0,0,0
warm,31,warm=14; warmer=11; warming=5; warmed=1,0,0,6,0,25,0,0,0
wear,31,wear=16; wearing=12; worn=2; wears=1,4,0,27,0,0,0,0,0
wide,31,wide=25; wider=6,0,0,0,0,28,3,0,0
article,30,article=26; articles=4,30,0,0,0,0,0,0,0
beneficial,30,beneficial=30,0,0,0,0,30,0,0,0
bit,30,bit=23; bits=7,29,0,1,0,0,0,0,0
borrow,30,borrow=22; borrowed=8,0,0,30,0,0,0,0,0
claim,30,claim=22; claims=4; claimed=3; claiming=1,24,0,6,0,0,0,0,0
copy,30,copy=14; copies=11; copying=4; copied=1,25,0,5,0,0,0,0,0
difficulty,30,difficulty=20; difficulties=10,29,1,0,0,0,0,0,0
discount,30,discounts=13; discount=12; discounted=5,25,0,5,0,0,0,0,0
expand,30,expand=12; expanded=8; expanding=8; expands=2,1,0,29,0,0,0,0,0
force,30,force=16; forces=10; forcing=3; forced=1,25,0,5,0,0,0,0,0
heavy,30,heavy=29; heavier=1,0,0,0,0,30,0,0,0
integrate,30,integrating=17; integrate=5; integrated=5; integrates=3,1,0,29,0,0,0,0,0
musician,30,musicians=28; musician=2,30,0,0,0,0,0,0,0
observe,30,observed=15; observing=9; observe=6,0,0,30,0,0,0,0,0
organic,30,organic=30,0,1,0,0,29,0,0,0
potentially,30,potentially=30,0,0,0,0,0,30,0,0
primary,30,primary=30,0,0,0,0,30,0,0,0
registration,30,registration=29; registrations=1,26,4,0,0,0,0,0,0
regulation,30,regulation=16; regulations=14,30,0,0,0,0,0,0,0
renewable,30,renewable=30,0,0,0,0,30,0,0,0
students,30,students=30,0,30,0,0,0,0,0,0
wildlife,30,wildlife=30,30,0,0,0,0,0,0,0
abroad,29,abroad=29,0,3,0,0,5,15,0,6
aqueduct,29,aqueducts=29,29,0,0,0,0,0,0,0
bad,29,bad=22; worse=4; worst=2; bads=1,1,0,0,0,28,0,0,0
brain,29,brain=26; brains=3,29,0,0,0,0,0,0,0
central,29,central=29,0,7,0,0,22,0,0,0
clear,29,clear=25; clearer=2; cleared=1; clearing=1,0,0,3,0,26,0,0,0
contemporary,29,contemporary=26; contemporaries=3,3,1,0,0,25,0,0,0
crop,29,crops=21; crop=8,28,1,0,0,0,0,0,0
diversity,29,diversity=29,26,3,0,0,0,0,0,0
dormitory,29,dormitory=27; dormitories=2,28,1,0,0,0,0,0,0
drink,29,drinks=24; drink=4; drinking=1,25,0,4,0,0,0,0,0
examine,29,examine=12; examines=7; examining=6; examined=4,0,0,29,0,0,0,0,0
fall,29,fall=24; falling=3; fallen=1; falls=1,14,2,13,0,0,0,0,0
id,29,id=25; ids=4,13,16,0,0,0,0,0,0
interact,29,interact=18; interacting=6; interacts=5,0,0,29,0,0,0,0,0
italian,29,italian=29,0,0,0,0,29,0,0,0
living,29,living=29,29,0,0,0,0,0,0,0
male,29,male=20; males=9,20,0,0,0,9,0,0,0
message,29,message=15; messages=14,29,0,0,0,0,0,0,0
non,29,non=29,2,0,0,0,27,0,0,0
pangolin,29,pangolin=24; pangolins=5,27,2,0,0,0,0,0,0
protein,29,proteins=21; protein=8,29,0,0,0,0,0,0,0
radiation,29,radiation=29,29,0,0,0,0,0,0,0
reef,29,reefs=19; reef=10,25,3,1,0,0,0,0,0
register,29,register=24; registered=4; registering=1,3,1,25,0,0,0,0,0
scholar,29,scholars=27; scholar=2,29,0,0,0,0,0,0,0
sport,29,sports=26; sport=3,29,0,0,0,0,0,0,0
stability,29,stability=29,29,0,0,0,0,0,0,0
strength,29,strength=23; strengths=6,28,1,0,0,0,0,0,0
textbook,29,textbooks=16; textbook=13,29,0,0,0,0,0,0,0
thousand,29,thousands=25; thousand=4,25,1,0,0,0,0,0,3
treatment,29,treatment=17; treatments=12,29,0,0,0,0,0,0,0
whale,29,whales=20; whale=9,23,1,0,0,5,0,0,0
battery,28,battery=20; batteries=8,28,0,0,0,0,0,0,0
box,28,box=19; boxes=9,26,2,0,0,0,0,0,0
capture,28,capture=15; captured=6; capturing=5; captures=2,4,0,24,0,0,0,0,0
card,28,card=22; cards=6,28,0,0,0,0,0,0,0
coffee,28,coffee=28,27,1,0,0,0,0,0,0
cold,28,cold=26; colder=2,1,0,0,0,27,0,0,0
cook,28,cook=16; cooking=6; cooks=5; cooked=1,5,5,18,0,0,0,0,0
definitely,28,definitely=28,0,0,0,0,0,28,0,0
emerge,28,emerged=12; emerging=7; emerges=5; emerge=4,0,0,28,0,0,0,0,0
european,28,european=28,0,2,0,0,26,0,0,0
extend,28,extended=14; extend=9; extends=3; extending=2,0,0,28,0,0,0,0,0
eye,28,eye=16; eyes=12,27,1,0,0,0,0,0,0
fascinating,28,fascinating=28,1,0,0,0,27,0,0,0
host,28,host=10; hosting=8; hosted=6; hosts=4,4,2,22,0,0,0,0,0
limitation,28,limitations=16; limitation=12,28,0,0,0,0,0,0,0
million,28,millions=15; million=13,15,0,0,0,0,0,0,13
mindset,28,mindset=28,26,2,0,0,0,0,0,0
muscle,28,muscle=18; muscles=10,28,0,0,0,0,0,0,0
organization,28,organization=17; organizations=11,28,0,0,0,0,0,0,0
participant,28,participants=25; participant=3,27,0,0,0,1,0,0,0
predator,28,predators=20; predator=8,28,0,0,0,0,0,0,0
prey,28,prey=25; preyed=2; preying=1,19,5,4,0,0,0,0,0
printing,28,printing=28,28,0,0,0,0,0,0,0
recognize,28,recognize=12; recognized=8; recognizing=8,0,0,28,0,0,0,0,0
requirement,28,requirements=15; requirement=13,28,0,0,0,0,0,0,0
shopping,28,shopping=28,28,0,0,0,0,0,0,0
simple,28,simple=23; simpler=5,0,0,0,0,28,0,0,0
technical,28,technical=28,0,2,0,0,26,0,0,0
threat,28,threat=19; threats=9,28,0,0,0,0,0,0,0
appointment,27,appointment=22; appointments=5,27,0,0,0,0,0,0,0
architecture,27,architecture=27,27,0,0,0,0,0,0,0
artifact,27,artifacts=22; artifact=5,27,0,0,0,0,0,0,0
beach,27,beach=20; beaches=7,24,3,0,0,0,0,0,0
being,27,being=24; beings=3,26,1,0,0,0,0,0,0
beyond,27,beyond=27,0,0,0,0,0,0,0,27
chance,27,chance=25; chances=2,27,0,0,0,0,0,0,0
classical,27,classical=27,0,0,0,0,27,0,0,0
ecological,27,ecological=27,0,5,0,0,22,0,0,0
educational,27,educational=27,1,1,0,0,25,0,0,0
emission,27,emissions=22; emission=5,27,0,0,0,0,0,0,0
exchange,27,exchange=21; exchanges=4; exchanged=1; exchanging=1,22,0,5,0,0,0,0,0
familiar,27,familiar=27,0,0,0,0,27,0,0,0
fit,27,fit=16; fits=11,0,0,25,0,2,0,0,0
formation,27,formation=17; formations=10,26,1,0,0,0,0,0,0
framework,27,framework=21; frameworks=6,27,0,0,0,0,0,0,0
frequently,27,frequently=27,0,0,0,0,0,27,0,0
friendly,27,friendly=27,0,0,0,0,27,0,0,0
gathering,27,gathering=14; gatherings=13,27,0,0,0,0,0,0,0
happy,27,happy=25; happier=2,0,0,0,0,27,0,0,0
hotel,27,hotel=25; hotels=2,24,3,0,0,0,0,0,0
implication,27,implications=27,27,0,0,0,0,0,0,0
investment,27,investment=20; investments=7,27,0,0,0,0,0,0,0
island,27,island=22; islands=5,21,6,0,0,0,0,0,0
laptop,27,laptop=23; laptops=4,27,0,0,0,0,0,0,0
nearby,27,nearby=27,0,1,0,0,16,10,0,0
necessary,27,necessary=27,0,0,0,0,27,0,0,0
nice,27,nice=27,0,1,0,0,22,0,0,4
okay,27,okay=27,0,0,0,0,5,1,0,21
party,27,party=24; parties=3,26,1,0,0,0,0,0,0
rate,27,rates=16; rate=11,27,0,0,0,0,0,0,0
regulate,27,regulate=15; regulated=5; regulating=5; regulates=2,0,0,27,0,0,0,0,0
reward,27,rewards=16; reward=9; rewarded=2,25,0,2,0,0,0,0,0
save,27,save=15; saving=7; saved=3; saves=2,0,2,25,0,0,0,0,0
single,27,single=27,0,0,0,0,27,0,0,0
situation,27,situation=21; situations=6,26,1,0,0,0,0,0,0
sun,27,sun=27,12,15,0,0,0,0,0,0
trainer,27,trainer=21; trainers=6,18,9,0,0,0,0,0,0
trend,27,trends=14; trend=12; trending=1,26,0,1,0,0,0,0,0
vast,27,vast=27,0,0,0,0,27,0,0,0
alternative,26,alternative=23; alternatives=3,13,0,0,0,13,0,0,0
atmosphere,26,atmosphere=25; atmospheres=1,26,0,0,0,0,0,0,0
background,26,background=17; backgrounds=9,26,0,0,0,0,0,0,0
cancel,26,canceled=10; cancel=8; canceling=5; cancelled=3,0,0,26,0,0,0,0,0
college,26,college=26,17,9,0,0,0,0,0,0
context,26,context=25; contexts=1,25,0,1,0,0,0,0,0
decade,26,decades=23; decade=3,26,0,0,0,0,0,0,0
detect,26,detect=12; detecting=10; detected=4,0,0,26,0,0,0,0,0
dioxide,26,dioxide=26,26,0,0,0,0,0,0,0
discover,26,discovered=18; discover=7; discovering=1,1,0,25,0,0,0,0,0
downtown,26,downtown=26,21,1,0,0,4,0,0,0
empire,26,empire=26,3,23,0,0,0,0,0,0
fix,26,fixed=19; fix=4; fixing=2; fixes=1,0,0,26,0,0,0,0,0
game,26,game=16; games=10,26,0,0,0,0,0,0,0
graduate,26,graduate=19; graduating=5; graduated=1; graduates=1,15,1,10,0,0,0,0,0
indian,26,indian=26,0,2,0,0,24,0,0,0
infrastructure,26,infrastructure=26,26,0,0,0,0,0,0,0
kitchen,26,kitchen=26,26,0,0,0,0,0,0,0
law,26,law=22; laws=4,26,0,0,0,0,0,0,0
lean,26,lean=23; leans=2; leaning=1,0,4,5,0,17,0,0,0
lisa,26,lisa=26,3,23,0,0,0,0,0,0
mark,26,mark=12; marked=9; marks=4; marking=1,4,2,20,0,0,0,0,0
parent,26,parents=15; parent=11,26,0,0,0,0,0,0,0
perfect,26,perfect=22; perfected=4,0,1,5,0,20,0,0,0
primarily,26,primarily=26,0,0,0,0,0,26,0,0
property,26,properties=14; property=12,26,0,0,0,0,0,0,0
quiet,26,quiet=26,0,0,0,0,26,0,0,0
remove,26,removed=10; remove=8; removing=6; removes=2,0,0,26,0,0,0,0,0
sustainability,26,sustainability=26,24,2,0,0,0,0,0,0
synthetic,26,synthetic=26,0,2,0,0,24,0,0,0
win,26,won=17; winning=5; win=2; wins=2,1,0,25,0,0,0,0,0
window,26,window=13; windows=13,25,1,0,0,0,0,0,0
yeah,26,yeah=26,0,0,0,0,0,0,0,26
agricultural,25,agricultural=25,0,0,0,0,25,0,0,0
alter,25,alter=8; altering=7; altered=6; alters=4,2,0,23,0,0,0,0,0
appear,25,appear=9; appeared=8; appears=5; appearing=3,0,0,25,0,0,0,0,0
astronomy,25,astronomy=25,24,1,0,0,0,0,0,0
behind,25,behind=25,0,0,0,0,0,4,0,21
collaboration,25,collaboration=25,24,1,0,0,0,0,0,0
construct,25,constructing=11; constructed=9; constructs=3; construct=2,2,0,23,0,0,0,0,0
currently,25,currently=25,0,0,0,0,0,25,0,0
debris,25,debris=25,22,3,0,0,0,0,0,0
degree,25,degree=15; degrees=10,25,0,0,0,0,0,0,0
fact,25,fact=20; facts=5,25,0,0,0,0,0,0,0
farmer,25,farmers=25,25,0,0,0,0,0,0,0
finding,25,findings=17; finding=8,22,3,0,0,0,0,0,0
fire,25,fire=12; fires=7; fired=3; firing=3,18,1,6,0,0,0,0,0
five,25,five=25,0,0,0,0,0,0,0,25
float,25,floating=23; float=1; floats=1,0,0,25,0,0,0,0,0
freedom,25,freedom=21; freedoms=4,21,4,0,0,0,0,0,0
graphic,25,graphic=20; graphics=5,5,6,0,0,14,0,0,0
hi,25,hi=25,0,8,0,0,0,0,0,17
hobby,25,hobbies=14; hobby=11,25,0,0,0,0,0,0,0
manufacturing,25,manufacturing=25,25,0,0,0,0,0,0,0
neighborhood,25,neighborhoods=13; neighborhood=12,25,0,0,0,0,0,0,0
oil,25,oil=24; oiled=1,23,1,1,0,0,0,0,0
opening,25,opening=22; openings=3,24,1,0,0,0,0,0,0
photo,25,photos=15; photo=10,23,2,0,0,0,0,0,0
pm,25,pm=25,21,3,0,0,0,1,0,0
processing,25,processing=25,25,0,0,0,0,0,0,0
productivity,25,productivity=25,25,0,0,0,0,0,0,0
reservation,25,reservation=16; reservations=9,25,0,0,0,0,0,0,0
thrive,25,thrive=18; thrives=4; thriving=3,0,0,24,0,1,0,0,0
vegetable,25,vegetables=22; vegetable=3,25,0,0,0,0,0,0,0
venus,25,venus=25,0,25,0,0,0,0,0,0
wednesday,25,wednesday=23; wednesdays=2,2,23,0,0,0,0,0,0
zone,25,zones=19; zone=3; zoning=2; zoned=1,21,1,3,0,0,0,0,0
advisor,24,advisor=24,20,4,0,0,0,0,0,0
again,24,again=24,0,0,0,0,0,24,0,0
auditorium,24,auditorium=24,21,3,0,0,0,0,0,0
awareness,24,awareness=24,24,0,0,0,0,0,0,0
biochemical,24,biochemical=24,0,4,0,0,20,0,0,0
biodiversity,24,biodiversity=24,24,0,0,0,0,0,0,0
cafeteria,24,cafeteria=24,24,0,0,0,0,0,0,0
care,24,care=22; caring=2,18,1,5,0,0,0,0,0
commercial,24,commercial=24,0,0,0,0,24,0,0,0
communicate,24,communicate=21; communicating=2; communicates=1,0,0,24,0,0,0,0,0
composer,24,composers=15; composer=9,23,1,0,0,0,0,0,0
convert,24,convert=14; converting=6; converted=2; converts=2,0,0,24,0,0,0,0,0
directly,24,directly=24,0,0,0,0,0,24,0,0
drop,24,drop=12; dropped=10; dropping=1; drops=1,3,0,21,0,0,0,0,0
electric,24,electric=24,0,1,0,0,23,0,0,0
ensemble,24,ensemble=22; ensembles=2,7,2,0,0,15,0,0,0
entrance,24,entrance=24,23,1,0,0,0,0,0,0
erosion,24,erosion=24,19,5,0,0,0,0,0,0
evolution,24,evolution=24,21,3,0,0,0,0,0,0
expression,24,expression=19; expressions=5,24,0,0,0,0,0,0,0
extreme,24,extreme=24,0,0,0,0,24,0,0,0
figure,24,figures=11; figure=8; figured=3; figuring=2,13,0,11,0,0,0,0,0
frequent,24,frequent=24,0,0,0,0,24,0,0,0
fresh,24,fresh=24,0,0,0,0,24,0,0,0
genetic,24,genetic=18; genetics=6,6,0,0,0,18,0,0,0
geography,24,geography=24,21,3,0,0,0,0,0,0
grade,24,grades=9; grade=6; grading=6; graded=3,12,0,12,0,0,0,0,0
hire,24,hired=9; hiring=8; hire=7,0,1,23,0,0,0,0,0
implement,24,implementing=10; implement=7; implemented=7,0,0,24,0,0,0,0,0
input,24,input=12; inputs=12,24,0,0,0,0,0,0,0
internal,24,internal=24,0,0,0,0,24,0,0,0
interpret,24,interpret=17; interpreting=4; interpreted=2; interprets=1,0,0,24,0,0,0,0,0
match,24,match=16; matches=4; matched=3; matching=1,9,1,14,0,0,0,0,0
membership,24,membership=22; memberships=2,23,1,0,0,0,0,0,0
norm,24,norms=21; norm=3,24,0,0,0,0,0,0,0
physics,24,physics=24,18,6,0,0,0,0,0,0
pose,24,poses=9; pose=7; posed=4; posing=4,1,0,23,0,0,0,0,0
presence,24,presence=24,23,1,0,0,0,0,0,0
reaction,24,reactions=20; reaction=4,24,0,0,0,0,0,0,0
red,24,red=22; reds=2,6,7,0,0,11,0,0,0
remind,24,remind=24,0,0,24,0,0,0,0,0
safe,24,safe=16; safer=8,0,0,0,0,24,0,0,0
satellite,24,satellites=17; satellite=7,24,0,0,0,0,0,0,0
select,24,select=17; selected=5; selecting=2,0,0,23,0,1,0,0,0
spice,24,spices=13; spice=11,22,2,0,0,0,0,0,0
survival,24,survival=24,24,0,0,0,0,0,0,0
textile,24,textiles=21; textile=3,24,0,0,0,0,0,0,0
typically,24,typically=24,0,0,0,0,0,24,0,0
widely,24,widely=24,0,0,0,0,0,24,0,0
writing,24,writing=24,22,2,0,0,0,0,0,0
anything,23,anything=23,0,0,0,0,0,0,23,0
behavioral,23,behavioral=23,5,0,0,0,18,0,0,0
camera,23,camera=17; cameras=6,23,0,0,0,0,0,0,0
competition,23,competition=20; competitions=3,19,2,0,0,2,0,0,0
complexity,23,complexity=20; complexities=3,23,0,0,0,0,0,0,0
device,23,devices=16; device=7,23,0,0,0,0,0,0,0
diet,23,diet=20; diets=3,21,2,0,0,0,0,0,0
dish,23,dish=12; dishes=11,21,0,0,0,2,0,0,0
else,23,else=23,0,0,0,0,0,23,0,0
employment,23,employment=23,22,1,0,0,0,0,0,0
fine,23,fine=21; fines=2,4,1,0,0,18,0,0,0
forget,23,forget=13; forgot=8; forgotten=2,0,0,23,0,0,0,0,0
handle,23,handle=13; handling=9; handled=1,1,0,22,0,0,0,0,0
hunt,23,hunt=14; hunting=5; hunted=3; hunts=1,7,0,16,0,0,0,0,0
link,23,linked=11; link=10; linking=1; links=1,11,0,12,0,0,0,0,0
molecular,23,molecular=23,0,0,0,0,23,0,0,0
mood,23,mood=20; moods=3,22,1,0,0,0,0,0,0
narrative,23,narrative=13; narratives=10,22,0,0,0,1,0,0,0
noon,23,noon=23,23,0,0,0,0,0,0,0
novel,23,novels=12; novel=11,19,0,0,0,4,0,0,0
ready,23,ready=23,0,0,0,0,23,0,0,0
reminder,23,reminder=18; reminders=5,23,0,0,0,0,0,0,0
setting,23,settings=18; setting=5,23,0,0,0,0,0,0,0
ship,23,ships=11; ship=9; shipped=2; shipping=1,18,0,5,0,0,0,0,0
smart,23,smart=20; smarter=2; smartest=1,0,2,0,0,21,0,0,0
snack,23,snacks=23,23,0,0,0,0,0,0,0
snow,23,snow=23,23,0,0,0,0,0,0,0
speed,23,speed=15; speeds=8,19,0,4,0,0,0,0,0
suitable,23,suitable=23,0,0,0,0,23,0,0,0
survey,23,survey=17; surveys=6,22,0,1,0,0,0,0,0
temporary,23,temporary=23,0,1,0,0,22,0,0,0
town,23,town=19; towns=4,21,2,0,0,0,0,0,0
trail,23,trail=14; trails=9,23,0,0,0,0,0,0,0
underwater,23,underwater=23,4,0,0,0,19,0,0,0
wetland,23,wetlands=22; wetland=1,23,0,0,0,0,0,0,0
worldwide,23,worldwide=23,0,0,0,0,1,22,0,0
active,22,active=22,0,0,0,0,22,0,0,0
adjust,22,adjust=10; adjusting=9; adjusted=3,0,0,22,0,0,0,0,0
adopt,22,adopt=12; adopted=6; adopting=4,0,0,22,0,0,0,0,0
attract,22,attract=14; attracted=4; attracting=2; attracts=2,0,0,22,0,0,0,0,0
block,22,blocks=12; block=7; blocking=2; blocked=1,12,0,10,0,0,0,0,0
bone,22,bone=13; bones=9,22,0,0,0,0,0,0,0
chatbot,22,chatbots=17; chatbot=5,22,0,0,0,0,0,0,0
civilization,22,civilizations=13; civilization=9,22,0,0,0,0,0,0,0
combine,22,combines=7; combined=6; combining=5; combine=4,0,0,22,0,0,0,0,0
computing,22,computing=22,20,2,0,0,0,0,0,0
conservation,22,conservation=22,22,0,0,0,0,0,0,0
cooking,22,cooking=22,20,2,0,0,0,0,0,0
dance,22,dance=19; dancing=2; dances=1,18,1,3,0,0,0,0,0
disrupt,22,disrupt=8; disrupted=6; disrupting=6; disrupts=2,1,0,19,0,2,0,0,0
documentary,22,documentaries=11; documentary=11,20,2,0,0,0,0,0,0
driver,22,drivers=13; driver=9,22,0,0,0,0,0,0,0
easily,22,easily=22,0,0,0,0,0,22,0,0
emit,22,emit=16; emitting=5; emitted=1,0,0,22,0,0,0,0,0
expectation,22,expectations=20; expectation=2,22,0,0,0,0,0,0,0
generation,22,generations=14; generation=8,21,1,0,0,0,0,0,0
huge,22,huge=22,0,0,0,0,22,0,0,0
investigate,22,investigating=13; investigates=4; investigated=3; investigate=2,2,0,20,0,0,0,0,0
least,22,least=22,0,0,0,0,9,13,0,0
lesson,22,lessons=19; lesson=3,22,0,0,0,0,0,0,0
navigate,22,navigate=16; navigating=6,0,0,22,0,0,0,0,0
officer,22,officer=20; officers=2,10,12,0,0,0,0,0,0
outdoor,22,outdoor=22,0,1,0,0,21,0,0,0
pretty,22,pretty=22,0,0,0,0,1,21,0,0
reactor,22,reactor=17; reactors=5,18,4,0,0,0,0,0,0
reinforce,22,reinforced=9; reinforce=8; reinforcing=5,1,0,21,0,0,0,0,0
requirements,22,requirements=22,0,22,0,0,0,0,0,0
robot,22,robot=17; robots=5,20,2,0,0,0,0,0,0
sculpture,22,sculptures=13; sculpture=9,20,2,0,0,0,0,0,0
seat,22,seat=17; seats=4; seated=1,20,0,2,0,0,0,0,0
societal,22,societal=22,0,0,0,0,22,0,0,0
static,22,static=22,0,0,0,0,22,0,0,0
stock,22,stock=18; stocked=2; stocking=1; stocks=1,18,0,4,0,0,0,0,0
stoic,22,stoic=13; stoics=9,9,0,0,0,13,0,0,0
substance,22,substances=19; substance=3,22,0,0,0,0,0,0,0
surprise,22,surprise=14; surprised=6; surprises=2,10,4,8,0,0,0,0,0
tend,22,tend=14; tends=4; tended=3; tending=1,0,0,22,0,0,0,0,0
thursday,22,thursday=22,0,22,0,0,0,0,0,0
top,22,top=22,10,0,0,0,10,2,0,0
true,22,true=22,0,0,0,0,22,0,0,0
worker,22,workers=18; worker=4,18,4,0,0,0,0,0,0
young,22,young=17; younger=4; youngest=1,0,1,0,0,21,0,0,0
ago,21,ago=21,0,0,0,0,0,20,0,1
am,21,am=21,15,5,0,0,0,1,0,0
american,21,american=21,0,1,0,0,20,0,0,0
bulb,21,bulbs=19; bulb=2,21,0,0,0,0,0,0,0
chart,21,charts=19; chart=2,20,0,1,0,0,0,0,0
composition,21,compositions=11; composition=10,21,0,0,0,0,0,0,0
compound,21,compounds=13; compound=6; compounded=1; compounding=1,19,0,2,0,0,0,0,0
computational,21,computational=21,0,4,0,0,17,0,0,0
crack,21,cracks=12; crack=4; cracking=3; cracked=2,13,0,8,0,0,0,0,0
creature,21,creatures=12; creature=9,21,0,0,0,0,0,0,0
data,21,data=21,12,9,0,0,0,0,0,0
dataset,21,datasets=21,21,0,0,0,0,0,0,0
direction,21,directions=12; direction=9,21,0,0,0,0,0,0,0
electrical,21,electrical=21,0,0,0,0,21,0,0,0
element,21,elements=18; element=3,21,0,0,0,0,0,0,0
excited,21,excited=21,0,3,0,0,18,0,0,0
exciting,21,exciting=21,0,0,0,0,21,0,0,0
factory,21,factories=12; factory=9,20,1,0,0,0,0,0,0
forager,21,forager=13; foragers=8,8,2,0,0,11,0,0,0
frog,21,frogs=15; frog=6,21,0,0,0,0,0,0,0
general,21,general=21,1,0,0,0,20,0,0,0
half,21,half=21,8,0,0,0,2,3,0,8
harm,21,harm=15; harmed=3; harms=2; harming=1,9,0,12,0,0,0,0,0
incorporate,21,incorporated=7; incorporating=7; incorporate=5; incorporates=2,0,0,21,0,0,0,0,0
inside,21,inside=21,0,0,0,0,0,4,0,17
isolation,21,isolation=21,21,0,0,0,0,0,0,0
itself,21,itself=21,0,0,0,0,0,0,21,0
massive,21,massive=21,0,0,0,0,21,0,0,0
moreover,21,moreover=21,0,0,0,0,0,21,0,0
motion,21,motion=19; motions=2,20,1,0,0,0,0,0,0
north,21,north=21,5,9,0,0,2,5,0,0
paul,21,paul=21,0,21,0,0,0,0,0,0
possibility,21,possibilities=11; possibility=10,21,0,0,0,0,0,0,0
progress,21,progress=21,19,2,0,0,0,0,0,0
promise,21,promise=11; promises=4; promised=3; promising=3,10,0,11,0,0,0,0,0
recommendation,21,recommendations=13; recommendation=8,21,0,0,0,0,0,0,0
rent,21,rent=16; rents=3; rented=2,14,2,5,0,0,0,0,0
rhythm,21,rhythms=13; rhythm=8,20,1,0,0,0,0,0,0
simulate,21,simulate=11; simulating=10,0,0,21,0,0,0,0,0
unfortunately,21,unfortunately=21,0,0,0,0,0,21,0,0
universe,21,universe=21,21,0,0,0,0,0,0,0
vacation,21,vacation=19; vacations=2,21,0,0,0,0,0,0,0
wish,21,wish=13; wishes=7; wishing=1,0,0,21,0,0,0,0,0
account,20,account=13; accounts=7,16,1,3,0,0,0,0,0
advertise,20,advertise=16; advertised=3; advertising=1,0,0,20,0,0,0,0,0
ahead,20,ahead=20,0,0,0,0,0,20,0,0
assumption,20,assumptions=12; assumption=8,20,0,0,0,0,0,0,0
claire,20,claire=20,0,20,0,0,0,0,0,0
classmate,20,classmate=11; classmates=9,20,0,0,0,0,0,0,0
collect,20,collect=14; collected=4; collecting=2,1,2,17,0,0,0,0,0
collection,20,collection=16; collections=4,20,0,0,0,0,0,0,0
commitment,20,commitments=11; commitment=9,20,0,0,0,0,0,0,0
designer,20,designers=14; designer=6,19,1,0,0,0,0,0,0
entrepreneur,20,entrepreneurs=18; entrepreneur=2,20,0,0,0,0,0,0,0
establish,20,established=10; establish=7; establishes=2; establishing=1,0,0,20,0,0,0,0,0
fee,20,fee=13; fees=7,19,1,0,0,0,0,0,0
flower,20,flowers=14; flower=6,20,0,0,0,0,0,0,0
forward,20,forward=18; forwarded=1; forwarding=1,0,0,3,0,0,17,0,0
fully,20,fully=20,0,0,0,0,0,20,0,0
funding,20,funding=20,20,0,0,0,0,0,0,0
geological,20,geological=20,0,0,0,0,20,0,0,0
head,20,head=12; headed=4; heads=4,12,0,8,0,0,0,0,0
heavily,20,heavily=20,0,0,0,0,0,20,0,0
hiking,20,hiking=20,19,1,0,0,0,0,0,0
hospital,20,hospital=15; hospitals=5,19,1,0,0,0,0,0,0
house,20,house=15; housed=4; houses=1,13,1,6,0,0,0,0,0
indigo,20,indigo=20,17,3,0,0,0,0,0,0
influential,20,influential=20,0,0,0,0,20,0,0,0
inner,20,inner=20,0,0,0,0,20,0,0,0
leadership,20,leadership=20,17,3,0,0,0,0,0,0
maya,20,maya=20,0,20,0,0,0,0,0,0
mix,20,mix=13; mixing=4; mixes=2; mixed=1,10,0,10,0,0,0,0,0
nanotechnology,20,nanotechnology=20,17,3,0,0,0,0,0,0
personality,20,personality=13; personalities=7,17,3,0,0,0,0,0,0
piano,20,piano=19; pianos=1,20,0,0,0,0,0,0,0
reschedule,20,rescheduled=10; reschedule=9; rescheduling=1,2,0,18,0,0,0,0,0
resolve,20,resolve=11; resolved=5; resolving=3; resolves=1,0,0,20,0,0,0,0,0
rome,20,rome=20,0,20,0,0,0,0,0,0
scientific,20,scientific=20,1,0,0,0,19,0,0,0
season,20,season=13; seasons=6; seasoned=1,19,0,1,0,0,0,0,0
shoe,20,shoes=19; shoe=1,20,0,0,0,0,0,0,0
sociocybernetic,20,sociocybernetics=13; sociocybernetic=7,13,0,0,0,7,0,0,0
sociology,20,sociology=20,20,0,0,0,0,0,0,0
speech,20,speech=16; speeches=4,18,2,0,0,0,0,0,0
stain,20,stained=20,0,0,20,0,0,0,0,0
surround,20,surrounding=15; surrounded=4; surrounds=1,0,0,20,0,0,0,0,0
taste,20,taste=15; tastes=5,18,0,2,0,0,0,0,0
vary,20,vary=10; varying=6; varies=4,0,0,20,0,0,0,0,0
vegetation,20,vegetation=20,20,0,0,0,0,0,0,0
wheel,20,wheel=16; wheels=4,20,0,0,0,0,0,0,0
accurate,19,accurate=19,0,0,0,0,19,0,0,0
addition,19,addition=18; additions=1,18,1,0,0,0,0,0,0
ant,19,ants=17; ant=2,17,0,0,0,2,0,0,0
anyone,19,anyone=19,0,2,0,0,0,0,17,0
ar,19,ar=19,0,19,0,0,0,0,0,0
bag,19,bags=11; bag=8,19,0,0,0,0,0,0,0
band,19,band=15; bands=4,19,0,0,0,0,0,0,0
boundary,19,boundaries=19,19,0,0,0,0,0,0,0
bridge,19,bridges=9; bridge=7; bridged=2; bridging=1,16,0,3,0,0,0,0,0
cafe,19,cafe=17; cafes=2,19,0,0,0,0,0,0,0
carefully,19,carefully=19,0,0,0,0,0,19,0,0
cheap,19,cheaper=13; cheap=5; cheapest=1,0,0,0,0,19,0,0,0
client,19,client=10; clients=9,18,1,0,0,0,0,0,0
clothing,19,clothing=19,18,1,0,0,0,0,0,0
collision,19,collisions=16; collision=3,19,0,0,0,0,0,0,0
combat,19,combat=16; combating=3,3,0,16,0,0,0,0,0
confinement,19,confinement=19,9,4,0,0,6,0,0,0
crowd,19,crowded=9; crowd=7; crowds=3,10,0,9,0,0,0,0,0
cycle,19,cycles=13; cycle=5; cycling=1,18,0,1,0,0,0,0,0
delivery,19,delivery=19,19,0,0,0,0,0,0,0
destination,19,destination=10; destinations=9,19,0,0,0,0,0,0,0
document,19,documents=9; document=8; documented=1; documenting=1,15,0,4,0,0,0,0,0
effectiveness,19,effectiveness=19,19,0,0,0,0,0,0,0
elk,19,elk=18; elks=1,2,17,0,0,0,0,0,0
english,19,english=19,0,11,0,0,8,0,0,0
faculty,19,faculty=19,18,1,0,0,0,0,0,0
fertilizer,19,fertilizers=16; fertilizer=3,19,0,0,0,0,0,0,0
four,19,four=19,0,0,0,0,0,0,0,19
generally,19,generally=19,0,0,0,0,0,19,0,0
informative,19,informative=19,0,0,0,0,19,0,0,0
intend,19,intended=15; intend=3; intends=1,0,0,19,0,0,0,0,0
labor,19,labor=19,18,1,0,0,0,0,0,0
leonardo,19,leonardo=19,0,19,0,0,0,0,0,0
loop,19,loop=13; loops=6,19,0,0,0,0,0,0,0
lute,19,lute=19,0,1,0,0,18,0,0,0
microbe,19,microbes=19,19,0,0,0,0,0,0,0
mountain,19,mountains=11; mountain=8,18,1,0,0,0,0,0,0
newspaper,19,newspaper=18; newspapers=1,18,1,0,0,0,0,0,0
observation,19,observations=10; observation=9,19,0,0,0,0,0,0,0
octopus,19,octopus=18; octopuses=1,16,3,0,0,0,0,0,0
opa,19,opa=19,3,16,0,0,0,0,0,0
otter,19,otters=17; otter=2,19,0,0,0,0,0,0,0
perceive,19,perceive=10; perceived=5; perceives=3; perceiving=1,0,0,17,0,2,0,0,0
permafrost,19,permafrost=19,3,0,0,0,7,9,0,0
phrase,19,phrase=17; phrasing=2,17,0,2,0,0,0,0,0
plus,19,plus=19,1,0,0,0,1,0,0,17
pluto,19,pluto=19,0,19,0,0,0,0,0,0
properly,19,properly=19,0,0,0,0,0,19,0,0
rain,19,rain=14; rained=3; raining=2,12,0,7,0,0,0,0,0
regard,19,regarding=13; regards=5; regard=1,5,0,14,0,0,0,0,0
regularly,19,regularly=19,0,0,0,0,0,19,0,0
resort,19,resort=18; resorts=1,13,6,0,0,0,0,0,0
sarah,19,sarah=19,0,19,0,0,0,0,0,0
search,19,search=14; searched=3; searching=2,12,0,7,0,0,0,0,0
stretching,19,stretching=19,17,2,0,0,0,0,0,0
tech,19,tech=19,18,1,0,0,0,0,0,0
tortoise,19,tortoises=13; tortoise=6,17,2,0,0,0,0,0,0
transport,19,transport=10; transporting=4; transported=3; transports=2,6,1,12,0,0,0,0,0
trilobite,19,trilobites=13; trilobite=6,18,0,0,0,1,0,0,0
trust,19,trust=18; trusting=1,11,1,7,0,0,0,0,0
unexpected,19,unexpected=19,0,0,0,0,19,0,0,0
upgrade,19,upgrades=8; upgrade=6; upgraded=4; upgrading=1,12,0,7,0,0,0,0,0
vibrant,19,vibrant=19,0,0,0,0,19,0,0,0
workplace,19,workplace=12; workplaces=7,18,0,0,0,1,0,0,0
yourself,19,yourself=18; yourselves=1,1,0,0,0,0,0,18,0
andrew,18,andrew=18,0,18,0,0,0,0,0,0
anthropology,18,anthropology=18,18,0,0,0,0,0,0,0
appreciate,18,appreciate=12; appreciated=3; appreciates=3,0,0,18,0,0,0,0,0
arrange,18,arrange=7; arranged=7; arranging=3; arranges=1,0,3,15,0,0,0,0,0
assume,18,assumed=8; assume=7; assuming=2; assumes=1,0,0,18,0,0,0,0,0
availability,18,availability=18,17,1,0,0,0,0,0,0
barrier,18,barriers=11; barrier=7,17,1,0,0,0,0,0,0
bubble,18,bubble=12; bubbles=6,17,0,1,0,0,0,0,0
café,18,café=18,16,2,0,0,0,0,0,0
character,18,character=11; characters=7,18,0,0,0,0,0,0,0
chef,18,chef=16; chefs=2,16,2,0,0,0,0,0,0
circadian,18,circadian=18,0,0,0,0,18,0,0,0
colony,18,colonies=11; colony=7,18,0,0,0,0,0,0,0
completely,18,completely=18,0,0,0,0,0,18,0,0
component,18,components=14; component=4,18,0,0,0,0,0,0,0
confirm,18,confirm=11; confirmed=6; confirms=1,0,0,18,0,0,0,0,0
consistent,18,consistent=18,0,0,0,0,18,0,0,0
correct,18,correct=14; corrected=2; correcting=2,0,0,8,0,10,0,0,0
craft,18,craft=7; crafts=5; crafting=4; crafted=2,12,0,6,0,0,0,0,0
creation,18,creation=15; creations=3,18,0,0,0,0,0,0,0
delay,18,delayed=10; delays=5; delay=3,7,1,10,0,0,0,0,0
desire,18,desire=8; desired=8; desires=2,10,0,8,0,0,0,0,0
drawing,18,drawing=10; drawings=8,18,0,0,0,0,0,0,0
engineer,18,engineers=13; engineer=2; engineered=2; engineering=1,15,0,3,0,0,0,0,0
extremely,18,extremely=18,0,0,0,0,0,18,0,0
fail,18,fail=7; failed=4; failing=4; fails=3,0,0,18,0,0,0,0,0
farming,18,farming=18,18,0,0,0,0,0,0,0
gravity,18,gravity=18,18,0,0,0,0,0,0,0
guess,18,guess=17; guesses=1,3,0,15,0,0,0,0,0
harsh,18,harsh=18,0,0,0,0,18,0,0,0
healing,18,healing=18,14,2,0,0,2,0,0,0
homework,18,homework=18,17,0,0,0,1,0,0,0
hop,18,hoping=8; hop=5; hopes=4; hoped=1,4,0,14,0,0,0,0,0
insulation,18,insulation=18,18,0,0,0,0,0,0,0
intricate,18,intricate=18,0,0,0,0,18,0,0,0
journey,18,journey=16; journeys=2,15,3,0,0,0,0,0,0
kinship,18,kinship=18,14,4,0,0,0,0,0,0
lie,18,lies=10; lying=8,0,0,18,0,0,0,0,0
medieval,18,medieval=18,0,2,0,0,16,0,0,0
metal,18,metal=12; metals=6,18,0,0,0,0,0,0,0
myself,18,myself=18,0,0,0,0,0,0,18,0
ongoing,18,ongoing=18,0,0,0,0,18,0,0,0
participation,18,participation=18,18,0,0,0,0,0,0,0
particle,18,particles=18,16,0,2,0,0,0,0,0
path,18,path=9; paths=9,18,0,0,0,0,0,0,0
philosophical,18,philosophical=18,0,0,0,0,18,0,0,0
photograph,18,photographs=12; photograph=3; photographing=2; photographed=1,15,0,3,0,0,0,0,0
precision,18,precision=18,18,0,0,0,0,0,0,0
psychological,18,psychological=18,0,0,0,0,18,0,0,0
religious,18,religious=18,0,0,0,0,18,0,0,0
responsible,18,responsible=18,0,0,0,0,18,0,0,0
restore,18,restore=12; restoring=4; restored=2,0,0,18,0,0,0,0,0
score,18,scores=12; score=6,18,0,0,0,0,0,0,0
sit,18,sit=10; sitting=5; sits=2; sat=1,0,0,18,0,0,0,0,0
sociologist,18,sociologists=15; sociologist=3,18,0,0,0,0,0,0,0
sorry,18,sorry=18,0,3,0,0,11,0,0,4
spark,18,sparked=14; sparking=2; spark=1; sparks=1,0,0,18,0,0,0,0,0
squid,18,squid=18,13,0,0,0,5,0,0,0
stadium,18,stadium=18,16,2,0,0,0,0,0,0
stand,18,stand=6; stands=6; standing=5; stood=1,2,0,16,0,0,0,0,0
startup,18,startups=10; startup=8,13,4,1,0,0,0,0,0
storytelling,18,storytelling=18,18,0,0,0,0,0,0,0
structural,18,structural=18,0,2,0,0,16,0,0,0
target,18,target=14; targets=3; targeted=1,14,0,4,0,0,0,0,0
teaching,18,teaching=18,15,3,0,0,0,0,0,0
unusual,18,unusual=18,0,1,0,0,17,0,0,0
uv,18,uv=18,18,0,0,0,0,0,0,0
viral,18,viral=18,0,0,0,0,18,0,0,0
vital,18,vital=18,0,0,0,0,18,0,0,0
weight,18,weight=13; weights=3; weighted=2,16,0,2,0,0,0,0,0
wellness,18,wellness=18,10,8,0,0,0,0,0,0
whole,18,whole=18,2,0,0,0,16,0,0,0
widespread,18,widespread=18,0,0,0,0,18,0,0,0
workout,18,workout=13; workouts=5,17,1,0,0,0,0,0,0
accelerate,17,accelerating=8; accelerate=4; accelerated=4; accelerates=1,0,0,17,0,0,0,0,0
adaptation,17,adaptations=12; adaptation=5,17,0,0,0,0,0,0,0
admission,17,admission=13; admissions=4,15,2,0,0,0,0,0,0
aid,17,aid=7; aiding=5; aids=4; aided=1,8,0,9,0,0,0,0,0
almost,17,almost=17,0,0,0,0,0,17,0,0
assign,17,assigned=12; assign=3; assigning=2,1,0,16,0,0,0,0,0
clerk,17,clerk=17,10,7,0,0,0,0,0,0
comfortable,17,comfortable=17,0,0,0,0,17,0,0,0
connectivity,17,connectivity=17,15,2,0,0,0,0,0,0
costly,17,costly=17,0,0,0,0,17,0,0,0
couple,17,couple=17,17,0,0,0,0,0,0,0
deal,17,deal=12; dealing=2; deals=2; dealt=1,8,0,9,0,0,0,0,0
drawback,17,drawbacks=14; drawback=3,17,0,0,0,0,0,0,0
edit,17,edit=5; edits=5; edited=4; editing=3,7,0,10,0,0,0,0,0
electronic,17,electronic=9; electronics=8,8,0,0,0,9,0,0,0
eliminate,17,eliminate=8; eliminating=4; eliminates=3; eliminated=2,0,0,17,0,0,0,0,0
escape,17,escape=10; escapes=5; escaping=2,6,0,11,0,0,0,0,0
exhibition,17,exhibition=15; exhibitions=2,17,0,0,0,0,0,0,0
facilitate,17,facilitating=9; facilitate=5; facilitates=2; facilitated=1,2,0,15,0,0,0,0,0
farm,17,farms=15; farm=1; farmed=1,16,0,1,0,0,0,0,0
feed,17,feed=11; feeds=3; fed=2; feeding=1,1,0,16,0,0,0,0,0
flexibility,17,flexibility=17,17,0,0,0,0,0,0,0
fuel,17,fuels=11; fueled=4; fuel=1; fueling=1,12,0,5,0,0,0,0,0
gis,17,gis=17,15,2,0,0,0,0,0,0
gm,17,gm=17,0,17,0,0,0,0,0,0
gupta,17,gupta=17,0,17,0,0,0,0,0,0
heart,17,heart=17,17,0,0,0,0,0,0,0
heating,17,heating=17,17,0,0,0,0,0,0,0
hey,17,hey=17,0,1,0,0,0,0,0,16
immediately,17,immediately=17,0,0,0,0,0,17,0,0
impressive,17,impressive=17,0,0,0,0,17,0,0,0
increasingly,17,increasingly=17,0,0,0,0,0,17,0,0
independent,17,independent=17,0,1,0,0,16,0,0,0
initiative,17,initiatives=11; initiative=6,17,0,0,0,0,0,0,0
ink,17,ink=17,17,0,0,0,0,0,0,0
lake,17,lake=11; lakes=6,14,3,0,0,0,0,0,0
latimer,17,latimer=17,0,17,0,0,0,0,0,0
lightning,17,lightning=17,16,1,0,0,0,0,0,0
liquid,17,liquid=14; liquids=3,8,1,0,0,8,0,0,0
listener,17,listeners=17,17,0,0,0,0,0,0,0
lower,17,lower=8; lowering=4; lowers=4; lowered=1,0,1,16,0,0,0,0,0
maple,17,maple=17,0,17,0,0,0,0,0,0
mass,17,mass=14; masses=3,9,2,0,0,5,1,0,0
metabolic,17,metabolic=17,9,4,0,0,4,0,0,0
migrate,17,migrate=9; migrating=7; migrates=1,2,0,15,0,0,0,0,0
mimic,17,mimic=15; mimicking=2,0,1,9,0,7,0,0,0
minimize,17,minimizing=8; minimize=7; minimized=1; minimizes=1,0,0,17,0,0,0,0,0
numerous,17,numerous=17,0,0,0,0,17,0,0,0
opb,17,opb=17,0,17,0,0,0,0,0,0
opc,17,opc=17,0,0,0,0,1,16,0,0
orbital,17,orbital=17,0,0,0,0,17,0,0,0
oxygen,17,oxygen=17,16,1,0,0,0,0,0,0
photosynthesis,17,photosynthesis=17,16,1,0,0,0,0,0,0
planner,17,planners=15; planner=2,17,0,0,0,0,0,0,0
plasma,17,plasma=17,17,0,0,0,0,0,0,0
plastic,17,plastic=10; plastics=7,13,0,0,0,4,0,0,0
pond,17,ponds=13; pond=4,17,0,0,0,0,0,0,0
precise,17,precise=17,1,0,0,0,16,0,0,0
promising,17,promising=17,0,0,0,0,17,0,0,0
rapid,17,rapid=17,1,1,0,0,15,0,0,0
relatively,17,relatively=17,0,0,0,0,0,17,0,0
revolutionize,17,revolutionized=9; revolutionize=5; revolutionizing=3,0,0,17,0,0,0,0,0
rich,17,rich=17,0,0,0,0,17,0,0,0
rogers,17,rogers=17,0,17,0,0,0,0,0,0
separate,17,separate=7; separated=5; separating=5,0,0,10,0,7,0,0,0
serious,17,serious=17,0,0,0,0,17,0,0,0
seven,17,seven=17,0,2,0,0,0,0,0,15
shuttle,17,shuttle=17,17,0,0,0,0,0,0,0
solid,17,solid=16; solids=1,1,0,0,0,16,0,0,0
sphere,17,spheres=11; sphere=6,11,0,6,0,0,0,0,0
spring,17,spring=15; springs=2,16,1,0,0,0,0,0,0
stabilize,17,stabilize=9; stabilizing=5; stabilizes=3,1,0,16,0,0,0,0,0
standard,17,standard=13; standards=4,9,1,0,0,7,0,0,0
stone,17,stone=14; stones=3,17,0,0,0,0,0,0,0
storage,17,storage=17,17,0,0,0,0,0,0,0
suit,17,suit=14; suits=2; suited=1,12,0,5,0,0,0,0,0
symbol,17,symbols=11; symbol=6,16,1,0,0,0,0,0,0
tardigrade,17,tardigrades=16; tardigrade=1,15,0,2,0,0,0,0,0
telescope,17,telescopes=13; telescope=4,14,3,0,0,0,0,0,0
ten,17,ten=17,0,0,0,0,0,0,0,17
trace,17,trace=9; traced=4; traces=4,8,0,9,0,0,0,0,0
tuesday,17,tuesday=17,0,17,0,0,0,0,0,0
vehicle,17,vehicle=10; vehicles=7,17,0,0,0,0,0,0,0
viewer,17,viewers=14; viewer=3,17,0,0,0,0,0,0,0
visualization,17,visualization=17,13,4,0,0,0,0,0,0
wonder,17,wondered=6; wonder=5; wondering=4; wonders=2,3,0,14,0,0,0,0,0
acidification,16,acidification=16,16,0,0,0,0,0,0,0
advocate,16,advocate=7; advocated=4; advocates=4; advocating=1,3,0,13,0,0,0,0,0
african,16,african=16,0,1,0,0,15,0,0,0
archaeology,16,archaeology=16,14,2,0,0,0,0,0,0
argument,16,argument=9; arguments=7,16,0,0,0,0,0,0,0
atmospheric,16,atmospheric=16,0,1,0,0,15,0,0,0
basketball,16,basketball=16,16,0,0,0,0,0,0,0
bicycle,16,bicycle=13; bicycles=3,16,0,0,0,0,0,0,0
budget,16,budget=14; budgeting=1; budgets=1,15,0,1,0,0,0,0,0
cage,16,cage=16,2,14,0,0,0,0,0,0
characteristic,16,characteristics=11; characteristic=5,14,0,0,0,2,0,0,0
credit,16,credit=14; credited=2,13,0,2,0,1,0,0,0
cut,16,cut=8; cutting=7; cuts=1,1,0,15,0,0,0,0,0
cybernetic,16,cybernetic=11; cybernetics=5,5,3,0,0,8,0,0,0
direct,16,direct=12; directed=4,0,0,8,0,8,0,0,0
disadvantage,16,disadvantages=11; disadvantage=5,14,0,2,0,0,0,0,0
door,16,door=14; doors=2,16,0,0,0,0,0,0,0
dot,16,dots=13; dot=3,16,0,0,0,0,0,0,0
dry,16,dry=12; dries=3; dried=1,0,0,6,0,10,0,0,0
either,16,either=16,0,0,0,0,0,3,0,13
entire,16,entire=16,0,0,0,0,16,0,0,0
environmentally,16,environmentally=16,0,0,0,0,0,16,0,0
external,16,external=16,0,0,0,0,16,0,0,0
extinct,16,extinct=16,0,0,0,0,16,0,0,0
female,16,female=13; females=3,10,0,0,0,6,0,0,0
gather,16,gather=7; gathered=5; gathering=3; gathers=1,1,0,15,0,0,0,0,0
hike,16,hike=10; hiking=6,8,0,8,0,0,0,0,0
housing,16,housing=16,15,1,0,0,0,0,0,0
interactive,16,interactive=16,0,1,0,0,15,0,0,0
internet,16,internet=16,15,1,0,0,0,0,0,0
invention,16,invention=10; inventions=6,16,0,0,0,0,0,0,0
invest,16,invest=10; investing=3; invests=2; invested=1,2,0,14,0,0,0,0,0
kelly,16,kelly=16,0,16,0,0,0,0,0,0
literary,16,literary=16,0,1,0,0,15,0,0,0
making,16,making=16,16,0,0,0,0,0,0,0
meat,16,meat=16,15,1,0,0,0,0,0,0
microbiome,16,microbiome=16,13,0,0,0,3,0,0,0
modification,16,modification=8; modifications=8,16,0,0,0,0,0,0,0
native,16,native=16,0,0,0,0,16,0,0,0
obstacle,16,obstacles=15; obstacle=1,16,0,0,0,0,0,0,0
operate,16,operate=11; operated=3; operating=2,0,0,16,0,0,0,0,0
pack,16,pack=8; packed=7; packing=1,3,1,12,0,0,0,0,0
passenger,16,passengers=14; passenger=2,16,0,0,0,0,0,0,0
prioritize,16,prioritize=12; prioritized=2; prioritizes=1; prioritizing=1,0,0,16,0,0,0,0,0
private,16,private=16,0,0,0,0,16,0,0,0
profound,16,profound=16,0,0,0,0,16,0,0,0
push,16,push=8; pushed=5; pushing=2; pushes=1,0,0,16,0,0,0,0,0
react,16,react=10; reacting=5; reacted=1,0,0,16,0,0,0,0,0
reality,16,reality=13; realities=3,16,0,0,0,0,0,0,0
relevant,16,relevant=16,0,0,0,0,16,0,0,0
sand,16,sand=16,16,0,0,0,0,0,0,0
significance,16,significance=16,16,0,0,0,0,0,0,0
soft,16,soft=15; softer=1,0,0,0,0,16,0,0,0
sophisticated,16,sophisticated=16,0,0,0,0,16,0,0,0
status,16,status=16,15,1,0,0,0,0,0,0
suggestion,16,suggestions=12; suggestion=4,16,0,0,0,0,0,0,0
tailor,16,tailored=10; tailor=6,1,0,15,0,0,0,0,0
taylor,16,taylor=16,0,16,0,0,0,0,0,0
technician,16,technician=11; technicians=5,16,0,0,0,0,0,0,0
thinking,16,thinking=16,16,0,0,0,0,0,0,0
trait,16,traits=14; trait=2,16,0,0,0,0,0,0,0
tune,16,tune=8; tunes=5; tuned=3,10,2,4,0,0,0,0,0
urbanization,16,urbanization=16,11,5,0,0,0,0,0,0
volcanic,16,volcanic=16,0,0,0,0,16,0,0,0
vulnerable,16,vulnerable=16,0,0,0,0,16,0,0,0
whose,16,whose=16,0,0,0,0,0,0,0,16
z,16,z=16,12,4,0,0,0,0,0,0
achievement,15,achievements=10; achievement=5,14,1,0,0,0,0,0,0
administrative,15,administrative=15,0,1,0,0,14,0,0,0
affordable,15,affordable=15,0,0,0,0,15,0,0,0
algae,15,algae=15,14,1,0,0,0,0,0,0
apart,15,apart=15,0,0,0,0,0,14,0,1
aquarium,15,aquarium=8; aquariums=7,14,0,0,0,1,0,0,0
assistance,15,assistance=15,14,1,0,0,0,0,0,0
beauty,15,beauty=15,15,0,0,0,0,0,0,0
binary,15,binary=15,0,1,0,0,14,0,0,0
black,15,black=15,0,0,0,0,15,0,0,0
bright,15,bright=10; brighter=4; brightest=1,0,0,0,0,15,0,0,0
catch,15,catch=10; caught=5,2,0,13,0,0,0,0,0
centre,15,centre=14; centres=1,10,5,0,0,0,0,0,0
clarity,15,clarity=15,15,0,0,0,0,0,0,0
confirmation,15,confirmation=15,15,0,0,0,0,0,0,0
convey,15,convey=12; conveys=2; conveying=1,0,0,15,0,0,0,0,0
council,15,council=15,10,5,0,0,0,0,0,0
cue,15,cues=15,15,0,0,0,0,0,0,0
dashboard,15,dashboards=14; dashboard=1,15,0,0,0,0,0,0,0
depict,15,depict=9; depicted=4; depicts=2,0,0,15,0,0,0,0,0
depth,15,depth=14; depths=1,15,0,0,0,0,0,0,0
download,15,download=8; downloaded=4; downloading=2; downloads=1,1,2,12,0,0,0,0,0
dust,15,dust=15,13,2,0,0,0,0,0,0
eco,15,eco=15,13,2,0,0,0,0,0,0
engagement,15,engagement=15,14,1,0,0,0,0,0,0
eventually,15,eventually=15,0,0,0,0,0,15,0,0
expose,15,exposed=14; exposes=1,0,0,15,0,0,0,0,0
fear,15,fear=14; fearing=1,13,0,2,0,0,0,0,0
fiction,15,fiction=15,12,1,0,0,2,0,0,0
flexible,15,flexible=15,0,0,0,0,15,0,0,0
forecast,15,forecast=15,11,1,3,0,0,0,0,0
hardware,15,hardware=15,15,0,0,0,0,0,0,0
identity,15,identity=11; identities=4,14,1,0,0,0,0,0,0
insect,15,insects=14; insect=1,14,0,1,0,0,0,0,0
intense,15,intense=15,0,0,0,0,15,0,0,0
interference,15,interference=15,15,0,0,0,0,0,0,0
italy,15,italy=15,0,15,0,0,0,0,0,0
jones,15,jones=15,0,15,0,0,0,0,0,0
kelp,15,kelp=15,11,2,2,0,0,0,0,0
kessler,15,kessler=15,0,15,0,0,0,0,0,0
launch,15,launched=5; launches=4; launching=4; launch=2,6,0,9,0,0,0,0,0
mammal,15,mammals=11; mammal=4,11,0,0,0,4,0,0,0
mechanic,15,mechanics=10; mechanic=5,14,0,0,0,1,0,0,0
motivation,15,motivation=14; motivations=1,15,0,0,0,0,0,0,0
official,15,officials=10; official=5,11,0,0,0,4,0,0,0
opd,15,opd=15,0,15,0,0,0,0,0,0
original,15,original=15,1,0,0,0,14,0,0,0
owner,15,owner=8; owners=7,15,0,0,0,0,0,0,0
page,15,page=8; pages=7,15,0,0,0,0,0,0,0
peer,15,peers=12; peer=3,15,0,0,0,0,0,0,0
pest,15,pests=9; pest=6,9,0,6,0,0,0,0,0
popularity,15,popularity=15,15,0,0,0,0,0,0,0
portal,15,portal=15,7,0,0,0,8,0,0,0
proper,15,proper=15,0,0,0,0,15,0,0,0
recipe,15,recipe=9; recipes=6,15,0,0,0,0,0,0,0
renovation,15,renovations=8; renovation=7,15,0,0,0,0,0,0,0
reshape,15,reshaped=9; reshaping=4; reshape=1; reshapes=1,0,0,15,0,0,0,0,0
responsibility,15,responsibility=10; responsibilities=5,15,0,0,0,0,0,0,0
rest,15,rest=13; rested=1; rests=1,10,0,5,0,0,0,0,0
rural,15,rural=15,0,0,0,0,15,0,0,0
scan,15,scan=5; scanning=5; scans=4; scanned=1,1,1,13,0,0,0,0,0
scarlet,15,scarlet=15,2,0,0,0,13,0,0,0
scene,15,scene=9; scenes=6,15,0,0,0,0,0,0,0
seed,15,seeds=11; seed=4,15,0,0,0,0,0,0,0
sensor,15,sensors=15,15,0,0,0,0,0,0,0
shirt,15,shirts=8; shirt=7,15,0,0,0,0,0,0,0
simply,15,simply=15,0,0,0,0,0,15,0,0
slowly,15,slowly=15,0,0,0,0,0,15,0,0
stretch,15,stretching=6; stretch=5; stretches=3; stretched=1,3,0,12,0,0,0,0,0
string,15,strings=11; string=3; stringed=1,14,0,1,0,0,0,0,0
surprising,15,surprising=15,0,1,0,0,14,0,0,0
systems,15,systems=15,0,15,0,0,0,0,0,0
temporarily,15,temporarily=15,0,0,0,0,0,15,0,0
tie,15,ties=9; tied=6,8,0,7,0,0,0,0,0
tip,15,tips=12; tip=3,14,0,1,0,0,0,0,0
touch,15,touch=12; touching=2; touched=1,10,0,5,0,0,0,0,0
unintended,15,unintended=15,0,2,0,0,13,0,0,0
viewpoint,15,viewpoint=12; viewpoints=3,15,0,0,0,0,0,0,0
virtual,15,virtual=15,0,0,0,0,15,0,0,0
warming,15,warming=15,15,0,0,0,0,0,0,0
winter,15,winter=14; winters=1,14,1,0,0,0,0,0,0
abandon,14,abandoned=11; abandoning=2; abandon=1,0,0,14,0,0,0,0,0
abstract,14,abstract=14,0,1,0,0,13,0,0,0
accuracy,14,accuracy=14,14,0,0,0,0,0,0,0
acoustic,14,acoustic=9; acoustics=5,5,0,0,0,9,0,0,0
adult,14,adult=7; adults=7,11,2,0,0,1,0,0,0
africa,14,africa=14,0,14,0,0,0,0,0,0
although,14,although=14,0,0,0,0,0,0,0,14
biofertilizer,14,biofertilizers=13; biofertilizer=1,13,1,0,0,0,0,0,0
blade,14,blades=8; blade=6,14,0,0,0,0,0,0,0
board,14,board=7; boards=7,13,1,0,0,0,0,0,0
breakfast,14,breakfast=14,11,3,0,0,0,0,0,0
breeding,14,breeding=14,14,0,0,0,0,0,0,0
candidate,14,candidates=11; candidate=3,14,0,0,0,0,0,0,0
celebrate,14,celebrate=6; celebrated=5; celebrates=3,0,0,14,0,0,0,0,0
church,14,churches=12; church=2,12,2,0,0,0,0,0,0
clarify,14,clarify=10; clarifying=3; clarifies=1,0,0,14,0,0,0,0,0
combination,14,combination=9; combinations=5,14,0,0,0,0,0,0,0
commonly,14,commonly=14,0,0,0,0,0,14,0,0
compelling,14,compelling=14,1,0,0,0,13,0,0,0
compost,14,composting=12; compost=2,1,0,13,0,0,0,0,0
concerned,14,concerned=14,0,2,0,0,12,0,0,0
constant,14,constant=14,1,0,0,0,13,0,0,0
cooperation,14,cooperation=14,14,0,0,0,0,0,0,0
cross,14,cross=11; crossing=2; crossed=1,1,0,5,0,8,0,0,0
deeply,14,deeply=11; deeper=3,0,0,0,0,0,14,0,0
differ,14,differ=10; differs=2; differed=1; differing=1,1,0,13,0,0,0,0,0
dissonance,14,dissonance=14,14,0,0,0,0,0,0,0
doctor,14,doctor=9; doctors=5,12,2,0,0,0,0,0,0
dramatically,14,dramatically=14,0,0,0,0,0,14,0,0
economy,14,economy=9; economies=5,14,0,0,0,0,0,0,0
emfs,14,emfs=14,0,14,0,0,0,0,0,0
emotionally,14,emotionally=14,0,0,0,0,0,14,0,0
enjoyable,14,enjoyable=14,0,0,0,0,14,0,0,0
essay,14,essay=9; essays=5,14,0,0,0,0,0,0,0
extinction,14,extinction=7; extinctions=7,14,0,0,0,0,0,0,0
file,14,files=9; file=5,14,0,0,0,0,0,0,0
friendship,14,friendship=8; friendships=6,14,0,0,0,0,0,0,0
fruit,14,fruit=7; fruits=4; fruiting=3,10,1,3,0,0,0,0,0
further,14,further=14,0,0,0,0,14,0,0,0
gen,14,gen=14,0,14,0,0,0,0,0,0
globalization,14,globalization=14,14,0,0,0,0,0,0,0
gravitational,14,gravitational=14,0,2,0,0,12,0,0,0
greece,14,greece=14,0,14,0,0,0,0,0,0
hero,14,hero=14,13,1,0,0,0,0,0,0
hive,14,hive=14,9,1,0,0,4,0,0,0
hole,14,holes=12; hole=2,14,0,0,0,0,0,0,0
holiday,14,holiday=12; holidays=2,14,0,0,0,0,0,0,0
hunting,14,hunting=14,14,0,0,0,0,0,0,0
impress,14,impressed=10; impress=3; impresses=1,0,0,14,0,0,0,0,0
incandescent,14,incandescent=14,9,2,3,0,0,0,0,0
incubator,14,incubator=7; incubators=7,14,0,0,0,0,0,0,0
ingredient,14,ingredients=9; ingredient=5,14,0,0,0,0,0,0,0
kinetic,14,kinetic=14,0,2,0,0,12,0,0,0
left,14,left=14,8,0,0,0,6,0,0,0
linguistic,14,linguistic=14,1,2,0,0,11,0,0,0
london,14,london=14,0,14,0,0,0,0,0,0
math,14,math=14,12,2,0,0,0,0,0,0
melt,14,melting=7; melt=5; melts=2,3,0,11,0,0,0,0,0
migratory,14,migratory=14,10,0,0,0,4,0,0,0
mobile,14,mobile=13; mobiles=1,1,2,0,0,11,0,0,0
molecule,14,molecules=12; molecule=2,14,0,0,0,0,0,0,0
moon,14,moons=11; moon=3,11,3,0,0,0,0,0,0
optical,14,optical=14,0,1,0,0,13,0,0,0
origin,14,origins=8; origin=6,14,0,0,0,0,0,0,0
overlook,14,overlook=7; overlooked=3; overlooking=2; overlooks=2,0,0,14,0,0,0,0,0
paleognath,14,paleognaths=9; paleognath=5,14,0,0,0,0,0,0,0
pen,14,pen=9; pens=5,14,0,0,0,0,0,0,0
perception,14,perception=11; perceptions=3,14,0,0,0,0,0,0,0
press,14,press=10; pressing=4,7,0,7,0,0,0,0,0
privacy,14,privacy=14,14,0,0,0,0,0,0,0
prosthetic,14,prosthetics=10; prosthetic=4,12,0,0,0,2,0,0,0
rare,14,rare=14,0,0,0,0,14,0,0,0
recording,14,recordings=10; recording=4,14,0,0,0,0,0,0,0
refreshment,14,refreshments=13; refreshment=1,14,0,0,0,0,0,0,0
relax,14,relax=9; relaxing=4; relaxed=1,0,0,14,0,0,0,0,0
remarkable,14,remarkable=14,0,0,0,0,14,0,0,0
river,14,river=10; rivers=4,8,6,0,0,0,0,0,0
romans,14,romans=14,0,14,0,0,0,0,0,0
satisfaction,14,satisfaction=14,14,0,0,0,0,0,0,0
screen,14,screen=9; screens=4; screening=1,12,0,2,0,0,0,0,0
secure,14,secure=9; secured=3; securing=2,0,0,11,0,3,0,0,0
sedimentary,14,sedimentary=14,0,3,0,0,11,0,0,0
simulation,14,simulations=11; simulation=3,14,0,0,0,0,0,0,0
smartphone,14,smartphone=10; smartphones=4,14,0,0,0,0,0,0,0
smog,14,smog=14,4,10,0,0,0,0,0,0
south,14,south=14,0,10,0,0,3,1,0,0
stream,14,streams=9; stream=4; streamed=1,12,0,2,0,0,0,0,0
suppose,14,supposed=11; suppose=3,0,0,14,0,0,0,0,0
third,14,third=14,1,0,0,0,12,1,0,0
treat,14,treat=7; treating=4; treated=3,1,0,13,0,0,0,0,0
truly,14,truly=14,0,0,0,0,0,14,0,0
uncover,14,uncover=10; uncovering=3; uncovered=1,0,0,14,0,0,0,0,0
uniform,14,uniform=13; uniforms=1,3,0,0,0,11,0,0,0
union,14,union=14,14,0,0,0,0,0,0,0
visible,14,visible=14,0,0,0,0,14,0,0,0
wolf,14,wolves=13; wolf=1,14,0,0,0,0,0,0,0
wood,14,wood=14,14,0,0,0,0,0,0,0
wrong,14,wrong=14,2,0,0,0,12,0,0,0
acquire,13,acquiring=7; acquire=3; acquired=3,0,0,13,0,0,0,0,0
actively,13,actively=13,0,0,0,0,0,13,0,0
agent,13,agent=12; agents=1,13,0,0,0,0,0,0,0
airport,13,airport=13,11,2,0,0,0,0,0,0
align,13,align=11; aligned=1; aligns=1,0,0,12,0,1,0,0,0
alone,13,alone=13,0,0,0,0,2,11,0,0
arrangement,13,arrangement=7; arrangements=6,13,0,0,0,0,0,0,0
attendance,13,attendance=13,11,2,0,0,0,0,0,0
bakery,13,bakery=13,12,1,0,0,0,0,0,0
beautiful,13,beautiful=13,0,0,0,0,13,0,0,0
benedict,13,benedict=13,0,13,0,0,0,0,0,0
bin,13,bins=11; bin=2,10,2,1,0,0,0,0,0
booth,13,booth=11; booths=2,13,0,0,0,0,0,0,0
cake,13,cake=12; cakes=1,12,1,0,0,0,0,0,0
carthage,13,carthage=13,2,11,0,0,0,0,0,0
ceremony,13,ceremony=10; ceremonies=3,11,2,0,0,0,0,0,0
collapse,13,collapse=8; collapsed=2; collapsing=2; collapses=1,8,0,5,0,0,0,0,0
comparison,13,comparison=11; comparisons=2,13,0,0,0,0,0,0,0
compete,13,competing=9; compete=3; competed=1,0,0,13,0,0,0,0,0
consume,13,consume=7; consuming=4; consumed=2,1,0,12,0,0,0,0,0
contribution,13,contribution=8; contributions=5,13,0,0,0,0,0,0,0
criticism,13,criticism=12; criticisms=1,12,1,0,0,0,0,0,0
crystal,13,crystals=12; crystal=1,13,0,0,0,0,0,0,0
define,13,define=6; defined=5; defines=2,0,0,13,0,0,0,0,0
dense,13,dense=12; denser=1,0,0,0,0,13,0,0,0
designate,13,designated=12; designating=1,0,0,13,0,0,0,0,0
diagnose,13,diagnosing=9; diagnose=4,0,0,13,0,0,0,0,0
distribution,13,distribution=13,13,0,0,0,0,0,0,0
dolphin,13,dolphins=10; dolphin=3,11,0,0,0,0,2,0,0
draw,13,drawing=8; draw=3; drawn=1; drew=1,0,1,12,0,0,0,0,0
echo,13,echoes=6; echo=4; echoing=3,9,1,3,0,0,0,0,0
educator,13,educators=11; educator=2,13,0,0,0,0,0,0,0
emily,13,emily=13,0,8,0,0,0,5,0,0
employ,13,employ=6; employed=6; employing=1,0,0,13,0,0,0,0,0
error,13,error=9; errors=4,13,0,0,0,0,0,0,0
excellent,13,excellent=13,0,0,0,0,13,0,0,0
exploration,13,exploration=13,13,0,0,0,0,0,0,0
exposure,13,exposure=13,13,0,0,0,0,0,0,0
flynn,13,flynn=13,0,13,0,0,0,0,0,0
french,13,french=13,0,5,0,0,8,0,0,0
fund,13,funds=4; fund=3; funded=3; funding=3,6,0,7,0,0,0,0,0
gene,13,gene=12; genes=1,11,2,0,0,0,0,0,0
giant,13,giant=13,0,1,0,0,12,0,0,0
gradually,13,gradually=13,0,0,0,0,0,13,0,0
greatly,13,greatly=13,0,0,0,0,0,13,0,0
gripper,13,gripper=7; grippers=6,13,0,0,0,0,0,0,0
hide,13,hidden=9; hide=3; hides=1,0,0,13,0,0,0,0,0
hundred,13,hundreds=7; hundred=6,7,0,0,0,0,0,0,6
ideal,13,ideal=13,0,0,0,0,13,0,0,0
instal,13,installed=9; installing=3; instaling=1,0,0,13,0,0,0,0,0
installation,13,installation=8; installations=5,13,0,0,0,0,0,0,0
intellectual,13,intellectual=13,0,0,0,0,13,0,0,0
interestingly,13,interestingly=13,0,0,0,0,0,13,0,0
introduction,13,introduction=13,13,0,0,0,0,0,0,0
jazz,13,jazz=13,11,1,1,0,0,0,0,0
jupiter,13,jupiter=13,0,13,0,0,0,0,0,0
kahlo,13,kahlo=13,0,13,0,0,0,0,0,0
lawrence,13,lawrence=13,0,13,0,0,0,0,0,0
layout,13,layout=10; layouts=3,12,0,0,0,1,0,0,0
libertarianism,13,libertarianism=13,9,4,0,0,0,0,0,0
manipulate,13,manipulate=6; manipulating=5; manipulated=2,0,0,13,0,0,0,0,0
meaningful,13,meaningful=13,0,0,0,0,13,0,0,0
microseism,13,microseisms=13,13,0,0,0,0,0,0,0
mine,13,mine=8; mines=2; mining=2; mined=1,5,0,3,0,0,0,5,0
mineral,13,minerals=9; mineral=4,13,0,0,0,0,0,0,0
mother,13,mother=13,7,6,0,0,0,0,0,0
nanoparticle,13,nanoparticles=13,13,0,0,0,0,0,0,0
nervous,13,nervous=13,0,0,0,0,13,0,0,0
news,13,news=13,12,1,0,0,0,0,0,0
ok,13,ok=13,0,5,0,0,1,0,0,7
outbreak,13,outbreaks=9; outbreak=4,9,0,0,0,4,0,0,0
package,13,package=10; packages=2; packaged=1,11,0,2,0,0,0,0,0
percent,13,percent=13,13,0,0,0,0,0,0,0
philosopher,13,philosopher=7; philosophers=6,13,0,0,0,0,0,0,0
prediction,13,predictions=9; prediction=4,13,0,0,0,0,0,0,0
prove,13,proven=6; prove=4; proving=2; proved=1,0,0,13,0,0,0,0,0
race,13,race=9; races=4,13,0,0,0,0,0,0,0
realistic,13,realistic=13,0,0,0,0,13,0,0,0
reasoning,13,reasoning=13,13,0,0,0,0,0,0,0
recycling,13,recycling=13,13,0,0,0,0,0,0,0
reflection,13,reflection=11; reflections=2,13,0,0,0,0,0,0,0
reliability,13,reliability=13,13,0,0,0,0,0,0,0
renew,13,renewed=7; renew=5; renewing=1,0,1,12,0,0,0,0,0
robotic,13,robotics=10; robotic=3,10,0,0,0,3,0,0,0
sky,13,sky=8; skies=5,11,2,0,0,0,0,0,0
sociogram,13,sociograms=9; sociogram=4,13,0,0,0,0,0,0,0
sort,13,sort=8; sorted=3; sorts=2,4,0,7,0,0,2,0,0
storytelle,13,storytelling=13,0,0,13,0,0,0,0,0
strengthen,13,strengthens=5; strengthen=4; strengthened=2; strengthening=2,1,0,12,0,0,0,0,0
supervisor,13,supervisor=13,13,0,0,0,0,0,0,0
sustain,13,sustaining=6; sustained=4; sustain=3,0,0,13,0,0,0,0,0
therapeutic,13,therapeutic=13,0,0,0,0,13,0,0,0
tired,13,tired=13,0,0,0,0,13,0,0,0
transformation,13,transformation=9; transformations=4,11,2,0,0,0,0,0,0
trial,13,trial=7; trials=6,13,0,0,0,0,0,0,0
upon,13,upon=13,0,0,0,0,0,0,0,13
version,13,version=9; versions=4,13,0,0,0,0,0,0,0
virus,13,virus=12; viruses=1,13,0,0,0,0,0,0,0
weekly,13,weekly=13,1,0,0,0,9,3,0,0
western,13,western=13,0,2,0,0,11,0,0,0
white,13,white=13,1,3,0,0,9,0,0,0
adobe,12,adobe=12,10,2,0,0,0,0,0,0
adoption,12,adoption=12,12,0,0,0,0,0,0,0
advertising,12,advertising=12,12,0,0,0,0,0,0,0
aeolian,12,aeolian=12,0,9,0,0,3,0,0,0
amazing,12,amazing=12,0,0,0,0,12,0,0,0
annual,12,annual=12,0,0,0,0,12,0,0,0
archaeologist,12,archaeologists=12,12,0,0,0,0,0,0,0
arctic,12,arctic=12,0,11,0,0,1,0,0,0
astronomer,12,astronomers=11; astronomer=1,12,0,0,0,0,0,0,0
attraction,12,attraction=7; attractions=5,12,0,0,0,0,0,0,0
aware,12,aware=12,0,0,0,0,12,0,0,0
bear,12,born=10; bear=1; bears=1,0,0,12,0,0,0,0,0
birthday,12,birthday=12,11,1,0,0,0,0,0,0
blend,12,blend=5; blends=4; blending=2; blended=1,3,0,9,0,0,0,0,0
breakthrough,12,breakthrough=6; breakthroughs=6,12,0,0,0,0,0,0,0
brick,12,brick=7; bricks=5,12,0,0,0,0,0,0,0
buttercup,12,buttercup=12,7,4,1,0,0,0,0,0
butterfly,12,butterflies=6; butterfly=6,12,0,0,0,0,0,0,0
channel,12,channels=11; channel=1,12,0,0,0,0,0,0,0
clay,12,clay=12,12,0,0,0,0,0,0,0
collaborative,12,collaborative=12,0,0,0,0,12,0,0,0
contest,12,contest=11; contests=1,11,1,0,0,0,0,0,0
convenient,12,convenient=12,0,0,0,0,12,0,0,0
counter,12,counter=11; counters=1,11,1,0,0,0,0,0,0
delicate,12,delicate=12,0,0,0,0,12,0,0,0
die,12,died=6; die=5; dies=1,1,0,11,0,0,0,0,0
diminish,12,diminish=5; diminished=4; diminishes=2; diminishing=1,0,0,10,0,2,0,0,0
disruption,12,disruption=8; disruptions=4,11,1,0,0,0,0,0,0
durable,12,durable=12,0,0,0,0,12,0,0,0
efficiently,12,efficiently=12,0,0,0,0,0,12,0,0
encompass,12,encompasses=9; encompassing=2; encompass=1,0,0,12,0,0,0,0,0
entertainment,12,entertainment=12,11,1,0,0,0,0,0,0
evaluate,12,evaluate=7; evaluated=2; evaluating=2; evaluates=1,0,0,12,0,0,0,0,0
explanation,12,explanation=8; explanations=4,12,0,0,0,0,0,0,0
extended,12,extended=12,0,1,0,0,11,0,0,0
fashion,12,fashion=11; fashions=1,12,0,0,0,0,0,0,0
finance,12,finance=8; finances=4,12,0,0,0,0,0,0,0
flourish,12,flourished=8; flourish=2; flourishing=2,0,0,12,0,0,0,0,0
format,12,format=7; formatting=3; formats=2,9,0,3,0,0,0,0,0
fragmentation,12,fragmentation=12,11,1,0,0,0,0,0,0
fundamental,12,fundamental=12,0,0,0,0,12,0,0,0
garage,12,garage=12,11,1,0,0,0,0,0,0
glad,12,glad=12,0,0,0,0,12,0,0,0
greenhouse,12,greenhouse=12,12,0,0,0,0,0,0,0
guidance,12,guidance=12,11,1,0,0,0,0,0,0
happiness,12,happiness=12,12,0,0,0,0,0,0,0
harp,12,harp=11; harps=1,12,0,0,0,0,0,0,0
ignore,12,ignore=8; ignored=3; ignoring=1,0,0,12,0,0,0,0,0
indigenous,12,indigenous=12,0,0,0,0,12,0,0,0
interior,12,interior=12,3,0,0,0,9,0,0,0
investor,12,investor=9; investors=3,12,0,0,0,0,0,0,0
involvement,12,involvement=12,12,0,0,0,0,0,0,0
iq,12,iq=12,4,8,0,0,0,0,0,0
john,12,john=12,0,12,0,0,0,0,0,0
kilometer,12,kilometers=9; kilometer=3,12,0,0,0,0,0,0,0
legal,12,legal=12,0,1,0,0,11,0,0,0
lounge,12,lounge=12,12,0,0,0,0,0,0,0
medicine,12,medicine=12,12,0,0,0,0,0,0,0
mission,12,missions=10; mission=2,12,0,0,0,0,0,0,0
motivate,12,motivated=8; motivates=2; motivating=2,0,0,12,0,0,0,0,0
mural,12,mural=7; murals=5,7,0,0,0,5,0,0,0
nonetheless,12,nonetheless=12,0,0,0,0,0,12,0,0
onto,12,onto=12,0,0,0,0,0,0,0,12
orbit,12,orbit=8; orbiting=3; orbits=1,5,0,7,0,0,0,0,0
orchestra,12,orchestra=11; orchestras=1,11,1,0,0,0,0,0,0
outline,12,outline=7; outlines=4; outlining=1,3,0,9,0,0,0,0,0
pacific,12,pacific=12,0,12,0,0,0,0,0,0
pave,12,pave=5; paved=4; paving=3,0,0,12,0,0,0,0,0
per,12,per=12,0,0,0,0,0,0,0,12
phase,12,phase=9; phases=3,10,2,0,0,0,0,0,0
picasso,12,picasso=12,0,12,0,0,0,0,0,0
pilot,12,pilot=9; pilots=3,11,1,0,0,0,0,0,0
pipe,12,pipes=9; pipe=3,12,0,0,0,0,0,0,0
pitch,12,pitch=7; pitched=5,7,0,5,0,0,0,0,0
pool,12,pool=10; pools=2,12,0,0,0,0,0,0,0
possibly,12,possibly=12,0,0,0,0,0,12,0,0
poster,12,posters=7; poster=5,12,0,0,0,0,0,0,0
poverty,12,poverty=12,4,8,0,0,0,0,0,0
previous,12,previous=12,0,0,0,0,12,0,0,0
recycle,12,recycling=9; recycled=3,0,0,12,0,0,0,0,0
reduction,12,reduction=8; reductions=4,12,0,0,0,0,0,0,0
replacement,12,replacement=11; replacements=1,12,0,0,0,0,0,0,0
replicate,12,replicate=8; replicating=3; replicated=1,0,0,12,0,0,0,0,0
resilient,12,resilient=12,0,0,1,0,11,0,0,0
resistance,12,resistance=12,11,1,0,0,0,0,0,0
restart,12,restart=8; restarting=3; restarted=1,0,6,6,0,0,0,0,0
ritual,12,rituals=10; ritual=2,10,0,0,0,2,0,0,0
router,12,router=9; routers=3,12,0,0,0,0,0,0,0
sector,12,sector=6; sectors=6,12,0,0,0,0,0,0,0
sensitive,12,sensitive=12,0,0,0,0,12,0,0,0
shoreline,12,shorelines=11; shoreline=1,12,0,0,0,0,0,0,0
specifically,12,specifically=12,0,0,0,0,0,12,0,0
stable,12,stable=12,0,0,0,0,12,0,0,0
stimulate,12,stimulate=7; stimulating=4; stimulates=1,0,0,12,0,0,0,0,0
syndrome,12,syndrome=12,3,9,0,0,0,0,0,0
tall,12,tall=9; taller=2; tallest=1,0,0,0,0,12,0,0,0
tapestry,12,tapestries=9; tapestry=3,12,0,0,0,0,0,0,0
thin,12,thin=12,0,0,0,0,12,0,0,0
thus,12,thus=12,0,0,0,0,0,12,0,0
tourist,12,tourist=7; tourists=5,12,0,0,0,0,0,0,0
trap,12,trapping=7; traps=3; trap=2,4,0,8,0,0,0,0,0
tutoring,12,tutoring=12,12,0,0,0,0,0,0,0
typical,12,typical=12,0,0,0,0,12,0,0,0
uh,12,uh=12,0,0,0,0,0,0,0,12
warn,12,warn=11; warns=1,0,0,12,0,0,0,0,0
worry,12,worry=7; worried=4; worries=1,0,0,12,0,0,0,0,0
worth,12,worth=12,2,0,0,0,10,0,0,0
above,11,above=11,0,0,0,0,0,2,0,9
actual,11,actual=11,0,0,0,0,11,0,0,0
america,11,america=11,0,11,0,0,0,0,0,0
anthropologist,11,anthropologists=8; anthropologist=3,10,1,0,0,0,0,0,0
aquatic,11,aquatic=11,0,0,0,0,11,0,0,0
arts,11,arts=11,0,11,0,0,0,0,0,0
assistant,11,assistant=9; assistants=2,10,0,0,0,1,0,0,0
athletic,11,athletic=11,0,0,0,0,11,0,0,0
below,11,below=11,0,0,0,0,0,3,0,8
catalyst,11,catalysts=10; catalyst=1,11,0,0,0,0,0,0,0
coal,11,coal=11,10,1,0,0,0,0,0,0
code,11,code=8; codes=3,11,0,0,0,0,0,0,0
colleague,11,colleague=7; colleagues=4,5,6,0,0,0,0,0,0
consideration,11,consideration=7; considerations=4,11,0,0,0,0,0,0,0
consumption,11,consumption=11,11,0,0,0,0,0,0,0
court,11,court=6; courts=5,7,4,0,0,0,0,0,0
curious,11,curious=11,0,2,0,0,9,0,0,0
custom,11,customs=8; custom=3,11,0,0,0,0,0,0,0
david,11,david=11,0,11,0,0,0,0,0,0
desert,11,desert=8; deserts=3,10,1,0,0,0,0,0,0
diaz,11,diaz=11,0,11,0,0,0,0,0,0
dig,11,dig=5; digging=4; digs=2,1,1,9,0,0,0,0,0
director,11,director=6; directors=5,11,0,0,0,0,0,0,0
displacement,11,displacement=11,11,0,0,0,0,0,0,0
district,11,district=6; districts=5,10,1,0,0,0,0,0,0
disturbance,11,disturbances=11,11,0,0,0,0,0,0,0
durability,11,durability=11,9,2,0,0,0,0,0,0
ecology,11,ecology=11,11,0,0,0,0,0,0,0
editing,11,editing=11,9,2,0,0,0,0,0,0
eight,11,eight=11,0,0,0,0,0,0,0,11
era,11,era=10; eras=1,11,0,0,0,0,0,0,0
expertise,11,expertise=11,10,1,0,0,0,0,0,0
expressionism,11,expressionism=11,5,6,0,0,0,0,0,0
extensive,11,extensive=11,0,0,0,0,11,0,0,0
feeling,11,feelings=7; feeling=4,11,0,0,0,0,0,0,0
filter,11,filter=7; filters=2; filtered=1; filtering=1,4,0,7,0,0,0,0,0
formal,11,formal=11,0,0,0,0,11,0,0,0
furthermore,11,furthermore=11,0,0,0,0,0,11,0,0
genre,11,genres=7; genre=4,11,0,0,0,0,0,0,0
guideline,11,guidelines=10; guideline=1,11,0,0,0,0,0,0,0
impossible,11,impossible=11,0,0,0,0,11,0,0,0
initial,11,initial=11,0,0,0,0,11,0,0,0
inquiry,11,inquiry=8; inquiries=3,6,5,0,0,0,0,0,0
integration,11,integration=11,11,0,0,0,0,0,0,0
interfere,11,interfere=7; interferes=3; interfering=1,0,0,11,0,0,0,0,0
intern,11,interns=8; intern=2; interned=1,10,0,1,0,0,0,0,0
intriguing,11,intriguing=11,0,0,0,0,11,0,0,0
invasive,11,invasive=11,0,0,0,0,11,0,0,0
inventory,11,inventory=11,10,1,0,0,0,0,0,0
lay,11,laid=7; lay=2; laying=1; lays=1,0,0,11,0,0,0,0,0
librarian,11,librarian=7; librarians=4,11,0,0,0,0,0,0,0
loud,11,loud=11,0,0,0,0,11,0,0,0
loyalty,11,loyalty=11,11,0,0,0,0,0,0,0
manufacture,11,manufacture=4; manufacturing=4; manufactured=3,3,0,8,0,0,0,0,0
menu,11,menu=11,11,0,0,0,0,0,0,0
merely,11,merely=11,0,0,0,0,0,11,0,0
meter,11,meters=11,11,0,0,0,0,0,0,0
microbial,11,microbial=11,0,1,0,0,10,0,0,0
mid,11,mid=11,2,0,0,0,9,0,0,0
minimal,11,minimal=11,0,0,0,0,11,0,0,0
mirror,11,mirror=5; mirrors=4; mirrored=1; mirroring=1,8,0,3,0,0,0,0,0
moment,11,moment=9; moments=2,11,0,0,0,0,0,0,0
mystery,11,mystery=8; mysteries=3,9,2,0,0,0,0,0,0
national,11,national=11,0,9,0,0,2,0,0,0
naturally,11,naturally=11,0,0,0,0,0,11,0,0
navigation,11,navigation=11,11,0,0,0,0,0,0,0
net,11,net=10; nets=1,3,0,0,0,8,0,0,0
nutrition,11,nutrition=11,10,1,0,0,0,0,0,0
originally,11,originally=11,0,0,0,0,0,11,0,0
outsider,11,outsider=10; outsiders=1,9,2,0,0,0,0,0,0
overcome,11,overcome=8; overcoming=3,0,0,11,0,0,0,0,0
overwhelming,11,overwhelming=11,0,0,0,0,11,0,0,0
personalize,11,personalized=6; personalizes=3; personalize=1; personalizing=1,0,0,11,0,0,0,0,0
picnic,11,picnic=9; picnics=2,10,1,0,0,0,0,0,0
plate,11,plates=11,11,0,0,0,0,0,0,0
player,11,players=7; player=4,11,0,0,0,0,0,0,0
plenty,11,plenty=11,10,1,0,0,0,0,0,0
procedure,11,procedures=7; procedure=4,11,0,0,0,0,0,0,0
protection,11,protection=11,10,1,0,0,0,0,0,0
psychologist,11,psychologist=6; psychologists=5,11,0,0,0,0,0,0,0
pv,11,pv=11,5,6,0,0,0,0,0,0
quick,11,quick=11,0,0,0,0,11,0,0,0
realism,11,realism=11,10,1,0,0,0,0,0,0
recover,11,recover=6; recovering=3; recovered=2,1,0,10,0,0,0,0,0
regional,11,regional=11,0,0,0,0,11,0,0,0
restrict,11,restricted=6; restrict=3; restricts=2,0,0,11,0,0,0,0,0
ride,11,ride=8; rides=3,6,0,5,0,0,0,0,0
ring,11,ringed=6; ring=3; ringing=1; rings=1,4,0,7,0,0,0,0,0
seating,11,seating=11,11,0,0,0,0,0,0,0
shelter,11,shelter=10; shelters=1,10,0,1,0,0,0,0,0
skeleton,11,skeletons=10; skeleton=1,11,0,0,0,0,0,0,0
skin,11,skin=11,11,0,0,0,0,0,0,0
steel,11,steel=11,11,0,0,0,0,0,0,0
stick,11,stuck=5; stick=4; sticks=2,2,0,9,0,0,0,0,0
suddenly,11,suddenly=11,0,0,0,0,0,11,0,0
theme,11,themes=6; theme=5,11,0,0,0,0,0,0,0
timing,11,timing=11,11,0,0,0,0,0,0,0
tom,11,tom=11,0,11,0,0,0,0,0,0
twentieth,11,twentieth=11,0,0,0,0,11,0,0,0
ubi,11,ubi=11,0,11,0,0,0,0,0,0
unable,11,unable=11,0,0,0,0,11,0,0,0
underground,11,underground=11,0,0,0,0,6,5,0,0
variable,11,variables=10; variable=1,10,0,0,0,1,0,0,0
vegan,11,vegan=10; vegans=1,11,0,0,0,0,0,0,0
wake,11,wake=8; waking=2; woke=1,4,0,7,0,0,0,0,0
wonderful,11,wonderful=11,0,0,0,0,11,0,0,0
wooden,11,wooden=11,0,0,0,0,11,0,0,0
wow,11,wow=11,0,0,0,0,0,0,0,11
accessible,10,accessible=10,0,0,0,0,10,0,0,0
administration,10,administration=10,8,2,0,0,0,0,0,0
advertisement,10,advertisement=6; advertisements=4,10,0,0,0,0,0,0,0
advise,10,advises=4; advised=3; advise=2; advising=1,0,0,10,0,0,0,0,0
afford,10,afford=10,0,0,10,0,0,0,0,0
afraid,10,afraid=10,0,2,0,0,8,0,0,0
amplify,10,amplify=7; amplified=1; amplifies=1; amplifying=1,0,0,10,0,0,0,0,0
anchor,10,anchored=3; anchoring=3; anchor=2; anchors=2,2,0,8,0,0,0,0,0
andes,10,andes=10,0,10,0,0,0,0,0,0
anxiety,10,anxiety=10,10,0,0,0,0,0,0,0
anymore,10,anymore=10,0,0,0,0,0,10,0,0
anyway,10,anyway=10,0,0,0,0,0,10,0,0
appeal,10,appeal=7; appealing=3,5,0,5,0,0,0,0,0
appliance,10,appliance=6; appliances=4,10,0,0,0,0,0,0,0
attach,10,attached=8; attach=2,0,0,10,0,0,0,0,0
attendee,10,attendees=10,9,0,1,0,0,0,0,0
autonomy,10,autonomy=10,10,0,0,0,0,0,0,0
basis,10,basis=10,10,0,0,0,0,0,0,0
beginner,10,beginners=7; beginner=3,10,0,0,0,0,0,0,0
bind,10,binding=4; bind=3; bound=3,0,0,10,0,0,0,0,0
blood,10,blood=10,10,0,0,0,0,0,0,0
bloom,10,blooms=8; bloom=1; blooming=1,7,0,3,0,0,0,0,0
blow,10,blow=4; blows=4; blowing=2,1,0,9,0,0,0,0,0
boost,10,boost=5; boosting=5,0,0,10,0,0,0,0,0
botanical,10,botanical=10,0,0,0,0,10,0,0,0
british,10,british=10,0,1,0,0,9,0,0,0
brother,10,brother=9; brothers=1,10,0,0,0,0,0,0,0
calcium,10,calcium=10,10,0,0,0,0,0,0,0
canvas,10,canvas=10,9,1,0,0,0,0,0,0
capability,10,capabilities=7; capability=3,10,0,0,0,0,0,0,0
careful,10,careful=10,0,0,0,0,10,0,0,0
cascade,10,cascading=6; cascade=4,3,0,7,0,0,0,0,0
category,10,categories=9; category=1,10,0,0,0,0,0,0,0
chain,10,chain=5; chains=5,10,0,0,0,0,0,0,0
chair,10,chair=6; chairs=4,9,0,1,0,0,0,0,0
chamber,10,chamber=5; chambers=5,9,1,0,0,0,0,0,0
chaotic,10,chaotic=10,0,0,0,0,10,0,0,0
charity,10,charity=8; charities=2,10,0,0,0,0,0,0,0
chat,10,chat=6; chats=4,5,1,4,0,0,0,0,0
comprehensive,10,comprehensive=10,0,0,0,0,10,0,0,0
conclude,10,concluded=10,0,0,10,0,0,0,0,0
conform,10,conform=8; conformed=1; conforming=1,0,0,10,0,0,0,0,0
conservationist,10,conservationists=10,10,0,0,0,0,0,0,0
constantly,10,constantly=10,0,0,0,0,0,10,0,0
corner,10,corner=7; corners=3,9,1,0,0,0,0,0,0
corridor,10,corridors=8; corridor=2,10,0,0,0,0,0,0,0
cosmic,10,cosmic=10,0,0,0,0,10,0,0,0
cuisine,10,cuisine=5; cuisines=5,9,1,0,0,0,0,0,0
deliver,10,deliver=4; delivering=4; delivered=1; delivers=1,0,0,10,0,0,0,0,0
densely,10,densely=10,0,0,0,0,0,10,0,0
disagreement,10,disagreement=7; disagreements=3,9,1,0,0,0,0,0,0
disorder,10,disorders=8; disorder=2,10,0,0,0,0,0,0,0
edge,10,edge=8; edges=2,10,0,0,0,0,0,0,0
egg,10,eggs=7; egg=3,10,0,0,0,0,0,0,0
electrophone,10,electrophones=10,10,0,0,0,0,0,0,0
emf,10,emf=10,1,9,0,0,0,0,0,0
empty,10,empty=10,0,0,2,0,8,0,0,0
entirely,10,entirely=10,0,0,0,0,0,10,0,0
evoke,10,evoke=8; evoked=1; evokes=1,1,0,9,0,0,0,0,0
expense,10,expenses=8; expense=2,10,0,0,0,0,0,0,0
experimental,10,experimental=10,0,4,0,0,6,0,0,0
fan,10,fans=6; fan=4,10,0,0,0,0,0,0,0
filmmaker,10,filmmakers=8; filmmaker=2,10,0,0,0,0,0,0,0
fluctuation,10,fluctuations=10,10,0,0,0,0,0,0,0
foundation,10,foundation=8; foundations=2,10,0,0,0,0,0,0,0
fragment,10,fragments=8; fragment=2,8,0,2,0,0,0,0,0
frame,10,frame=5; frames=3; framed=2,6,0,4,0,0,0,0,0
freeze,10,freezing=5; freeze=2; froze=2; freezes=1,1,0,9,0,0,0,0,0
functional,10,functional=10,0,0,0,0,10,0,0,0
fungus,10,fungi=6; fungus=4,10,0,0,0,0,0,0,0
glacier,10,glaciers=10,10,0,0,0,0,0,0,0
graduation,10,graduation=10,10,0,0,0,0,0,0,0
groyne,10,groynes=10,10,0,0,0,0,0,0,0
historian,10,historians=9; historian=1,10,0,0,0,0,0,0,0
hit,10,hit=5; hits=5,1,0,9,0,0,0,0,0
incentive,10,incentives=7; incentive=3,9,0,1,0,0,0,0,0
incorrect,10,incorrect=10,0,0,0,0,10,0,0,0
initially,10,initially=10,0,0,0,0,0,10,0,0
inspiration,10,inspiration=10,10,0,0,0,0,0,0,0
institution,10,institutions=10,10,0,0,0,0,0,0,0
intensity,10,intensity=10,10,0,0,0,0,0,0,0
interplay,10,interplay=10,10,0,0,0,0,0,0,0
intrinsic,10,intrinsic=10,0,0,0,0,10,0,0,0
invent,10,invented=10,0,0,10,0,0,0,0,0
inventor,10,inventors=7; inventor=3,10,0,0,0,0,0,0,0
invitation,10,invitation=9; invitations=1,10,0,0,0,0,0,0,0
james,10,james=10,0,10,0,0,0,0,0,0
lasting,10,lasting=10,0,0,0,0,10,0,0,0
leaf,10,leaves=10,10,0,0,0,0,0,0,0
lee,10,lee=10,0,10,0,0,0,0,0,0
log,10,log=7; logged=2; logging=1,0,1,9,0,0,0,0,0
mathematical,10,mathematical=10,0,0,0,0,10,0,0,0
metaphilosophy,10,metaphilosophy=10,7,3,0,0,0,0,0,0
microorganism,10,microorganisms=10,10,0,0,0,0,0,0,0
middle,10,middle=10,2,7,0,0,1,0,0,0
nearly,10,nearly=10,0,0,0,0,0,10,0,0
nerve,10,nerve=8; nerves=2,10,0,0,0,0,0,0,0
nitrogen,10,nitrogen=10,8,2,0,0,0,0,0,0
nothing,10,nothing=10,0,0,0,0,0,0,10,0
operation,10,operations=7; operation=3,10,0,0,0,0,0,0,0
ownership,10,ownership=10,10,0,0,0,0,0,0,0
painter,10,painter=6; painters=4,9,0,1,0,0,0,0,0
pathway,10,pathways=10,10,0,0,0,0,0,0,0
persist,10,persist=8; persisted=1; persists=1,0,1,9,0,0,0,0,0
plot,10,plot=7; plots=3,10,0,0,0,0,0,0,0
pollutant,10,pollutants=10,10,0,0,0,0,0,0,0
poor,10,poor=9; poorer=1,0,0,0,0,10,0,0,0
praise,10,praise=5; praising=3; praised=2,3,0,7,0,0,0,0,0
predictive,10,predictive=10,0,0,0,0,10,0,0,0
preparation,10,preparation=9; preparations=1,10,0,0,0,0,0,0,0
processor,10,processor=6; processors=4,10,0,0,0,0,0,0,0
publish,10,published=10,0,0,10,0,0,0,0,0
pull,10,pull=5; pulled=2; pulling=2; pulls=1,1,0,9,0,0,0,0,0
pursue,10,pursue=5; pursuing=4; pursued=1,0,0,10,0,0,0,0,0
quad,10,quad=10,10,0,0,0,0,0,0,0
qubit,10,qubits=8; qubit=2,10,0,0,0,0,0,0,0
rapidly,10,rapidly=10,0,0,0,0,0,10,0,0
reference,10,reference=8; references=1; referencing=1,8,1,1,0,0,0,0,0
reliable,10,reliable=10,0,0,0,0,10,0,0,0
restoration,10,restoration=10,9,1,0,0,0,0,0,0
salamander,10,salamanders=6; salamander=4,8,0,0,0,2,0,0,0
seismic,10,seismic=10,0,0,0,0,10,0,0,0
selection,10,selection=10,10,0,0,0,0,0,0,0
severe,10,severe=10,0,0,0,0,10,0,0,0
showcase,10,showcase=6; showcasing=4,1,1,8,0,0,0,0,0
shut,10,shut=7; shuts=2; shutting=1,0,0,10,0,0,0,0,0
silica,10,silica=10,7,3,0,0,0,0,0,0
similarity,10,similarities=5; similarity=5,10,0,0,0,0,0,0,0
simultaneously,10,simultaneously=10,0,0,0,0,0,10,0,0
sister,10,sister=10,10,0,0,0,0,0,0,0
slide,10,slides=8; slide=1; sliding=1,5,0,5,0,0,0,0,0
smith,10,smith=10,0,10,0,0,0,0,0,0
soap,10,soap=10,10,0,0,0,0,0,0,0
span,10,spanning=4; spans=3; span=2; spanned=1,2,0,8,0,0,0,0,0
specialized,10,specialized=10,0,0,0,0,10,0,0,0
spiral,10,spiral=10,5,4,0,0,1,0,0,0
straight,10,straight=10,0,0,0,0,5,5,0,0
strict,10,strict=9; stricter=1,0,0,0,0,10,0,0,0
stuff,10,stuff=10,10,0,0,0,0,0,0,0
successfully,10,successfully=10,0,0,0,0,0,10,0,0
sunday,10,sunday=9; sundays=1,1,9,0,0,0,0,0,0
swim,10,swim=7; swimming=3,2,1,7,0,0,0,0,0
switch,10,switching=6; switch=4,0,0,10,0,0,0,0,0
t,10,t=10,4,6,0,0,0,0,0,0
table,10,table=9; tables=1,10,0,0,0,0,0,0,0
teamwork,10,teamwork=10,10,0,0,0,0,0,0,0
theoretical,10,theoretical=10,0,0,0,0,10,0,0,0
therapist,10,therapists=6; therapist=4,10,0,0,0,0,0,0,0
title,10,title=4; titled=3; titles=3,7,0,3,0,0,0,0,0
transfer,10,transfer=6; transferred=2; transferring=2,2,1,7,0,0,0,0,0
trompe,10,trompe=10,1,9,0,0,0,0,0,0
trouble,10,trouble=10,10,0,0,0,0,0,0,0
tutor,10,tutor=6; tutors=4,10,0,0,0,0,0,0,0
twenty,10,twenty=9; twenties=1,1,1,0,0,0,0,0,8
um,10,um=10,0,0,0,0,0,0,0,10
uncertain,10,uncertain=10,0,0,0,0,10,0,0,0
undergo,10,undergo=3; undergoing=3; underwent=3; undergoes=1,0,0,10,0,0,0,0,0
underlie,10,underlying=10,0,0,10,0,0,0,0,0
unit,10,units=7; unit=3,10,0,0,0,0,0,0,0
venture,10,venture=6; ventures=2; venturing=2,5,2,3,0,0,0,0,0
winner,10,winner=5; winners=5,10,0,0,0,0,0,0,0
wireless,10,wireless=10,0,0,0,0,10,0,0,0
worried,10,worried=10,0,0,0,0,10,0,0,0
actor,9,actors=6; actor=3,9,0,0,0,0,0,0,0
adaptability,9,adaptability=9,9,0,0,0,0,0,0,0
aesthetic,9,aesthetics=7; aesthetic=2,7,0,0,0,2,0,0,0
algorithms,9,algorithms=9,4,4,0,0,1,0,0,0
alyssa,9,alyssa=9,0,9,0,0,0,0,0,0
analyst,9,analysts=8; analyst=1,9,0,0,0,0,0,0,0
anatomy,9,anatomy=9,8,1,0,0,0,0,0,0
ancestor,9,ancestor=7; ancestors=2,9,0,0,0,0,0,0,0
anderson,9,anderson=9,0,9,0,0,0,0,0,0
angle,9,angle=4; angles=4; angled=1,8,0,1,0,0,0,0,0
apologize,9,apologize=8; apologizes=1,0,1,8,0,0,0,0,0
appearance,9,appearance=9,9,0,0,0,0,0,0,0
appreciation,9,appreciation=9,9,0,0,0,0,0,0,0
approximately,9,approximately=9,0,0,0,0,0,9,0,0
assess,9,assess=8; assessing=1,0,0,9,0,0,0,0,0
athlete,9,athletes=7; athlete=2,9,0,0,0,0,0,0,0
automate,9,automated=5; automate=4,0,0,5,0,4,0,0,0
automation,9,automation=9,9,0,0,0,0,0,0,0
average,9,average=9,2,0,0,0,7,0,0,0
awesome,9,awesome=9,0,2,0,0,7,0,0,0
ball,9,ball=8; balls=1,9,0,0,0,0,0,0,0
bed,9,bed=5; beds=4,9,0,0,0,0,0,0,0
bottle,9,bottles=5; bottle=4,9,0,0,0,0,0,0,0
brass,9,brass=9,9,0,0,0,0,0,0,0
campaign,9,campaigns=6; campaign=3,9,0,0,0,0,0,0,0
carbonate,9,carbonate=9,9,0,0,0,0,0,0,0
championship,9,championship=6; championships=3,9,0,0,0,0,0,0,0
classic,9,classic=9,0,0,0,0,9,0,0,0
click,9,clicks=6; clicking=2; click=1,6,0,3,0,0,0,0,0
coast,9,coast=8; coasts=1,7,2,0,0,0,0,0,0
coastline,9,coastlines=5; coastline=4,9,0,0,0,0,0,0,0
competitive,9,competitive=9,0,0,0,0,9,0,0,0
concentrate,9,concentrate=5; concentrating=3; concentrated=1,0,0,9,0,0,0,0,0
contexts,9,contexts=9,3,4,0,0,2,0,0,0
conventional,9,conventional=9,0,0,0,0,9,0,0,0
coordinator,9,coordinator=8; coordinators=1,8,1,0,0,0,0,0,0
copper,9,copper=9,9,0,0,0,0,0,0,0
crisis,9,crises=6; crisis=3,9,0,0,0,0,0,0,0
cvd,9,cvd=9,0,9,0,0,0,0,0,0
death,9,death=6; deaths=3,9,0,0,0,0,0,0,0
demonstration,9,demonstration=8; demonstrations=1,9,0,0,0,0,0,0,0
dessert,9,dessert=5; desserts=4,9,0,0,0,0,0,0,0
diffusion,9,diffusion=9,9,0,0,0,0,0,0,0
disappear,9,disappear=5; disappears=2; disappeared=1; disappearing=1,0,0,9,0,0,0,0,0
disappoint,9,disappointed=9,0,0,9,0,0,0,0,0
disaster,9,disasters=6; disaster=3,9,0,0,0,0,0,0,0
disc,9,disc=9,1,8,0,0,0,0,0,0
distant,9,distant=9,0,0,0,0,9,0,0,0
distribute,9,distribute=3; distributed=3; distributing=3,0,1,8,0,0,0,0,0
dog,9,dogs=5; dog=4,9,0,0,0,0,0,0,0
dominant,9,dominant=9,0,0,0,0,9,0,0,0
donation,9,donations=6; donation=3,9,0,0,0,0,0,0,0
dramatic,9,dramatic=9,0,0,0,0,9,0,0,0
earn,9,earn=5; earning=4,0,0,9,0,0,0,0,0
earthquake,9,earthquakes=9,9,0,0,0,0,0,0,0
economics,9,economics=9,5,4,0,0,0,0,0,0
economist,9,economists=9,9,0,0,0,0,0,0,0
encounter,9,encounter=4; encountered=3; encounters=2,0,0,9,0,0,0,0,0
endure,9,enduring=5; endure=2; endures=2,2,0,7,0,0,0,0,0
enrich,9,enrich=6; enriched=2; enriching=1,0,0,9,0,0,0,0,0
entry,9,entry=8; entries=1,9,0,0,0,0,0,0,0
evaluation,9,evaluations=7; evaluation=2,9,0,0,0,0,0,0,0
evolutionary,9,evolutionary=9,0,2,0,0,7,0,0,0
experienced,9,experienced=9,0,1,0,0,8,0,0,0
expressionist,9,expressionist=9,8,1,0,0,0,0,0,0
fabric,9,fabrics=6; fabric=3,9,0,0,0,0,0,0,0
facial,9,facial=9,0,0,0,0,9,0,0,0
fat,9,fat=9,9,0,0,0,0,0,0,0
firm,9,firm=8; firmer=1,8,0,0,0,1,0,0,0
foot,9,feet=8; foot=1,9,0,0,0,0,0,0,0
forage,9,foraging=8; forage=1,0,0,9,0,0,0,0,0
foreign,9,foreign=9,0,0,0,0,9,0,0,0
fountain,9,fountains=5; fountain=4,9,0,0,0,0,0,0,0
fourier,9,fourier=9,0,9,0,0,0,0,0,0
furniture,9,furniture=9,8,1,0,0,0,0,0,0
gate,9,gate=5; gates=4,7,1,1,0,0,0,0,0
geoengineere,9,geoengineering=9,0,0,9,0,0,0,0,0
gold,9,gold=9,7,0,0,0,2,0,0,0
gps,9,gps=9,4,5,0,0,0,0,0,0
graph,9,graphs=9,9,0,0,0,0,0,0,0
heritage,9,heritage=9,8,1,0,0,0,0,0,0
hinder,9,hinder=6; hindered=2; hinders=1,2,0,7,0,0,0,0,0
hinge,9,hinges=9,5,0,4,0,0,0,0,0
hmm,9,hmm=9,0,7,0,0,0,0,0,2
hopeful,9,hopeful=9,0,6,0,0,3,0,0,0
hpht,9,hpht=9,0,9,0,0,0,0,0,0
hub,9,hubs=5; hub=4,9,0,0,0,0,0,0,0
hydrogen,9,hydrogen=9,9,0,0,0,0,0,0,0
hypothesis,9,hypothesis=8; hypotheses=1,9,0,0,0,0,0,0,0
improved,9,improved=9,0,2,0,0,7,0,0,0
incredibly,9,incredibly=9,0,0,0,0,0,9,0,0
independently,9,independently=9,0,0,0,0,0,9,0,0
infection,9,infection=5; infections=4,9,0,0,0,0,0,0,0
informatic,9,informatics=9,9,0,0,0,0,0,0,0
insightful,9,insightful=9,0,0,0,0,9,0,0,0
invaluable,9,invaluable=9,0,0,0,0,9,0,0,0
invisible,9,invisible=9,0,0,0,0,9,0,0,0
irrigation,9,irrigation=9,9,0,0,0,0,0,0,0
isolate,9,isolated=4; isolate=3; isolates=2,0,0,9,0,0,0,0,0
iter,9,iter=9,4,5,0,0,0,0,0,0
japanese,9,japanese=9,0,3,0,0,6,0,0,0
judge,9,judge=3; judging=3; judges=2; judged=1,3,0,6,0,0,0,0,0
justice,9,justice=9,9,0,0,0,0,0,0,0
kandinsky,9,kandinsky=9,0,9,0,0,0,0,0,0
keynote,9,keynote=9,2,3,0,0,4,0,0,0
lapse,9,lapse=9,9,0,0,0,0,0,0,0
legacy,9,legacy=9,7,2,0,0,0,0,0,0
lend,9,lend=4; lent=4; lends=1,0,0,9,0,0,0,0,0
length,9,length=7; lengths=2,9,0,0,0,0,0,0,0
lifestyle,9,lifestyle=7; lifestyles=2,9,0,0,0,0,0,0,0
mathematic,9,mathematics=9,9,0,0,0,0,0,0,0
methodology,9,methodology=8; methodologies=1,9,0,0,0,0,0,0,0
microsystem,9,microsystems=6; microsystem=3,9,0,0,0,0,0,0,0
millennial,9,millennials=7; millennial=2,7,0,0,0,2,0,0,0
mistake,9,mistakes=7; mistake=1; mistaken=1,8,0,1,0,0,0,0,0
modify,9,modified=3; modifies=2; modify=2; modifying=2,0,0,9,0,0,0,0,0
mound,9,mounds=8; mound=1,8,0,1,0,0,0,0,0
mycin,9,mycin=9,0,9,0,0,0,0,0,0
nineteenth,9,nineteenth=9,1,0,0,0,8,0,0,0
notable,9,notable=9,0,0,0,0,9,0,0,0
nuanced,9,nuanced=9,0,0,0,0,9,0,0,0
obtain,9,obtain=8; obtained=1,0,0,9,0,0,0,0,0
optimize,9,optimize=3; optimizing=3; optimizes=2; optimized=1,1,0,8,0,0,0,0,0
output,9,output=9,9,0,0,0,0,0,0,0
oven,9,oven=7; ovens=2,4,2,3,0,0,0,0,0
pastry,9,pastries=9,9,0,0,0,0,0,0,0
payment,9,payment=9,8,1,0,0,0,0,0,0
permanent,9,permanent=9,0,0,0,0,9,0,0,0
permission,9,permission=9,9,0,0,0,0,0,0,0
phaistos,9,phaistos=9,0,9,0,0,0,0,0,0
pivotal,9,pivotal=9,0,0,0,0,9,0,0,0
pluralistic,9,pluralistic=9,0,0,0,0,9,0,0,0
postpone,9,postponed=8; postponing=1,0,0,9,0,0,0,0,0
potter,9,potters=5; potter=4,9,0,0,0,0,0,0,0
presenter,9,presenters=5; presenter=4,9,0,0,0,0,0,0,0
prior,9,prior=9,0,0,0,0,7,2,0,0
projector,9,projector=9,9,0,0,0,0,0,0,0
realm,9,realm=7; realms=2,9,0,0,0,0,0,0,0
removal,9,removal=9,9,0,0,0,0,0,0,0
resume,9,resume=8; resumes=1,8,0,1,0,0,0,0,0
retain,9,retain=6; retained=2; retains=1,0,0,9,0,0,0,0,0
risky,9,risky=6; riskier=3,0,0,0,0,9,0,0,0
round,9,round=9,3,1,0,0,4,1,0,0
scheduling,9,scheduling=9,8,1,0,0,0,0,0,0
seal,9,seals=5; seal=3; sealing=1,6,0,3,0,0,0,0,0
seawall,9,seawalls=9,9,0,0,0,0,0,0,0
sediment,9,sediments=7; sediment=2,9,0,0,0,0,0,0,0
sharp,9,sharp=8; sharper=1,0,0,0,0,9,0,0,0
shell,9,shells=6; shell=3,9,0,0,0,0,0,0,0
sink,9,sink=4; sank=2; sinks=2; sinking=1,6,0,3,0,0,0,0,0
six,9,six=9,0,0,0,0,0,0,0,9
somewhat,9,somewhat=9,0,1,0,0,0,8,0,0
spin,9,spin=3; spinning=3; spins=3,1,0,8,0,0,0,0,0
stained,9,stained=9,0,0,0,0,9,0,0,0
stoicism,9,stoicism=9,0,9,0,0,0,0,0,0
stressful,9,stressful=9,0,0,0,0,9,0,0,0
sum,9,sum=7; sums=2,9,0,0,0,0,0,0,0
sushi,9,sushi=9,5,4,0,0,0,0,0,0
symposium,9,symposium=9,9,0,0,0,0,0,0,0
termite,9,termites=7; termite=2,7,2,0,0,0,0,0,0
thick,9,thick=9,0,0,0,0,9,0,0,0
threaten,9,threatened=6; threatening=3,0,0,9,0,0,0,0,0
towards,9,towards=9,0,0,0,0,0,0,0,9
transparency,9,transparency=9,9,0,0,0,0,0,0,0
trash,9,trash=9,8,1,0,0,0,0,0,0
traveler,9,travelers=7; traveler=2,7,2,0,0,0,0,0,0
trigger,9,trigger=8; triggers=1,1,0,8,0,0,0,0,0
tutorial,9,tutorial=6; tutorials=3,8,0,0,0,1,0,0,0
underscore,9,underscoring=5; underscore=2; underscores=2,0,0,9,0,0,0,0,0
unsure,9,unsure=9,0,2,0,0,7,0,0,0
urchin,9,urchins=7; urchin=2,7,0,0,0,2,0,0,0
variation,9,variations=5; variation=4,9,0,0,0,0,0,0,0
venom,9,venom=6; venoms=3,9,0,0,0,0,0,0,0
vent,9,vents=9,9,0,0,0,0,0,0,0
vertical,9,vertical=9,0,1,0,0,8,0,0,0
viable,9,viable=9,0,1,0,0,8,0,0,0
web,9,web=9,9,0,0,0,0,0,0,0
yield,9,yield=5; yields=4,5,0,4,0,0,0,0,0
acceptance,8,acceptance=8,8,0,0,0,0,0,0,0
airplane,8,airplane=6; airplanes=2,8,0,0,0,0,0,0,0
alex,8,alex=8,0,8,0,0,0,0,0,0
allocate,8,allocating=6; allocate=2,0,0,8,0,0,0,0,0
amy,8,amy=8,0,8,0,0,0,0,0,0
anomaly,8,anomalies=8,8,0,0,0,0,0,0,0
apparently,8,apparently=8,0,0,0,0,0,8,0,0
approximation,8,approximation=8,8,0,0,0,0,0,0,0
arm,8,arms=7; arm=1,8,0,0,0,0,0,0,0
attempt,8,attempt=3; attempted=2; attempting=2; attempts=1,3,0,5,0,0,0,0,0
attractive,8,attractive=8,0,0,0,0,8,0,0,0
bacterial,8,bacterial=8,0,0,0,0,8,0,0,0
badis,8,badis=8,8,0,0,0,0,0,0,0
bake,8,baking=4; bake=3; baked=1,0,0,8,0,0,0,0,0
bike,8,bike=5; bikes=3,8,0,0,0,0,0,0,0
blanket,8,blankets=4; blanket=2; blanketed=2,6,0,2,0,0,0,0,0
bleaching,8,bleaching=8,8,0,0,0,0,0,0,0
branch,8,branch=6; branches=2,8,0,0,0,0,0,0,0
brown,8,brown=7; browns=1,1,7,0,0,0,0,0,0
cable,8,cables=6; cable=2,8,0,0,0,0,0,0,0
capacity,8,capacity=8,8,0,0,0,0,0,0,0
cash,8,cash=8,8,0,0,0,0,0,0,0
cast,8,cast=4; casts=4,5,0,2,0,1,0,0,0
castle,8,castle=7; castles=1,5,3,0,0,0,0,0,0
cat,8,cats=7; cat=1,8,0,0,0,0,0,0,0
cave,8,cave=6; caves=2,7,0,1,0,0,0,0,0
cdr,8,cdr=8,0,8,0,0,0,0,0,0
celebration,8,celebrations=5; celebration=3,8,0,0,0,0,0,0,0
cellular,8,cellular=8,0,0,0,0,8,0,0,0
celsius,8,celsius=8,0,8,0,0,0,0,0,0
centralized,8,centralized=8,0,0,0,0,8,0,0,0
chinese,8,chinese=8,0,3,0,0,5,0,0,0
chocolate,8,chocolate=8,7,1,0,0,0,0,0,0
clock,8,clocks=5; clock=3,8,0,0,0,0,0,0,0
closely,8,closely=8,0,0,0,0,0,8,0,0
collective,8,collective=8,0,1,0,0,7,0,0,0
commuting,8,commuting=8,8,0,0,0,0,0,0,0
complicated,8,complicated=8,0,0,0,0,8,0,0,0
compose,8,composed=5; compose=2; composing=1,0,0,8,0,0,0,0,0
concentration,8,concentration=5; concentrations=3,8,0,0,0,0,0,0,0
conducting,8,conducting=8,8,0,0,0,0,0,0,0
congestion,8,congestion=8,8,0,0,0,0,0,0,0
connected,8,connected=8,0,0,0,0,8,0,0,0
connelly,8,connelly=8,0,7,0,0,0,1,0,0
consensus,8,consensus=8,8,0,0,0,0,0,0,0
constructive,8,constructive=8,0,0,0,0,8,0,0,0
continuous,8,continuous=8,0,0,0,0,8,0,0,0
continuously,8,continuously=8,0,0,0,0,0,8,0,0
courage,8,courage=8,2,6,0,0,0,0,0,0
crater,8,crater=5; craters=3,8,0,0,0,0,0,0,0
cubism,8,cubism=8,0,8,0,0,0,0,0,0
da,8,da=8,0,8,0,0,0,0,0,0
danger,8,danger=4; dangers=4,8,0,0,0,0,0,0,0
database,8,database=5; databases=3,8,0,0,0,0,0,0,0
decoration,8,decoration=6; decorations=2,8,0,0,0,0,0,0,0
delicious,8,delicious=8,0,1,0,0,7,0,0,0
description,8,description=8,8,0,0,0,0,0,0,0
desertification,8,desertification=8,8,0,0,0,0,0,0,0
destroy,8,destroyed=5; destroying=2; destroys=1,0,0,8,0,0,0,0,0
detailed,8,detailed=8,0,0,0,0,8,0,0,0
diagnosis,8,diagnosis=5; diagnoses=3,8,0,0,0,0,0,0,0
dice,8,dice=8,8,0,0,0,0,0,0,0
dietary,8,dietary=8,0,0,0,0,8,0,0,0
discipline,8,discipline=4; disciplines=4,8,0,0,0,0,0,0,0
distinct,8,distinct=8,0,0,0,0,8,0,0,0
distinction,8,distinction=6; distinctions=2,8,0,0,0,0,0,0,0
divide,8,dividing=5; divide=3,2,0,6,0,0,0,0,0
dress,8,dress=4; dressing=2; dressed=1; dresses=1,4,0,4,0,0,0,0,0
dye,8,dye=6; dyes=2,8,0,0,0,0,0,0,0
east,8,east=8,0,6,0,0,2,0,0,0
egypt,8,egypt=8,0,8,0,0,0,0,0,0
eliot,8,eliot=8,0,8,0,0,0,0,0,0
engaging,8,engaging=8,0,0,0,0,8,0,0,0
engine,8,engines=8,8,0,0,0,0,0,0,0
excessive,8,excessive=8,0,0,0,0,8,0,0,0
expansion,8,expansion=8,8,0,0,0,0,0,0,0
explorer,8,explorers=6; explorer=2,8,0,0,0,0,0,0,0
extraterrestrial,8,extraterrestrial=8,0,0,0,0,8,0,0,0
flat,8,flat=8,0,0,0,0,8,0,0,0
fourth,8,fourth=8,0,0,0,0,8,0,0,0
fragile,8,fragile=8,0,0,0,0,8,0,0,0
fundraising,8,fundraising=8,8,0,0,0,0,0,0,0
genuine,8,genuine=8,0,0,0,0,8,0,0,0
giving,8,giving=8,8,0,0,0,0,0,0,0
governance,8,governance=8,8,0,0,0,0,0,0,0
grammatical,8,grammatical=8,0,0,0,0,8,0,0,0
grant,8,grant=5; grants=2; granted=1,5,0,3,0,0,0,0,0
grasp,8,grasp=8,5,0,3,0,0,0,0,0
grid,8,grid=7; grids=1,8,0,0,0,0,0,0,0
hair,8,hair=5; hairs=3,8,0,0,0,0,0,0,0
harmonic,8,harmonic=8,0,2,0,0,6,0,0,0
harness,8,harness=6; harnesses=1; harnessing=1,3,0,4,0,1,0,0,0
harvest,8,harvest=5; harvested=2; harvests=1,4,1,3,0,0,0,0,0
himid,8,himid=8,0,8,0,0,0,0,0,0
himself,8,himself=8,0,0,0,0,0,0,8,0
honestly,8,honestly=8,0,0,0,0,0,8,0,0
hurry,8,hurry=8,3,1,4,0,0,0,0,0
identification,8,identification=8,7,1,0,0,0,0,0,0
illness,8,illness=5; illnesses=3,8,0,0,0,0,0,0,0
informed,8,informed=8,0,0,0,0,8,0,0,0
inject,8,injecting=3; injects=3; inject=1; injected=1,0,0,8,0,0,0,0,0
insert,8,insert=6; inserting=2,0,1,7,0,0,0,0,0
intensive,8,intensive=8,0,0,0,0,8,0,0,0
intrigue,8,intrigued=6; intrigue=2,1,0,7,0,0,0,0,0
irrational,8,irrational=8,0,0,0,0,8,0,0,0
is,8,is=8,0,0,0,0,0,8,0,0
jane,8,jane=8,0,8,0,0,0,0,0,0
kim,8,kim=8,0,8,0,0,0,0,0,0
kingdom,8,kingdoms=5; kingdom=3,6,2,0,0,0,0,0,0
label,8,labels=3; label=2; labeled=2; labeling=1,3,0,5,0,0,0,0,0
laboratory,8,laboratory=5; laboratories=3,8,0,0,0,0,0,0,0
lately,8,lately=8,0,0,0,0,0,8,0,0
lens,8,lenses=6; lens=2,8,0,0,0,0,0,0,0
linda,8,linda=8,0,8,0,0,0,0,0,0
logical,8,logical=8,0,0,0,0,8,0,0,0
majority,8,majority=8,8,0,0,0,0,0,0,0
manuscript,8,manuscripts=8,8,0,0,0,0,0,0,0
march,8,march=5; marching=3,0,5,3,0,0,0,0,0
martin,8,martin=8,0,8,0,0,0,0,0,0
mechanical,8,mechanical=8,0,1,0,0,7,0,0,0
mentor,8,mentor=7; mentors=1,8,0,0,0,0,0,0,0
merge,8,merges=4; merging=4,2,0,6,0,0,0,0,0
mile,8,miles=8,8,0,0,0,0,0,0,0
milestone,8,milestone=4; milestones=4,8,0,0,0,0,0,0,0
minor,8,minor=8,1,0,0,0,7,0,0,0
miro,8,miro=8,0,8,0,0,0,0,0,0
moisture,8,moisture=8,6,0,1,0,1,0,0,0
monthly,8,monthly=8,0,1,0,0,5,2,0,0
mushroom,8,mushrooms=5; mushroom=3,8,0,0,0,0,0,0,0
narrow,8,narrow=4; narrowing=3; narrower=1,0,0,3,0,5,0,0,0
negatively,8,negatively=8,0,0,0,0,0,8,0,0
neighbor,8,neighbors=6; neighbor=1; neighboring=1,7,0,1,0,0,0,0,0
nine,8,nine=8,0,0,0,0,0,0,0,8
notion,8,notion=6; notions=2,8,0,0,0,0,0,0,0
objective,8,objective=8,1,0,0,0,7,0,0,0
october,8,october=8,0,8,0,0,0,0,0,0
orientation,8,orientation=8,7,1,0,0,0,0,0,0
outdoors,8,outdoors=8,0,1,0,0,0,7,0,0
patron,8,patrons=8,8,0,0,0,0,0,0,0
pause,8,pause=6; pauses=2,7,0,1,0,0,0,0,0
perfectly,8,perfectly=8,0,0,0,0,0,8,0,0
performer,8,performers=8,8,0,0,0,0,0,0,0
permit,8,permitted=4; permit=3; permits=1,4,0,4,0,0,0,0,0
physically,8,physically=8,0,0,0,0,0,8,0,0
pollinator,8,pollinator=4; pollinators=4,8,0,0,0,0,0,0,0
populate,8,populated=8,0,0,8,0,0,0,0,0
prehistoric,8,prehistoric=8,0,0,0,0,8,0,0,0
president,8,president=8,7,1,0,0,0,0,0,0
prize,8,prize=4; prizes=4,8,0,0,0,0,0,0,0
proposal,8,proposal=7; proposals=1,8,0,0,0,0,0,0,0
puya,8,puya=8,0,8,0,0,0,0,0,0
raimondii,8,raimondii=8,8,0,0,0,0,0,0,0
random,8,random=8,0,0,0,0,8,0,0,0
rarely,8,rarely=8,0,0,0,0,0,8,0,0
rational,8,rational=8,0,1,0,0,7,0,0,0
raw,8,raw=8,0,0,0,0,8,0,0,0
realize,8,realize=3; realized=3; realizing=2,0,0,8,0,0,0,0,0
receptionist,8,receptionist=8,8,0,0,0,0,0,0,0
redefine,8,redefining=4; redefine=2; redefined=2,0,0,8,0,0,0,0,0
refine,8,refine=4; refining=4,0,0,8,0,0,0,0,0
registrar,8,registrar=8,5,3,0,0,0,0,0,0
relation,8,relation=5; relations=3,8,0,0,0,0,0,0,0
representation,8,representation=4; representations=4,8,0,0,0,0,0,0,0
residential,8,residential=8,0,0,0,0,8,0,0,0
resist,8,resist=5; resists=3,1,0,7,0,0,0,0,0
respect,8,respect=5; respected=3,3,0,5,0,0,0,0,0
rigid,8,rigid=8,0,0,0,0,8,0,0,0
roughly,8,roughly=8,0,0,0,0,0,8,0,0
sample,8,sample=3; samples=3; sampling=2,6,0,2,0,0,0,0,0
sampling,8,sampling=8,8,0,0,0,0,0,0,0
screening,8,screening=6; screenings=2,8,0,0,0,0,0,0,0
seawater,8,seawater=8,8,0,0,0,0,0,0,0
shore,8,shore=8,8,0,0,0,0,0,0,0
similarly,8,similarly=8,0,0,0,0,0,8,0,0
sixteenth,8,sixteenth=8,0,0,0,0,8,0,0,0
smithson,8,smithson=8,0,8,0,0,0,0,0,0
spectrum,8,spectrum=8,8,0,0,0,0,0,0,0
spreadsheet,8,spreadsheets=6; spreadsheet=2,8,0,0,0,0,0,0,0
srm,8,srm=8,0,8,0,0,0,0,0,0
stake,8,stake=5; stakes=3,8,0,0,0,0,0,0,0
stem,8,stem=5; stems=3,5,0,3,0,0,0,0,0
streamline,8,streamline=7; streamlining=1,0,0,8,0,0,0,0,0
submission,8,submission=4; submissions=4,7,1,0,0,0,0,0,0
subtle,8,subtle=8,0,1,0,0,7,0,0,0
summarize,8,summarize=4; summarizes=4,0,0,8,0,0,0,0,0
surge,8,surge=3; surged=3; surges=1; surging=1,3,0,5,0,0,0,0,0
swimming,8,swimming=8,8,0,0,0,0,0,0,0
tea,8,tea=8,8,0,0,0,0,0,0,0
tern,8,terns=7; tern=1,6,1,1,0,0,0,0,0
territory,8,territories=4; territory=4,8,0,0,0,0,0,0,0
tiger,8,tigers=5; tiger=3,7,1,0,0,0,0,0,0
tone,8,tones=6; tone=2,8,0,0,0,0,0,0,0
tranquility,8,tranquility=8,8,0,0,0,0,0,0,0
transition,8,transition=5; transitioning=2; transitions=1,6,0,2,0,0,0,0,0
twin,8,twin=7; twins=1,7,1,0,0,0,0,0,0
unnecessary,8,unnecessary=8,0,0,0,0,8,0,0,0
upsweep,8,upsweep=8,8,0,0,0,0,0,0,0
us,8,uses=7; us=1,7,1,0,0,0,0,0,0
usage,8,usage=8,7,1,0,0,0,0,0,0
usual,8,usual=8,0,0,0,0,8,0,0,0
valley,8,valley=6; valleys=2,2,6,0,0,0,0,0,0
verb,8,verb=6; verbs=2,8,0,0,0,0,0,0,0
volume,8,volume=7; volumes=1,8,0,0,0,0,0,0,0
warmth,8,warmth=8,8,0,0,0,0,0,0,0
wealth,8,wealth=8,7,1,0,0,0,0,0,0
weekday,8,weekdays=5; weekday=3,6,2,0,0,0,0,0,0
williams,8,williams=8,0,8,0,0,0,0,0,0
yellowstone,8,yellowstone=8,0,8,0,0,0,0,0,0
abelard,7,abelard=7,0,7,0,0,0,0,0,0
absence,7,absence=6; absences=1,7,0,0,0,0,0,0,0
accommodation,7,accommodations=6; accommodation=1,6,1,0,0,0,0,0,0
achebe,7,achebe=7,0,7,0,0,0,0,0,0
ad,7,ads=5; ad=2,7,0,0,0,0,0,0,0
adventure,7,adventure=6; adventures=1,7,0,0,0,0,0,0,0
ages,7,ages=7,0,7,0,0,0,0,0,0
algal,7,algal=7,0,0,0,0,7,0,0,0
altitude,7,altitudes=4; altitude=3,7,0,0,0,0,0,0,0
approve,7,approved=5; approve=1; approves=1,1,0,6,0,0,0,0,0
aquinas,7,aquinas=7,0,7,0,0,0,0,0,0
archaeological,7,archaeological=7,0,0,0,0,7,0,0,0
asia,7,asia=7,0,7,0,0,0,0,0,0
backpack,7,backpack=7,7,0,0,0,0,0,0,0
badge,7,badge=6; badges=1,7,0,0,0,0,0,0,0
balanced,7,balanced=7,0,0,0,0,7,0,0,0
basket,7,basket=4; baskets=3,7,0,0,0,0,0,0,0
bce,7,bce=7,0,7,0,0,0,0,0,0
belt,7,belt=6; belts=1,2,5,0,0,0,0,0,0
biotechnology,7,biotechnology=7,7,0,0,0,0,0,0,0
blindness,7,blindness=7,7,0,0,0,0,0,0,0
bold,7,bold=7,0,0,0,0,7,0,0,0
boring,7,boring=7,1,0,0,0,6,0,0,0
bottom,7,bottom=7,6,0,0,0,1,0,0,0
brief,7,brief=7,0,0,0,0,7,0,0,0
buffer,7,buffers=4; buffer=3,6,0,1,0,0,0,0,0
byzantine,7,byzantine=7,0,6,0,0,1,0,0,0
calendar,7,calendar=6; calendars=1,7,0,0,0,0,0,0,0
calm,7,calm=4; calming=2; calmed=1,0,0,3,0,4,0,0,0
capable,7,capable=7,0,0,0,0,7,0,0,0
cartridge,7,cartridges=4; cartridge=3,7,0,0,0,0,0,0,0
cetacean,7,cetaceans=7,7,0,0,0,0,0,0,0
chen,7,chen=7,0,7,0,0,0,0,0,0
china,7,china=7,0,7,0,0,0,0,0,0
chip,7,chips=6; chip=1,7,0,0,0,0,0,0,0
cite,7,cite=5; cited=2,0,0,7,0,0,0,0,0
citizen,7,citizens=7,7,0,0,0,0,0,0,0
cleanup,7,cleanup=7,7,0,0,0,0,0,0,0
clothe,7,clothes=7,7,0,0,0,0,0,0,0
cohesion,7,cohesion=7,7,0,0,0,0,0,0,0
colorful,7,colorful=7,0,0,0,0,7,0,0,0
comedy,7,comedy=4; comedies=3,7,0,0,0,0,0,0,0
comfort,7,comfort=7,3,4,0,0,0,0,0,0
communal,7,communal=7,0,0,0,0,7,0,0,0
commute,7,commuting=4; commute=3,2,0,5,0,0,0,0,0
conclusion,7,conclusions=7,7,0,0,0,0,0,0,0
consist,7,consists=7,0,0,7,0,0,0,0,0
constraint,7,constraints=6; constraint=1,7,0,0,0,0,0,0,0
continent,7,continents=7,7,0,0,0,0,0,0,0
cooky,7,cookies=7,7,0,0,0,0,0,0,0
coordination,7,coordination=7,7,0,0,0,0,0,0,0
corn,7,corn=7,7,0,0,0,0,0,0,0
counseling,7,counseling=7,7,0,0,0,0,0,0,0
countless,7,countless=7,0,0,0,0,7,0,0,0
craftsmanship,7,craftsmanship=7,7,0,0,0,0,0,0,0
crispr,7,crispr=7,0,7,0,0,0,0,0,0
critique,7,critique=4; critiques=3,6,0,1,0,0,0,0,0
decay,7,decay=3; decayed=2; decaying=1; decays=1,3,0,4,0,0,0,0,0
decompose,7,decompose=4; decomposes=3,1,0,5,0,1,0,0,0
decorate,7,decorate=5; decorated=1; decorating=1,0,1,6,0,0,0,0,0
deforestation,7,deforestation=7,6,1,0,0,0,0,0,0
density,7,densities=4; density=3,7,0,0,0,0,0,0,0
derive,7,derived=5; derive=1; derives=1,0,0,6,0,1,0,0,0
destruction,7,destruction=7,7,0,0,0,0,0,0,0
distinguish,7,distinguish=4; distinguishing=2; distinguishes=1,0,0,7,0,0,0,0,0
draft,7,draft=5; drafted=2,5,0,2,0,0,0,0,0
drama,7,drama=6; dramas=1,7,0,0,0,0,0,0,0
drawer,7,drawer=7,7,0,0,0,0,0,0,0
drone,7,drones=4; drone=3,7,0,0,0,0,0,0,0
drought,7,drought=4; droughts=3,7,0,0,0,0,0,0,0
echolocation,7,echolocation=7,7,0,0,0,0,0,0,0
elite,7,elite=7,0,0,0,0,7,0,0,0
embrace,7,embrace=3; embraced=2; embraces=1; embracing=1,0,0,7,0,0,0,0,0
encryption,7,encryption=7,7,0,0,0,0,0,0,0
enormous,7,enormous=7,0,0,0,0,7,0,0,0
entrepreneurship,7,entrepreneurship=7,7,0,0,0,0,0,0,0
equip,7,equip=4; equipped=3,0,0,7,0,0,0,0,0
esem,7,esem=7,0,7,0,0,0,0,0,0
exactly,7,exactly=7,0,0,0,0,0,7,0,0
faint,7,faint=7,1,0,0,0,6,0,0,0
feasible,7,feasible=7,0,0,0,0,7,0,0,0
fifteenth,7,fifteenth=7,0,0,0,0,7,0,0,0
flooding,7,flooding=7,7,0,0,0,0,0,0,0
foil,7,foil=7,7,0,0,0,0,0,0,0
football,7,football=7,7,0,0,0,0,0,0,0
footprint,7,footprint=6; footprints=1,7,0,0,0,0,0,0,0
foundational,7,foundational=7,0,0,0,0,7,0,0,0
fraught,7,fraught=7,0,0,0,0,7,0,0,0
friction,7,friction=6; frictions=1,7,0,0,0,0,0,0,0
frida,7,frida=7,0,7,0,0,0,0,0,0
frozen,7,frozen=7,0,0,0,0,7,0,0,0
fuse,7,fuses=4; fused=3,0,0,7,0,0,0,0,0
galapagos,7,galapagos=7,0,7,0,0,0,0,0,0
geographical,7,geographical=7,0,0,0,0,7,0,0,0
george,7,george=7,0,7,0,0,0,0,0,0
golden,7,golden=7,0,3,0,0,4,0,0,0
got,7,got=7,0,0,7,0,0,0,0,0
grapple,7,grappling=4; grapple=2; grappled=1,0,0,5,0,2,0,0,0
groupthink,7,groupthink=7,5,1,1,0,0,0,0,0
hamid,7,hamid=7,0,7,0,0,0,0,0,0
hidden,7,hidden=7,0,4,0,0,3,0,0,0
hierarchy,7,hierarchy=4; hierarchies=3,7,0,0,0,0,0,0,0
hollywood,7,hollywood=7,0,7,0,0,0,0,0,0
household,7,households=5; household=2,7,0,0,0,0,0,0,0
humidity,7,humidity=7,7,0,0,0,0,0,0,0
immersion,7,immersion=7,7,0,0,0,0,0,0,0
import,7,imported=2; importing=2; imports=2; import=1,3,0,4,0,0,0,0,0
impressed,7,impressed=7,0,1,0,0,6,0,0,0
inattentional,7,inattentional=7,0,0,0,0,7,0,0,0
inconvenience,7,inconvenience=7,7,0,0,0,0,0,0,0
indoor,7,indoor=6; indoors=1,1,0,0,0,6,0,0,0
inflation,7,inflation=7,7,0,0,0,0,0,0,0
inflection,7,inflection=7,7,0,0,0,0,0,0,0
influencer,7,influencers=6; influencer=1,7,0,0,0,0,0,0,0
injury,7,injury=4; injuries=3,7,0,0,0,0,0,0,0
inquire,7,inquire=7,2,0,5,0,0,0,0,0
integral,7,integral=7,0,0,0,0,7,0,0,0
interpretation,7,interpretation=5; interpretations=2,7,0,0,0,0,0,0,0
intersection,7,intersection=6; intersections=1,7,0,0,0,0,0,0,0
iron,7,iron=7,7,0,0,0,0,0,0,0
islands,7,islands=7,0,7,0,0,0,0,0,0
kiln,7,kilns=4; kiln=3,7,0,0,0,0,0,0,0
knife,7,knives=4; knife=3,7,0,0,0,0,0,0,0
landfill,7,landfills=6; landfill=1,7,0,0,0,0,0,0,0
landlord,7,landlord=7,7,0,0,0,0,0,0,0
largely,7,largely=7,0,0,0,0,0,7,0,0
lease,7,lease=5; leases=2,7,0,0,0,0,0,0,0
lecturer,7,lecturer=7,6,1,0,0,0,0,0,0
letter,7,letter=7,7,0,0,0,0,0,0,0
lifespan,7,lifespan=6; lifespans=1,7,0,0,0,0,0,0,0
likelihood,7,likelihood=7,7,0,0,0,0,0,0,0
limb,7,limbs=7,7,0,0,0,0,0,0,0
locker,7,locker=4; lockers=3,5,2,0,0,0,0,0,0
mandible,7,mandibles=7,6,0,1,0,0,0,0,0
manipulation,7,manipulation=7,7,0,0,0,0,0,0,0
manufacturer,7,manufacturers=7,7,0,0,0,0,0,0,0
mask,7,mask=3; masks=3; masked=1,4,2,1,0,0,0,0,0
mat,7,mating=4; mat=2; mats=1,3,0,4,0,0,0,0,0
media,7,media=7,6,1,0,0,0,0,0,0
mediterranean,7,mediterranean=7,0,7,0,0,0,0,0,0
memorable,7,memorable=7,0,0,0,0,7,0,0,0
microwave,7,microwave=7,7,0,0,0,0,0,0,0
military,7,military=7,1,0,0,0,6,0,0,0
mimicry,7,mimicry=7,5,1,0,0,1,0,0,0
misalignment,7,misalignment=7,7,0,0,0,0,0,0,0
misinformation,7,misinformation=7,7,0,0,0,0,0,0,0
misunderstanding,7,misunderstanding=5; misunderstandings=2,7,0,0,0,0,0,0,0
mom,7,mom=7,7,0,0,0,0,0,0,0
moral,7,moral=7,0,0,0,0,7,0,0,0
mummy,7,mummies=7,7,0,0,0,0,0,0,0
necessity,7,necessity=5; necessities=2,7,0,0,0,0,0,0,0
neglect,7,neglected=3; neglect=2; neglecting=1; neglects=1,1,0,6,0,0,0,0,0
neutron,7,neutron=7,7,0,0,0,0,0,0,0
newton,7,newton=7,0,7,0,0,0,0,0,0
noisy,7,noisy=7,0,0,0,0,7,0,0,0
none,7,none=7,7,0,0,0,0,0,0,0
notify,7,notify=4; notified=2; notifying=1,0,0,7,0,0,0,0,0
nut,7,nuts=7,7,0,0,0,0,0,0,0
offering,7,offerings=4; offering=3,6,1,0,0,0,0,0,0
orange,7,orange=5; oranges=2,3,0,0,0,4,0,0,0
organizer,7,organizer=5; organizers=2,7,0,0,0,0,0,0,0
otherwise,7,otherwise=7,0,0,0,0,0,7,0,0
pace,7,pace=7,7,0,0,0,0,0,0,0
patel,7,patel=7,0,7,0,0,0,0,0,0
pigment,7,pigments=5; pigment=2,7,0,0,0,0,0,0,0
pleased,7,pleased=7,0,0,0,0,7,0,0,0
pocket,7,pockets=6; pocket=1,7,0,0,0,0,0,0,0
portion,7,portion=6; portions=1,7,0,0,0,0,0,0,0
portrait,7,portraits=4; portrait=3,6,0,0,0,1,0,0,0
pot,7,pots=7,7,0,0,0,0,0,0,0
precipitation,7,precipitation=7,7,0,0,0,0,0,0,0
productive,7,productive=7,0,0,0,0,7,0,0,0
profit,7,profits=4; profit=3,7,0,0,0,0,0,0,0
programming,7,programming=7,7,0,0,0,0,0,0,0
propel,7,propel=3; propels=2; propelled=1; propelling=1,0,0,7,0,0,0,0,0
provoke,7,provokes=5; provoke=1; provoking=1,1,0,6,0,0,0,0,0
purchasing,7,purchasing=7,6,1,0,0,0,0,0,0
radiologist,7,radiologists=7,7,0,0,0,0,0,0,0
reader,7,readers=5; reader=2,6,1,0,0,0,0,0,0
reconstruct,7,reconstruct=7,0,1,6,0,0,0,0,0
recovery,7,recovery=7,7,0,0,0,0,0,0,0
rental,7,rental=7,2,0,0,0,5,0,0,0
reputation,7,reputation=7,7,0,0,0,0,0,0,0
resemble,7,resemble=5; resembles=1; resembling=1,0,0,7,0,0,0,0,0
resonate,7,resonates=6; resonating=1,0,0,7,0,0,0,0,0
restroom,7,restrooms=5; restroom=2,7,0,0,0,0,0,0,0
reverse,7,reverse=4; reversing=3,0,0,7,0,0,0,0,0
revolution,7,revolution=7,2,5,0,0,0,0,0,0
rocket,7,rocket=4; rockets=3,7,0,0,0,0,0,0,0
résumé,7,résumé=7,4,0,0,0,3,0,0,0
salad,7,salad=7,4,1,0,0,2,0,0,0
scenario,7,scenarios=5; scenario=2,7,0,0,0,0,0,0,0
scrap,7,scraps=5; scraped=1; scrapped=1,5,0,2,0,0,0,0,0
senior,7,senior=7,0,0,0,0,7,0,0,0
serpent,7,serpent=7,7,0,0,0,0,0,0,0
services,7,services=7,0,7,0,0,0,0,0,0
settle,7,settled=5; settle=2,0,0,7,0,0,0,0,0
shelf,7,shelves=6; shelf=1,7,0,0,0,0,0,0,0
shipping,7,shipping=7,7,0,0,0,0,0,0,0
skate,7,skate=6; skating=1,5,0,2,0,0,0,0,0
sketch,7,sketches=6; sketched=1,6,0,1,0,0,0,0,0
smooth,7,smooth=7,0,0,0,0,7,0,0,0
soldier,7,soldiers=6; soldier=1,7,0,0,0,0,0,0,0
solvent,7,solvents=4; solvent=3,7,0,0,0,0,0,0,0
speaking,7,speaking=7,7,0,0,0,0,0,0,0
spending,7,spending=7,7,0,0,0,0,0,0,0
spider,7,spider=4; spiders=3,7,0,0,0,0,0,0,0
spirit,7,spirit=7,7,0,0,0,0,0,0,0
spiritual,7,spiritual=7,0,0,0,0,7,0,0,0
split,7,split=7,1,0,6,0,0,0,0,0
sponsor,7,sponsored=4; sponsor=2; sponsoring=1,1,0,6,0,0,0,0,0
strategic,7,strategic=7,0,0,0,0,7,0,0,0
streaming,7,streaming=7,4,1,0,0,2,0,0,0
substantial,7,substantial=7,0,0,0,0,7,0,0,0
sugar,7,sugar=7,7,0,0,0,0,0,0,0
super,7,super=7,3,0,0,0,1,3,0,0
surprisingly,7,surprisingly=7,0,0,0,0,0,7,0,0
surrealism,7,surrealism=7,5,2,0,0,0,0,0,0
surrealist,7,surrealist=6; surrealists=1,5,2,0,0,0,0,0,0
susceptible,7,susceptible=7,0,0,0,0,7,0,0,0
syllabus,7,syllabus=7,7,0,0,0,0,0,0,0
tag,7,tag=3; tags=2; tagged=1; tagging=1,5,0,2,0,0,0,0,0
tempo,7,tempo=7,7,0,0,0,0,0,0,0
tendency,7,tendency=5; tendencies=2,7,0,0,0,0,0,0,0
tepe,7,tepe=7,0,7,0,0,0,0,0,0
tesserae,7,tesserae=7,5,2,0,0,0,0,0,0
testing,7,testing=7,7,0,0,0,0,0,0,0
thompson,7,thompson=7,0,7,0,0,0,0,0,0
throw,7,threw=3; throw=2; thrown=2,0,0,7,0,0,0,0,0
transcend,7,transcend=6; transcends=1,0,0,7,0,0,0,0,0
transparent,7,transparent=7,0,0,0,0,7,0,0,0
trick,7,trick=5; tricks=2,7,0,0,0,0,0,0,0
truck,7,trucks=6; truck=1,7,0,0,0,0,0,0,0
tunnel,7,tunnels=5; tunnel=2,7,0,0,0,0,0,0,0
uncertainty,7,uncertainty=6; uncertainties=1,6,1,0,0,0,0,0,0
unpredictable,7,unpredictable=7,0,0,0,0,7,0,0,0
upload,7,upload=5; uploaded=2,0,1,6,0,0,0,0,0
valencia,7,valencia=7,0,6,0,0,1,0,0,0
vegetarian,7,vegetarian=7,1,0,1,0,5,0,0,0
vibration,7,vibrations=7,7,0,0,0,0,0,0,0
vision,7,vision=5; visions=2,7,0,0,0,0,0,0,0
watercolor,7,watercolor=6; watercolors=1,7,0,0,0,0,0,0,0
west,7,west=7,0,7,0,0,0,0,0,0
wild,7,wild=7,2,0,0,0,5,0,0,0
williamsville,7,williamsville=7,0,7,0,0,0,0,0,0
workload,7,workload=7,7,0,0,0,0,0,0,0
writer,7,writer=4; writers=3,7,0,0,0,0,0,0,0
accompany,6,accompanied=5; accompany=1,0,0,6,0,0,0,0,0
accordingly,6,accordingly=6,0,0,0,0,0,6,0,0
accumulation,6,accumulation=6,6,0,0,0,0,0,0,0
accurately,6,accurately=6,0,0,0,0,0,6,0,0
acid,6,acid=5; acids=1,5,1,0,0,0,0,0,0
acidic,6,acidic=6,0,0,0,0,6,0,0,0
administrator,6,administrator=5; administrators=1,5,1,0,0,0,0,0,0
agile,6,agile=6,0,0,0,0,6,0,0,0
alert,6,alert=3; alerted=2; alerts=1,1,1,2,0,2,0,0,0
algorithmic,6,algorithmic=6,0,0,0,0,6,0,0,0
alumnus,6,alumni=6,6,0,0,0,0,0,0,0
americans,6,americans=6,0,6,0,0,0,0,0,0
amphibian,6,amphibian=3; amphibians=3,5,0,0,0,1,0,0,0
amusement,6,amusement=6,6,0,0,0,0,0,0,0
angela,6,angela=6,0,6,0,0,0,0,0,0
artisan,6,artisans=5; artisan=1,5,1,0,0,0,0,0,0
assessment,6,assessment=5; assessments=1,6,0,0,0,0,0,0,0
athens,6,athens=6,0,6,0,0,0,0,0,0
attack,6,attacks=3; attack=2; attacked=1,2,0,4,0,0,0,0,0
authentic,6,authentic=6,0,0,0,0,6,0,0,0
authenticity,6,authenticity=6,6,0,0,0,0,0,0,0
baby,6,babies=5; baby=1,6,0,0,0,0,0,0,0
bacteria,6,bacteria=6,6,0,0,0,0,0,0,0
bar,6,bar=5; bars=1,6,0,0,0,0,0,0,0
basin,6,basin=6,6,0,0,0,0,0,0,0
beat,6,beat=5; beaten=1,4,0,2,0,0,0,0,0
behave,6,behave=4; behaves=2,1,0,5,0,0,0,0,0
biohacking,6,biohacking=6,1,4,0,0,1,0,0,0
bison,6,bison=6,6,0,0,0,0,0,0,0
bond,6,bonds=5; bond=1,6,0,0,0,0,0,0,0
brightpath,6,brightpath=6,0,6,0,0,0,0,0,0
bromeliad,6,bromeliad=4; bromeliads=2,6,0,0,0,0,0,0,0
bronfenbrenner,6,bronfenbrenner=6,0,6,0,0,0,0,0,0
cabinet,6,cabinet=5; cabinets=1,6,0,0,0,0,0,0,0
cactus,6,cactus=6,6,0,0,0,0,0,0,0
calorie,6,calories=6,6,0,0,0,0,0,0,0
capital,6,capital=6,6,0,0,0,0,0,0,0
challenges,6,challenges=6,0,6,0,0,0,0,0,0
characterize,6,characterized=4; characterize=1; characterizes=1,0,0,6,0,0,0,0,0
chloe,6,chloe=6,0,6,0,0,0,0,0,0
cinema,6,cinema=6,5,1,0,0,0,0,0,0
clearly,6,clearly=6,0,0,0,0,0,6,0,0
closed,6,closed=6,0,0,0,0,6,0,0,0
cluster,6,clusters=4; cluster=2,4,0,2,0,0,0,0,0
complaint,6,complaint=5; complaints=1,6,0,0,0,0,0,0,0
concierge,6,concierge=6,6,0,0,0,0,0,0,0
conditioning,6,conditioning=6,6,0,0,0,0,0,0,0
confuse,6,confuse=3; confused=2; confusing=1,0,0,6,0,0,0,0,0
conserve,6,conserve=5; conserving=1,0,0,6,0,0,0,0,0
contract,6,contract=4; contracts=2,5,0,1,0,0,0,0,0
convenience,6,convenience=6,6,0,0,0,0,0,0,0
conversion,6,conversion=6,6,0,0,0,0,0,0,0
coworker,6,coworker=4; coworkers=2,2,4,0,0,0,0,0,0
crew,6,crew=5; crews=1,6,0,0,0,0,0,0,0
cubist,6,cubist=6,4,2,0,0,0,0,0,0
cup,6,cup=4; cups=2,6,0,0,0,0,0,0,0
dear,6,dear=6,0,3,0,0,3,0,0,0
decalcomania,6,decalcomania=6,0,5,0,0,1,0,0,0
decomposition,6,decomposition=6,6,0,0,0,0,0,0,0
deepen,6,deepen=5; deepening=1,0,0,6,0,0,0,0,0
degrade,6,degrading=3; degrade=2; degraded=1,0,0,6,0,0,0,0,0
diagram,6,diagrams=5; diagram=1,6,0,0,0,0,0,0,0
dichotomy,6,dichotomy=6,6,0,0,0,0,0,0,0
discomfort,6,discomfort=6,6,0,0,0,0,0,0,0
dissolve,6,dissolved=3; dissolves=3,1,0,5,0,0,0,0,0
double,6,double=6,0,0,0,0,3,2,0,1
driving,6,driving=6,6,0,0,0,0,0,0,0
ease,6,ease=5; eased=1,5,0,1,0,0,0,0,0
einstein,6,einstein=6,0,6,0,0,0,0,0,0
elaborate,6,elaborate=6,0,0,2,0,4,0,0,0
emma,6,emma=6,0,6,0,0,0,0,0,0
enthusiastic,6,enthusiastic=6,0,2,0,0,4,0,0,0
equitable,6,equitable=6,0,0,0,0,6,0,0,0
erode,6,eroding=5; erode=1,0,0,6,0,0,0,0,0
ethic,6,ethics=6,6,0,0,0,0,0,0,0
ethnographic,6,ethnographic=6,0,0,0,0,6,0,0,0
evenly,6,evenly=6,0,0,0,0,0,6,0,0
excavation,6,excavation=5; excavations=1,6,0,0,0,0,0,0,0
exert,6,exert=4; exerted=1; exerts=1,1,0,5,0,0,0,0,0
explode,6,exploded=5; exploding=1,0,0,6,0,0,0,0,0
expressive,6,expressive=6,0,0,0,0,6,0,0,0
extract,6,extract=3; extracted=2; extracting=1,3,0,3,0,0,0,0,0
fade,6,faded=3; fade=2; fades=1,0,0,6,0,0,0,0,0
fairly,6,fairly=6,0,0,0,0,0,6,0,0
false,6,false=6,0,0,0,0,6,0,0,0
favor,6,favor=2; favored=2; favoring=2,1,0,5,0,0,0,0,0
feat,6,feat=3; feats=3,6,0,0,0,0,0,0,0
flash,6,flash=5; flashes=1,6,0,0,0,0,0,0,0
forum,6,forum=5; forums=1,6,0,0,0,0,0,0,0
found,6,founded=6,0,0,6,0,0,0,0,0
freely,6,freely=6,0,0,0,0,0,6,0,0
freshwater,6,freshwater=6,6,0,0,0,0,0,0,0
fundamentally,6,fundamentally=6,0,0,0,0,0,6,0,0
fundraiser,6,fundraiser=5; fundraisers=1,6,0,0,0,0,0,0,0
gap,6,gap=3; gaps=3,5,0,1,0,0,0,0,0
generational,6,generational=6,0,1,0,0,5,0,0,0
genetically,6,genetically=6,0,1,0,0,0,5,0,0
geology,6,geology=6,6,0,0,0,0,0,0,0
gesture,6,gestures=6,6,0,0,0,0,0,0,0
glimpse,6,glimpse=3; glimpses=3,6,0,0,0,0,0,0,0
globally,6,globally=6,0,0,0,0,0,6,0,0
globe,6,globe=6,6,0,0,0,0,0,0,0
grab,6,grab=3; grabbed=2; grabbing=1,0,0,6,0,0,0,0,0
gradual,6,gradual=6,0,0,0,0,6,0,0,0
grassland,6,grassland=3; grasslands=3,6,0,0,0,0,0,0,0
groundwater,6,groundwater=6,6,0,0,0,0,0,0,0
guitar,6,guitar=6,6,0,0,0,0,0,0,0
hazard,6,hazards=4; hazard=2,5,0,1,0,0,0,0,0
heal,6,healing=3; heal=2; heals=1,1,0,5,0,0,0,0,0
height,6,height=4; heights=2,6,0,0,0,0,0,0,0
hello,6,hello=6,0,0,0,0,0,0,0,6
herb,6,herb=3; herbs=3,6,0,0,0,0,0,0,0
hip,6,hip=5; hips=1,5,0,0,0,1,0,0,0
historic,6,historic=6,0,0,0,0,6,0,0,0
horseshoe,6,horseshoe=6,2,4,0,0,0,0,0,0
ignorance,6,ignorance=6,6,0,0,0,0,0,0,0
illusion,6,illusion=4; illusions=2,6,0,0,0,0,0,0,0
immediate,6,immediate=6,0,0,0,0,6,0,0,0
implementation,6,implementation=5; implementations=1,6,0,0,0,0,0,0,0
incident,6,incident=5; incidents=1,6,0,0,0,0,0,0,0
india,6,india=6,0,6,0,0,0,0,0,0
infrared,6,infrared=6,0,0,0,0,6,0,0,0
innate,6,innate=6,1,0,2,0,3,0,0,0
instability,6,instability=6,6,0,0,0,0,0,0,0
install,6,install=6,0,3,3,0,0,0,0,0
insufficient,6,insufficient=6,0,1,0,0,5,0,0,0
intention,6,intention=3; intentions=3,6,0,0,0,0,0,0,0
isolated,6,isolated=6,0,0,0,0,6,0,0,0
jacket,6,jacket=5; jackets=1,5,1,0,0,0,0,0,0
japan,6,japan=6,0,6,0,0,0,0,0,0
jetty,6,jetty=6,2,4,0,0,0,0,0,0
jewelry,6,jewelry=6,6,0,0,0,0,0,0,0
joy,6,joy=6,4,2,0,0,0,0,0,0
july,6,july=6,0,6,0,0,0,0,0,0
june,6,june=6,0,6,0,0,0,0,0,0
keystone,6,keystone=6,5,0,0,0,1,0,0,0
lastly,6,lastly=6,0,0,0,0,0,6,0,0
leo,6,leo=6,0,6,0,0,0,0,0,0
lesser,6,lesser=6,0,0,0,0,0,6,0,0
libertarians,6,libertarians=6,0,6,0,0,0,0,0,0
literacy,6,literacy=6,6,0,0,0,0,0,0,0
logic,6,logic=6,5,1,0,0,0,0,0,0
loose,6,loose=5; looser=1,0,0,0,0,6,0,0,0
lopez,6,lopez=6,0,6,0,0,0,0,0,0
lubaina,6,lubaina=6,0,6,0,0,0,0,0,0
luck,6,luck=6,6,0,0,0,0,0,0,0
lucky,6,lucky=6,0,0,0,0,6,0,0,0
magazine,6,magazine=6,6,0,0,0,0,0,0,0
magic,6,magic=6,4,1,0,0,1,0,0,0
mail,6,mail=4; mailed=2,3,0,3,0,0,0,0,0
makeup,6,makeup=6,6,0,0,0,0,0,0,0
mandatory,6,mandatory=6,0,0,0,0,6,0,0,0
maria,6,maria=6,0,6,0,0,0,0,0,0
mate,6,mate=4; mates=2,3,0,3,0,0,0,0,0
melting,6,melting=6,6,0,0,0,0,0,0,0
metric,6,metric=3; metrics=3,6,0,0,0,0,0,0,0
millennia,6,millennia=6,0,2,0,0,0,0,4,0
mining,6,mining=6,6,0,0,0,0,0,0,0
multi,6,multi=6,0,0,0,0,6,0,0,0
mysterious,6,mysterious=6,0,1,0,0,5,0,0,0
nap,6,naps=4; nap=1; napping=1,5,0,1,0,0,0,0,0
navigational,6,navigational=6,0,1,0,0,5,0,0,0
neighboring,6,neighboring=6,6,0,0,0,0,0,0,0
newly,6,newly=6,0,0,0,0,0,6,0,0
nominalism,6,nominalism=6,5,1,0,0,0,0,0,0
northern,6,northern=6,0,1,0,0,5,0,0,0
nuclear,6,nuclear=6,0,0,0,0,6,0,0,0
obligation,6,obligations=4; obligation=2,6,0,0,0,0,0,0,0
offshore,6,offshore=6,0,0,0,0,4,2,0,0
optimal,6,optimal=6,0,0,0,0,6,0,0,0
organizational,6,organizational=6,0,0,0,0,6,0,0,0
originate,6,originated=6,0,0,6,0,0,0,0,0
outer,6,outer=6,0,0,0,0,6,0,0,0
overshadow,6,overshadow=4; overshadowed=1; overshadows=1,0,0,6,0,0,0,0,0
pair,6,pair=5; pairs=1,6,0,0,0,0,0,0,0
paperwork,6,paperwork=6,6,0,0,0,0,0,0,0
paris,6,paris=6,0,6,0,0,0,0,0,0
pasta,6,pasta=6,5,1,0,0,0,0,0,0
peaceful,6,peaceful=6,0,0,0,0,6,0,0,0
percussion,6,percussion=6,6,0,0,0,0,0,0,0
personally,6,personally=6,0,2,0,0,0,4,0,0
planetary,6,planetary=6,0,0,0,0,6,0,0,0
plaza,6,plaza=6,0,6,0,0,0,0,0,0
posit,6,posits=4; posit=1; positing=1,1,0,5,0,0,0,0,0
pre,6,pre=6,1,0,0,0,5,0,0,0
precisely,6,precisely=6,0,0,0,0,0,6,0,0
puzzle,6,puzzle=3; puzzled=3,3,0,3,0,0,0,0,0
queen,6,queen=6,3,3,0,0,0,0,0,0
rainfall,6,rainfall=6,6,0,0,0,0,0,0,0
rainwater,6,rainwater=6,6,0,0,0,0,0,0,0
rationally,6,rationally=6,0,0,0,0,0,6,0,0
reasonable,6,reasonable=6,0,0,0,0,6,0,0,0
reception,6,reception=6,6,0,0,0,0,0,0,0
recognition,6,recognition=6,6,0,0,0,0,0,0,0
reed,6,reed=4; reeds=2,3,3,0,0,0,0,0,0
reinstall,6,reinstall=2; reinstalled=2; reinstalling=2,0,0,6,0,0,0,0,0
reject,6,reject=2; rejected=2; rejecting=1; rejects=1,0,0,6,0,0,0,0,0
reliance,6,reliance=6,6,0,0,0,0,0,0,0
remote,6,remote=6,0,0,0,0,6,0,0,0
reopen,6,reopen=4; reopens=2,0,1,5,0,0,0,0,0
representative,6,representative=6,4,0,0,0,2,0,0,0
reproduce,6,reproduce=4; reproduced=1; reproducing=1,2,0,4,0,0,0,0,0
retail,6,retail=6,0,0,0,0,6,0,0,0
rice,6,rice=6,4,2,0,0,0,0,0,0
rigor,6,rigor=6,4,2,0,0,0,0,0,0
rob,6,rob=5; robbed=1,0,3,3,0,0,0,0,0
roll,6,rolled=3; roll=2; rolls=1,0,0,6,0,0,0,0,0
rotation,6,rotation=6,6,0,0,0,0,0,0,0
row,6,row=4; rowing=1; rows=1,5,0,1,0,0,0,0,0
ruth,6,ruth=6,0,6,0,0,0,0,0,0
safely,6,safely=6,0,0,0,0,0,6,0,0
salt,6,salt=6,4,2,0,0,0,0,0,0
sandwich,6,sandwich=5; sandwiches=1,6,0,0,0,0,0,0,0
saving,6,savings=6,6,0,0,0,0,0,0,0
schoenberg,6,schoenberg=6,0,6,0,0,0,0,0,0
scholarship,6,scholarship=6,6,0,0,0,0,0,0,0
seasonal,6,seasonal=6,0,0,0,0,6,0,0,0
secret,6,secret=5; secrets=1,5,0,0,0,1,0,0,0
seismometer,6,seismometers=6,6,0,0,0,0,0,0,0
selective,6,selective=6,0,0,0,0,6,0,0,0
siberia,6,siberia=6,0,6,0,0,0,0,0,0
silk,6,silk=6,5,1,0,0,0,0,0,0
silver,6,silver=6,5,0,0,0,1,0,0,0
simplicity,6,simplicity=6,6,0,0,0,0,0,0,0
singer,6,singer=5; singers=1,6,0,0,0,0,0,0,0
skater,6,skaters=5; skater=1,5,0,0,0,1,0,0,0
skeptical,6,skeptical=6,1,1,0,0,4,0,0,0
souvenir,6,souvenirs=5; souvenir=1,6,0,0,0,0,0,0,0
spacecraft,6,spacecraft=5; spacecrafts=1,6,0,0,0,0,0,0,0
specialize,6,specializes=3; specialize=2; specialized=1,0,0,6,0,0,0,0,0
stalagmite,6,stalagmites=6,6,0,0,0,0,0,0,0
statement,6,statement=5; statements=1,6,0,0,0,0,0,0,0
statistical,6,statistical=6,0,0,0,0,6,0,0,0
stifle,6,stifle=6,1,0,5,0,0,0,0,0
strategically,6,strategically=6,0,0,0,0,0,6,0,0
strip,6,strips=5; strip=1,6,0,0,0,0,0,0,0
strongly,6,strongly=6,0,0,0,0,0,6,0,0
structured,6,structured=6,0,0,0,0,6,0,0,0
sudden,6,sudden=6,0,0,0,0,6,0,0,0
sunscreen,6,sunscreen=6,4,1,0,0,0,1,0,0
sunset,6,sunset=5; sunsets=1,2,4,0,0,0,0,0,0
superior,6,superior=6,0,0,0,0,6,0,0,0
supermarket,6,supermarkets=4; supermarket=2,6,0,0,0,0,0,0,0
surrounding,6,surroundings=6,6,0,0,0,0,0,0,0
swing,6,swing=3; swings=3,4,0,2,0,0,0,0,0
symbolic,6,symbolic=6,0,0,0,0,6,0,0,0
talent,6,talents=4; talent=2,6,0,0,0,0,0,0,0
tennis,6,tennis=6,5,1,0,0,0,0,0,0
theatrical,6,theatrical=6,0,0,0,0,6,0,0,0
theremin,6,theremin=6,6,0,0,0,0,0,0,0
thomas,6,thomas=6,0,6,0,0,0,0,0,0
tire,6,tire=6,6,0,0,0,0,0,0,0
totally,6,totally=6,0,0,0,0,0,6,0,0
toxic,6,toxic=6,0,0,0,0,6,0,0,0
tracking,6,tracking=6,6,0,0,0,0,0,0,0
traditionally,6,traditionally=6,0,0,0,0,0,6,0,0
transformative,6,transformative=6,2,0,2,0,2,0,0,0
trumpet,6,trumpet=3; trumpets=3,6,0,0,0,0,0,0,0
truth,6,truths=6,6,0,0,0,0,0,0,0
tuba,6,tuba=6,0,6,0,0,0,0,0,0
tv,6,tv=6,6,0,0,0,0,0,0,0
twice,6,twice=6,0,0,0,0,0,3,0,3
underserved,6,underserved=6,0,0,0,0,6,0,0,0
unfamiliar,6,unfamiliar=6,0,0,0,0,6,0,0,0
universally,6,universally=6,0,0,0,0,0,6,0,0
unlock,6,unlock=5; unlocks=1,0,1,5,0,0,0,0,0
utility,6,utility=6,6,0,0,0,0,0,0,0
utilize,6,utilize=2; utilized=2; utilizes=1; utilizing=1,0,0,6,0,0,0,0,0
vapor,6,vapor=6,4,2,0,0,0,0,0,0
versatility,6,versatility=6,6,0,0,0,0,0,0,0
visibility,6,visibility=6,4,2,0,0,0,0,0,0
volunteering,6,volunteering=6,6,0,0,0,0,0,0,0
waiting,6,waiting=6,6,0,0,0,0,0,0,0
walking,6,walking=6,6,0,0,0,0,0,0,0
war,6,war=5; wars=1,2,3,0,0,1,0,0,0
weaken,6,weakened=3; weaken=2; weakens=1,0,0,6,0,0,0,0,0
weaving,6,weaving=6,6,0,0,0,0,0,0,0
whenever,6,whenever=6,0,0,0,0,0,0,0,6
whom,6,whom=6,0,0,0,0,0,0,6,0
working,6,working=5; workings=1,4,1,0,0,1,0,0,0
wrap,6,wrapped=4; wrap=2,1,0,5,0,0,0,0,0
york,6,york=6,0,6,0,0,0,0,0,0
accident,5,accident=4; accidents=1,5,0,0,0,0,0,0,0
accommodate,5,accommodate=5,0,0,5,0,0,0,0,0
accounting,5,accounting=5,3,2,0,0,0,0,0,0
accumulate,5,accumulate=2; accumulates=2; accumulating=1,1,0,4,0,0,0,0,0
agenda,5,agenda=5,5,0,0,0,0,0,0,0
aggressive,5,aggressive=5,0,0,0,0,5,0,0,0
agility,5,agility=5,4,1,0,0,0,0,0,0
airflow,5,airflow=5,2,0,0,0,0,3,0,0
alarm,5,alarm=4; alarms=1,5,0,0,0,0,0,0,0
allocation,5,allocation=5,5,0,0,0,0,0,0,0
amenity,5,amenities=5,5,0,0,0,0,0,0,0
animation,5,animations=5,5,0,0,0,0,0,0,0
announcer,5,announcer=5,5,0,0,0,0,0,0,0
anywhere,5,anywhere=5,0,0,0,0,0,5,0,0
arise,5,arise=4; arises=1,0,0,5,0,0,0,0,0
aristocratic,5,aristocratic=5,0,0,0,0,5,0,0,0
aristotle,5,aristotle=5,0,5,0,0,0,0,0,0
arrival,5,arrival=4; arrivals=1,5,0,0,0,0,0,0,0
aside,5,aside=5,0,0,0,0,0,4,0,1
audio,5,audio=5,3,0,0,0,2,0,0,0
authority,5,authority=3; authorities=2,5,0,0,0,0,0,0,0
automatically,5,automatically=5,0,0,0,0,0,5,0,0
barely,5,barely=5,0,0,0,0,0,5,0,0
bean,5,beans=4; bean=1,5,0,0,0,0,0,0,0
bedroom,5,bedroom=3; bedrooms=2,5,0,0,0,0,0,0,0
beginning,5,beginning=4; beginnings=1,5,0,0,0,0,0,0,0
belong,5,belonged=2; belong=1; belonging=1; belongs=1,0,0,5,0,0,0,0,0
belonging,5,belongings=5,5,0,0,0,0,0,0,0
beneath,5,beneath=5,0,0,0,0,0,0,0,5
bill,5,bill=4; bills=1,4,1,0,0,0,0,0,0
biohacke,5,biohacking=5,0,0,5,0,0,0,0,0
boarding,5,boarding=5,5,0,0,0,0,0,0,0
bog,5,bogs=4; bog=1,5,0,0,0,0,0,0,0
boot,5,boots=3; boot=2,5,0,0,0,0,0,0,0
borrowing,5,borrowing=3; borrowings=2,5,0,0,0,0,0,0,0
builder,5,builders=5,5,0,0,0,0,0,0,0
burn,5,burning=3; burn=1; burned=1,0,0,5,0,0,0,0,0
burrow,5,burrows=5,5,0,0,0,0,0,0,0
calculate,5,calculated=2; calculating=2; calculate=1,0,0,5,0,0,0,0,0
campbell,5,campbell=5,0,5,0,0,0,0,0,0
camping,5,camping=5,5,0,0,0,0,0,0,0
candle,5,candles=5,5,0,0,0,0,0,0,0
cardio,5,cardio=5,0,1,0,0,4,0,0,0
cardiovascular,5,cardiovascular=5,0,0,0,0,5,0,0,0
carthaginian,5,carthaginian=5,0,0,0,0,5,0,0,0
cautious,5,cautious=5,0,1,0,0,4,0,0,0
cautiously,5,cautiously=5,0,1,0,0,0,4,0,0
cavity,5,cavities=5,5,0,0,0,0,0,0,0
celestial,5,celestial=5,0,0,0,0,5,0,0,0
ceramic,5,ceramics=4; ceramic=1,5,0,0,0,0,0,0,0
challenging,5,challenging=5,0,0,0,0,5,0,0,0
champion,5,champions=3; championed=2,2,0,3,0,0,0,0,0
chaos,5,chaos=5,5,0,0,0,0,0,0,0
charger,5,charger=5,5,0,0,0,0,0,0,0
cheese,5,cheese=5,4,1,0,0,0,0,0,0
childhood,5,childhood=5,5,0,0,0,0,0,0,0
choir,5,choir=5,5,0,0,0,0,0,0,0
chronic,5,chronic=5,0,0,0,0,5,0,0,0
clinical,5,clinical=5,0,0,0,0,5,0,0,0
closure,5,closure=4; closures=1,5,0,0,0,0,0,0,0
clue,5,clues=4; clue=1,5,0,0,0,0,0,0,0
coach,5,coach=4; coaches=1,5,0,0,0,0,0,0,0
cognition,5,cognition=5,5,0,0,0,0,0,0,0
coin,5,coined=3; coins=2,2,0,3,0,0,0,0,0
colder,5,colder=5,1,0,1,0,3,0,0,0
collaborate,5,collaborate=5,1,0,4,0,0,0,0,0
collectively,5,collectively=5,0,0,0,0,0,5,0,0
coloring,5,coloring=5,5,0,0,0,0,0,0,0
committee,5,committee=5,5,0,0,0,0,0,0,0
compass,5,compass=5,5,0,0,0,0,0,0,0
competitor,5,competitors=4; competitor=1,5,0,0,0,0,0,0,0
complimentary,5,complimentary=5,0,0,0,0,5,0,0,0
compression,5,compression=5,5,0,0,0,0,0,0,0
confident,5,confident=5,0,0,0,0,5,0,0,0
convention,5,conventions=4; convention=1,5,0,0,0,0,0,0,0
count,5,count=5,2,0,3,0,0,0,0,0
counteract,5,counteract=4; counteracting=1,0,0,5,0,0,0,0,0
crab,5,crab=3; crabs=2,4,1,0,0,0,0,0,0
critically,5,critically=5,0,1,0,0,0,4,0,0
criticize,5,criticize=3; criticized=2,0,0,5,0,0,0,0,0
crowded,5,crowded=5,0,0,0,0,5,0,0,0
cutting,5,cutting=5,5,0,0,0,0,0,0,0
dangerous,5,dangerous=5,0,0,0,0,5,0,0,0
davis,5,davis=5,0,5,0,0,0,0,0,0
declare,5,declare=2; declared=2; declaring=1,0,0,5,0,0,0,0,0
decorative,5,decorative=5,0,0,0,0,5,0,0,0
defend,5,defend=3; defending=1; defends=1,0,0,5,0,0,0,0,0
defense,5,defense=5,5,0,0,0,0,0,0,0
deliberate,5,deliberate=5,0,0,0,0,5,0,0,0
deliberation,5,deliberation=5,5,0,0,0,0,0,0,0
demanding,5,demanding=5,0,0,0,0,5,0,0,0
dependence,5,dependence=5,4,1,0,0,0,0,0,0
deploy,5,deployed=2; deploying=2; deploys=1,0,0,5,0,0,0,0,0
deposit,5,deposits=4; deposited=1,3,0,2,0,0,0,0,0
deposition,5,deposition=5,3,2,0,0,0,0,0,0
descendant,5,descendants=4; descendant=1,4,0,0,0,1,0,0,0
detrimental,5,detrimental=5,0,0,0,0,5,0,0,0
deuterium,5,deuterium=5,5,0,0,0,0,0,0,0
developer,5,developers=5,5,0,0,0,0,0,0,0
dialogue,5,dialogue=5,5,0,0,0,0,0,0,0
discourage,5,discourage=2; discouraged=2; discouraging=1,0,0,5,0,0,0,0,0
disperse,5,dispersing=3; disperse=2,2,0,3,0,0,0,0,0
dispose,5,dispose=4; disposed=1,0,1,4,0,0,0,0,0
division,5,divisions=4; division=1,5,0,0,0,0,0,0,0
dna,5,dna=5,2,3,0,0,0,0,0,0
dollar,5,dollars=4; dollar=1,5,0,0,0,0,0,0,0
domain,5,domains=3; domain=2,5,0,0,0,0,0,0,0
domestic,5,domestic=5,0,0,0,0,5,0,0,0
dominate,5,dominate=3; dominated=2,0,0,5,0,0,0,0,0
doubt,5,doubt=5,2,1,2,0,0,0,0,0
dragon,5,dragon=5,3,2,0,0,0,0,0,0
drift,5,drift=4; drifted=1,4,0,1,0,0,0,0,0
electromagnetic,5,electromagnetic=5,0,2,0,0,3,0,0,0
elm,5,elm=5,0,5,0,0,0,0,0,0
emergence,5,emergence=5,5,0,0,0,0,0,0,0
emergency,5,emergency=5,5,0,0,0,0,0,0,0
encode,5,encoding=4; encoded=1,0,0,5,0,0,0,0,0
endeavor,5,endeavors=3; endeavor=2,5,0,0,0,0,0,0,0
ending,5,endings=5,5,0,0,0,0,0,0,0
england,5,england=5,0,5,0,0,0,0,0,0
enrol,5,enrolled=3; enrolling=2,0,0,5,0,0,0,0,0
envision,5,envisioned=3; envision=2,1,1,3,0,0,0,0,0
equity,5,equity=5,5,0,0,0,0,0,0,0
estimate,5,estimated=2; estimates=2; estimate=1,2,0,3,0,0,0,0,0
exacerbate,5,exacerbate=5,0,0,5,0,0,0,0,0
examination,5,examinations=4; examination=1,5,0,0,0,0,0,0,0
excess,5,excess=5,1,0,0,0,4,0,0,0
explosion,5,explosions=3; explosion=2,5,0,0,0,0,0,0,0
failure,5,failure=4; failures=1,5,0,0,0,0,0,0,0
fairness,5,fairness=5,5,0,0,0,0,0,0,0
fantastic,5,fantastic=5,0,0,0,0,5,0,0,0
favorable,5,favorable=5,0,0,0,0,5,0,0,0
feeding,5,feeding=5,5,0,0,0,0,0,0,0
feudalism,5,feudalism=5,4,1,0,0,0,0,0,0
fifth,5,fifth=5,0,0,0,0,5,0,0,0
fluid,5,fluid=5,1,0,0,0,4,0,0,0
focused,5,focused=5,0,0,0,0,5,0,0,0
follower,5,followers=5,5,0,0,0,0,0,0,0
foreground,5,foregrounded=2; foregrounding=2; foreground=1,0,0,5,0,0,0,0,0
forgot,5,forgot=5,3,0,2,0,0,0,0,0
former,5,former=5,0,0,0,0,5,0,0,0
formidable,5,formidable=5,0,0,0,0,5,0,0,0
fragmented,5,fragmented=5,0,0,0,0,5,0,0,0
freshman,5,freshman=5,5,0,0,0,0,0,0,0
frustrated,5,frustrated=5,0,1,0,0,4,0,0,0
frustrating,5,frustrating=5,0,0,0,0,5,0,0,0
g,5,g=5,0,4,0,0,0,0,0,1
gala,5,gala=5,5,0,0,0,0,0,0,0
gemstone,5,gemstones=3; gemstone=2,5,0,0,0,0,0,0,0
gentle,5,gentle=5,0,0,0,0,5,0,0,0
geometric,5,geometric=5,0,0,0,0,5,0,0,0
germany,5,germany=5,0,5,0,0,0,0,0,0
glide,5,glide=4; gliding=1,2,0,3,0,0,0,0,0
glow,5,glow=4; glows=1,4,0,1,0,0,0,0,0
goat,5,goats=5,5,0,0,0,0,0,0,0
govern,5,governed=4; governing=1,0,0,5,0,0,0,0,0
gram,5,grams=5,5,0,0,0,0,0,0,0
grasshopper,5,grasshoppers=5,5,0,0,0,0,0,0,0
grind,5,grind=3; grinding=2,0,0,5,0,0,0,0,0
guarantee,5,guaranteed=3; guarantee=2,0,0,5,0,0,0,0,0
gut,5,gut=5,5,0,0,0,0,0,0,0
handy,5,handy=5,0,0,0,0,5,0,0,0
historically,5,historically=5,0,0,0,0,0,5,0,0
homophily,5,homophily=5,0,0,0,0,0,5,0,0
honest,5,honest=5,0,0,0,0,5,0,0,0
honor,5,honor=4; honors=1,1,1,3,0,0,0,0,0
hopefully,5,hopefully=5,0,0,0,0,0,5,0,0
humanity,5,humanities=3; humanity=2,5,0,0,0,0,0,0,0
hurdle,5,hurdles=5,5,0,0,0,0,0,0,0
hydrophone,5,hydrophones=5,5,0,0,0,0,0,0,0
implant,5,implants=5,5,0,0,0,0,0,0,0
inbox,5,inbox=5,5,0,0,0,0,0,0,0
income,5,income=5,4,1,0,0,0,0,0,0
inconvenient,5,inconvenient=5,2,0,0,0,3,0,0,0
indeed,5,indeed=5,0,0,0,0,0,5,0,0
inefficiency,5,inefficiencies=3; inefficiency=2,5,0,0,0,0,0,0,0
inequality,5,inequality=3; inequalities=2,5,0,0,0,0,0,0,0
inertia,5,inertia=5,5,0,0,0,0,0,0,0
instantly,5,instantly=5,0,0,0,0,0,5,0,0
intended,5,intended=5,0,0,0,0,5,0,0,0
intent,5,intent=5,5,0,0,0,0,0,0,0
jam,5,jam=3; jams=2,4,1,0,0,0,0,0,0
johnson,5,johnson=5,0,5,0,0,0,0,0,0
joseph,5,joseph=5,0,5,0,0,0,0,0,0
jump,5,jump=4; jumping=1,2,0,3,0,0,0,0,0
k,5,k=5,5,0,0,0,0,0,0,0
king,5,king=4; kings=1,1,4,0,0,0,0,0,0
kuiper,5,kuiper=5,0,5,0,0,0,0,0,0
lawn,5,lawn=5,4,1,0,0,0,0,0,0
leak,5,leaks=4; leak=1,5,0,0,0,0,0,0,0
learner,5,learners=5,5,0,0,0,0,0,0,0
libertarian,5,libertarians=4; libertarian=1,4,0,0,0,1,0,0,0
lifetime,5,lifetime=5,5,0,0,0,0,0,0,0
linear,5,linear=5,0,0,0,0,5,0,0,0
lock,5,locked=3; lock=1; locks=1,0,0,5,0,0,0,0,0
lost,5,lost=5,0,1,0,0,4,0,0,0
maker,5,makers=5,5,0,0,0,0,0,0,0
mantle,5,mantle=5,3,1,0,0,1,0,0,0
marriage,5,marriage=5,5,0,0,0,0,0,0,0
means,5,means=5,5,0,0,0,0,0,0,0
medication,5,medications=5,5,0,0,0,0,0,0,0
mediocre,5,mediocre=5,0,0,0,0,5,0,0,0
melody,5,melody=3; melodies=2,5,0,0,0,0,0,0,0
meme,5,meme=3; memes=2,5,0,0,0,0,0,0,0
merchandise,5,merchandise=5,5,0,0,0,0,0,0,0
methane,5,methane=5,4,1,0,0,0,0,0,0
michael,5,michael=5,0,5,0,0,0,0,0,0
midterm,5,midterm=5,4,1,0,0,0,0,0,0
migrating,5,migrating=5,5,0,0,0,0,0,0,0
milk,5,milk=5,3,2,0,0,0,0,0,0
minimalism,5,minimalism=5,4,1,0,0,0,0,0,0
minimum,5,minimum=5,1,1,0,0,3,0,0,0
modeling,5,modeling=5,4,1,0,0,0,0,0,0
morphological,5,morphological=5,0,0,0,0,5,0,0,0
nasa,5,nasa=5,0,5,0,0,0,0,0,0
nation,5,nation=4; nations=1,5,0,0,0,0,0,0,0
neurotransmitter,5,neurotransmitter=4; neurotransmitters=1,5,0,0,0,0,0,0,0
nia,5,nia=5,0,5,0,0,0,0,0,0
nomadic,5,nomadic=5,0,0,0,0,5,0,0,0
normal,5,normal=5,0,0,0,0,5,0,0,0
notebook,5,notebook=4; notebooks=1,5,0,0,0,0,0,0,0
nourishment,5,nourishment=5,5,0,0,0,0,0,0,0
nurture,5,nurture=5,3,0,2,0,0,0,0,0
nye,5,nye=5,0,5,0,0,0,0,0,0
obvious,5,obvious=5,0,0,0,0,5,0,0,0
occasion,5,occasion=3; occasions=2,5,0,0,0,0,0,0,0
ophicleide,5,ophicleide=5,4,0,0,0,0,1,0,0
orchestral,5,orchestral=5,0,0,0,0,5,0,0,0
ourselves,5,ourselves=5,0,0,0,0,0,0,5,0
outdated,5,outdated=5,0,0,0,0,5,0,0,0
overuse,5,overuse=3; overused=1; overusing=1,1,1,2,0,1,0,0,0
overwhelm,5,overwhelmed=3; overwhelm=2,0,0,5,0,0,0,0,0
owl,5,owl=4; owls=1,3,0,0,0,2,0,0,0
paleontologist,5,paleontologists=5,5,0,0,0,0,0,0,0
password,5,password=3; passwords=2,5,0,0,0,0,0,0,0
patronage,5,patronage=5,5,0,0,0,0,0,0,0
peak,5,peak=4; peaked=1,4,0,1,0,0,0,0,0
permanently,5,permanently=5,0,0,0,0,0,5,0,0
personalized,5,personalized=5,0,1,0,0,4,0,0,0
pet,5,pet=3; pets=2,3,1,0,0,1,0,0,0
pioneer,5,pioneered=2; pioneer=1; pioneering=1; pioneers=1,2,0,3,0,0,0,0,0
playground,5,playground=4; playgrounds=1,5,0,0,0,0,0,0,0
porcelain,5,porcelain=5,4,0,1,0,0,0,0,0
potent,5,potent=5,0,0,0,0,5,0,0,0
precautionary,5,precautionary=5,0,0,0,0,5,0,0,0
predictable,5,predictable=5,0,0,0,0,5,0,0,0
prepared,5,prepared=5,0,0,0,0,5,0,0,0
priority,5,priority=3; priorities=2,5,0,0,0,0,0,0,0
profile,5,profiles=4; profile=1,5,0,0,0,0,0,0,0
proponent,5,proponents=4; proponent=1,5,0,0,0,0,0,0,0
protocol,5,protocols=5,5,0,0,0,0,0,0,0
quantity,5,quantities=5,5,0,0,0,0,0,0,0
rachel,5,rachel=5,0,5,0,0,0,0,0,0
rationality,5,rationality=5,5,0,0,0,0,0,0,0
recall,5,recall=5,3,0,2,0,0,0,0,0
recruit,5,recruit=3; recruited=1; recruits=1,0,0,5,0,0,0,0,0
reflective,5,reflective=5,0,0,0,0,5,0,0,0
refund,5,refund=5,5,0,0,0,0,0,0,0
rehearsal,5,rehearsal=3; rehearsals=2,5,0,0,0,0,0,0,0
reintroduce,5,reintroduced=3; reintroduce=2,0,0,5,0,0,0,0,0
reliant,5,reliant=5,0,0,0,0,5,0,0,0
relocate,5,relocate=4; relocating=1,0,1,4,0,0,0,0,0
renowned,5,renowned=5,0,0,0,0,5,0,0,0
reply,5,replied=3; reply=2,1,0,4,0,0,0,0,0
reproduction,5,reproduction=5,5,0,0,0,0,0,0,0
reptile,5,reptiles=5,5,0,0,0,0,0,0,0
researchers,5,researchers=5,0,5,0,0,0,0,0,0
reset,5,reset=3; resetting=2,0,0,5,0,0,0,0,0
retention,5,retention=5,5,0,0,0,0,0,0,0
reusable,5,reusable=5,0,0,0,0,5,0,0,0
revenue,5,revenue=5,5,0,0,0,0,0,0,0
runoff,5,runoff=5,5,0,0,0,0,0,0,0
satisfied,5,satisfied=5,0,0,0,0,5,0,0,0
scanner,5,scanner=4; scanners=1,5,0,0,0,0,0,0,0
sequential,5,sequential=5,0,0,0,0,5,0,0,0
seventeenth,5,seventeenth=5,0,0,1,0,4,0,0,0
severely,5,severely=5,0,0,0,0,0,5,0,0
shadow,5,shadows=3; shadow=2,3,2,0,0,0,0,0,0
shower,5,showers=4; shower=1,4,0,1,0,0,0,0,0
sick,5,sick=5,0,0,0,0,5,0,0,0
simplify,5,simplified=2; simplify=2; simplifying=1,0,0,5,0,0,0,0,0
singapore,5,singapore=5,0,5,0,0,0,0,0,0
skepticism,5,skepticism=5,5,0,0,0,0,0,0,0
slightly,5,slightly=5,0,0,0,0,0,5,0,0
spanish,5,spanish=5,0,1,0,0,4,0,0,0
specialist,5,specialist=3; specialists=2,5,0,0,0,0,0,0,0
specify,5,specify=2; specifying=2; specified=1,0,0,5,0,0,0,0,0
sperm,5,sperm=5,5,0,0,0,0,0,0,0
sprint,5,sprint=4; sprinting=1,4,0,1,0,0,0,0,0
square,5,square=4; squares=1,4,0,0,0,1,0,0,0
stall,5,stalls=3; stall=2,3,0,2,0,0,0,0,0
steam,5,steam=5,5,0,0,0,0,0,0,0
strain,5,strain=3; strained=1; straining=1,2,0,3,0,0,0,0,0
subtly,5,subtly=5,0,0,0,0,0,5,0,0
suburban,5,suburban=5,0,0,0,0,5,0,0,0
summary,5,summary=5,5,0,0,0,0,0,0,0
sunny,5,sunny=5,0,0,0,0,5,0,0,0
suppress,5,suppress=2; suppresses=2; suppressed=1,0,0,5,0,0,0,0,0
surprised,5,surprised=5,0,0,0,0,5,0,0,0
surveillance,5,surveillance=5,5,0,0,0,0,0,0,0
tangible,5,tangible=5,0,0,0,0,5,0,0,0
tap,5,tapping=2; taps=2; tap=1,1,0,4,0,0,0,0,0
tasty,5,tasty=5,0,0,0,0,5,0,0,0
television,5,television=3; televisions=2,5,0,0,0,0,0,0,0
tension,5,tensions=3; tension=2,5,0,0,0,0,0,0,0
terrestrial,5,terrestrial=5,0,0,0,0,5,0,0,0
texture,5,textures=4; texture=1,5,0,0,0,0,0,0,0
thaw,5,thaw=2; thawing=2; thaws=1,3,0,2,0,0,0,0,0
theorist,5,theorists=4; theorist=1,5,0,0,0,0,0,0,0
timeline,5,timelines=4; timeline=1,5,0,0,0,0,0,0,0
tourism,5,tourism=5,4,1,0,0,0,0,0,0
traction,5,traction=5,5,0,0,0,0,0,0,0
transit,5,transit=5,5,0,0,0,0,0,0,0
translate,5,translate=3; translated=1; translating=1,0,0,5,0,0,0,0,0
tray,5,tray=4; trays=1,5,0,0,0,0,0,0,0
tritium,5,tritium=5,5,0,0,0,0,0,0,0
tube,5,tube=5,5,0,0,0,0,0,0,0
turkish,5,turkish=5,0,1,0,0,4,0,0,0
underestimate,5,underestimates=5,0,0,5,0,0,0,0,0
undergraduate,5,undergraduate=3; undergraduates=2,1,2,1,0,1,0,0,0
undermine,5,undermine=3; undermines=2,0,0,5,0,0,0,0,0
underneath,5,underneath=5,0,0,0,0,0,3,0,2
unless,5,unless=5,0,0,0,0,0,0,0,5
unlikely,5,unlikely=5,0,0,0,0,5,0,0,0
unpredictability,5,unpredictability=5,5,0,0,0,0,0,0,0
unrelated,5,unrelated=5,0,0,0,0,5,0,0,0
unwanted,5,unwanted=5,0,0,0,0,5,0,0,0
usable,5,usable=5,0,0,0,0,5,0,0,0
utilitarianism,5,utilitarianism=5,5,0,0,0,0,0,0,0
vacuum,5,vacuum=5,5,0,0,0,0,0,0,0
veganism,5,veganism=5,4,1,0,0,0,0,0,0
vendor,5,vendor=3; vendors=2,5,0,0,0,0,0,0,0
venice,5,venice=5,0,5,0,0,0,0,0,0
venue,5,venue=5,5,0,0,0,0,0,0,0
vinci,5,vinci=5,0,5,0,0,0,0,0,0
virtuous,5,virtuous=5,0,0,0,0,5,0,0,0
vivid,5,vivid=5,0,0,0,0,5,0,0,0
voice,5,voice=3; voices=2,4,0,1,0,0,0,0,0
volvation,5,volvation=5,4,0,0,0,1,0,0,0
wash,5,wash=3; washed=1; washing=1,3,0,2,0,0,0,0,0
wavelength,5,wavelengths=4; wavelength=1,5,0,0,0,0,0,0,0
ways,5,ways=5,0,5,0,0,0,0,0,0
weave,5,weave=2; weaving=2; woven=1,1,1,3,0,0,0,0,0
webpage,5,webpage=5,5,0,0,0,0,0,0,0
wedding,5,wedding=5,5,0,0,0,0,0,0,0
weed,5,weeds=4; weeded=1,4,0,1,0,0,0,0,0
welfare,5,welfare=5,5,0,0,0,0,0,0,0
willing,5,willing=5,0,0,0,0,5,0,0,0
willow,5,willow=5,4,0,1,0,0,0,0,0
wisdom,5,wisdom=5,5,0,0,0,0,0,0,0
withstand,5,withstand=5,0,0,5,0,0,0,0,0
x,5,x=5,4,1,0,0,0,0,0,0
absolutely,4,absolutely=4,0,0,0,0,0,4,0,0
absorption,4,absorption=4,3,1,0,0,0,0,0,0
accountability,4,accountability=4,4,0,0,0,0,0,0,0
acidity,4,acidity=4,4,0,0,0,0,0,0,0
acknowledge,4,acknowledge=4,0,0,4,0,0,0,0,0
acquisition,4,acquisition=3; acquisitions=1,4,0,0,0,0,0,0,0
acting,4,acting=4,3,1,0,0,0,0,0,0
activation,4,activation=4,4,0,0,0,0,0,0,0
activities,4,activities=4,0,4,0,0,0,0,0,0
adjustment,4,adjustment=3; adjustments=1,4,0,0,0,0,0,0,0
adversely,4,adversely=4,0,0,0,0,0,4,0,0
agency,4,agency=4,4,0,0,0,0,0,0,0
aisle,4,aisle=3; aisles=1,3,1,0,0,0,0,0,0
album,4,album=4,4,0,0,0,0,0,0,0
alzheimer,4,alzheimer=4,0,4,0,0,0,0,0,0
amphitheater,4,amphitheaters=3; amphitheater=1,4,0,0,0,0,0,0,0
amplifie,4,amplifies=4,4,0,0,0,0,0,0,0
analytics,4,analytics=4,0,4,0,0,0,0,0,0
anna,4,anna=4,0,4,0,0,0,0,0,0
anticipate,4,anticipate=4,0,0,4,0,0,0,0,0
anxious,4,anxious=4,0,0,0,0,4,0,0,0
appealing,4,appealing=4,0,0,0,0,4,0,0,0
appropriately,4,appropriately=4,0,0,0,0,0,4,0,0
arch,4,arch=2; arches=2,4,0,0,0,0,0,0,0
architect,4,architect=2; architects=2,4,0,0,0,0,0,0,0
architectural,4,architectural=4,0,0,0,0,4,0,0,0
arid,4,arid=4,0,0,0,0,4,0,0,0
artistry,4,artistry=4,4,0,0,0,0,0,0,0
artists,4,artists=4,0,4,0,0,0,0,0,0
asch,4,asch=4,0,4,0,0,0,0,0,0
assembly,4,assembly=4,4,0,0,0,0,0,0,0
assert,4,asserts=3; assert=1,0,0,4,0,0,0,0,0
atom,4,atoms=4,4,0,0,0,0,0,0,0
attire,4,attire=4,4,0,0,0,0,0,0,0
aulos,4,aulos=4,1,3,0,0,0,0,0,0
auxin,4,auxin=4,1,3,0,0,0,0,0,0
aversion,4,aversion=4,4,0,0,0,0,0,0,0
balloon,4,balloons=3; balloon=1,4,0,0,0,0,0,0,0
ballpoint,4,ballpoint=4,4,0,0,0,0,0,0,0
baroque,4,baroque=4,0,3,0,0,1,0,0,0
basement,4,basement=4,4,0,0,0,0,0,0,0
basically,4,basically=4,0,0,0,0,0,4,0,0
bath,4,baths=4,4,0,0,0,0,0,0,0
beside,4,beside=4,0,0,0,0,0,0,0,4
bioacoustic,4,bioacoustics=4,4,0,0,0,0,0,0,0
biomimicry,4,biomimicry=4,2,2,0,0,0,0,0,0
bodily,4,bodily=4,0,0,0,0,4,0,0,0
border,4,borders=4,4,0,0,0,0,0,0,0
boutique,4,boutique=4,3,1,0,0,0,0,0,0
bowling,4,bowling=4,3,1,0,0,0,0,0,0
breakdown,4,breakdowns=4,4,0,0,0,0,0,0,0
breath,4,breath=4,2,2,0,0,0,0,0,0
brighten,4,brighten=3; brightened=1,0,0,4,0,0,0,0,0
brilliance,4,brilliance=4,4,0,0,0,0,0,0,0
bronze,4,bronze=4,0,4,0,0,0,0,0,0
brush,4,brush=2; brushes=2,4,0,0,0,0,0,0,0
budgeting,4,budgeting=4,4,0,0,0,0,0,0,0
bulletin,4,bulletin=4,4,0,0,0,0,0,0,0
button,4,button=4,4,0,0,0,0,0,0,0
c,4,c=4,0,4,0,0,0,0,0,0
cabin,4,cabin=4,4,0,0,0,0,0,0,0
calculation,4,calculations=4,4,0,0,0,0,0,0,0
calculus,4,calculus=4,3,0,0,0,1,0,0,0
canal,4,canal=3; canals=1,2,2,0,0,0,0,0,0
caroline,4,caroline=4,3,1,0,0,0,0,0,0
carthaginians,4,carthaginians=4,0,4,0,0,0,0,0,0
catalog,4,catalog=4,4,0,0,0,0,0,0,0
caterpillar,4,caterpillars=4,4,0,0,0,0,0,0,0
caudipteryx,4,caudipteryx=4,0,4,0,0,0,0,0,0
celebrity,4,celebrity=4,4,0,0,0,0,0,0,0
centimeter,4,centimeters=3; centimeter=1,4,0,0,0,0,0,0,0
certainly,4,certainly=4,0,0,0,0,0,4,0,0
chemically,4,chemically=4,0,0,0,0,0,4,0,0
chicken,4,chicken=4,3,1,0,0,0,0,0,0
circle,4,circles=3; circle=1,4,0,0,0,0,0,0,0
circulation,4,circulation=4,4,0,0,0,0,0,0,0
circumstance,4,circumstances=3; circumstance=1,4,0,0,0,0,0,0,0
citium,4,citium=4,0,4,0,0,0,0,0,0
clever,4,clever=4,0,0,0,0,4,0,0,0
climb,4,climb=3; climbing=1,0,0,4,0,0,0,0,0
coat,4,coat=3; coats=1,4,0,0,0,0,0,0,0
coherent,4,coherent=4,0,0,0,0,4,0,0,0
cohesive,4,cohesive=4,1,0,0,0,3,0,0,0
colour,4,colours=3; colour=1,4,0,0,0,0,0,0,0
comment,4,comments=4,4,0,0,0,0,0,0,0
commit,4,commit=2; committed=1; committing=1,0,0,4,0,0,0,0,0
communicative,4,communicative=4,0,0,0,0,4,0,0,0
comparable,4,comparable=4,0,0,0,0,4,0,0,0
compatible,4,compatible=4,0,0,0,0,4,0,0,0
comprehension,4,comprehension=4,4,0,0,0,0,0,0,0
conditioner,4,conditioner=2; conditioners=2,4,0,0,0,0,0,0,0
confidence,4,confidence=4,3,1,0,0,0,0,0,0
confused,4,confused=4,0,3,0,0,1,0,0,0
consciousness,4,consciousness=4,4,0,0,0,0,0,0,0
consult,4,consult=1; consulted=1; consulting=1; consults=1,0,1,3,0,0,0,0,0
containment,4,containment=4,4,0,0,0,0,0,0,0
contamination,4,contamination=4,4,0,0,0,0,0,0,0
contradict,4,contradict=2; contradicts=2,0,0,4,0,0,0,0,0
convincing,4,convincing=4,0,1,0,0,3,0,0,0
corporate,4,corporate=4,0,0,0,0,4,0,0,0
cosine,4,cosine=4,4,0,0,0,0,0,0,0
counterintuitive,4,counterintuitive=4,2,0,0,0,2,0,0,0
cousin,4,cousin=3; cousins=1,4,0,0,0,0,0,0,0
crafts,4,crafts=4,0,4,0,0,0,0,0,0
creator,4,creators=4,4,0,0,0,0,0,0,0
ct,4,ct=4,0,4,0,0,0,0,0,0
culinary,4,culinary=4,0,0,0,0,4,0,0,0
culmination,4,culmination=4,4,0,0,0,0,0,0,0
cultivate,4,cultivate=2; cultivated=1; cultivating=1,0,0,4,0,0,0,0,0
culturally,4,culturally=4,0,0,0,0,0,4,0,0
curiosity,4,curiosity=4,4,0,0,0,0,0,0,0
curriculum,4,curriculum=4,4,0,0,0,0,0,0,0
custodial,4,custodial=4,0,0,0,0,4,0,0,0
cyclist,4,cyclist=2; cyclists=2,4,0,0,0,0,0,0,0
d,4,d=4,2,2,0,0,0,0,0,0
dairy,4,dairy=4,3,0,0,0,1,0,0,0
dancing,4,dancing=4,3,1,0,0,0,0,0,0
de,4,de=4,0,2,0,0,0,0,0,2
dedicate,4,dedicate=3; dedicated=1,0,0,4,0,0,0,0,0
demographic,4,demographics=3; demographic=1,3,0,0,0,1,0,0,0
depart,4,depart=3; departs=1,0,0,4,0,0,0,0,0
detection,4,detection=4,4,0,0,0,0,0,0,0
diabete,4,diabetes=4,4,0,0,0,0,0,0,0
differently,4,differently=4,0,0,0,0,0,4,0,0
digestion,4,digestion=4,4,0,0,0,0,0,0,0
diner,4,diners=4,4,0,0,0,0,0,0,0
disappointing,4,disappointing=4,0,0,0,0,4,0,0,0
disconnect,4,disconnect=2; disconnected=1; disconnects=1,0,2,2,0,0,0,0,0
dismiss,4,dismissed=3; dismiss=1,0,0,4,0,0,0,0,0
distract,4,distracts=2; distract=1; distracting=1,1,0,3,0,0,0,0,0
distraction,4,distractions=4,4,0,0,0,0,0,0,0
disturb,4,disturbing=2; disturb=1; disturbed=1,0,0,4,0,0,0,0,0
dive,4,dive=3; diving=1,0,0,4,0,0,0,0,0
dominance,4,dominance=4,4,0,0,0,0,0,0,0
donate,4,donate=3; donating=1,0,0,4,0,0,0,0,0
doubtful,4,doubtful=4,1,1,0,0,2,0,0,0
downside,4,downside=3; downsides=1,4,0,0,0,0,0,0,0
drafter,4,drafter=3; drafters=1,4,0,0,0,0,0,0,0
eager,4,eager=4,0,1,0,0,3,0,0,0
eastgate,4,eastgate=4,0,4,0,0,0,0,0,0
ecuador,4,ecuador=4,0,4,0,0,0,0,0,0
educate,4,educating=2; educate=1; educated=1,0,0,4,0,0,0,0,0
elena,4,elena=4,0,4,0,0,0,0,0,0
eli,4,eli=4,0,4,0,0,0,0,0,0
eligible,4,eligible=4,0,0,0,0,4,0,0,0
elsewhere,4,elsewhere=4,0,0,0,0,0,4,0,0
embed,4,embedded=4,0,0,4,0,0,0,0,0
enceladus,4,enceladus=4,0,4,0,0,0,0,0,0
enemy,4,enemies=2; enemy=2,4,0,0,0,0,0,0,0
engl,4,engl=4,0,4,0,0,0,0,0,0
enrollment,4,enrollment=4,3,1,0,0,0,0,0,0
enterprise,4,enterprise=3; enterprises=1,4,0,0,0,0,0,0,0
enthusiasm,4,enthusiasm=4,4,0,0,0,0,0,0,0
enzyme,4,enzymes=4,4,0,0,0,0,0,0,0
ephesus,4,ephesus=4,0,4,0,0,0,0,0,0
equally,4,equally=4,0,0,0,0,0,4,0,0
equanimity,4,equanimity=4,4,0,0,0,0,0,0,0
equilibrium,4,equilibrium=4,4,0,0,0,0,0,0,0
erroneous,4,erroneous=4,0,0,0,0,4,0,0,0
eruption,4,eruptions=4,4,0,0,0,0,0,0,0
europa,4,europa=4,0,4,0,0,0,0,0,0
evans,4,evans=4,0,4,0,0,0,0,0,0
exact,4,exact=4,0,0,0,0,4,0,0,0
exaggerated,4,exaggerated=4,0,0,0,0,4,0,0,0
exceptionally,4,exceptionally=4,0,0,0,0,0,4,0,0
exclude,4,excluded=2; exclude=1; excludes=1,0,0,4,0,0,0,0,0
exemplify,4,exemplified=2; exemplifies=1; exemplify=1,0,0,4,0,0,0,0,0
existence,4,existence=4,4,0,0,0,0,0,0,0
exit,4,exit=4,3,0,1,0,0,0,0,0
exoskeleton,4,exoskeletons=3; exoskeleton=1,3,1,0,0,0,0,0,0
experimentation,4,experimentation=4,4,0,0,0,0,0,0,0
extension,4,extension=4,4,0,0,0,0,0,0,0
extraction,4,extraction=4,4,0,0,0,0,0,0,0
facade,4,facades=4,4,0,0,0,0,0,0,0
fifteen,4,fifteen=4,0,1,0,0,0,0,0,3
filing,4,filing=4,4,0,0,0,0,0,0,0
filtering,4,filtering=4,4,0,0,0,0,0,0,0
finalize,4,finalize=2; finalized=1; finalizing=1,0,0,4,0,0,0,0,0
firsthand,4,firsthand=4,0,0,0,0,0,4,0,0
flaw,4,flaw=2; flaws=2,4,0,0,0,0,0,0,0
flicker,4,flickering=3; flickers=1,0,0,4,0,0,0,0,0
forehead,4,forehead=4,4,0,0,0,0,0,0,0
formula,4,formulas=3; formula=1,4,0,0,0,0,0,0,0
fracture,4,fractures=4,4,0,0,0,0,0,0,0
fridays,4,fridays=4,0,4,0,0,0,0,0,0
frustrate,4,frustrated=4,0,0,4,0,0,0,0,0
functionality,4,functionality=4,4,0,0,0,0,0,0,0
functioning,4,functioning=4,4,0,0,0,0,0,0,0
funny,4,funny=4,0,0,0,0,4,0,0,0
galileo,4,galileo=4,0,4,0,0,0,0,0,0
galton,4,galton=4,0,4,0,0,0,0,0,0
gear,4,gear=2; geared=1; gears=1,3,0,1,0,0,0,0,0
genome,4,genome=2; genomes=2,4,0,0,0,0,0,0,0
geographer,4,geographer=2; geographers=2,4,0,0,0,0,0,0,0
geographic,4,geographic=4,0,0,0,0,4,0,0,0
geothermal,4,geothermal=4,0,0,0,0,4,0,0,0
gpu,4,gpus=4,4,0,0,0,0,0,0,0
grand,4,grand=4,0,2,0,0,2,0,0,0
granular,4,granular=4,0,0,0,0,4,0,0,0
graphical,4,graphical=4,0,0,0,0,4,0,0,0
grass,4,grass=3; grasses=1,4,0,0,0,0,0,0,0
gravitation,4,gravitation=4,4,0,0,0,0,0,0,0
greenery,4,greenery=4,3,1,0,0,0,0,0,0
groundbreake,4,groundbreaking=4,0,0,4,0,0,0,0,0
groundbreaking,4,groundbreaking=4,2,0,0,0,2,0,0,0
groundwork,4,groundwork=4,4,0,0,0,0,0,0,0
hat,4,hates=2; hats=2,2,0,2,0,0,0,0,0
hawaii,4,hawaii=4,0,4,0,0,0,0,0,0
headphone,4,headphones=4,4,0,0,0,0,0,0,0
herd,4,herd=2; herded=1; herds=1,3,0,1,0,0,0,0,0
herself,4,herself=4,0,0,0,0,0,0,4,0
hesitate,4,hesitate=4,0,1,3,0,0,0,0,0
hiram,4,hiram=4,0,4,0,0,0,0,0,0
hormone,4,hormone=4,4,0,0,0,0,0,0,0
humus,4,humus=4,1,3,0,0,0,0,0,0
hunter,4,hunter=3; hunters=1,4,0,0,0,0,0,0,0
hygiene,4,hygiene=4,4,0,0,0,0,0,0,0
hypothesize,4,hypothesizes=3; hypothesize=1,0,0,4,0,0,0,0,0
imitate,4,imitate=3; imitating=1,0,0,4,0,0,0,0,0
immune,4,immune=4,0,0,0,0,4,0,0,0
impression,4,impression=4,4,0,0,0,0,0,0,0
impressionism,4,impressionism=4,1,3,0,0,0,0,0,0
impulsive,4,impulsive=4,0,0,0,0,4,0,0,0
inaccurate,4,inaccurate=4,0,0,0,0,4,0,0,0
inclusion,4,inclusion=2; inclusions=2,4,0,0,0,0,0,0,0
incomplete,4,incomplete=4,0,0,0,0,4,0,0,0
induce,4,induce=2; induced=1; inducing=1,0,0,4,0,0,0,0,0
infectious,4,infectious=4,0,0,0,0,4,0,0,0
info,4,info=4,4,0,0,0,0,0,0,0
infringe,4,infringes=3; infringing=1,0,0,4,0,0,0,0,0
inspiring,4,inspiring=4,0,0,0,0,4,0,0,0
instrumental,4,instrumental=4,0,0,0,0,4,0,0,0
intramural,4,intramural=4,0,0,0,0,4,0,0,0
january,4,january=4,0,4,0,0,0,0,0,0
jasmine,4,jasmine=4,1,3,0,0,0,0,0,0
jim,4,jim=4,0,4,0,0,0,0,0,0
jimmy,4,jimmy=4,1,3,0,0,0,0,0,0
josie,4,josie=4,3,1,0,0,0,0,0,0
journal,4,journal=3; journals=1,4,0,0,0,0,0,0,0
julia,4,julia=4,1,3,0,0,0,0,0,0
junior,4,junior=4,0,1,0,0,3,0,0,0
kid,4,kids=4,4,0,0,0,0,0,0,0
knowledgeable,4,knowledgeable=4,0,0,0,0,4,0,0,0
lane,4,lane=3; lanes=1,1,3,0,0,0,0,0,0
lapis,4,lapis=4,2,0,0,0,2,0,0,0
laser,4,laser=4,4,0,0,0,0,0,0,0
latter,4,latter=4,1,0,0,0,3,0,0,0
laundry,4,laundry=4,0,1,0,0,3,0,0,0
lazuli,4,lazuli=4,3,1,0,0,0,0,0,0
lear,4,lear=4,0,4,0,0,0,0,0,0
leg,4,legs=4,4,0,0,0,0,0,0,0
lion,4,lions=3; lion=1,4,0,0,0,0,0,0,0
lithornis,4,lithornis=4,0,4,0,0,0,0,0,0
lively,4,lively=4,0,1,0,0,3,0,0,0
longshore,4,longshore=4,0,0,0,0,4,0,0,0
louis,4,louis=4,0,4,0,0,0,0,0,0
lung,4,lungs=4,4,0,0,0,0,0,0,0
machinery,4,machinery=4,4,0,0,0,0,0,0,0
maritime,4,maritime=4,0,0,0,0,4,0,0,0
martinez,4,martinez=4,0,4,0,0,0,0,0,0
master,4,master=3; mastering=1,2,0,2,0,0,0,0,0
matt,4,matt=4,0,4,0,0,0,0,0,0
maxim,4,maxim=4,0,4,0,0,0,0,0,0
maximization,4,maximization=4,4,0,0,0,0,0,0,0
maximize,4,maximize=3; maximizing=1,0,0,4,0,0,0,0,0
melatonin,4,melatonin=4,2,2,0,0,0,0,0,0
mere,4,mere=4,0,0,0,0,4,0,0,0
mesosystem,4,mesosystem=4,4,0,0,0,0,0,0,0
metabolism,4,metabolism=4,4,0,0,0,0,0,0,0
mexican,4,mexican=4,0,0,0,0,4,0,0,0
mindful,4,mindful=4,0,0,0,0,4,0,0,0
mixed,4,mixed=4,0,0,0,0,4,0,0,0
moderate,4,moderate=4,0,0,0,0,4,0,0,0
modernism,4,modernism=4,0,4,0,0,0,0,0,0
modest,4,modest=4,0,0,0,0,4,0,0,0
module,4,module=2; modules=2,4,0,0,0,0,0,0,0
molten,4,molten=4,0,0,0,0,4,0,0,0
monetary,4,monetary=4,0,0,0,0,4,0,0,0
morowitz,4,morowitz=4,0,4,0,0,0,0,0,0
motivated,4,motivated=4,0,0,0,0,4,0,0,0
motivational,4,motivational=4,0,0,0,0,4,0,0,0
necessarily,4,necessarily=4,0,0,0,0,0,4,0,0
nectar,4,nectar=4,3,1,0,0,0,0,0,0
negotiation,4,negotiations=4,4,0,0,0,0,0,0,0
networks,4,networks=4,0,4,0,0,0,0,0,0
neural,4,neural=4,0,0,0,0,4,0,0,0
newsletter,4,newsletter=4,4,0,0,0,0,0,0,0
nocturnal,4,nocturnal=4,0,0,0,0,4,0,0,0
noticeable,4,noticeable=4,0,0,0,0,4,0,0,0
notification,4,notifications=3; notification=1,4,0,0,0,0,0,0,0
nutritional,4,nutritional=4,0,0,0,0,4,0,0,0
objection,4,objection=2; objections=2,4,0,0,0,0,0,0,0
obscure,4,obscured=3; obscure=1,0,0,3,0,1,0,0,0
oceanography,4,oceanography=4,1,3,0,0,0,0,0,0
operating,4,operating=4,4,0,0,0,0,0,0,0
opposite,4,opposite=4,3,0,0,0,1,0,0,0
optimistic,4,optimistic=4,0,1,0,0,3,0,0,0
outage,4,outage=2; outages=2,4,0,0,0,0,0,0,0
overcrowding,4,overcrowding=4,4,0,0,0,0,0,0,0
overdue,4,overdue=4,0,0,0,0,4,0,0,0
overload,4,overload=4,2,0,2,0,0,0,0,0
overly,4,overly=4,0,0,0,0,0,4,0,0
overnight,4,overnight=4,0,0,0,0,0,4,0,0
overstate,4,overstates=3; overstated=1,0,0,4,0,0,0,0,0
pablo,4,pablo=4,0,4,0,0,0,0,0,0
packaging,4,packaging=4,4,0,0,0,0,0,0,0
pain,4,pain=4,4,0,0,0,0,0,0,0
partly,4,partly=4,0,0,0,0,0,4,0,0
patch,4,patch=2; patches=2,4,0,0,0,0,0,0,0
patent,4,patented=3; patents=1,1,0,3,0,0,0,0,0
peat,4,peat=4,4,0,0,0,0,0,0,0
penetrate,4,penetrate=4,1,0,3,0,0,0,0,0
percentage,4,percentage=4,4,0,0,0,0,0,0,0
perpendicular,4,perpendicular=4,0,0,0,0,4,0,0,0
persistent,4,persistent=4,0,0,0,0,4,0,0,0
personalization,4,personalization=4,4,0,0,0,0,0,0,0
pesticide,4,pesticides=3; pesticide=1,4,0,0,0,0,0,0,0
peter,4,peter=4,0,4,0,0,0,0,0,0
phenomena,4,phenomena=4,2,2,0,0,0,0,0,0
photovoltaic,4,photovoltaic=4,0,2,0,0,2,0,0,0
picky,4,picky=4,0,0,0,0,4,0,0,0
placement,4,placement=4,4,0,0,0,0,0,0,0
plane,4,plane=4,4,0,0,0,0,0,0,0
playwright,4,playwrights=4,4,0,0,0,0,0,0,0
plumbing,4,plumbing=4,4,0,0,0,0,0,0,0
poetry,4,poetry=4,4,0,0,0,0,0,0,0
polar,4,polar=4,0,0,0,0,4,0,0,0
pollen,4,pollen=4,4,0,0,0,0,0,0,0
polynomial,4,polynomial=3; polynomials=1,1,0,0,0,3,0,0,0
popularize,4,popularized=4,0,0,4,0,0,0,0,0
portfolio,4,portfolio=4,4,0,0,0,0,0,0,0
portray,4,portray=3; portrayed=1,0,0,4,0,0,0,0,0
potato,4,potato=4,3,1,0,0,0,0,0,0
preservation,4,preservation=4,3,1,0,0,0,0,0,0
prevail,4,prevailing=4,0,0,4,0,0,0,0,0
prevalent,4,prevalent=4,0,0,0,0,4,0,0,0
pride,4,pride=3; prides=1,4,0,0,0,0,0,0,0
probability,4,probability=4,4,0,0,0,0,0,0,0
problematic,4,problematic=4,1,0,0,0,3,0,0,0
proceed,4,proceed=2; proceeds=2,2,0,2,0,0,0,0,0
progressive,4,progressive=4,0,0,0,0,4,0,0,0
prohibit,4,prohibited=3; prohibits=1,0,0,4,0,0,0,0,0
promotion,4,promotion=2; promotions=2,4,0,0,0,0,0,0,0
protective,4,protective=4,0,0,0,0,4,0,0,0
pulsar,4,pulsars=4,4,0,0,0,0,0,0,0
purely,4,purely=4,0,0,0,0,0,4,0,0
purification,4,purification=4,4,0,0,0,0,0,0,0
purity,4,purity=4,2,1,1,0,0,0,0,0
pursuit,4,pursuit=4,4,0,0,0,0,0,0,0
quarter,4,quarter=2; quarters=2,4,0,0,0,0,0,0,0
quota,4,quotas=4,4,0,0,0,0,0,0,0
radioactive,4,radioactive=4,0,0,0,0,4,0,0,0
rainy,4,rainy=4,0,0,0,0,4,0,0,0
ray,4,rays=4,4,0,0,0,0,0,0,0
recipient,4,recipients=3; recipient=1,4,0,0,0,0,0,0,0
reconstruction,4,reconstruction=4,4,0,0,0,0,0,0,0
recreation,4,recreation=4,2,2,0,0,0,0,0,0
recyclable,4,recyclable=4,0,0,0,0,4,0,0,0
reframe,4,reframe=4,0,0,4,0,0,0,0,0
refrigerator,4,refrigerator=3; refrigerators=1,4,0,0,0,0,0,0,0
regardless,4,regardless=4,0,0,0,0,0,4,0,0
related,4,related=4,0,0,0,0,4,0,0,0
relaxed,4,relaxed=4,0,1,0,0,3,0,0,0
relevance,4,relevance=4,4,0,0,0,0,0,0,0
relieve,4,relieve=3; relieved=1,1,0,3,0,0,0,0,0
religion,4,religion=4,4,0,0,0,0,0,0,0
renovate,4,renovated=3; renovating=1,0,0,4,0,0,0,0,0
repeatedly,4,repeatedly=4,0,0,0,0,0,4,0,0
reproductive,4,reproductive=4,0,0,0,0,4,0,0,0
responsive,4,responsive=4,0,0,0,0,4,0,0,0
restock,4,restock=2; restocked=1; restocking=1,0,0,4,0,0,0,0,0
restriction,4,restrictions=4,4,0,0,0,0,0,0,0
retreat,4,retreat=4,3,1,0,0,0,0,0,0
retrieve,4,retrieve=3; retrieves=1,0,0,4,0,0,0,0,0
revise,4,revise=2; revised=1; revising=1,0,1,3,0,0,0,0,0
revitalization,4,revitalization=4,4,0,0,0,0,0,0,0
rid,4,rid=3; riding=1,0,0,3,0,1,0,0,0
ripe,4,ripe=4,0,0,0,0,4,0,0,0
riverside,4,riverside=4,0,4,0,0,0,0,0,0
rooftop,4,rooftop=2; rooftops=2,4,0,0,0,0,0,0,0
rose,4,roses=3; rose=1,3,0,0,0,1,0,0,0
ruin,4,ruins=4,3,0,1,0,0,0,0,0
ruling,4,ruling=4,4,0,0,0,0,0,0,0
safeguard,4,safeguard=2; safeguarded=1; safeguards=1,1,0,3,0,0,0,0,0
sagan,4,sagan=4,0,4,0,0,0,0,0,0
sam,4,sam=4,0,4,0,0,0,0,0,0
scatter,4,scattered=2; scatter=1; scatters=1,2,0,2,0,0,0,0,0
scholarly,4,scholarly=4,0,0,0,0,4,0,0,0
scotland,4,scotland=4,0,4,0,0,0,0,0,0
scrutinize,4,scrutinizing=4,0,0,4,0,0,0,0,0
seabed,4,seabed=4,4,0,0,0,0,0,0,0
seamlessly,4,seamlessly=4,0,0,0,0,0,4,0,0
semiconductor,4,semiconductor=4,4,0,0,0,0,0,0,0
sensation,4,sensation=4,4,0,0,0,0,0,0,0
sensory,4,sensory=4,0,0,0,0,4,0,0,0
seriously,4,seriously=4,0,0,0,0,0,4,0,0
serotonin,4,serotonin=4,2,2,0,0,0,0,0,0
shakespeare,4,shakespeare=4,0,4,0,0,0,0,0,0
shine,4,shine=4,2,0,2,0,0,0,0,0
shipment,4,shipment=2; shipments=2,4,0,0,0,0,0,0,0
shortage,4,shortages=3; shortage=1,4,0,0,0,0,0,0,0
shrink,4,shrinking=3; shrinks=1,1,0,3,0,0,0,0,0
silent,4,silent=4,0,0,0,0,4,0,0,0
sine,4,sine=4,0,0,2,0,2,0,0,0
sinosauropteryx,4,sinosauropteryx=4,0,4,0,0,0,0,0,0
skew,4,skew=4,0,0,4,0,0,0,0,0
skilled,4,skilled=4,0,0,0,0,4,0,0,0
skip,4,skip=2; skipping=2,0,0,4,0,0,0,0,0
slight,4,slight=3; slightest=1,0,1,0,0,3,0,0,0
slot,4,slot=3; slots=1,4,0,0,0,0,0,0,0
snake,4,snake=2; snakes=2,4,0,0,0,0,0,0,0
sodium,4,sodium=4,4,0,0,0,0,0,0,0
solely,4,solely=4,0,0,0,0,0,4,0,0
solutions,4,solutions=4,0,4,0,0,0,0,0,0
sometime,4,sometime=4,0,1,0,0,0,3,0,0
southeast,4,southeast=4,0,2,0,0,2,0,0,0
soybean,4,soybeans=4,4,0,0,0,0,0,0,0
species,4,species=4,3,1,0,0,0,0,0,0
spontaneous,4,spontaneous=4,0,0,0,0,4,0,0,0
sporting,4,sporting=4,4,0,0,0,0,0,0,0
stamp,4,stamps=2; stamp=1; stamped=1,3,0,1,0,0,0,0,0
standardized,4,standardized=4,0,0,0,0,4,0,0,0
stark,4,stark=4,0,0,0,0,4,0,0,0
starter,4,starter=2; starters=2,2,0,0,0,2,0,0,0
steady,4,steady=3; steadier=1,0,1,0,0,3,0,0,0
stimulus,4,stimuli=4,4,0,0,0,0,0,0,0
stm,4,stm=4,0,4,0,0,0,0,0,0
stomach,4,stomach=4,4,0,0,0,0,0,0,0
stormwater,4,stormwater=4,4,0,0,0,0,0,0,0
strive,4,strive=3; striving=1,0,0,4,0,0,0,0,0
stunning,4,stunning=4,0,0,0,0,4,0,0,0
subjective,4,subjective=4,0,0,0,0,4,0,0,0
submerge,4,submerged=3; submerging=1,0,0,4,0,0,0,0,0
succeed,4,succeed=4,0,0,4,0,0,0,0,0
succulent,4,succulents=4,4,0,0,0,0,0,0,0
suffer,4,suffering=3; suffered=1,0,0,4,0,0,0,0,0
sufficient,4,sufficient=4,0,0,0,0,4,0,0,0
sundays,4,sundays=4,0,4,0,0,0,0,0,0
supercontinent,4,supercontinent=4,4,0,0,0,0,0,0,0
supportive,4,supportive=4,0,0,0,0,4,0,0,0
sustained,4,sustained=4,0,0,0,0,4,0,0,0
sweatshirt,4,sweatshirt=3; sweatshirts=1,4,0,0,0,0,0,0,0
swiss,4,swiss=4,0,0,0,0,4,0,0,0
syllable,4,syllables=4,4,0,0,0,0,0,0,0
symbiosis,4,symbiosis=4,4,0,0,0,0,0,0,0
symbiotic,4,symbiotic=4,0,0,0,0,4,0,0,0
symbolize,4,symbolizing=2; symbolize=1; symbolized=1,0,0,4,0,0,0,0,0
syntax,4,syntax=4,4,0,0,0,0,0,0,0
synthesis,4,synthesis=4,4,0,0,0,0,0,0,0
synthesizer,4,synthesizers=3; synthesizer=1,4,0,0,0,0,0,0,0
tackle,4,tackle=4,0,0,4,0,0,0,0,0
talented,4,talented=4,0,0,0,0,4,0,0,0
tanzania,4,tanzania=4,0,4,0,0,0,0,0,0
tax,4,tax=3; taxing=1,3,0,1,0,0,0,0,0
taxation,4,taxation=4,4,0,0,0,0,0,0,0
taxi,4,taxi=4,4,0,0,0,0,0,0,0
tear,4,tear=4,2,0,2,0,0,0,0,0
temple,4,temples=3; temple=1,4,0,0,0,0,0,0,0
territorial,4,territorial=4,0,0,0,0,4,0,0,0
tetrodotoxin,4,tetrodotoxin=4,3,1,0,0,0,0,0,0
thanks,4,thanks=4,0,4,0,0,0,0,0,0
theatre,4,theatre=4,3,1,0,0,0,0,0,0
therefore,4,therefore=4,0,0,0,0,0,4,0,0
thermonuclear,4,thermonuclear=4,0,4,0,0,0,0,0,0
theropod,4,theropod=4,0,0,0,0,4,0,0,0
thoughtfully,4,thoughtfully=4,0,0,0,0,0,4,0,0
thread,4,thread=2; threads=2,4,0,0,0,0,0,0,0
tiffany,4,tiffany=4,0,4,0,0,0,0,0,0
tight,4,tight=4,0,0,0,0,3,1,0,0
tissue,4,tissues=4,4,0,0,0,0,0,0,0
tokamak,4,tokamaks=4,4,0,0,0,0,0,0,0
ton,4,tons=4,4,0,0,0,0,0,0,0
total,4,total=4,2,0,0,0,2,0,0,0
touching,4,touching=4,0,0,0,0,4,0,0,0
tough,4,tough=3; toughest=1,0,0,0,0,4,0,0,0
tower,4,towers=3; tower=1,4,0,0,0,0,0,0,0
trader,4,traders=4,4,0,0,0,0,0,0,0
transaction,4,transactions=3; transaction=1,4,0,0,0,0,0,0,0
transient,4,transient=4,0,0,0,0,4,0,0,0
transmit,4,transmit=3; transmitted=1,0,0,4,0,0,0,0,0
tropical,4,tropical=4,0,0,0,0,4,0,0,0
twist,4,twists=2; twist=1; twisted=1,3,0,1,0,0,0,0,0
ultimately,4,ultimately=4,0,0,0,0,0,4,0,0
unavailable,4,unavailable=4,0,0,0,0,4,0,0,0
uncle,4,uncle=2; uncles=2,4,0,0,0,0,0,0,0
unconventional,4,unconventional=4,0,0,0,0,4,0,0,0
unfair,4,unfair=4,0,0,0,0,4,0,0,0
unhealthy,4,unhealthy=4,0,0,0,0,4,0,0,0
unity,4,unity=4,4,0,0,0,0,0,0,0
unknown,4,unknown=4,0,0,0,0,4,0,0,0
unsuitable,4,unsuitable=4,0,0,0,0,4,0,0,0
unusually,4,unusually=4,0,0,0,0,0,4,0,0
unveil,4,unveiled=2; unveiling=2,0,0,4,0,0,0,0,0
urge,4,urge=4,0,0,4,0,0,0,0,0
urgent,4,urgent=4,0,0,0,0,4,0,0,0
usefulness,4,usefulness=4,4,0,0,0,0,0,0,0
users,4,users=4,0,4,0,0,0,0,0,0
validate,4,validated=4,0,0,4,0,0,0,0,0
variability,4,variability=4,4,0,0,0,0,0,0,0
varied,4,varied=4,0,0,0,0,4,0,0,0
vc,4,vc=4,0,4,0,0,0,0,0,0
vessel,4,vessel=2; vessels=2,4,0,0,0,0,0,0,0
via,4,via=4,0,0,0,0,0,0,0,4
violation,4,violations=4,4,0,0,0,0,0,0,0
violin,4,violin=4,4,0,0,0,0,0,0,0
volcano,4,volcanoes=3; volcano=1,4,0,0,0,0,0,0,0
vote,4,vote=4,1,1,2,0,0,0,0,0
wavelet,4,wavelet=4,4,0,0,0,0,0,0,0
wing,4,wing=2; wings=2,4,0,0,0,0,0,0,0
wintering,4,wintering=4,4,0,0,0,0,0,0,0
wipe,4,wiped=2; wipe=1; wipes=1,1,0,3,0,0,0,0,0
workbench,4,workbench=4,4,0,0,0,0,0,0,0
workforce,4,workforce=4,4,0,0,0,0,0,0,0
yawn,4,yawns=2; yawn=1; yawning=1,1,0,2,0,0,1,0,0
youth,4,youth=4,4,0,0,0,0,0,0,0
zeno,4,zeno=4,0,4,0,0,0,0,0,0
abnormality,3,abnormalities=3,3,0,0,0,0,0,0,0
aboard,3,aboard=3,0,0,0,0,0,0,0,3
abstraction,3,abstraction=3,3,0,0,0,0,0,0,0
abundant,3,abundant=3,0,0,0,0,3,0,0,0
accessibility,3,accessibility=3,3,0,0,0,0,0,0,0
accessory,3,accessories=3,3,0,0,0,0,0,0,0
accomplish,3,accomplish=2; accomplishing=1,0,0,3,0,0,0,0,0
accomplishment,3,accomplishment=3,3,0,0,0,0,0,0,0
accustom,3,accustomed=3,0,0,3,0,0,0,0,0
activate,3,activated=2; activate=1,0,0,3,0,0,0,0,0
actuator,3,actuators=3,3,0,0,0,0,0,0,0
adams,3,adams=3,0,3,0,0,0,0,0,0
adaptable,3,adaptable=3,0,1,0,0,2,0,0,0
admit,3,admit=1; admitted=1; admitting=1,0,0,3,0,0,0,0,0
aerobics,3,aerobics=3,3,0,0,0,0,0,0,0
aerosol,3,aerosols=3,3,0,0,0,0,0,0,0
affordability,3,affordability=3,3,0,0,0,0,0,0,0
afterward,3,afterward=3,0,0,0,0,0,3,0,0
ahmed,3,ahmed=3,0,3,0,0,0,0,0,0
airline,3,airline=2; airlines=1,3,0,0,0,0,0,0,0
alike,3,alike=3,0,0,0,0,0,3,0,0
alive,3,alive=3,0,0,0,0,3,0,0,0
alleviate,3,alleviate=3,1,0,2,0,0,0,0,0
alongside,3,alongside=3,0,0,0,0,0,0,0,3
alternate,3,alternate=2; alternating=1,0,0,2,0,1,0,0,0
amateur,3,amateur=2; amateurs=1,1,0,0,0,2,0,0,0
ambulance,3,ambulance=3,3,0,0,0,0,0,0,0
animals,3,animals=3,0,3,0,0,0,0,0,0
anisotropy,3,anisotropies=3,3,0,0,0,0,0,0,0
annex,3,annex=3,3,0,0,0,0,0,0,0
annoying,3,annoying=3,0,0,0,0,3,0,0,0
antimicrobial,3,antimicrobial=3,0,0,0,0,3,0,0,0
appropriation,3,appropriation=3,3,0,0,0,0,0,0,0
aptitude,3,aptitude=3,3,0,0,0,0,0,0,0
archive,3,archives=2; archive=1,3,0,0,0,0,0,0,0
areas,3,areas=3,0,3,0,0,0,0,0,0
armor,3,armor=3,3,0,0,0,0,0,0,0
arthropod,3,arthropods=3,3,0,0,0,0,0,0,0
asbestos,3,asbestos=3,3,0,0,0,0,0,0,0
ash,3,ash=3,3,0,0,0,0,0,0,0
aspen,3,aspen=3,1,0,2,0,0,0,0,0
astronomical,3,astronomical=3,0,0,0,0,3,0,0,0
atomic,3,atomic=3,0,0,0,0,3,0,0,0
aunt,3,aunt=3,3,0,0,0,0,0,0,0
australia,3,australia=3,0,3,0,0,0,0,0,0
authorship,3,authorship=3,3,0,0,0,0,0,0,0
backing,3,backing=3,3,0,0,0,0,0,0,0
badi,3,badis=3,3,0,0,0,0,0,0,0
baiji,3,baiji=3,3,0,0,0,0,0,0,0
baking,3,baking=3,3,0,0,0,0,0,0,0
balancing,3,balancing=3,0,3,0,0,0,0,0,0
ban,3,ban=1; banned=1; bans=1,1,0,2,0,0,0,0,0
bang,3,bang=3,0,3,0,0,0,0,0,0
banquet,3,banquet=3,3,0,0,0,0,0,0,0
bauhaus,3,bauhaus=3,0,3,0,0,0,0,0,0
beam,3,beams=3,3,0,0,0,0,0,0,0
beaver,3,beavers=2; beaver=1,3,0,0,0,0,0,0,0
beforehand,3,beforehand=3,0,0,0,0,0,3,0,0
bend,3,bend=2; bends=1,0,0,3,0,0,0,0,0
benzie,3,benzie=3,0,3,0,0,0,0,0,0
berlioz,3,berlioz=3,0,3,0,0,0,0,0,0
berry,3,berries=3,3,0,0,0,0,0,0,0
bet,3,bet=3,0,0,3,0,0,0,0,0
beverage,3,beverage=3,3,0,0,0,0,0,0,0
biased,3,biased=3,0,0,0,0,3,0,0,0
bioacoustics,3,bioacoustics=3,0,3,0,0,0,0,0,0
biodegradable,3,biodegradable=3,0,0,0,0,3,0,0,0
biofertilizers,3,biofertilizers=3,0,3,0,0,0,0,0,0
biologist,3,biologists=2; biologist=1,3,0,0,0,0,0,0,0
biro,3,biro=3,0,3,0,0,0,0,0,0
birth,3,birth=3,3,0,0,0,0,0,0,0
blight,3,blight=3,3,0,0,0,0,0,0,0
bliss,3,bliss=3,0,3,0,0,0,0,0,0
bloodstream,3,bloodstream=3,3,0,0,0,0,0,0,0
blur,3,blur=2; blurring=1,0,0,3,0,0,0,0,0
booklet,3,booklet=2; booklets=1,3,0,0,0,0,0,0,0
booming,3,booming=3,0,0,0,0,3,0,0,0
bore,3,bored=3,0,0,3,0,0,0,0,0
bossa,3,bossa=3,1,0,0,0,2,0,0,0
bounce,3,bounce=2; bounced=1,0,0,3,0,0,0,0,0
bowl,3,bowls=2; bowling=1,2,0,1,0,0,0,0,0
brad,3,brad=3,0,3,0,0,0,0,0,0
brazilian,3,brazilian=3,0,0,0,0,3,0,0,0
bread,3,bread=3,2,1,0,0,0,0,0,0
breathe,3,breathe=2; breathing=1,0,0,3,0,0,0,0,0
breathing,3,breathing=3,3,0,0,0,0,0,0,0
breed,3,breed=2; breeding=1,1,0,2,0,0,0,0,0
brochure,3,brochure=2; brochures=1,3,0,0,0,0,0,0,0
buoyancy,3,buoyancy=3,3,0,0,0,0,0,0,0
buoyant,3,buoyant=3,0,0,0,0,3,0,0,0
burst,3,bursts=2; burst=1,1,0,2,0,0,0,0,0
bury,3,buried=3,0,0,3,0,0,0,0,0
bustling,3,bustling=3,0,0,0,0,3,0,0,0
butter,3,butter=3,3,0,0,0,0,0,0,0
buzz,3,buzz=2; buzzing=1,2,0,1,0,0,0,0,0
cadmium,3,cadmium=3,3,0,0,0,0,0,0,0
caffeine,3,caffeine=3,3,0,0,0,0,0,0,0
calibrate,3,calibrated=3,0,0,3,0,0,0,0,0
camel,3,camels=3,3,0,0,0,0,0,0,0
campsite,3,campsites=2; campsite=1,3,0,0,0,0,0,0,0
capitalize,3,capitalize=2; capitalized=1,0,0,3,0,0,0,0,0
capsule,3,capsule=2; capsules=1,3,0,0,0,0,0,0,0
captive,3,captive=3,0,0,0,0,3,0,0,0
carl,3,carl=3,0,3,0,0,0,0,0,0
carolingian,3,carolingian=3,0,3,0,0,0,0,0,0
casual,3,casual=3,0,1,0,0,2,0,0,0
catering,3,catering=3,3,0,0,0,0,0,0,0
cathedral,3,cathedrals=2; cathedral=1,2,0,0,0,1,0,0,0
caution,3,cautions=2; caution=1,1,0,2,0,0,0,0,0
cautionary,3,cautionary=3,0,0,0,0,3,0,0,0
cetaceans,3,cetaceans=3,0,3,0,0,0,0,0,0
chapter,3,chapters=2; chapter=1,3,0,0,0,0,0,0,0
charlemagne,3,charlemagne=3,0,3,0,0,0,0,0,0
checkout,3,checkout=3,3,0,0,0,0,0,0,0
chicago,3,chicago=3,0,3,0,0,0,0,0,0
chick,3,chicks=3,3,0,0,0,0,0,0,0
children,3,children=3,0,3,0,0,0,0,0,0
chime,3,chimes=3,2,0,1,0,0,0,0,0
christianity,3,christianity=3,0,3,0,0,0,0,0,0
chromatophore,3,chromatophores=2; chromatophore=1,3,0,0,0,0,0,0,0
chunk,3,chunks=3,3,0,0,0,0,0,0,0
cities,3,cities=3,0,3,0,0,0,0,0,0
clark,3,clark=3,0,3,0,0,0,0,0,0
classify,3,classified=2; classifying=1,0,0,3,0,0,0,0,0
cleaning,3,cleaning=3,2,1,0,0,0,0,0,0
clinic,3,clinic=3,3,0,0,0,0,0,0,0
cloudy,3,cloudy=3,0,0,0,0,3,0,0,0
coercive,3,coercive=3,0,0,0,0,3,0,0,0
cohort,3,cohort=2; cohorts=1,3,0,0,0,0,0,0,0
collide,3,collide=3,0,0,3,0,0,0,0,0
collins,3,collins=3,0,3,0,0,0,0,0,0
commentary,3,commentary=3,3,0,0,0,0,0,0,0
compact,3,compacted=2; compact=1,0,0,2,0,1,0,0,0
compaction,3,compaction=3,3,0,0,0,0,0,0,0
comparative,3,comparative=3,0,0,0,0,3,0,0,0
compassion,3,compassion=3,3,0,0,0,0,0,0,0
compensate,3,compensate=2; compensates=1,0,0,3,0,0,0,0,0
compress,3,compressed=2; compresses=1,0,0,3,0,0,0,0,0
conceptual,3,conceptual=3,0,0,0,0,3,0,0,0
confidential,3,confidential=3,0,0,0,0,3,0,0,0
confidentiality,3,confidentiality=3,3,0,0,0,0,0,0,0
confine,3,confined=2; confines=1,1,0,2,0,0,0,0,0
confusion,3,confusion=3,3,0,0,0,0,0,0,0
connotation,3,connotations=3,3,0,0,0,0,0,0,0
conscious,3,conscious=3,0,0,0,0,3,0,0,0
consequentialist,3,consequentialist=3,3,0,0,0,0,0,0,0
constellation,3,constellations=3,3,0,0,0,0,0,0,0
constituent,3,constituent=3,0,0,0,0,3,0,0,0
consultation,3,consultation=3,3,0,0,0,0,0,0,0
contend,3,contend=3,0,0,3,0,0,0,0,0
continuity,3,continuity=3,3,0,0,0,0,0,0,0
controversial,3,controversial=3,0,0,0,0,3,0,0,0
convection,3,convection=3,3,0,0,0,0,0,0,0
cooling,3,cooling=3,3,0,0,0,0,0,0,0
coordinate,3,coordinate=2; coordinated=1,0,0,3,0,0,0,0,0
cornerstone,3,cornerstone=3,3,0,0,0,0,0,0,0
courtly,3,courtly=3,0,1,0,0,1,1,0,0
courtyard,3,courtyard=2; courtyards=1,3,0,0,0,0,0,0,0
crete,3,crete=3,0,3,0,0,0,0,0,0
cricket,3,cricket=2; crickets=1,3,0,0,0,0,0,0,0
criterion,3,criteria=2; criterion=1,3,0,0,0,0,0,0,0
crust,3,crust=3,3,0,0,0,0,0,0,0
cryptobiosis,3,cryptobiosis=3,3,0,0,0,0,0,0,0
crystalline,3,crystalline=3,2,0,0,0,1,0,0,0
cumbersome,3,cumbersome=3,0,0,0,0,3,0,0,0
curator,3,curator=2; curators=1,3,0,0,0,0,0,0,0
curl,3,curl=1; curling=1; curls=1,1,0,2,0,0,0,0,0
daytime,3,daytime=3,1,0,0,0,2,0,0,0
december,3,december=3,0,3,0,0,0,0,0,0
decentralization,3,decentralization=3,3,0,0,0,0,0,0,0
dedication,3,dedication=3,3,0,0,0,0,0,0,0
deflect,3,deflect=3,0,0,3,0,0,0,0,0
defunct,3,defunct=3,0,0,0,0,3,0,0,0
degraded,3,degraded=3,0,0,0,0,3,0,0,0
delve,3,delve=2; delves=1,0,0,3,0,0,0,0,0
democratize,3,democratize=2; democratized=1,0,0,3,0,0,0,0,0
deny,3,deny=2; denied=1,0,0,3,0,0,0,0,0
departure,3,departure=3,3,0,0,0,0,0,0,0
deplete,3,depleted=2; deplete=1,0,0,2,0,1,0,0,0
descent,3,descent=3,3,0,0,0,0,0,0,0
designing,3,designing=3,1,2,0,0,0,0,0,0
destructive,3,destructive=3,0,0,0,0,3,0,0,0
developmental,3,developmental=3,0,0,0,0,3,0,0,0
dictate,3,dictate=3,0,0,3,0,0,0,0,0
differences,3,differences=3,0,3,0,0,0,0,0,0
diffract,3,diffract=3,2,0,1,0,0,0,0,0
digest,3,digest=2; digesting=1,0,0,3,0,0,0,0,0
digging,3,digging=3,3,0,0,0,0,0,0,0
dilemma,3,dilemma=3,3,0,0,0,0,0,0,0
dilute,3,dilute=3,0,0,3,0,0,0,0,0
diode,3,diodes=2; diode=1,3,0,0,0,0,0,0,0
directional,3,directional=3,0,0,0,0,3,0,0,0
dirty,3,dirty=3,0,0,0,0,3,0,0,0
disappointed,3,disappointed=3,0,0,0,0,3,0,0,0
dislike,3,dislike=1; disliked=1; dislikes=1,1,0,2,0,0,0,0,0
dismantle,3,dismantled=3,0,0,3,0,0,0,0,0
dismissal,3,dismissal=3,3,0,0,0,0,0,0,0
disparity,3,disparities=3,3,0,0,0,0,0,0,0
dispersal,3,dispersal=3,3,0,0,0,0,0,0,0
dissent,3,dissenting=3,0,0,3,0,0,0,0,0
diving,3,diving=3,3,0,0,0,0,0,0,0
donald,3,donald=3,0,3,0,0,0,0,0,0
dopamine,3,dopamine=3,3,0,0,0,0,0,0,0
dormant,3,dormant=3,0,1,0,0,2,0,0,0
dream,3,dreams=2; dreamed=1,2,0,1,0,0,0,0,0
duck,3,duck=3,3,0,0,0,0,0,0,0
dumbbell,3,dumbbells=3,3,0,0,0,0,0,0,0
dun,3,dun=3,0,3,0,0,0,0,0,0
earning,3,earnings=3,3,0,0,0,0,0,0,0
eater,3,eaters=2; eater=1,3,0,0,0,0,0,0,0
economical,3,economical=3,0,0,0,0,3,0,0,0
economically,3,economically=3,0,0,0,0,0,3,0,0
elevator,3,elevator=3,3,0,0,0,0,0,0,0
elicit,3,elicit=3,0,0,3,0,0,0,0,0
embryo,3,embryos=3,3,0,0,0,0,0,0,0
empathy,3,empathy=3,2,0,0,0,1,0,0,0
emphasis,3,emphasis=3,3,0,0,0,0,0,0,0
enforcement,3,enforcement=3,3,0,0,0,0,0,0,0
enhancer,3,enhancers=3,3,0,0,0,0,0,0,0
enjoyment,3,enjoyment=3,3,0,0,0,0,0,0,0
enlarge,3,enlarge=1; enlarged=1; enlarging=1,0,0,3,0,0,0,0,0
enroll,3,enroll=3,0,0,3,0,0,0,0,0
entrepreneurial,3,entrepreneurial=3,0,0,0,0,3,0,0,0
episode,3,episode=2; episodes=1,3,0,0,0,0,0,0,0
ernst,3,ernst=3,0,3,0,0,0,0,0,0
establishment,3,establishment=3,3,0,0,0,0,0,0,0
ethics,3,ethics=3,0,3,0,0,0,0,0,0
excellence,3,excellence=3,2,1,0,0,0,0,0,0
exception,3,exceptions=2; exception=1,3,0,0,0,0,0,0,0
exclusion,3,exclusion=3,3,0,0,0,0,0,0,0
exclusive,3,exclusive=3,0,0,0,0,3,0,0,0
exclusively,3,exclusively=3,0,0,0,0,0,3,0,0
excuse,3,excuse=3,2,0,1,0,0,0,0,0
exponentially,3,exponentially=3,0,0,0,0,0,3,0,0
extracellular,3,extracellular=3,0,0,0,0,3,0,0,0
exudate,3,exudates=3,3,0,0,0,0,0,0,0
eyebrow,3,eyebrows=3,3,0,0,0,0,0,0,0
facilitator,3,facilitator=3,3,0,0,0,0,0,0,0
faire,3,faire=3,3,0,0,0,0,0,0,0
farmland,3,farmland=3,1,0,0,0,2,0,0,0
fascinate,3,fascinated=3,0,0,3,0,0,0,0,0
fascination,3,fascination=3,3,0,0,0,0,0,0,0
fe,3,fe=3,0,3,0,0,0,0,0,0
feasibility,3,feasibility=3,3,0,0,0,0,0,0,0
fellow,3,fellow=3,0,0,0,0,3,0,0,0
ferdinand,3,ferdinand=3,0,3,0,0,0,0,0,0
ferris,3,ferris=3,0,3,0,0,0,0,0,0
fertilization,3,fertilization=3,3,0,0,0,0,0,0,0
festinger,3,festinger=3,0,3,0,0,0,0,0,0
fi,3,fi=3,0,3,0,0,0,0,0,0
filament,3,filaments=2; filament=1,3,0,0,0,0,0,0,0
filtration,3,filtration=3,3,0,0,0,0,0,0,0
finger,3,fingers=2; finger=1,3,0,0,0,0,0,0,0
fitting,3,fitting=2; fittings=1,1,0,0,0,2,0,0,0
flatfish,3,flatfish=3,3,0,0,0,0,0,0,0
flavor,3,flavor=2; flavors=1,3,0,0,0,0,0,0,0
flawed,3,flawed=3,0,0,0,0,3,0,0,0
flightless,3,flightless=3,3,0,0,0,0,0,0,0
flip,3,flip=1; flipped=1; flips=1,0,0,2,0,1,0,0,0
floral,3,florals=2; floral=1,2,0,0,0,1,0,0,0
flourishing,3,flourishing=3,3,0,0,0,0,0,0,0
flyer,3,flyer=2; flyers=1,3,0,0,0,0,0,0,0
footage,3,footage=3,3,0,0,0,0,0,0,0
forecasting,3,forecasting=3,2,1,0,0,0,0,0,0
france,3,france=3,0,3,0,0,0,0,0,0
francis,3,francis=3,0,3,0,0,0,0,0,0
frankenstein,3,frankenstein=3,0,3,0,0,0,0,0,0
frogs,3,frogs=3,0,3,0,0,0,0,0,0
frédéric,3,frédéric=3,0,3,0,0,0,0,0,0
fulfillment,3,fulfillment=3,3,0,0,0,0,0,0,0
galápagos,3,galápagos=3,0,3,0,0,0,0,0,0
gamelan,3,gamelan=3,3,0,0,0,0,0,0,0
gasoline,3,gasoline=3,3,0,0,0,0,0,0,0
gatherer,3,gatherers=2; gatherer=1,3,0,0,0,0,0,0,0
generalization,3,generalization=2; generalizations=1,3,0,0,0,0,0,0,0
genuinely,3,genuinely=3,0,0,0,0,0,3,0,0
geologist,3,geologists=3,3,0,0,0,0,0,0,0
geophysicist,3,geophysicists=3,3,0,0,0,0,0,0,0
gestalt,3,gestalt=3,0,3,0,0,0,0,0,0
goats,3,goats=3,0,3,0,0,0,0,0,0
gorilla,3,gorilla=3,3,0,0,0,0,0,0,0
grad,3,grad=3,0,3,0,0,0,0,0,0
graft,3,grafts=3,3,0,0,0,0,0,0,0
grain,3,grains=3,3,0,0,0,0,0,0,0
gébekli,3,gébekli=3,0,3,0,0,0,0,0,0
göbekli,3,göbekli=3,0,3,0,0,0,0,0,0
hairlike,3,hairlike=3,0,0,0,0,3,0,0,0
hallway,3,hallway=3,3,0,0,0,0,0,0,0
haläng,3,haläng=3,0,0,3,0,0,0,0,0
haptic,3,haptic=3,0,0,0,0,3,0,0,0
harbour,3,harbour=2; harbours=1,1,2,0,0,0,0,0,0
harriet,3,harriet=3,0,3,0,0,0,0,0,0
harvesting,3,harvesting=3,3,0,0,0,0,0,0,0
hazardous,3,hazardous=3,0,0,0,0,3,0,0,0
healthfulness,3,healthfulness=3,3,0,0,0,0,0,0,0
hectic,3,hectic=3,0,0,0,0,3,0,0,0
hedgehog,3,hedgehog=2; hedgehogs=1,3,0,0,0,0,0,0,0
heliotropic,3,heliotropic=3,0,0,0,0,3,0,0,0
heuristic,3,heuristic=3,3,0,0,0,0,0,0,0
highway,3,highways=3,3,0,0,0,0,0,0,0
hindu,3,hindu=3,0,3,0,0,0,0,0,0
hint,3,hinted=1; hinting=1; hints=1,1,0,2,0,0,0,0,0
homemade,3,homemade=3,0,0,0,0,3,0,0,0
horrible,3,horrible=3,0,0,0,0,3,0,0,0
hubble,3,hubble=3,0,3,0,0,0,0,0,0
hungarian,3,hungarian=3,0,0,0,0,3,0,0,0
husband,3,husband=3,3,0,0,0,0,0,0,0
hydrothermal,3,hydrothermal=3,0,0,0,0,3,0,0,0
hypertension,3,hypertension=3,3,0,0,0,0,0,0,0
identical,3,identical=3,0,0,0,0,3,0,0,0
ii,3,ii=3,0,3,0,0,0,0,0,0
illuminate,3,illuminated=3,0,0,3,0,0,0,0,0
imagination,3,imagination=3,3,0,0,0,0,0,0,0
imbalance,3,imbalances=3,3,0,0,0,0,0,0,0
immense,3,immense=3,0,0,0,0,3,0,0,0
immersive,3,immersive=3,0,0,0,0,3,0,0,0
impactful,3,impactful=3,0,0,0,0,3,0,0,0
impair,3,impair=3,1,0,2,0,0,0,0,0
impede,3,impede=2; impedes=1,0,0,3,0,0,0,0,0
impediment,3,impediments=3,3,0,0,0,0,0,0,0
impulse,3,impulse=2; impulses=1,1,0,1,0,1,0,0,0
inability,3,inability=3,2,1,0,0,0,0,0,0
inadvertently,3,inadvertently=3,0,0,0,0,0,3,0,0
inclusive,3,inclusive=3,0,0,0,0,3,0,0,0
inclusivity,3,inclusivity=3,3,0,0,0,0,0,0,0
incredible,3,incredible=3,0,0,0,0,3,0,0,0
independence,3,independence=3,3,0,0,0,0,0,0,0
index,3,index=3,3,0,0,0,0,0,0,0
indicator,3,indicators=3,3,0,0,0,0,0,0,0
indifferent,3,indifferent=3,0,3,0,0,0,0,0,0
individually,3,individually=3,0,0,0,0,0,3,0,0
indonesia,3,indonesia=3,0,3,0,0,0,0,0,0
indonesian,3,indonesian=3,0,0,0,0,3,0,0,0
ineffective,3,ineffective=3,0,0,0,0,3,0,0,0
inevitability,3,inevitability=3,3,0,0,0,0,0,0,0
inexpensive,3,inexpensive=3,0,0,0,0,3,0,0,0
infant,3,infants=2; infant=1,3,0,0,0,0,0,0,0
infinite,3,infinite=3,0,0,0,0,3,0,0,0
informal,3,informal=3,0,0,0,0,3,0,0,0
inherently,3,inherently=3,0,0,0,0,0,3,0,0
innovations,3,innovations=3,0,3,0,0,0,0,0,0
insecurity,3,insecurity=3,2,1,0,0,0,0,0,0
instant,3,instant=3,0,0,0,0,3,0,0,0
institute,3,institute=3,2,1,0,0,0,0,0,0
instruct,3,instruct=2; instructs=1,0,0,3,0,0,0,0,0
insulate,3,insulating=3,0,0,3,0,0,0,0,0
integrity,3,integrity=3,3,0,0,0,0,0,0,0
interconnected,3,interconnected=3,0,0,0,0,3,0,0,0
interpretive,3,interpretive=3,0,0,0,0,3,0,0,0
interruption,3,interruptions=3,3,0,0,0,0,0,0,0
interval,3,intervals=2; interval=1,3,0,0,0,0,0,0,0
invertebrate,3,invertebrates=3,2,0,1,0,0,0,0,0
investigation,3,investigations=2; investigation=1,3,0,0,0,0,0,0,0
itinerary,3,itinerary=3,2,0,0,0,1,0,0,0
jacob,3,jacob=3,0,3,0,0,0,0,0,0
jean,3,jeans=2; jean=1,2,1,0,0,0,0,0,0
jet,3,jet=3,3,0,0,0,0,0,0,0
jeweler,3,jewelers=2; jeweler=1,2,1,0,0,0,0,0,0
jog,3,jogging=2; jogs=1,0,0,3,0,0,0,0,0
journalism,3,journalism=3,2,1,0,0,0,0,0,0
judgment,3,judgment=2; judgments=1,3,0,0,0,0,0,0,0
juror,3,jurors=3,3,0,0,0,0,0,0,0
justify,3,justify=2; justified=1,0,0,3,0,0,0,0,0
kate,3,kate=3,0,3,0,0,0,0,0,0
katie,3,katie=3,0,3,0,0,0,0,0,0
keratin,3,keratin=3,3,0,0,0,0,0,0,0
kickoff,3,kickoff=3,3,0,0,0,0,0,0,0
kinda,3,kinda=3,0,1,0,0,0,2,0,0
kintsugi,3,kintsugi=3,0,1,0,0,1,1,0,0
kit,3,kit=3,3,0,0,0,0,0,0,0
kitchenware,3,kitchenware=3,2,1,0,0,0,0,0,0
knight,3,knight=3,2,1,0,0,0,0,0,0
knock,3,knocks=2; knocking=1,0,0,3,0,0,0,0,0
ladder,3,ladders=2; ladder=1,3,0,0,0,0,0,0,0
laissez,3,laissez=3,3,0,0,0,0,0,0,0
lamp,3,lamps=3,3,0,0,0,0,0,0,0
landmark,3,landmarks=2; landmark=1,3,0,0,0,0,0,0,0
lap,3,laps=3,2,0,1,0,0,0,0,0
laszlo,3,laszlo=3,0,3,0,0,0,0,0,0
laura,3,laura=3,0,3,0,0,0,0,0,0
lavish,3,lavish=3,0,0,0,0,3,0,0,0
le,3,le=3,0,3,0,0,0,0,0,0
leftover,3,leftovers=3,3,0,0,0,0,0,0,0
leon,3,leon=3,0,3,0,0,0,0,0,0
leverage,3,leveraging=2; leverage=1,0,0,3,0,0,0,0,0
li,3,li=3,0,3,0,0,0,0,0,0
liam,3,liam=3,0,3,0,0,0,0,0,0
lifeguard,3,lifeguard=3,3,0,0,0,0,0,0,0
lightweight,3,lightweight=3,0,0,0,0,3,0,0,0
linguist,3,linguists=3,3,0,0,0,0,0,0,0
listing,3,listings=3,3,0,0,0,0,0,0,0
literally,3,literally=3,0,0,0,0,0,3,0,0
lithification,3,lithification=3,2,1,0,0,0,0,0,0
loaner,3,loaner=3,0,1,0,0,2,0,0,0
lodge,3,lodge=2; lodging=1,2,0,1,0,0,0,0,0
login,3,login=3,3,0,0,0,0,0,0,0
lois,3,lois=3,0,3,0,0,0,0,0,0
longtime,3,longtime=3,0,0,0,0,3,0,0,0
luxury,3,luxury=3,3,0,0,0,0,0,0,0
lászló,3,lászló=3,0,3,0,0,0,0,0,0
mailou,3,mailou=3,0,3,0,0,0,0,0,0
mainland,3,mainland=3,2,1,0,0,0,0,0,0
mainstream,3,mainstream=3,2,0,0,0,1,0,0,0
mandarin,3,mandarin=3,0,3,0,0,0,0,0,0
maneuver,3,maneuvers=3,3,0,0,0,0,0,0,0
mangrove,3,mangroves=3,3,0,0,0,0,0,0,0
manner,3,manner=3,3,0,0,0,0,0,0,0
manual,3,manual=3,2,0,0,0,1,0,0,0
marketplace,3,marketplaces=3,3,0,0,0,0,0,0,0
marry,3,married=3,0,0,3,0,0,0,0,0
martenot,3,martenot=3,0,3,0,0,0,0,0,0
mating,3,mating=3,3,0,0,0,0,0,0,0
matrilineal,3,matrilineal=3,0,0,0,0,3,0,0,0
max,3,max=3,0,3,0,0,0,0,0,0
meantime,3,meantime=3,3,0,0,0,0,0,0,0
measurable,3,measurable=3,0,0,0,0,3,0,0,0
median,3,median=3,0,0,0,0,3,0,0,0
meditation,3,meditation=3,3,0,0,0,0,0,0,0
merit,3,merit=3,3,0,0,0,0,0,0,0
meteorologist,3,meteorologists=3,3,0,0,0,0,0,0,0
methodological,3,methodological=3,0,0,0,0,3,0,0,0
microfinance,3,microfinance=3,2,1,0,0,0,0,0,0
microhabitat,3,microhabitats=3,3,0,0,0,0,0,0,0
microphone,3,microphone=2; microphones=1,3,0,0,0,0,0,0,0
microscopic,3,microscopic=3,0,0,0,0,3,0,0,0
miles,3,miles=3,0,3,0,0,0,0,0,0
milieus,3,milieus=3,3,0,0,0,0,0,0,0
miller,3,miller=3,0,3,0,0,0,0,0,0
minded,3,minded=3,0,0,0,0,3,0,0,0
minoan,3,minoan=2; minoans=1,1,2,0,0,0,0,0,0
misinterpret,3,misinterpret=1; misinterpreted=1; misinterpreting=1,0,0,3,0,0,0,0,0
misleading,3,misleading=3,0,0,0,0,3,0,0,0
mississippi,3,mississippi=3,0,3,0,0,0,0,0,0
mistaken,3,mistaken=3,0,0,0,0,3,0,0,0
mixing,3,mixing=3,3,0,0,0,0,0,0,0
mock,3,mock=3,0,0,0,0,3,0,0,0
moholy,3,moholy=3,0,3,0,0,0,0,0,0
monarch,3,monarch=3,3,0,0,0,0,0,0,0
monastic,3,monastic=3,0,0,0,0,3,0,0,0
monumental,3,monumental=3,0,0,0,0,3,0,0,0
moonlight,3,moonlight=3,3,0,0,0,0,0,0,0
mortality,3,mortality=3,3,0,0,0,0,0,0,0
motor,3,motor=2; motors=1,3,0,0,0,0,0,0,0
mountaintop,3,mountaintops=2; mountaintop=1,3,0,0,0,0,0,0,0
mower,3,mowers=2; mower=1,3,0,0,0,0,0,0,0
mris,3,mris=3,0,3,0,0,0,0,0,0
multifaceted,3,multifaceted=3,0,0,0,0,3,0,0,0
multispecie,3,multispecies=3,3,0,0,0,0,0,0,0
mummification,3,mummification=3,3,0,0,0,0,0,0,0
mycelium,3,mycelium=3,3,0,0,0,0,0,0,0
myoelectric,3,myoelectric=3,0,0,0,0,3,0,0,0
nagy,3,nagy=3,0,3,0,0,0,0,0,0
neither,3,neither=3,0,1,0,0,0,0,0,2
networking,3,networking=3,1,1,0,0,1,0,0,0
neurological,3,neurological=3,0,0,0,0,3,0,0,0
neuron,3,neurons=3,3,0,0,0,0,0,0,0
nevertheless,3,nevertheless=3,0,0,0,0,0,3,0,0
newsprint,3,newsprint=3,3,0,0,0,0,0,0,0
nickel,3,nickel=3,2,1,0,0,0,0,0,0
nlp,3,nlp=3,0,3,0,0,0,0,0,0
noam,3,noam=3,0,3,0,0,0,0,0,0
nominate,3,nominate=2; nominated=1,0,1,2,0,0,0,0,0
nonlinear,3,nonlinear=3,0,0,0,0,3,0,0,0
normally,3,normally=3,0,0,0,0,0,3,0,0
nova,3,nova=3,2,1,0,0,0,0,0,0
november,3,november=3,0,3,0,0,0,0,0,0
nurse,3,nurse=3,3,0,0,0,0,0,0,0
nursery,3,nurseries=3,3,0,0,0,0,0,0,0
observatory,3,observatories=3,3,0,0,0,0,0,0,0
occupy,3,occupies=2; occupied=1,0,0,3,0,0,0,0,0
onde,3,ondes=3,3,0,0,0,0,0,0,0
opera,3,opera=3,2,1,0,0,0,0,0,0
oppose,3,oppose=2; opposed=1,0,0,3,0,0,0,0,0
optional,3,optional=3,0,0,0,0,3,0,0,0
oral,3,oral=3,0,0,0,0,3,0,0,0
organized,3,organized=3,0,0,0,0,3,0,0,0
outdate,3,outdated=3,0,0,3,0,0,0,0,0
outing,3,outing=2; outings=1,3,0,0,0,0,0,0,0
outstanding,3,outstanding=3,0,3,0,0,0,0,0,0
overcrowded,3,overcrowded=3,0,0,0,0,3,0,0,0
overfishe,3,overfishing=3,0,0,3,0,0,0,0,0
overheat,3,overheating=3,0,0,3,0,0,0,0,0
overlap,3,overlapping=3,0,0,3,0,0,0,0,0
overwhelmed,3,overwhelmed=3,0,0,0,0,3,0,0,0
paleontology,3,paleontology=3,1,2,0,0,0,0,0,0
parachute,3,parachute=3,2,0,0,0,1,0,0,0
paradoxically,3,paradoxically=3,0,0,0,0,0,3,0,0
paraphrase,3,paraphrasing=3,0,0,3,0,0,0,0,0
parker,3,parker=3,0,3,0,0,0,0,0,0
participants,3,participants=3,0,3,0,0,0,0,0,0
participatory,3,participatory=3,0,0,0,0,3,0,0,0
partner,3,partner=2; partners=1,2,0,1,0,0,0,0,0
partnership,3,partnership=2; partnerships=1,3,0,0,0,0,0,0,0
passion,3,passion=3,3,0,0,0,0,0,0,0
passive,3,passive=3,0,0,0,0,3,0,0,0
paxville,3,paxville=3,0,3,0,0,0,0,0,0
peace,3,peace=3,3,0,0,0,0,0,0,0
pedal,3,pedals=3,3,0,0,0,0,0,0,0
perpetual,3,perpetual=3,0,0,0,0,3,0,0,0
perseus,3,perseus=3,0,3,0,0,0,0,0,0
persevere,3,persevere=3,3,0,0,0,0,0,0,0
persia,3,persia=3,0,3,0,0,0,0,0,0
ph,3,ph=3,1,1,0,0,1,0,0,0
pharmacy,3,pharmacy=3,3,0,0,0,0,0,0,0
physiological,3,physiological=3,0,0,0,0,3,0,0,0
phytoplankton,3,phytoplankton=3,2,1,0,0,0,0,0,0
pile,3,pile=2; piled=1,2,0,1,0,0,0,0,0
pineapple,3,pineapple=3,2,1,0,0,0,0,0,0
pink,3,pink=3,0,0,0,0,3,0,0,0
pipeline,3,pipelines=2; pipeline=1,3,0,0,0,0,0,0,0
plaster,3,plaster=3,3,0,0,0,0,0,0,0
plato,3,plato=3,0,3,0,0,0,0,0,0
plausible,3,plausible=3,0,0,0,0,3,0,0,0
playwriting,3,playwriting=3,2,1,0,0,0,0,0,0
pleasant,3,pleasant=3,0,0,0,0,3,0,0,0
pleasure,3,pleasure=3,3,0,0,0,0,0,0,0
plug,3,plug=3,0,2,1,0,0,0,0,0
pluralism,3,pluralism=3,3,0,0,0,0,0,0,0
poem,3,poem=2; poems=1,3,0,0,0,0,0,0,0
policymaker,3,policymakers=3,3,0,0,0,0,0,0,0
polymeric,3,polymeric=3,0,0,0,0,3,0,0,0
polyp,3,polyps=3,3,0,0,0,0,0,0,0
poorly,3,poorly=3,0,0,0,0,0,3,0,0
pop,3,pop=3,2,1,0,0,0,0,0,0
portability,3,portability=3,3,0,0,0,0,0,0,0
porterville,3,porterville=3,0,3,0,0,0,0,0,0
pound,3,pounds=2; pound=1,3,0,0,0,0,0,0,0
practicality,3,practicality=3,3,0,0,0,0,0,0,0
practically,3,practically=3,0,0,0,0,0,3,0,0
precipitate,3,precipitated=2; precipitates=1,1,0,2,0,0,0,0,0
preferred,3,preferred=3,0,0,0,0,3,0,0,0
pressing,3,pressing=3,0,0,0,0,3,0,0,0
presume,3,presumes=3,0,0,3,0,0,0,0,0
prism,3,prism=3,3,0,0,0,0,0,0,0
privilege,3,privileges=3,3,0,0,0,0,0,0,0
producer,3,producers=3,3,0,0,0,0,0,0,0
profitable,3,profitable=3,0,0,0,0,3,0,0,0
prominence,3,prominence=3,3,0,0,0,0,0,0,0
prominent,3,prominent=3,0,0,0,0,3,0,0,0
promotional,3,promotional=3,0,1,0,0,2,0,0,0
prone,3,prone=3,0,0,0,0,3,0,0,0
prophecy,3,prophecy=3,3,0,0,0,0,0,0,0
prowess,3,prowess=3,3,0,0,0,0,0,0,0
pulse,3,pulse=3,3,0,0,0,0,0,0,0
pure,3,pure=3,0,0,0,0,3,0,0,0
purposely,3,purposely=3,0,0,0,0,0,3,0,0
quantify,3,quantify=3,0,0,3,0,0,0,0,0
quieter,3,quieter=3,3,0,0,0,0,0,0,0
quit,3,quit=2; quitting=1,0,0,3,0,0,0,0,0
rack,3,rack=2; racks=1,3,0,0,0,0,0,0,0
radiocarbon,3,radiocarbon=3,1,1,1,0,0,0,0,0
rainbow,3,rainbow=3,3,0,0,0,0,0,0,0
randomly,3,randomly=3,0,0,0,0,0,3,0,0
rarity,3,rarity=3,3,0,0,0,0,0,0,0
rating,3,ratings=3,3,0,0,0,0,0,0,0
readily,3,readily=3,0,0,0,0,0,3,0,0
rec,3,rec=3,1,1,0,0,1,0,0,0
receipt,3,receipt=3,3,0,0,0,0,0,0,0
reclus,3,reclus=3,0,3,0,0,0,0,0,0
recreational,3,recreational=3,0,0,0,0,3,0,0,0
redesign,3,redesigning=2; redesigned=1,0,0,3,0,0,0,0,0
rediscover,3,rediscover=1; rediscovered=1; rediscovering=1,0,0,3,0,0,0,0,0
reduced,3,reduced=3,0,0,0,0,3,0,0,0
reforestation,3,reforestation=3,3,0,0,0,0,0,0,0
reinforcement,3,reinforcement=3,3,0,0,0,0,0,0,0
remnant,3,remnants=3,3,0,0,0,0,0,0,0
render,3,render=3,0,0,3,0,0,0,0,0
replenish,3,replenished=3,0,0,3,0,0,0,0,0
repurpose,3,repurposed=2; repurpose=1,0,0,3,0,0,0,0,0
required,3,required=3,0,0,0,0,3,0,0,0
resistant,3,resistant=3,0,0,0,0,3,0,0,0
resonance,3,resonance=3,3,0,0,0,0,0,0,0
respiratory,3,respiratory=3,0,0,0,0,3,0,0,0
respite,3,respite=3,3,0,0,0,0,0,0,0
restrictive,3,restrictive=3,0,0,0,0,3,0,0,0
resubmit,3,resubmit=3,0,0,3,0,0,0,0,0
retailer,3,retailer=3,3,0,0,0,0,0,0,0
retrain,3,retrain=2; retraining=1,0,0,3,0,0,0,0,0
revolutionary,3,revolutionary=3,1,0,0,0,2,0,0,0
rhythmic,3,rhythmic=3,0,0,0,0,3,0,0,0
richness,3,richness=3,3,0,0,0,0,0,0,0
rider,3,riders=2; rider=1,3,0,0,0,0,0,0,0
rodriguez,3,rodriguez=3,0,3,0,0,0,0,0,0
rugby,3,rugby=3,3,0,0,0,0,0,0,0
runaway,3,runaway=3,0,0,0,0,3,0,0,0
rush,3,rush=3,2,0,1,0,0,0,0,0
ryan,3,ryan=3,0,3,0,0,0,0,0,0
sailor,3,sailors=3,3,0,0,0,0,0,0,0
sanitation,3,sanitation=3,3,0,0,0,0,0,0,0
santa,3,santa=3,0,3,0,0,0,0,0,0
scope,3,scope=3,3,0,0,0,0,0,0,0
scott,3,scott=3,0,3,0,0,0,0,0,0
script,3,scripts=2; script=1,3,0,0,0,0,0,0,0
scrutiny,3,scrutiny=3,3,0,0,0,0,0,0,0
seafood,3,seafood=3,3,0,0,0,0,0,0,0
segment,3,segment=1; segmented=1; segments=1,2,0,1,0,0,0,0,0
sentiment,3,sentiment=3,3,0,0,0,0,0,0,0
setup,3,setup=3,2,1,0,0,0,0,0,0
shade,3,shade=2; shaded=1,2,0,1,0,0,0,0,0
shaded,3,shaded=3,0,0,0,0,3,0,0,0
shake,3,shake=1; shakes=1; shook=1,1,0,2,0,0,0,0,0
shallow,3,shallow=3,0,0,0,0,3,0,0,0
sharpen,3,sharpen=3,0,0,3,0,0,0,0,0
sharply,3,sharply=3,0,0,0,0,0,3,0,0
shed,3,shed=2; sheds=1,1,0,2,0,0,0,0,0
sheet,3,sheet=2; sheets=1,3,0,0,0,0,0,0,0
shipwreck,3,shipwreck=2; shipwrecks=1,3,0,0,0,0,0,0,0
shopper,3,shoppers=2; shopper=1,2,1,0,0,0,0,0,0
shops,3,shops=3,0,3,0,0,0,0,0,0
shortly,3,shortly=3,0,0,0,0,0,3,0,0
shot,3,shots=3,3,0,0,0,0,0,0,0
shrinkage,3,shrinkage=3,3,0,0,0,0,0,0,0
signage,3,signage=3,3,0,0,0,0,0,0,0
silence,3,silence=2; silenced=1,0,0,3,0,0,0,0,0
silicon,3,silicon=3,2,1,0,0,0,0,0,0
simplified,3,simplified=3,0,0,0,0,3,0,0,0
skyscraper,3,skyscrapers=3,3,0,0,0,0,0,0,0
smoothie,3,smoothie=3,3,0,0,0,0,0,0,0
smoothly,3,smoothly=3,0,0,0,0,0,3,0,0
sociocybernetics,3,sociocybernetics=3,0,3,0,0,0,0,0,0
sociograms,3,sociograms=3,0,3,0,0,0,0,0,0
solicit,3,solicit=3,0,0,3,0,0,0,0,0
spain,3,spain=3,0,3,0,0,0,0,0,0
spike,3,spikes=3,2,0,1,0,0,0,0,0
spotlight,3,spotlight=2; spotlights=1,3,0,0,0,0,0,0,0
squirrel,3,squirrel=2; squirrels=1,3,0,0,0,0,0,0,0
standardize,3,standardized=3,0,0,3,0,0,0,0,0
stationary,3,stationary=3,0,0,0,0,3,0,0,0
stellar,3,stellar=3,0,0,0,0,3,0,0,0
stimulating,3,stimulating=3,0,0,0,0,3,0,0,0
stoll,3,stoll=3,0,3,0,0,0,0,0,0
storefront,3,storefronts=2; storefront=1,3,0,0,0,0,0,0,0
stratosphere,3,stratosphere=3,3,0,0,0,0,0,0,0
strawberry,3,strawberries=3,3,0,0,0,0,0,0,0
strictly,3,strictly=3,0,0,0,0,0,3,0,0
stylistic,3,stylistic=3,0,1,0,0,2,0,0,0
sub,3,sub=3,0,0,0,0,3,0,0,0
subsequent,3,subsequent=3,0,0,0,0,3,0,0,0
substitute,3,substitute=3,3,0,0,0,0,0,0,0
subway,3,subway=3,3,0,0,0,0,0,0,0
suffering,3,suffering=3,3,0,0,0,0,0,0,0
summarizing,3,summarizing=3,0,0,0,0,3,0,0,0
superposition,3,superposition=3,3,0,0,0,0,0,0,0
surgery,3,surgery=3,3,0,0,0,0,0,0,0
surpass,3,surpasses=2; surpassing=1,0,0,3,0,0,0,0,0
swamp,3,swamps=3,3,0,0,0,0,0,0,0
sweater,3,sweater=3,2,1,0,0,0,0,0,0
systematically,3,systematically=3,0,0,0,0,0,3,0,0
tan,3,tan=3,0,3,0,0,0,0,0,0
taxis,3,taxes=2; taxis=1,2,1,0,0,0,0,0,0
technically,3,technically=3,0,0,0,0,0,3,0,0
tensile,3,tensile=3,0,0,0,0,3,0,0,0
tentacle,3,tentacles=3,3,0,0,0,0,0,0,0
terminal,3,terminal=2; terminals=1,3,0,0,0,0,0,0,0
thereby,3,thereby=3,0,0,0,0,0,3,0,0
thermostat,3,thermostat=3,3,0,0,0,0,0,0,0
thickness,3,thickness=3,3,0,0,0,0,0,0,0
thinker,3,thinkers=3,3,0,0,0,0,0,0,0
thoughtful,3,thoughtful=3,0,0,0,0,3,0,0,0
thrill,3,thrilled=2; thrilling=1,0,0,3,0,0,0,0,0
thursdays,3,thursdays=3,0,3,0,0,0,0,0,0
tide,3,tides=2; tide=1,3,0,0,0,0,0,0,0
tightly,3,tightly=3,0,0,0,0,0,3,0,0
titanium,3,titanium=3,3,0,0,0,0,0,0,0
toad,3,toad=3,3,0,0,0,0,0,0,0
tooth,3,teeth=3,3,0,0,0,0,0,0,0
toxin,3,toxins=2; toxin=1,3,0,0,0,0,0,0,0
tribal,3,tribal=3,0,0,0,0,3,0,0,0
trilobites,3,trilobites=3,0,3,0,0,0,0,0,0
tubman,3,tubman=3,0,3,0,0,0,0,0,0
tuning,3,tuning=3,3,0,0,0,0,0,0,0
turbulence,3,turbulence=3,3,0,0,0,0,0,0,0
turner,3,turner=3,0,3,0,0,0,0,0,0
typology,3,typology=3,3,0,0,0,0,0,0,0
ultraviolet,3,ultraviolet=3,1,2,0,0,0,0,0,0
uluburun,3,uluburun=3,0,3,0,0,0,0,0,0
unaffected,3,unaffected=3,0,0,0,0,3,0,0,0
unconscious,3,unconscious=3,0,0,0,0,3,0,0,0
underlying,3,underlying=3,0,0,0,0,3,0,0,0
understood,3,understood=3,0,3,0,0,0,0,0,0
undertake,3,undertake=3,0,0,3,0,0,0,0,0
uneven,3,uneven=3,0,0,0,0,3,0,0,0
unforeseen,3,unforeseen=3,0,0,0,0,3,0,0,0
uni,3,uni=2; unis=1,1,2,0,0,0,0,0,0
unintentionally,3,unintentionally=3,0,0,0,0,0,3,0,0
universality,3,universality=3,3,0,0,0,0,0,0,0
unlimited,3,unlimited=3,0,0,0,0,3,0,0,0
unmanageable,3,unmanageable=3,0,0,0,0,3,0,0,0
unpack,3,unpacking=3,0,0,3,0,0,0,0,0
unprecedented,3,unprecedented=3,0,0,0,0,3,0,0,0
unusable,3,unusable=3,0,0,0,0,3,0,0,0
unwell,3,unwell=3,0,0,0,0,3,0,0,0
upper,3,upper=3,0,0,0,0,3,0,0,0
upright,3,upright=3,0,1,0,0,1,1,0,0
upward,3,upward=3,0,0,0,0,1,2,0,0
urgency,3,urgency=3,3,0,0,0,0,0,0,0
usher,3,usher=3,0,0,0,0,3,0,0,0
vegetative,3,vegetative=3,0,0,0,0,3,0,0,0
versatile,3,versatile=3,0,0,0,0,3,0,0,0
versus,3,versus=3,0,0,0,0,0,0,0,3
vertebrate,3,vertebrates=2; vertebrate=1,2,0,1,0,0,0,0,0
veteran,3,veterans=3,3,0,0,0,0,0,0,0
vigilant,3,vigilant=3,0,0,0,0,3,0,0,0
vineyard,3,vineyard=3,2,1,0,0,0,0,0,0
vip,3,vip=3,2,1,0,0,0,0,0,0
visualize,3,visualize=2; visualizing=1,0,0,3,0,0,0,0,0
visually,3,visually=3,0,0,0,0,0,3,0,0
vocabulary,3,vocabulary=2; vocabularies=1,3,0,0,0,0,0,0,0
voids,3,voids=3,3,0,0,0,0,0,0,0
voyage,3,voyages=3,3,0,0,0,0,0,0,0
walkway,3,walkways=3,3,0,0,0,0,0,0,0
wallet,3,wallet=3,3,0,0,0,0,0,0,0
washability,3,washability=3,2,1,0,0,0,0,0,0
washington,3,washington=3,0,3,0,0,0,0,0,0
wbsc,3,wbsc=3,0,3,0,0,0,0,0,0
wealthy,3,wealthy=2; wealthiest=1,0,0,0,0,3,0,0,0
weaver,3,weavers=3,3,0,0,0,0,0,0,0
webs,3,webs=3,3,0,0,0,0,0,0,0
weigh,3,weigh=2; weighing=1,0,0,3,0,0,0,0,0
wellington,3,wellington=3,0,3,0,0,0,0,0,0
wet,3,wet=3,0,1,0,0,2,0,0,0
wetlands,3,wetlands=3,0,3,0,0,0,0,0,0
whereas,3,whereas=3,0,0,0,0,0,0,0,3
width,3,width=3,3,0,0,0,0,0,0,0
wise,3,wise=3,0,0,0,0,3,0,0,0
witness,3,witnessed=2; witness=1,1,0,2,0,0,0,0,0
women,3,women=3,0,3,0,0,0,0,0,0
woodwind,3,woodwinds=2; woodwind=1,3,0,0,0,0,0,0,0
woodworking,3,woodworking=3,0,0,0,0,3,0,0,0
workstation,3,workstations=2; workstation=1,3,0,0,0,0,0,0,0
yellow,3,yellow=3,0,0,0,0,3,0,0,0
zooplankton,3,zooplankton=3,0,3,0,0,0,0,0,0
élisée,3,élisée=3,0,3,0,0,0,0,0,0
absolute,2,absolute=2,0,0,0,0,2,0,0,0
acceptable,2,acceptable=2,0,0,0,0,2,0,0,0
accidentally,2,accidentally=2,0,0,0,0,0,2,0,0
actions,2,actions=2,0,2,0,0,0,0,0,0
activism,2,activism=2,2,0,0,0,0,0,0,0
adaptive,2,adaptive=2,2,0,0,0,0,0,0,0
addictive,2,addictive=2,0,0,0,0,2,0,0,0
adequate,2,adequate=2,0,0,0,0,2,0,0,0
adhere,2,adhere=2,0,0,2,0,0,0,0,0
admiration,2,admiration=2,2,0,0,0,0,0,0,0
admire,2,admired=2,0,0,2,0,0,0,0,0
advent,2,advent=2,2,0,0,0,0,0,0,0
adventurous,2,adventurous=2,0,0,0,0,2,0,0,0
adverse,2,adverse=2,0,0,0,0,2,0,0,0
advocacy,2,advocacy=2,2,0,0,0,0,0,0,0
aeration,2,aeration=2,2,0,0,0,0,0,0,0
aerospace,2,aerospace=2,2,0,0,0,0,0,0,0
affinal,2,affinal=2,0,0,0,0,2,0,0,0
affinity,2,affinity=2,2,0,0,0,0,0,0,0
afforestation,2,afforestation=2,2,0,0,0,0,0,0,0
aggregation,2,aggregation=2,2,0,0,0,0,0,0,0
agreement,2,agreement=1; agreements=1,2,0,0,0,0,0,0,0
agrochemistry,2,agrochemistry=2,1,1,0,0,0,0,0,0
ah,2,ah=2,0,0,0,0,0,0,0,2
albert,2,albert=2,0,2,0,0,0,0,0,0
albufera,2,albufera=2,0,2,0,0,0,0,0,0
alfonso,2,alfonso=2,0,2,0,0,0,0,0,0
algebra,2,algebra=2,1,1,0,0,0,0,0,0
alienation,2,alienation=2,2,0,0,0,0,0,0,0
allergy,2,allergies=2,2,0,0,0,0,0,0,0
allo,2,allos=2,2,0,0,0,0,0,0,0
allowance,2,allowances=2,2,0,0,0,0,0,0,0
alright,2,alright=2,0,1,0,0,0,1,0,0
amazed,2,amazed=2,0,0,0,0,2,0,0,0
ambitious,2,ambitious=2,0,0,0,0,2,0,0,0
amorphous,2,amorphous=2,0,0,0,0,2,0,0,0
amputee,2,amputees=2,2,0,0,0,0,0,0,0
amsterdam,2,amsterdam=2,0,2,0,0,0,0,0,0
analytical,2,analytical=2,0,0,0,0,2,0,0,0
anatomical,2,anatomical=2,0,0,0,0,2,0,0,0
ancestry,2,ancestry=2,2,0,0,0,0,0,0,0
anchoring,2,anchoring=2,2,0,0,0,0,0,0,0
andean,2,andean=2,0,0,0,0,2,0,0,0
angeles,2,angeles=2,0,2,0,0,0,0,0,0
annie,2,annie=2,0,2,0,0,0,0,0,0
annoyed,2,annoyed=2,0,2,0,0,0,0,0,0
anonymity,2,anonymity=2,2,0,0,0,0,0,0,0
antibiotic,2,antibiotics=2,2,0,0,0,0,0,0,0
antifreeze,2,antifreeze=2,0,0,0,0,2,0,0,0
apartments,2,apartments=2,0,2,0,0,0,0,0,0
apologetic,2,apologetic=2,0,1,0,0,1,0,0,0
apologise,2,apologise=2,0,0,2,0,0,0,0,0
appetizer,2,appetizers=2,2,0,0,0,0,0,0,0
applicability,2,applicability=2,2,0,0,0,0,0,0,0
applications,2,applications=2,0,2,0,0,0,0,0,0
appoint,2,appointed=2,0,0,2,0,0,0,0,0
approval,2,approval=2,2,0,0,0,0,0,0,0
april,2,april=2,0,2,0,0,0,0,0,0
apron,2,apron=1; aprons=1,2,0,0,0,0,0,0,0
aquina,2,aquinas=2,2,0,0,0,0,0,0,0
arguably,2,arguably=2,0,0,0,0,0,2,0,0
aristotelian,2,aristotelian=2,0,0,0,0,2,0,0,0
arnold,2,arnold=2,0,2,0,0,0,0,0,0
array,2,array=2,2,0,0,0,0,0,0,0
asian,2,asian=2,0,0,0,0,2,0,0,0
assignments,2,assignments=2,0,2,0,0,0,0,0,0
astonishing,2,astonishing=2,0,0,0,0,2,0,0,0
astrobiology,2,astrobiology=2,2,0,0,0,0,0,0,0
atonality,2,atonality=2,2,0,0,0,0,0,0,0
attachment,2,attachment=1; attachments=1,2,0,0,0,0,0,0,0
attendant,2,attendant=2,2,0,0,0,0,0,0,0
attribute,2,attributed=2,0,0,2,0,0,0,0,0
auditory,2,auditory=2,0,0,0,0,2,0,0,0
augmented,2,augmented=2,0,1,0,0,1,0,0,0
august,2,august=2,0,2,0,0,0,0,0,0
aulo,2,aulos=2,2,0,0,0,0,0,0,0
automatic,2,automatic=2,0,0,0,0,2,0,0,0
automobile,2,automobile=2,2,0,0,0,0,0,0,0
autumn,2,autumn=2,1,1,0,0,0,0,0,0
avant,2,avant=2,0,0,0,0,0,2,0,0
aviation,2,aviation=2,2,0,0,0,0,0,0,0
awake,2,awake=2,0,0,0,0,2,0,0,0
backlighte,2,backlighting=2,0,0,2,0,0,0,0,0
backup,2,backup=2,0,0,0,0,2,0,0,0
baggage,2,baggage=2,2,0,0,0,0,0,0,0
baked,2,baked=2,0,0,0,0,2,0,0,0
balcony,2,balconies=1; balcony=1,1,0,0,0,1,0,0,0
ballet,2,ballet=2,2,0,0,0,0,0,0,0
banking,2,banking=2,2,0,0,0,0,0,0,0
bargain,2,bargain=2,2,0,0,0,0,0,0,0
barista,2,barista=2,2,0,0,0,0,0,0,0
barrel,2,barrel=1; barrels=1,2,0,0,0,0,0,0,0
baseball,2,baseball=2,2,0,0,0,0,0,0,0
baton,2,baton=2,2,0,0,0,0,0,0,0
bedtime,2,bedtime=1; bedtimes=1,2,0,0,0,0,0,0,0
belly,2,belly=2,2,0,0,0,0,0,0,0
beloved,2,beloved=2,0,0,0,0,2,0,0,0
bending,2,bending=2,2,0,0,0,0,0,0,0
benefits,2,benefits=2,0,2,0,0,0,0,0,0
better,2,better=2,0,2,0,0,0,0,0,0
billion,2,billion=2,0,0,0,0,0,0,0,2
biochemistry,2,biochemistry=2,2,0,0,0,0,0,0,0
biography,2,biographies=1; biography=1,2,0,0,0,0,0,0,0
biorock,2,biorock=2,0,2,0,0,0,0,0,0
biotech,2,biotech=2,0,0,0,0,2,0,0,0
birch,2,birch=2,2,0,0,0,0,0,0,0
blast,2,blast=2,2,0,0,0,0,0,0,0
blending,2,blending=2,2,0,0,0,0,0,0,0
blubber,2,blubber=2,2,0,0,0,0,0,0,0
bolivian,2,bolivian=2,0,0,0,0,2,0,0,0
bolt,2,bolt=1; bolts=1,2,0,0,0,0,0,0,0
bono,2,bono=2,0,2,0,0,0,0,0,0
boom,2,boom=1; booming=1,1,0,1,0,0,0,0,0
borders,2,borders=2,0,2,0,0,0,0,0,0
bored,2,bored=2,0,0,0,0,2,0,0,0
boredom,2,boredom=2,1,1,0,0,0,0,0,0
botanist,2,botanist=2,2,0,0,0,0,0,0,0
botany,2,botany=2,2,0,0,0,0,0,0,0
branching,2,branching=2,2,0,0,0,0,0,0,0
brassy,2,brassy=2,0,2,0,0,0,0,0,0
brave,2,brave=2,0,1,0,0,1,0,0,0
breastbone,2,breastbone=2,2,0,0,0,0,0,0,0
breathtake,2,breathtaking=2,0,0,2,0,0,0,0,0
breeze,2,breeze=2,2,0,0,0,0,0,0,0
brightly,2,brightly=2,0,0,0,0,0,2,0,0
britain,2,britain=2,0,2,0,0,0,0,0,0
broaden,2,broadening=2,0,0,2,0,0,0,0,0
brockmann,2,brockmann=2,0,2,0,0,0,0,0,0
browse,2,browse=1; browsing=1,0,0,2,0,0,0,0,0
bucket,2,bucket=1; buckets=1,2,0,0,0,0,0,0,0
buddhism,2,buddhism=2,0,2,0,0,0,0,0,0
bug,2,bug=1; bugs=1,2,0,0,0,0,0,0,0
bulky,2,bulky=2,0,0,0,0,2,0,0,0
bumblebee,2,bumblebees=2,2,0,0,0,0,0,0,0
bump,2,bumped=1; bumping=1,0,0,2,0,0,0,0,0
bunch,2,bunch=2,2,0,0,0,0,0,0,0
burial,2,burial=2,2,0,0,0,0,0,0,0
burning,2,burning=2,2,0,0,0,0,0,0,0
butler,2,butler=2,0,2,0,0,0,0,0,0
buying,2,buying=2,1,1,0,0,0,0,0,0
byers,2,byers=2,0,2,0,0,0,0,0,0
bíró,2,bíró=2,0,2,0,0,0,0,0,0
calculator,2,calculator=2,2,0,0,0,0,0,0,0
california,2,california=2,0,2,0,0,0,0,0,0
camouflage,2,camouflage=2,0,0,2,0,0,0,0,0
camp,2,camp=2,2,0,0,0,0,0,0,0
cana,2,cana=2,0,2,0,0,0,0,0,0
capitalism,2,capitalism=2,2,0,0,0,0,0,0,0
capitalists,2,capitalists=2,0,2,0,0,0,0,0,0
caption,2,captions=2,2,0,0,0,0,0,0,0
cardboard,2,cardboard=2,2,0,0,0,0,0,0,0
cargo,2,cargo=2,2,0,0,0,0,0,0,0
carol,2,carol=2,0,2,0,0,0,0,0,0
cart,2,cart=2,2,0,0,0,0,0,0,0
carter,2,carter=2,0,2,0,0,0,0,0,0
cartoon,2,cartoon=1; cartoons=1,2,0,0,0,0,0,0,0
carve,2,carve=1; carving=1,0,0,2,0,0,0,0,0
cashier,2,cashier=2,2,0,0,0,0,0,0,0
cassini,2,cassini=2,0,2,0,0,0,0,0,0
catastrophic,2,catastrophic=2,0,0,0,0,2,0,0,0
categorize,2,categorize=1; categorizes=1,1,0,1,0,0,0,0,0
cater,2,cater=1; catering=1,0,0,2,0,0,0,0,0
causal,2,causal=2,1,0,0,0,1,0,0,0
cementation,2,cementation=2,2,0,0,0,0,0,0,0
ceremonial,2,ceremonial=2,0,0,0,0,2,0,0,0
certificate,2,certificate=1; certificates=1,2,0,0,0,0,0,0,0
certification,2,certification=2,2,0,0,0,0,0,0,0
certify,2,certified=2,0,0,2,0,0,0,0,0
changes,2,changes=2,0,2,0,0,0,0,0,0
chapel,2,chapel=1; chapels=1,1,1,0,0,0,0,0,0
charisma,2,charisma=2,2,0,0,0,0,0,0,0
checklist,2,checklist=2,2,0,0,0,0,0,0,0
checkpoint,2,checkpoint=2,2,0,0,0,0,0,0,0
checkup,2,checkup=1; checkups=1,2,0,0,0,0,0,0,0
cheek,2,cheeks=2,2,0,0,0,0,0,0,0
cheer,2,cheer=1; cheering=1,1,0,1,0,0,0,0,0
chess,2,chess=2,1,1,0,0,0,0,0,0
chew,2,chew=1; chewing=1,0,0,2,0,0,0,0,0
chop,2,chop=1; chopped=1,0,0,2,0,0,0,0,0
choral,2,choral=2,0,0,0,0,2,0,0,0
chorus,2,chorus=2,2,0,0,0,0,0,0,0
chytrid,2,chytrid=2,0,2,0,0,0,0,0,0
cinematic,2,cinematic=2,0,0,0,0,2,0,0,0
cinematography,2,cinematography=2,2,0,0,0,0,0,0,0
circular,2,circular=2,0,0,0,0,2,0,0,0
civic,2,civic=2,0,0,0,0,2,0,0,0
civil,2,civil=2,0,1,0,0,1,0,0,0
cladhallan,2,cladhallan=2,0,2,0,0,0,0,0,0
clamshell,2,clamshells=2,2,0,0,0,0,0,0,0
clara,2,clara=2,0,2,0,0,0,0,0,0
clash,2,clash=2,0,0,2,0,0,0,0,0
clastic,2,clastic=2,0,0,0,0,2,0,0,0
climbing,2,climbing=2,2,0,0,0,0,0,0,0
clinician,2,clinicians=2,2,0,0,0,0,0,0,0
cloak,2,cloaked=2,0,0,2,0,0,0,0,0
closing,2,closing=2,2,0,0,0,0,0,0,0
clownfish,2,clownfish=2,0,0,0,0,2,0,0,0
co,2,co=2,1,0,0,0,1,0,0,0
coating,2,coatings=2,2,0,0,0,0,0,0,0
cod,2,coding=2,0,0,2,0,0,0,0,0
coherence,2,coherence=2,2,0,0,0,0,0,0,0
coincide,2,coincided=1; coinciding=1,0,0,2,0,0,0,0,0
collage,2,collage=2,2,0,0,0,0,0,0,0
collector,2,collectors=2,2,0,0,0,0,0,0,0
colonial,2,colonial=2,0,0,0,0,2,0,0,0
colored,2,colored=2,0,0,0,0,2,0,0,0
combining,2,combining=2,0,2,0,0,0,0,0,0
comeback,2,comeback=2,2,0,0,0,0,0,0,0
commercially,2,commercially=2,0,0,0,0,0,2,0,0
commission,2,commissioned=1; commissioning=1,0,0,2,0,0,0,0,0
committed,2,committed=2,0,0,0,0,2,0,0,0
commodity,2,commodity=2,2,0,0,0,0,0,0,0
commuter,2,commuter=1; commuters=1,2,0,0,0,0,0,0,0
compatibility,2,compatibility=2,2,0,0,0,0,0,0,0
complement,2,complement=2,0,0,2,0,0,0,0,0
complementary,2,complementary=2,0,0,0,0,2,0,0,0
completion,2,completion=2,2,0,0,0,0,0,0,0
complicate,2,complicate=2,0,0,2,0,0,0,0,0
complication,2,complications=2,2,0,0,0,0,0,0,0
compostable,2,compostable=2,0,0,0,0,2,0,0,0
comprehensively,2,comprehensively=2,0,0,0,0,0,2,0,0
compromise,2,compromise=1; compromised=1,0,0,2,0,0,0,0,0
concession,2,concession=1; concessions=1,2,0,0,0,0,0,0,0
condense,2,condensing=2,0,0,2,0,0,0,0,0
conflicting,2,conflicting=2,1,0,0,0,1,0,0,0
conformity,2,conformity=2,2,0,0,0,0,0,0,0
confusing,2,confusing=2,0,0,0,0,2,0,0,0
conquer,2,conquer=1; conquered=1,0,0,2,0,0,0,0,0
conquest,2,conquest=1; conquests=1,2,0,0,0,0,0,0,0
consanguineal,2,consanguineal=2,0,0,0,0,2,0,0,0
consolidation,2,consolidation=2,2,0,0,0,0,0,0,0
contagion,2,contagion=2,2,0,0,0,0,0,0,0
container,2,container=2,2,0,0,0,0,0,0,0
contingent,2,contingent=2,0,0,0,0,2,0,0,0
continually,2,continually=2,0,0,0,0,0,2,0,0
continued,2,continued=2,0,0,0,0,2,0,0,0
contradictory,2,contradictory=2,0,0,0,0,2,0,0,0
convince,2,convince=2,0,0,2,0,0,0,0,0
cookie,2,cookie=2,2,0,0,0,0,0,0,0
copenhagen,2,copenhagen=2,0,2,0,0,0,0,0,0
copernicus,2,copernicus=2,0,2,0,0,0,0,0,0
corals,2,corals=2,0,2,0,0,0,0,0,0
corporation,2,corporations=2,2,0,0,0,0,0,0,0
correctly,2,correctly=2,0,0,0,0,0,2,0,0
corrupt,2,corrupted=2,0,0,2,0,0,0,0,0
corruption,2,corruption=2,2,0,0,0,0,0,0,0
cortisol,2,cortisol=2,2,0,0,0,0,0,0,0
couch,2,couch=2,2,0,0,0,0,0,0,0
courtroom,2,courtrooms=2,2,0,0,0,0,0,0,0
courts,2,courts=2,0,2,0,0,0,0,0,0
crazy,2,crazy=2,0,1,0,0,1,0,0,0
cream,2,cream=2,2,0,0,0,0,0,0,0
creatively,2,creatively=2,0,0,0,0,0,2,0,0
credential,2,credentials=2,2,0,0,0,0,0,0,0
credibility,2,credibility=2,2,0,0,0,0,0,0,0
crumble,2,crumble=1; crumbled=1,0,0,2,0,0,0,0,0
crush,2,crush=1; crushing=1,0,0,2,0,0,0,0,0
crustacean,2,crustaceans=2,2,0,0,0,0,0,0,0
cry,2,crying=2,0,0,2,0,0,0,0,0
cryptography,2,cryptography=2,2,0,0,0,0,0,0,0
culminate,2,culminating=2,0,0,2,0,0,0,0,0
cumulative,2,cumulative=2,0,0,0,0,2,0,0,0
curvature,2,curvature=2,2,0,0,0,0,0,0,0
curved,2,curved=2,0,0,0,0,2,0,0,0
cutter,2,cutter=2,2,0,0,0,0,0,0,0
cycling,2,cycling=2,1,0,0,0,1,0,0,0
cylindrical,2,cylindrical=2,0,0,0,0,2,0,0,0
dam,2,dams=2,1,0,1,0,0,0,0,0
dancer,2,dancer=1; dancers=1,2,0,0,0,0,0,0,0
daughter,2,daughter=2,2,0,0,0,0,0,0,0
davies,2,davies=2,0,2,0,0,0,0,0,0
dawson,2,dawson=2,0,2,0,0,0,0,0,0
daylight,2,daylight=2,2,0,0,0,0,0,0,0
dean,2,dean=2,1,1,0,0,0,0,0,0
debating,2,debating=2,2,0,0,0,0,0,0,0
decent,2,decent=2,0,0,0,0,2,0,0,0
decisively,2,decisively=2,0,0,0,0,0,2,0,0
decode,2,decoding=2,0,0,2,0,0,0,0,0
dedicated,2,dedicated=2,0,0,0,0,2,0,0,0
deer,2,deer=2,2,0,0,0,0,0,0,0
defeat,2,defeat=1; defeated=1,0,0,2,0,0,0,0,0
defy,2,defies=1; defy=1,0,0,2,0,0,0,0,0
degradation,2,degradation=2,2,0,0,0,0,0,0,0
deliberately,2,deliberately=2,0,0,0,0,0,2,0,0
delineate,2,delineates=2,0,0,2,0,0,0,0,0
demise,2,demise=2,2,0,0,0,0,0,0,0
democracy,2,democracy=2,2,0,0,0,0,0,0,0
democratization,2,democratization=2,2,0,0,0,0,0,0,0
denote,2,denotes=2,0,0,2,0,0,0,0,0
dependent,2,dependent=2,0,0,0,0,2,0,0,0
depression,2,depression=2,2,0,0,0,0,0,0,0
deprivation,2,deprivation=2,2,0,0,0,0,0,0,0
deserve,2,deserves=2,0,0,2,0,0,0,0,0
detecting,2,detecting=2,2,0,0,0,0,0,0,0
determinism,2,determinism=2,2,0,0,0,0,0,0,0
detroit,2,detroit=2,0,2,0,0,0,0,0,0
deviate,2,deviates=2,0,0,2,0,0,0,0,0
devise,2,devise=2,0,0,2,0,0,0,0,0
devolve,2,devolved=2,0,0,2,0,0,0,0,0
devoted,2,devoted=2,0,0,0,0,2,0,0,0
diagnostic,2,diagnostic=1; diagnostics=1,1,0,0,0,1,0,0,0
diamonds,2,diamonds=2,0,2,0,0,0,0,0,0
dick,2,dick=2,0,2,0,0,0,0,0,0
digitally,2,digitally=2,0,0,0,0,0,2,0,0
dimensional,2,dimensional=2,0,0,0,0,2,0,0,0
dine,2,dine=2,0,0,2,0,0,0,0,0
diplomacy,2,diplomacy=2,2,0,0,0,0,0,0,0
dirt,2,dirt=2,2,0,0,0,0,0,0,0
disappointment,2,disappointment=2,0,2,0,0,0,0,0,0
discard,2,discard=1; discarded=1,0,0,2,0,0,0,0,0
discontinue,2,discontinued=2,0,0,2,0,0,0,0,0
disorientation,2,disorientation=2,2,0,0,0,0,0,0,0
displace,2,displaced=1; displaces=1,0,0,2,0,0,0,0,0
disproportionately,2,disproportionately=2,0,0,0,0,0,2,0,0
disseminate,2,disseminating=2,0,0,2,0,0,0,0,0
divergence,2,divergence=2,2,0,0,0,0,0,0,0
doable,2,doable=2,0,0,0,0,2,0,0,0
dormmate,2,dormmates=2,2,0,0,0,0,0,0,0
douglas,2,douglas=2,0,2,0,0,0,0,0,0
downplay,2,downplay=1; downplaying=1,0,0,2,0,0,0,0,0
downtime,2,downtime=2,2,0,0,0,0,0,0,0
drafting,2,drafting=2,2,0,0,0,0,0,0,0
drainage,2,drainage=2,2,0,0,0,0,0,0,0
drape,2,drapes=2,2,0,0,0,0,0,0,0
drawbacks,2,drawbacks=2,0,2,0,0,0,0,0,0
dreamlike,2,dreamlike=2,0,0,0,0,2,0,0,0
drill,2,drill=1; drills=1,2,0,0,0,0,0,0,0
drilling,2,drilling=2,2,0,0,0,0,0,0,0
droplet,2,droplets=2,2,0,0,0,0,0,0,0
drum,2,drum=1; drums=1,2,0,0,0,0,0,0,0
du,2,du=2,0,0,0,0,2,0,0,0
dual,2,dual=2,0,0,0,0,2,0,0,0
duration,2,duration=2,2,0,0,0,0,0,0,0
duty,2,duty=2,2,0,0,0,0,0,0,0
dwarf,2,dwarf=1; dwarfing=1,0,0,2,0,0,0,0,0
dweck,2,dweck=2,0,2,0,0,0,0,0,0
dynamics,2,dynamics=2,0,2,0,0,0,0,0,0
ear,2,ears=2,2,0,0,0,0,0,0,0
earbuds,2,earbuds=2,0,2,0,0,0,0,0,0
earthen,2,earthen=2,0,0,0,0,2,0,0,0
eclipse,2,eclipse=1; eclipses=1,2,0,0,0,0,0,0,0
editor,2,editor=1; editors=1,2,0,0,0,0,0,0,0
edvard,2,edvard=2,0,2,0,0,0,0,0,0
edward,2,edward=2,0,2,0,0,0,0,0,0
effecting,2,effecting=2,2,0,0,0,0,0,0,0
effects,2,effects=2,0,2,0,0,0,0,0,0
efficacy,2,efficacy=2,2,0,0,0,0,0,0,0
egyptian,2,egyptian=2,0,0,0,0,2,0,0,0
egyptians,2,egyptians=2,0,2,0,0,0,0,0,0
ejecting,2,ejecting=2,2,0,0,0,0,0,0,0
election,2,election=2,2,0,0,0,0,0,0,0
electrically,2,electrically=2,0,0,0,0,0,2,0,0
electron,2,electrons=2,2,0,0,0,0,0,0,0
elevation,2,elevation=2,2,0,0,0,0,0,0,0
eleven,2,eleven=2,0,0,0,0,0,0,0,2
eliza,2,eliza=2,0,2,0,0,0,0,0,0
elusive,2,elusive=2,0,0,0,0,2,0,0,0
emerson,2,emerson=2,0,2,0,0,0,0,0,0
empathetic,2,empathetic=2,0,0,0,0,2,0,0,0
empirical,2,empirical=2,0,0,0,0,2,0,0,0
employer,2,employers=2,2,0,0,0,0,0,0,0
empower,2,empower=2,0,0,2,0,0,0,0,0
enchant,2,enchanted=2,0,0,2,0,0,0,0,0
encoding,2,encoding=2,2,0,0,0,0,0,0,0
encouragement,2,encouragement=2,2,0,0,0,0,0,0,0
encouraging,2,encouraging=2,0,0,0,0,2,0,0,0
endanger,2,endangered=2,0,0,2,0,0,0,0,0
endangered,2,endangered=2,0,0,0,0,2,0,0,0
endless,2,endless=2,0,0,0,0,2,0,0,0
endorse,2,endorse=2,0,0,2,0,0,0,0,0
enforce,2,enforce=2,0,0,2,0,0,0,0,0
engineers,2,engineers=2,0,2,0,0,0,0,0,0
enigmatic,2,enigmatic=2,0,0,0,0,2,0,0,0
enthusiast,2,enthusiasts=2,2,0,0,0,0,0,0,0
entity,2,entities=1; entity=1,2,0,0,0,0,0,0,0
equal,2,equal=2,0,0,0,0,2,0,0,0
equality,2,equality=2,2,0,0,0,0,0,0,0
eradicate,2,eradicated=2,0,0,2,0,0,0,0,0
erhu,2,erhu=2,2,0,0,0,0,0,0,0
erie,2,erie=2,0,2,0,0,0,0,0,0
erratic,2,erratic=2,0,0,0,0,2,0,0,0
essence,2,essence=2,2,0,0,0,0,0,0,0
essentially,2,essentially=2,0,0,0,0,0,2,0,0
estonian,2,estonian=2,0,0,0,0,2,0,0,0
etc,2,etc=2,0,0,0,0,0,0,0,2
ethicist,2,ethicists=2,2,0,0,0,0,0,0,0
etiquette,2,etiquette=2,1,1,0,0,0,0,0,0
evaporate,2,evaporates=2,0,0,2,0,0,0,0,0
eventful,2,eventful=2,0,0,0,0,2,0,0,0
everybody,2,everybody=2,0,0,0,0,0,0,2,0
excavate,2,excavated=1; excavating=1,0,0,2,0,0,0,0,0
execute,2,executed=1; executing=1,0,0,2,0,0,0,0,0
exertion,2,exertion=2,0,2,0,0,0,0,0,0
exhaustion,2,exhaustion=2,2,0,0,0,0,0,0,0
existing,2,existing=2,0,0,0,0,2,0,0,0
exosystem,2,exosystem=2,2,0,0,0,0,0,0,0
expedite,2,expedited=2,0,0,2,0,0,0,0,0
experimentally,2,experimentally=2,0,0,0,0,0,2,0,0
expiration,2,expiration=2,2,0,0,0,0,0,0,0
exploitation,2,exploitation=2,2,0,0,0,0,0,0,0
expo,2,expo=2,0,2,0,0,0,0,0,0
export,2,export=2,2,0,0,0,0,0,0,0
extent,2,extent=2,2,0,0,0,0,0,0,0
extracurricular,2,extracurricular=2,0,0,0,0,2,0,0,0
eyewitness,2,eyewitness=2,2,0,0,0,0,0,0,0
eyre,2,eyre=2,0,2,0,0,0,0,0,0
f,2,f=2,0,2,0,0,0,0,0,0
fabulous,2,fabulous=2,0,1,0,0,1,0,0,0
facilitation,2,facilitation=2,2,0,0,0,0,0,0,0
factors,2,factors=2,0,2,0,0,0,0,0,0
fallacy,2,fallacies=2,2,0,0,0,0,0,0,0
fame,2,fame=2,2,0,0,0,0,0,0,0
familiarity,2,familiarity=2,2,0,0,0,0,0,0,0
famously,2,famously=2,0,0,0,0,0,2,0,0
fancy,2,fancy=2,0,0,0,0,2,0,0,0
fashionable,2,fashionable=2,0,0,0,0,2,0,0,0
fasting,2,fasting=2,2,0,0,0,0,0,0,0
fault,2,faults=2,2,0,0,0,0,0,0,0
favourite,2,favourite=2,0,0,0,0,2,0,0,0
feathers,2,feathers=2,0,2,0,0,0,0,0,0
fermentation,2,fermentation=2,2,0,0,0,0,0,0,0
fertile,2,fertile=2,0,0,0,0,2,0,0,0
fertility,2,fertility=2,2,0,0,0,0,0,0,0
fiber,2,fibers=2,2,0,0,0,0,0,0,0
fiberglas,2,fiberglass=2,2,0,0,0,0,0,0,0
fight,2,fought=2,0,0,2,0,0,0,0,0
figurative,2,figurative=2,0,0,0,0,2,0,0,0
finely,2,finely=2,0,0,0,0,0,2,0,0
fireproof,2,fireproof=2,0,0,0,0,2,0,0,0
firetruck,2,firetruck=1; firetrucks=1,1,0,0,0,1,0,0,0
firing,2,firing=2,2,0,0,0,0,0,0,0
firmly,2,firmly=2,0,0,0,0,0,2,0,0
fishpond,2,fishponds=2,2,0,0,0,0,0,0,0
flag,2,flagged=2,0,0,2,0,0,0,0,0
flee,2,fled=1; fleeing=1,0,0,2,0,0,0,0,0
flood,2,flood=1; floods=1,2,0,0,0,0,0,0,0
florida,2,florida=2,0,2,0,0,0,0,0,0
flu,2,flu=2,2,0,0,0,0,0,0,0
flush,2,flushes=1; flushing=1,0,0,2,0,0,0,0,0
flying,2,flying=2,2,0,0,0,0,0,0,0
folk,2,folk=1; folks=1,2,0,0,0,0,0,0,0
foods,2,foods=2,0,2,0,0,0,0,0,0
foraging,2,foraging=2,1,1,0,0,0,0,0,0
foreseeable,2,foreseeable=2,0,0,0,0,2,0,0,0
forever,2,forever=2,0,0,0,0,0,2,0,0
formalize,2,formalized=2,0,0,2,0,0,0,0,0
forms,2,forms=2,0,2,0,0,0,0,0,0
founder,2,founders=2,2,0,0,0,0,0,0,0
fragility,2,fragility=2,2,0,0,0,0,0,0,0
franklin,2,franklin=2,0,2,0,0,0,0,0,0
franks,2,franks=2,0,2,0,0,0,0,0,0
fraud,2,fraud=2,2,0,0,0,0,0,0,0
fresco,2,frescoes=2,2,0,0,0,0,0,0,0
fulfill,2,fulfill=2,0,0,2,0,0,0,0,0
fulfilled,2,fulfilled=2,0,0,0,0,2,0,0,0
fur,2,fur=2,2,0,0,0,0,0,0,0
galaxies,2,galaxies=2,0,2,0,0,0,0,0,0
gale,2,gale=2,0,2,0,0,0,0,0,0
galilei,2,galilei=2,0,2,0,0,0,0,0,0
gama,2,gama=2,0,2,0,0,0,0,0,0
gard,2,gard=2,0,2,0,0,0,0,0,0
garde,2,garde=2,0,0,0,0,2,0,0,0
gardener,2,gardeners=2,2,0,0,0,0,0,0,0
gardens,2,gardens=2,0,2,0,0,0,0,0,0
gauge,2,gauge=1; gauges=1,1,0,1,0,0,0,0,0
geek,2,geek=2,0,2,0,0,0,0,0,0
generative,2,generative=2,0,0,0,0,2,0,0,0
gently,2,gently=2,0,0,0,0,0,2,0,0
geographers,2,geographers=2,0,1,1,0,0,0,0,0
geometry,2,geometry=2,2,0,0,0,0,0,0,0
geopolitical,2,geopolitical=2,0,0,0,0,2,0,0,0
german,2,german=2,0,0,0,0,2,0,0,0
glassblowing,2,glassblowing=2,0,2,0,0,0,0,0,0
google,2,google=2,0,2,0,0,0,0,0,0
gotcha,2,gotcha=2,0,2,0,0,0,0,0,0
governmental,2,governmental=2,0,1,0,0,1,0,0,0
graffiti,2,graffiti=2,0,2,0,0,0,0,0,0
grandeur,2,grandeur=2,2,0,0,0,0,0,0,0
gravitationally,2,gravitationally=2,0,0,0,0,0,2,0,0
gray,2,gray=2,0,0,0,0,2,0,0,0
greeks,2,greeks=2,0,2,0,0,0,0,0,0
greener,2,greener=2,2,0,0,0,0,0,0,0
hack,2,hack=1; hacked=1,0,1,1,0,0,0,0,0
halfway,2,halfway=2,0,0,0,0,0,2,0,0
halt,2,halt=1; halted=1,0,0,2,0,0,0,0,0
hammer,2,hammers=2,2,0,0,0,0,0,0,0
hang,2,hang=2,0,0,2,0,0,0,0,0
harbor,2,harbor=2,0,0,2,0,0,0,0,0
harden,2,harden=1; hardens=1,1,0,1,0,0,0,0,0
hardness,2,hardness=2,2,0,0,0,0,0,0,0
harmless,2,harmless=2,1,0,0,0,1,0,0,0
harmony,2,harmony=2,2,0,0,0,0,0,0,0
harold,2,harold=2,0,2,0,0,0,0,0,0
hassan,2,hassan=2,0,2,0,0,0,0,0,0
hawaiian,2,hawaiian=2,0,1,0,0,1,0,0,0
heated,2,heated=2,0,0,0,0,2,0,0,0
heater,2,heaters=2,2,0,0,0,0,0,0,0
hectare,2,hectare=2,2,0,0,0,0,0,0,0
heighten,2,heighten=2,0,0,2,0,0,0,0,0
heights,2,heights=2,0,2,0,0,0,0,0,0
hiccup,2,hiccup=2,2,0,0,0,0,0,0,0
holden,2,holden=2,0,2,0,0,0,0,0,0
holding,2,holding=2,2,0,0,0,0,0,0,0
holistic,2,holistic=2,0,0,0,0,2,0,0,0
holy,2,holy=2,0,0,0,0,2,0,0,0
homeowners,2,homeowners=2,0,2,0,0,0,0,0,0
homogeneous,2,homogeneous=2,0,0,0,0,2,0,0,0
homogenization,2,homogenization=2,2,0,0,0,0,0,0,0
horizons,2,horizons=2,0,2,0,0,0,0,0,0
horizontal,2,horizontal=2,0,0,0,0,2,0,0,0
houseplant,2,houseplant=1; houseplants=1,2,0,0,0,0,0,0,0
hugely,2,hugely=2,0,0,0,0,0,2,0,0
hummingbird,2,hummingbird=2,0,1,0,0,1,0,0,0
humor,2,humor=2,2,0,0,0,0,0,0,0
hungry,2,hungry=2,0,0,0,0,2,0,0,0
hurt,2,hurt=2,0,0,2,0,0,0,0,0
icy,2,icy=2,0,0,0,0,2,0,0,0
ideology,2,ideology=2,2,0,0,0,0,0,0,0
illegal,2,illegal=2,0,1,0,0,1,0,0,0
imitation,2,imitation=1; imitations=1,2,0,0,0,0,0,0,0
imperial,2,imperial=2,0,0,0,0,2,0,0,0
impose,2,imposed=2,0,0,2,0,0,0,0,0
impractical,2,impractical=2,0,0,0,0,2,0,0,0
improvements,2,improvements=2,0,2,0,0,0,0,0,0
impulsivity,2,impulsivity=2,2,0,0,0,0,0,0,0
impurity,2,impurities=2,2,0,0,0,0,0,0,0
inaccessible,2,inaccessible=2,0,0,0,0,2,0,0,0
inaccurately,2,inaccurately=2,0,0,0,0,0,2,0,0
inaudible,2,inaudible=2,0,2,0,0,0,0,0,0
incoming,2,incoming=2,0,0,0,0,2,0,0,0
inconsistent,2,inconsistent=2,0,0,0,0,2,0,0,0
incorrectly,2,incorrectly=2,0,0,0,0,0,2,0,0
indigofera,2,indigofera=2,1,1,0,0,0,0,0,0
indirect,2,indirect=2,0,0,0,0,2,0,0,0
indispensable,2,indispensable=2,0,0,0,0,2,0,0,0
inevitably,2,inevitably=2,0,0,0,0,0,2,0,0
infancy,2,infancy=2,2,0,0,0,0,0,0,0
inference,2,inference=2,2,0,0,0,0,0,0,0
inferior,2,inferior=2,0,0,0,0,2,0,0,0
inflect,2,inflected=2,0,0,2,0,0,0,0,0
inhabit,2,inhabit=1; inhabited=1,0,0,2,0,0,0,0,0
inherent,2,inherent=2,0,0,0,0,2,0,0,0
inheritance,2,inheritance=2,2,0,0,0,0,0,0,0
inhibit,2,inhibit=2,0,0,2,0,0,0,0,0
initiate,2,initiated=1; initiates=1,0,0,2,0,0,0,0,0
innovator,2,innovators=2,2,0,0,0,0,0,0,0
insist,2,insist=2,0,0,2,0,0,0,0,0
inspect,2,inspect=1; inspected=1,0,1,1,0,0,0,0,0
inspection,2,inspection=1; inspections=1,2,0,0,0,0,0,0,0
institutional,2,institutional=2,0,0,0,0,2,0,0,0
insurance,2,insurance=2,2,0,0,0,0,0,0,0
intact,2,intact=2,0,0,0,0,2,0,0,0
intake,2,intake=2,2,0,0,0,0,0,0,0
intelligent,2,intelligent=2,0,1,0,0,1,0,0,0
intensify,2,intensifies=1; intensifying=1,0,0,2,0,0,0,0,0
interdependent,2,interdependent=2,0,0,0,0,2,0,0,0
intermittent,2,intermittent=2,0,0,0,0,2,0,0,0
internationally,2,internationally=2,0,0,0,0,0,2,0,0
intersect,2,intersected=1; intersects=1,0,0,2,0,0,0,0,0
intertwine,2,intertwined=2,0,0,2,0,0,0,0,0
intonation,2,intonation=2,2,0,0,0,0,0,0,0
intragenerational,2,intragenerational=2,0,0,0,0,2,0,0,0
introductory,2,introductory=2,0,0,0,0,2,0,0,0
intruder,2,intruders=2,2,0,0,0,0,0,0,0
intuition,2,intuition=2,2,0,0,0,0,0,0,0
invasion,2,invasion=2,2,0,0,0,0,0,0,0
involuntary,2,involuntary=2,0,0,0,0,2,0,0,0
involved,2,involved=2,0,0,0,0,2,0,0,0
irrationally,2,irrationally=2,0,0,0,0,0,2,0,0
irreducibly,2,irreducibly=2,0,0,0,0,0,2,0,0
irreversible,2,irreversible=2,0,0,0,0,2,0,0,0
isaac,2,isaac=2,0,2,0,0,0,0,0,0
islam,2,islam=2,0,2,0,0,0,0,0,0
iss,2,iss=2,0,2,0,0,0,0,0,0
iteration,2,iteration=1; iterations=1,2,0,0,0,0,0,0,0
jelly,2,jelly=2,0,0,0,0,0,2,0,0
jennifer,2,jennifer=2,0,2,0,0,0,0,0,0
joan,2,joan=2,0,2,0,0,0,0,0,0
jobs,2,jobs=2,0,2,0,0,0,0,0,0
jogging,2,jogging=2,2,0,0,0,0,0,0,0
joint,2,joints=2,2,0,0,0,0,0,0,0
joke,2,joked=1; jokes=1,1,0,1,0,0,0,0,0
jordan,2,jordan=2,0,2,0,0,0,0,0,0
josef,2,josef=2,0,2,0,0,0,0,0,0
julio,2,julio=2,0,2,0,0,0,0,0,0
jurors,2,jurors=2,0,2,0,0,0,0,0,0
justification,2,justification=2,2,0,0,0,0,0,0,0
kick,2,kicks=2,0,0,2,0,0,0,0,0
kill,2,kill=1; killing=1,0,0,2,0,0,0,0,0
knob,2,knobs=2,2,0,0,0,0,0,0,0
konrad,2,konrad=2,0,2,0,0,0,0,0,0
korea,2,korea=2,0,2,0,0,0,0,0,0
lag,2,lag=1; lagged=1,1,0,1,0,0,0,0,0
lakes,2,lakes=2,0,2,0,0,0,0,0,0
larkhaven,2,larkhaven=2,0,2,0,0,0,0,0,0
larval,2,larval=2,2,0,0,0,0,0,0,0
lasagna,2,lasagna=2,1,1,0,0,0,0,0,0
lava,2,lava=2,2,0,0,0,0,0,0,0
layered,2,layered=2,0,0,0,0,2,0,0,0
layering,2,layering=2,2,0,0,0,0,0,0,0
lazy,2,lazy=2,0,0,0,0,2,0,0,0
lectures,2,lectures=2,0,2,0,0,0,0,0,0
legality,2,legality=2,2,0,0,0,0,0,0,0
legitimate,2,legitimate=2,0,0,0,0,2,0,0,0
leisure,2,leisure=2,2,0,0,0,0,0,0,0
lense,2,lensing=2,0,0,2,0,0,0,0,0
leopard,2,leopards=2,2,0,0,0,0,0,0,0
lewis,2,lewis=2,0,2,0,0,0,0,0,0
liberty,2,liberty=2,2,0,0,0,0,0,0,0
lift,2,lift=1; lifting=1,0,0,2,0,0,0,0,0
limestone,2,limestone=2,1,1,0,0,0,0,0,0
limitte,2,limitting=2,0,0,2,0,0,0,0,0
lin,2,lin=2,0,2,0,0,0,0,0,0
linguistics,2,linguistics=2,0,2,0,0,0,0,0,0
lionfish,2,lionfish=2,2,0,0,0,0,0,0,0
livestock,2,livestock=2,2,0,0,0,0,0,0,0
load,2,load=1; loading=1,1,0,1,0,0,0,0,0
loading,2,loading=2,2,0,0,0,0,0,0,0
loan,2,loans=2,2,0,0,0,0,0,0,0
lobby,2,lobby=2,2,0,0,0,0,0,0,0
localization,2,localization=2,2,0,0,0,0,0,0,0
localize,2,localized=2,0,0,2,0,0,0,0,0
localized,2,localized=2,0,0,0,0,2,0,0,0
locally,2,locally=2,0,0,0,0,0,2,0,0
logistic,2,logistics=2,2,0,0,0,0,0,0,0
lombards,2,lombards=2,0,2,0,0,0,0,0,0
lookout,2,lookout=2,2,0,0,0,0,0,0,0
los,2,los=2,0,2,0,0,0,0,0,0
louder,2,louder=2,0,0,0,0,0,2,0,0
lovely,2,lovely=2,0,0,0,0,2,0,0,0
ltm,2,ltm=2,0,2,0,0,0,0,0,0
lu,2,lu=2,0,2,0,0,0,0,0,0
luggage,2,luggage=2,2,0,0,0,0,0,0,0
luminous,2,luminous=2,0,0,0,0,2,0,0,0
luxurious,2,luxurious=2,0,0,0,0,2,0,0,0
macaw,2,macaw=2,0,2,0,0,0,0,0,0
macrosystem,2,macrosystem=2,2,0,0,0,0,0,0,0
magellan,2,magellan=2,0,2,0,0,0,0,0,0
magnetize,2,magnetized=2,0,0,2,0,0,0,0,0
magnitude,2,magnitude=2,2,0,0,0,0,0,0,0
maize,2,maize=2,2,0,0,0,0,0,0,0
majestic,2,majestic=2,0,0,0,0,2,0,0,0
mall,2,mall=2,2,0,0,0,0,0,0,0
mandate,2,mandate=2,0,1,1,0,0,0,0,0
mantra,2,mantra=2,2,0,0,0,0,0,0,0
marathon,2,marathon=2,2,0,0,0,0,0,0,0
marisol,2,marisol=2,0,2,0,0,0,0,0,0
marker,2,markers=2,2,0,0,0,0,0,0,0
marketer,2,marketers=2,2,0,0,0,0,0,0,0
marking,2,markings=2,2,0,0,0,0,0,0,0
mars,2,mars=2,0,2,0,0,0,0,0,0
marvel,2,marvels=2,2,0,0,0,0,0,0,0
massachusetts,2,massachusetts=2,0,2,0,0,0,0,0,0
mastery,2,mastery=2,2,0,0,0,0,0,0,0
maternal,2,maternal=2,0,0,0,0,2,0,0,0
mboa,2,mboa=2,2,0,0,0,0,0,0,0
meanwhile,2,meanwhile=2,0,0,0,0,0,2,0,0
mechanicsburg,2,mechanicsburg=2,0,2,0,0,0,0,0,0
megan,2,megan=2,0,2,0,0,0,0,0,0
melbourne,2,melbourne=2,0,2,0,0,0,0,0,0
melville,2,melville=2,0,2,0,0,0,0,0,0
membrane,2,membranes=2,2,0,0,0,0,0,0,0
memorize,2,memorize=1; memorizing=1,1,0,1,0,0,0,0,0
mentality,2,mentality=2,2,0,0,0,0,0,0,0
mentorship,2,mentorship=2,2,0,0,0,0,0,0,0
merchant,2,merchant=1; merchants=1,2,0,0,0,0,0,0,0
mesmerize,2,mesmerizing=2,0,0,2,0,0,0,0,0
mesopotamia,2,mesopotamia=2,0,2,0,0,0,0,0,0
messy,2,messy=2,0,0,0,0,2,0,0,0
metallic,2,metallic=2,0,0,0,0,2,0,0,0
meteorology,2,meteorology=2,2,0,0,0,0,0,0,0
methods,2,methods=2,0,2,0,0,0,0,0,0
meticulous,2,meticulous=2,0,0,0,0,2,0,0,0
mexico,2,mexico=2,0,2,0,0,0,0,0,0
michelangelo,2,michelangelo=2,0,2,0,0,0,0,0,0
microbes,2,microbes=2,0,2,0,0,0,0,0,0
microgravity,2,microgravity=2,2,0,0,0,0,0,0,0
microtransponder,2,microtransponders=2,2,0,0,0,0,0,0,0
midnight,2,midnight=2,2,0,0,0,0,0,0,0
millennium,2,millennium=2,2,0,0,0,0,0,0,0
millimeter,2,millimeter=2,2,0,0,0,0,0,0,0
milton,2,milton=2,0,2,0,0,0,0,0,0
miró,2,miró=2,0,2,0,0,0,0,0,0
misconception,2,misconception=2,2,0,0,0,0,0,0,0
mismatch,2,mismatches=2,2,0,0,0,0,0,0,0
misunderstood,2,misunderstood=2,2,0,0,0,0,0,0,0
misuse,2,misuse=1; misused=1,1,0,1,0,0,0,0,0
mixture,2,mixture=2,2,0,0,0,0,0,0,0
moby,2,moby=2,0,2,0,0,0,0,0,0
modulate,2,modulate=2,0,0,2,0,0,0,0,0
mofs,2,mofs=2,0,2,0,0,0,0,0,0
mondays,2,mondays=2,0,2,0,0,0,0,0,0
monitoring,2,monitoring=2,2,0,0,0,0,0,0,0
mooring,2,mooring=2,2,0,0,0,0,0,0,0
morally,2,morally=2,0,0,0,0,0,2,0,0
morgue,2,morgues=2,2,0,0,0,0,0,0,0
morphologically,2,morphologically=2,0,0,0,0,0,2,0,0
morphology,2,morphology=2,2,0,0,0,0,0,0,0
mosaic,2,mosaic=2,0,0,0,0,2,0,0,0
motif,2,motif=1; motifs=1,2,0,0,0,0,0,0,0
mount,2,mounted=2,0,0,2,0,0,0,0,0
mountains,2,mountains=2,0,2,0,0,0,0,0,0
mouse,2,mice=1; mouse=1,2,0,0,0,0,0,0,0
mousse,2,mousse=2,1,1,0,0,0,0,0,0
movable,2,movable=2,1,0,0,0,1,0,0,0
mug,2,mugs=2,2,0,0,0,0,0,0,0
multifactorial,2,multifactorial=2,0,0,0,0,2,0,0,0
munch,2,munch=2,0,2,0,0,0,0,0,0
mutual,2,mutual=2,0,0,0,0,2,0,0,0
mvp,2,mvp=2,0,2,0,0,0,0,0,0
mysteries,2,mysteries=2,0,2,0,0,0,0,0,0
mystical,2,mystical=2,0,0,0,0,2,0,0,0
myth,2,myths=2,2,0,0,0,0,0,0,0
mythology,2,mythology=2,2,0,0,0,0,0,0,0
müller,2,müller=2,0,2,0,0,0,0,0,0
naked,2,naked=2,0,0,0,0,2,0,0,0
nanomaterial,2,nanomaterials=2,2,0,0,0,0,0,0,0
nanometer,2,nanometers=2,2,0,0,0,0,0,0,0
nations,2,nations=2,0,2,0,0,0,0,0,0
neat,2,neat=2,0,0,0,0,2,0,0,0
neatly,2,neatly=2,0,0,0,0,0,2,0,0
needle,2,needle=2,2,0,0,0,0,0,0,0
negate,2,negate=2,0,0,2,0,0,0,0,0
neighbourhood,2,neighbourhood=2,2,0,0,0,0,0,0,0
neuromuscular,2,neuromuscular=2,0,0,0,0,2,0,0,0
neutral,2,neutral=2,0,0,0,0,2,0,0,0
nickname,2,nickname=2,2,0,0,0,0,0,0,0
nominalist,2,nominalist=2,2,0,0,0,0,0,0,0
noncrystalline,2,noncrystalline=2,2,0,0,0,0,0,0,0
nonfiction,2,nonfiction=2,2,0,0,0,0,0,0,0
nonjudgmental,2,nonjudgmental=2,0,0,0,0,2,0,0,0
nontarget,2,nontarget=2,2,0,0,0,0,0,0,0
nordgren,2,nordgren=2,0,2,0,0,0,0,0,0
nose,2,nose=2,2,0,0,0,0,0,0,0
notably,2,notably=2,0,0,0,0,0,2,0,0
noun,2,noun=2,0,2,0,0,0,0,0,0
nowhere,2,nowhere=2,0,1,0,0,0,1,0,0
nuance,2,nuanced=1; nuances=1,1,0,1,0,0,0,0,0
objects,2,objects=2,0,2,0,0,0,0,0,0
obsession,2,obsession=2,2,0,0,0,0,0,0,0
obsolescence,2,obsolescence=2,2,0,0,0,0,0,0,0
obviously,2,obviously=2,0,0,0,0,0,2,0,0
odysseus,2,odysseus=2,0,2,0,0,0,0,0,0
odyssey,2,odyssey=2,0,2,0,0,0,0,0,0
ogorzelec,2,ogorzelec=2,0,2,0,0,0,0,0,0
ointment,2,ointment=1; ointments=1,2,0,0,0,0,0,0,0
oleic,2,oleic=2,0,0,0,0,2,0,0,0
olive,2,olive=2,0,0,0,0,2,0,0,0
ophicieide,2,ophicieide=2,2,0,0,0,0,0,0,0
ordinary,2,ordinary=2,0,0,0,0,2,0,0,0
orient,2,orient=2,0,0,0,0,2,0,0,0
ornithologist,2,ornithologist=1; ornithologists=1,2,0,0,0,0,0,0,0
oscillate,2,oscillate=2,0,0,2,0,0,0,0,0
outlier,2,outlier=2,2,0,0,0,0,0,0,0
outreach,2,outreach=2,2,0,0,0,0,0,0,0
overcast,2,overcast=2,0,0,0,0,2,0,0,0
overcorrection,2,overcorrections=2,2,0,0,0,0,0,0,0
overhead,2,overhead=2,0,0,0,0,2,0,0,0
overhunte,2,overhunting=2,0,0,2,0,0,0,0,0
overjustification,2,overjustification=2,2,0,0,0,0,0,0,0
overpower,2,overpowers=2,2,0,0,0,0,0,0,0
overreach,2,overreach=2,2,0,0,0,0,0,0,0
overreact,2,overreact=2,0,0,2,0,0,0,0,0
oversimplify,2,oversimplify=1; oversimplifying=1,0,0,2,0,0,0,0,0
oversized,2,oversized=2,0,0,0,0,2,0,0,0
overtime,2,overtime=2,2,0,0,0,0,0,0,0
overturn,2,overturned=2,0,0,2,0,0,0,0,0
owe,2,owe=1; owed=1,0,0,2,0,0,0,0,0
ox,2,ox=2,2,0,0,0,0,0,0,0
packing,2,packing=2,2,0,0,0,0,0,0,0
palace,2,palace=1; palaces=1,2,0,0,0,0,0,0,0
pamphlet,2,pamphlet=1; pamphlets=1,2,0,0,0,0,0,0,0
pantheon,2,pantheon=2,0,2,0,0,0,0,0,0
paolo,2,paolo=2,0,2,0,0,0,0,0,0
paradigm,2,paradigm=2,2,0,0,0,0,0,0,0
parameter,2,parameters=2,2,0,0,0,0,0,0,0
parenting,2,parenting=2,2,0,0,0,0,0,0,0
partially,2,partially=2,0,0,0,0,0,2,0,0
pathogen,2,pathogens=2,2,0,0,0,0,0,0,0
patience,2,patience=2,2,0,0,0,0,0,0,0
patrilineal,2,patrilineal=2,0,0,0,0,2,0,0,0
patrol,2,patrol=1; patrols=1,0,0,2,0,0,0,0,0
pearce,2,pearce=2,0,2,0,0,0,0,0,0
pedestrian,2,pedestrian=2,2,0,0,0,0,0,0,0
peek,2,peek=2,2,0,0,0,0,0,0,0
peel,2,peeling=1; peels=1,1,0,1,0,0,0,0,0
perfection,2,perfection=2,2,0,0,0,0,0,0,0
perhaps,2,perhaps=2,0,0,0,0,0,2,0,0
perishable,2,perishable=2,0,0,0,0,2,0,0,0
perk,2,perks=2,2,0,0,0,0,0,0,0
persian,2,persian=2,0,0,0,0,2,0,0,0
peru,2,peru=2,0,2,0,0,0,0,0,0
petroleum,2,petroleum=2,2,0,0,0,0,0,0,0
photographer,2,photographer=1; photographers=1,2,0,0,0,0,0,0,0
photoperiodism,2,photoperiodism=2,2,0,0,0,0,0,0,0
phototropism,2,phototropism=2,2,0,0,0,0,0,0,0
physiology,2,physiology=2,2,0,0,0,0,0,0,0
pickup,2,pickup=2,2,0,0,0,0,0,0,0
piezoelectric,2,piezoelectric=2,0,0,0,0,2,0,0,0
pinta,2,pinta=2,0,2,0,0,0,0,0,0
pipa,2,pipa=2,2,0,0,0,0,0,0,0
pitcher,2,pitcher=2,2,0,0,0,0,0,0,0
pitfall,2,pitfalls=2,2,0,0,0,0,0,0,0
plain,2,plain=1; plains=1,1,0,0,0,1,0,0,0
plankton,2,plankton=2,0,2,0,0,0,0,0,0
planting,2,planting=2,2,0,0,0,0,0,0,0
plebeian,2,plebeians=2,2,0,0,0,0,0,0,0
pluck,2,plucked=2,0,0,2,0,0,0,0,0
plumage,2,plumage=2,2,0,0,0,0,0,0,0
police,2,police=2,2,0,0,0,0,0,0,0
pollination,2,pollination=2,2,0,0,0,0,0,0,0
pollute,2,polluted=1; polluting=1,0,0,2,0,0,0,0,0
polluted,2,polluted=2,0,0,0,0,2,0,0,0
pont,2,pont=2,0,2,0,0,0,0,0,0
poplar,2,poplar=2,0,2,0,0,0,0,0,0
porpoise,2,porpoises=2,2,0,0,0,0,0,0,0
port,2,ports=2,2,0,0,0,0,0,0,0
positioning,2,positioning=2,2,0,0,0,0,0,0,0
potted,2,potted=2,0,0,0,0,2,0,0,0
pour,2,pour=2,0,0,2,0,0,0,0,0
powder,2,powder=1; powders=1,2,0,0,0,0,0,0,0
powerhouse,2,powerhouses=2,2,0,0,0,0,0,0,0
practitioner,2,practitioners=2,2,0,0,0,0,0,0,0
precarity,2,precarity=2,2,0,0,0,0,0,0,0
precursor,2,precursors=2,2,0,0,0,0,0,0,0
predecessor,2,predecessors=2,2,0,0,0,0,0,0,0
predictability,2,predictability=2,2,0,0,0,0,0,0,0
predominant,2,predominant=2,0,0,0,0,2,0,0,0
preliminary,2,preliminary=2,0,0,0,0,2,0,0,0
premature,2,premature=2,0,0,0,0,2,0,0,0
premium,2,premium=2,1,0,0,0,1,0,0,0
prep,2,prep=2,2,0,0,0,0,0,0,0
presentations,2,presentations=2,0,2,0,0,0,0,0,0
prestige,2,prestige=2,2,0,0,0,0,0,0,0
prevalence,2,prevalence=2,2,0,0,0,0,0,0,0
preventable,2,preventable=2,1,0,0,0,1,0,0,0
pricey,2,pricey=2,0,0,0,0,2,0,0,0
prim,2,priming=2,0,0,2,0,0,0,0,0
primordial,2,primordial=2,0,0,0,0,2,0,0,0
privately,2,privately=2,0,0,0,0,0,2,0,0
privatization,2,privatization=2,2,0,0,0,0,0,0,0
probiotic,2,probiotic=2,0,0,0,0,2,0,0,0
procure,2,procured=1; procuring=1,0,0,2,0,0,0,0,0
prolonged,2,prolonged=2,0,0,0,0,2,0,0,0
promptly,2,promptly=2,0,0,0,0,0,2,0,0
proof,2,proof=2,1,1,0,0,0,0,0,0
prosperity,2,prosperity=2,2,0,0,0,0,0,0,0
prosthetics,2,prosthetics=2,0,2,0,0,0,0,0,0
protagonist,2,protagonist=2,2,0,0,0,0,0,0,0
protest,2,protest=1; protested=1,1,0,1,0,0,0,0,0
prussian,2,prussian=2,0,0,0,0,2,0,0,0
psychoanalytic,2,psychoanalytic=2,0,1,0,0,1,0,0,0
ptarmigan,2,ptarmigans=2,2,0,0,0,0,0,0,0
pump,2,pump=1; pumps=1,1,0,1,0,0,0,0,0
punk,2,punk=2,2,0,0,0,0,0,0,0
puppetry,2,puppetry=2,1,1,0,0,0,0,0,0
pythias,2,pythias=2,0,2,0,0,0,0,0,0
qanat,2,qanats=2,2,0,0,0,0,0,0,0
qualification,2,qualification=2,2,0,0,0,0,0,0,0
quartet,2,quartet=2,2,0,0,0,0,0,0,0
quest,2,quest=2,2,0,0,0,0,0,0,0
questionnaire,2,questionnaire=2,2,0,0,0,0,0,0,0
quietly,2,quietly=2,0,0,0,0,0,2,0,0
quill,2,quill=2,2,0,0,0,0,0,0,0
quiz,2,quiz=2,2,0,0,0,0,0,0,0
quotient,2,quotient=2,0,2,0,0,0,0,0,0
radiate,2,radiate=2,0,0,2,0,0,0,0,0
radiometric,2,radiometric=2,0,0,0,0,2,0,0,0
rail,2,rail=1; rails=1,2,0,0,0,0,0,0,0
railroad,2,railroad=1; railroads=1,2,0,0,0,0,0,0,0
raoul,2,raoul=2,0,2,0,0,0,0,0,0
readability,2,readability=2,2,0,0,0,0,0,0,0
readiness,2,readiness=2,2,0,0,0,0,0,0,0
reasons,2,reasons=2,0,2,0,0,0,0,0,0
rebound,2,rebound=1; rebounded=1,0,0,2,0,0,0,0,0
rebuild,2,rebuild=2,0,0,2,0,0,0,0,0
recital,2,recital=2,2,0,0,0,0,0,0,0
recklessness,2,recklessness=2,2,0,0,0,0,0,0,0
recognizable,2,recognizable=2,0,0,0,0,2,0,0,0
recommended,2,recommended=2,0,0,0,0,2,0,0,0
reconsider,2,reconsider=2,0,0,2,0,0,0,0,0
recordkeeping,2,recordkeeping=2,2,0,0,0,0,0,0,0
rectify,2,rectify=2,0,0,2,0,0,0,0,0
reefs,2,reefs=2,0,2,0,0,0,0,0,0
reestablish,2,reestablish=2,0,0,2,0,0,0,0,0
referencing,2,referencing=2,0,0,0,0,2,0,0,0
refill,2,refill=2,2,0,0,0,0,0,0,0
refinement,2,refinement=2,2,0,0,0,0,0,0,0
reflexivity,2,reflexivity=2,2,0,0,0,0,0,0,0
reform,2,reformed=1; reforms=1,1,0,1,0,0,0,0,0
refresh,2,refresh=1; refreshing=1,0,0,2,0,0,0,0,0
refreshments,2,refreshments=2,0,2,0,0,0,0,0,0
refrigeration,2,refrigeration=2,2,0,0,0,0,0,0,0
regret,2,regret=2,0,0,2,0,0,0,0,0
relatable,2,relatable=2,0,0,0,0,2,0,0,0
relativism,2,relativism=2,2,0,0,0,0,0,0,0
relativity,2,relativity=2,2,0,0,0,0,0,0,0
relaxation,2,relaxation=2,2,0,0,0,0,0,0,0
rem,2,rem=2,2,0,0,0,0,0,0,0
remarkably,2,remarkably=2,0,0,0,0,0,2,0,0
remotely,2,remotely=2,0,0,0,0,0,2,0,0
renovations,2,renovations=2,1,0,0,0,1,0,0,0
repaving,2,repaving=2,2,0,0,0,0,0,0,0
repertoire,2,repertoire=2,2,0,0,0,0,0,0,0
rescue,2,rescue=2,1,0,1,0,0,0,0,0
residence,2,residence=2,2,0,0,0,0,0,0,0
residue,2,residues=2,2,0,0,0,0,0,0,0
resonant,2,resonant=2,0,0,0,0,2,0,0,0
retirement,2,retirement=2,2,0,0,0,0,0,0,0
reuse,2,reuse=1; reused=1,1,0,1,0,0,0,0,0
revelation,2,revelation=2,2,0,0,0,0,0,0,0
revival,2,revival=2,2,0,0,0,0,0,0,0
revive,2,revive=1; reviving=1,0,0,2,0,0,0,0,0
richard,2,richard=2,0,2,0,0,0,0,0,0
robert,2,robert=2,0,2,0,0,0,0,0,0
robotics,2,robotics=2,0,2,0,0,0,0,0,0
rooms,2,rooms=2,0,2,0,0,0,0,0,0
rotate,2,rotates=1; rotating=1,0,0,2,0,0,0,0,0
rowancourt,2,rowancourt=2,0,2,0,0,0,0,0,0
rude,2,rude=2,0,0,0,0,2,0,0,0
rugged,2,rugged=2,0,1,0,0,1,0,0,0
ruiz,2,ruiz=2,0,2,0,0,0,0,0,0
rumbling,2,rumbling=2,0,2,0,0,0,0,0,0
rumor,2,rumors=2,2,0,0,0,0,0,0,0
running,2,running=2,2,0,0,0,0,0,0,0
s,2,s=2,1,1,0,0,0,0,0,0
sad,2,sad=2,0,0,0,0,2,0,0,0
saharan,2,saharan=2,0,0,0,0,2,0,0,0
sailing,2,sailing=2,2,0,0,0,0,0,0,0
salary,2,salaries=2,2,0,0,0,0,0,0,0
salesperson,2,salesperson=2,2,0,0,0,0,0,0,0
salinity,2,salinity=2,2,0,0,0,0,0,0,0
sanctuary,2,sanctuary=2,2,0,0,0,0,0,0,0
sandstone,2,sandstone=2,1,1,0,0,0,0,0,0
saturate,2,saturated=2,0,0,2,0,0,0,0,0
saturdays,2,saturdays=2,0,2,0,0,0,0,0,0
saturn,2,saturn=2,0,2,0,0,0,0,0,0
savanna,2,savanna=2,2,0,0,0,0,0,0,0
scandal,2,scandal=1; scandals=1,2,0,0,0,0,0,0,0
scarcity,2,scarcity=2,2,0,0,0,0,0,0,0
scenery,2,scenery=2,2,0,0,0,0,0,0,0
scheduled,2,scheduled=2,0,0,0,0,2,0,0,0
screw,2,screws=2,2,0,0,0,0,0,0,0
seamless,2,seamless=2,0,0,0,0,2,0,0,0
seashell,2,seashells=2,2,0,0,0,0,0,0,0
seasonally,2,seasonally=2,0,0,0,0,0,2,0,0
seaweed,2,seaweed=2,2,0,0,0,0,0,0,0
sedentary,2,sedentary=2,0,0,0,0,2,0,0,0
seemingly,2,seemingly=2,0,0,0,0,0,2,0,0
seep,2,seeps=2,2,0,0,0,0,0,0,0
seminars,2,seminars=2,0,2,0,0,0,0,0,0
seminary,2,seminary=2,0,1,0,0,1,0,0,0
sequoia,2,sequoia=2,1,1,0,0,0,0,0,0
serena,2,serena=2,0,2,0,0,0,0,0,0
servitude,2,servitude=2,2,0,0,0,0,0,0,0
settlement,2,settlement=1; settlements=1,2,0,0,0,0,0,0,0
shared,2,shared=2,0,0,0,0,2,0,0,0
shark,2,shark=1; sharks=1,2,0,0,0,0,0,0,0
sheer,2,sheer=2,0,0,0,0,2,0,0,0
shield,2,shield=2,2,0,0,0,0,0,0,0
shielding,2,shielding=2,2,0,0,0,0,0,0,0
shin,2,shines=2,0,0,2,0,0,0,0,0
shock,2,shocks=2,2,0,0,0,0,0,0,0
shoestring,2,shoestring=2,2,0,0,0,0,0,0,0
skillful,2,skillful=2,0,0,0,0,2,0,0,0
sleeping,2,sleeping=2,2,0,0,0,0,0,0,0
slice,2,slice=1; slicing=1,1,0,1,0,0,0,0,0
slideshow,2,slideshow=2,2,0,0,0,0,0,0,0
sluice,2,sluice=2,2,0,0,0,0,0,0,0
smell,2,smell=1; smelling=1,1,0,1,0,0,0,0,0
smile,2,smiling=2,0,0,2,0,0,0,0,0
smudge,2,smudge=1; smudges=1,2,0,0,0,0,0,0,0
snowfall,2,snowfall=2,2,0,0,0,0,0,0,0
socially,2,socially=2,0,0,0,0,0,2,0,0
socket,2,socket=2,2,0,0,0,0,0,0,0
solo,2,solo=2,1,1,0,0,0,0,0,0
solomon,2,solomon=2,0,2,0,0,0,0,0,0
solving,2,solving=2,2,0,0,0,0,0,0,0
someday,2,someday=2,0,0,0,0,0,2,0,0
somewhere,2,somewhere=2,0,0,0,0,0,2,0,0
sonar,2,sonar=2,2,0,0,0,0,0,0,0
sonic,2,sonic=2,0,0,0,0,2,0,0,0
sorrow,2,sorrow=2,2,0,0,0,0,0,0,0
soundscape,2,soundscapes=2,2,0,0,0,0,0,0,0
soundtrack,2,soundtrack=1; soundtracks=1,2,0,0,0,0,0,0,0
southwestern,2,southwestern=2,0,0,0,0,2,0,0,0
sov,2,sov=2,0,2,0,0,0,0,0,0
soy,2,soy=2,1,1,0,0,0,0,0,0
spa,2,spa=2,2,0,0,0,0,0,0,0
spaces,2,spaces=2,0,2,0,0,0,0,0,0
spaceship,2,spaceship=2,2,0,0,0,0,0,0,0
spacetime,2,spacetime=2,2,0,0,0,0,0,0,0
spacing,2,spacing=2,2,0,0,0,0,0,0,0
spacious,2,spacious=2,0,0,0,0,2,0,0,0
spare,2,spare=2,0,0,0,0,2,0,0,0
specialization,2,specialization=1; specializations=1,2,0,0,0,0,0,0,0
specialty,2,specialty=2,2,0,0,0,0,0,0,0
spectacle,2,spectacle=2,2,0,0,0,0,0,0,0
spectacular,2,spectacular=2,0,0,0,0,2,0,0,0
spicy,2,spicy=2,0,1,0,0,1,0,0,0
spinach,2,spinach=2,2,0,0,0,0,0,0,0
spix,2,spix=2,0,2,0,0,0,0,0,0
spoken,2,spoken=2,0,0,0,0,2,0,0,0
spontaneously,2,spontaneously=2,0,0,0,0,0,2,0,0
spore,2,spores=2,2,0,0,0,0,0,0,0
sprawl,2,sprawl=1; sprawling=1,1,0,1,0,0,0,0,0
springfield,2,springfield=2,0,2,0,0,0,0,0,0
springvale,2,springvale=2,0,2,0,0,0,0,0,0
squeeze,2,squeezed=2,0,0,2,0,0,0,0,0
stagnation,2,stagnation=2,2,0,0,0,0,0,0,0
stainless,2,stainless=2,0,0,0,0,2,0,0,0
standalone,2,standalone=2,0,0,0,0,2,0,0,0
staple,2,staple=2,1,0,0,0,1,0,0,0
starch,2,starch=2,2,0,0,0,0,0,0,0
statistic,2,statistics=2,2,0,0,0,0,0,0,0
steer,2,steer=2,0,0,2,0,0,0,0,0
stereotype,2,stereotypes=2,2,0,0,0,0,0,0,0
sticky,2,sticky=2,0,0,0,0,2,0,0,0
stiffness,2,stiffness=2,0,0,0,0,0,2,0,0
stoma,2,stomata=2,2,0,0,0,0,0,0,0
storyteller,2,storytellers=2,2,0,0,0,0,0,0,0
stranding,2,strandings=2,2,0,0,0,0,0,0,0
strange,2,strange=2,0,0,0,0,2,0,0,0
strike,2,strikes=2,0,0,2,0,0,0,0,0
striking,2,striking=2,0,0,0,0,2,0,0,0
stroll,2,stroll=1; strolling=1,0,0,2,0,0,0,0,0
structuralism,2,structuralism=2,1,1,0,0,0,0,0,0
structures,2,structures=2,0,2,0,0,0,0,0,0
strum,2,strummed=2,0,0,2,0,0,0,0,0
stuck,2,stuck=2,0,0,0,0,2,0,0,0
studies,2,studies=2,0,2,0,0,0,0,0,0
stumble,2,stumbled=1; stumbles=1,0,0,2,0,0,0,0,0
subfield,2,subfield=2,2,0,0,0,0,0,0,0
suboptimal,2,suboptimal=2,0,0,0,0,2,0,0,0
subspecie,2,subspecies=2,2,0,0,0,0,0,0,0
sulfur,2,sulfur=2,2,0,0,0,0,0,0,0
sulfuric,2,sulfuric=2,0,1,0,0,1,0,0,0
summit,2,summit=2,0,2,0,0,0,0,0,0
superb,2,superb=2,0,0,0,0,2,0,0,0
supreme,2,supreme=2,0,2,0,0,0,0,0,0
surely,2,surely=2,0,0,0,0,0,2,0,0
svo,2,svo=2,0,2,0,0,0,0,0,0
sway,2,sway=1; swayed=1,0,0,2,0,0,0,0,0
swipe,2,swipe=1; swiped=1,0,0,2,0,0,0,0,0
sync,2,syncing=1; syncs=1,0,0,2,0,0,0,0,0
synthesize,2,synthesize=1; synthesized=1,1,0,1,0,0,0,0,0
systematic,2,systematic=2,0,0,0,0,2,0,0,0
tab,2,tab=2,2,0,0,0,0,0,0,0
tale,2,tale=1; tales=1,2,0,0,0,0,0,0,0
talente,2,talented=2,0,0,2,0,0,0,0,0
tank,2,tank=1; tanks=1,2,0,0,0,0,0,0,0
tape,2,tape=2,2,0,0,0,0,0,0,0
techniques,2,techniques=2,0,2,0,0,0,0,0,0
template,2,templates=2,2,0,0,0,0,0,0,0
tenant,2,tenant=1; tenants=1,2,0,0,0,0,0,0,0
tenet,2,tenet=2,2,0,0,0,0,0,0,0
tent,2,tent=2,2,0,0,0,0,0,0,0
terrace,2,terrace=2,2,0,0,0,0,0,0,0
terrific,2,terrific=2,0,1,0,0,1,0,0,0
testimony,2,testimonies=1; testimony=1,2,0,0,0,0,0,0,0
tethered,2,tethered=2,0,0,0,0,2,0,0,0
textiles,2,textiles=2,0,2,0,0,0,0,0,0
theaters,2,theaters=2,0,2,0,0,0,0,0,0
theology,2,theology=2,2,0,0,0,0,0,0,0
thesis,2,thesis=2,2,0,0,0,0,0,0,0
thirty,2,thirty=2,0,0,0,0,0,0,0,2
thoroughly,2,thoroughly=2,0,0,0,0,0,2,0,0
tidal,2,tidal=2,1,0,0,0,1,0,0,0
tiere,2,tiered=2,0,0,2,0,0,0,0,0
timbre,2,timbres=2,2,0,0,0,0,0,0,0
timely,2,timely=2,0,0,0,0,2,0,0,0
tinker,2,tinker=1; tinkering=1,0,0,2,0,0,0,0,0
tips,2,tips=2,0,2,0,0,0,0,0,0
tiring,2,tiring=2,0,0,0,0,2,0,0,0
tofu,2,tofu=2,2,0,0,0,0,0,0,0
toilet,2,toilet=1; toilets=1,2,0,0,0,0,0,0,0
tokyo,2,tokyo=2,0,2,0,0,0,0,0,0
tolerance,2,tolerance=2,2,0,0,0,0,0,0,0
tonal,2,tonal=2,0,0,0,0,2,0,0,0
tournament,2,tournament=2,2,0,0,0,0,0,0,0
tow,2,towed=1; towing=1,0,0,2,0,0,0,0,0
trading,2,trading=2,2,0,0,0,0,0,0,0
tragic,2,tragic=2,0,0,0,0,2,0,0,0
trainee,2,trainees=2,2,0,0,0,0,0,0,0
transcontinental,2,transcontinental=2,0,0,0,0,2,0,0,0
translation,2,translation=2,2,0,0,0,0,0,0,0
transmission,2,transmission=2,2,0,0,0,0,0,0,0
trauma,2,trauma=2,2,0,0,0,0,0,0,0
traumatology,2,traumatology=2,2,0,0,0,0,0,0,0
trends,2,trends=2,0,2,0,0,0,0,0,0
triumph,2,triumph=1; triumphs=1,2,0,0,0,0,0,0,0
trombone,2,trombone=2,2,0,0,0,0,0,0,0
troubling,2,troubling=2,0,0,0,0,2,0,0,0
trucking,2,trucking=2,2,0,0,0,0,0,0,0
tuesdays,2,tuesdays=2,0,2,0,0,0,0,0,0
tuition,2,tuition=2,2,0,0,0,0,0,0,0
tundra,2,tundra=2,1,0,0,0,0,0,0,1
turbines,2,turbines=2,0,2,0,0,0,0,0,0
turkey,2,turkey=2,0,2,0,0,0,0,0,0
turning,2,turning=2,2,0,0,0,0,0,0,0
twelfth,2,twelfth=2,0,0,0,0,2,0,0,0
twelve,2,twelve=2,0,0,0,0,0,0,0,2
uber,2,uber=2,0,2,0,0,0,0,0,0
umbrella,2,umbrella=2,2,0,0,0,0,0,0,0
unaware,2,unaware=2,0,0,0,0,2,0,0,0
unchanged,2,unchanged=2,0,0,0,0,2,0,0,0
unconditional,2,unconditional=2,0,0,0,0,2,0,0,0
undecided,2,undecided=2,0,0,0,0,2,0,0,0
underpass,2,underpasses=2,2,0,0,0,0,0,0,0
underpinning,2,underpinnings=2,2,0,0,0,0,0,0,0
undersea,2,undersea=2,0,0,0,0,2,0,0,0
understandable,2,understandable=2,0,0,0,0,2,0,0,0
undesirable,2,undesirable=2,0,0,1,0,1,0,0,0
undue,2,undue=2,0,0,0,0,2,0,0,0
unemployment,2,unemployment=2,2,0,0,0,0,0,0,0
unesco,2,unesco=2,0,2,0,0,0,0,0,0
unevenly,2,unevenly=2,0,0,0,0,0,2,0,0
unfold,2,unfolded=1; unfolding=1,0,0,2,0,0,0,0,0
unforgettable,2,unforgettable=2,0,0,0,0,2,0,0,0
unfortunate,2,unfortunate=2,0,0,0,0,2,0,0,0
unifying,2,unifying=2,0,0,0,0,2,0,0,0
unite,2,unite=2,0,0,2,0,0,0,0,0
unpredictably,2,unpredictably=2,0,0,0,0,0,2,0,0
unravel,2,unravel=2,0,0,1,0,1,0,0,0
unrealistic,2,unrealistic=2,0,0,0,0,2,0,0,0
unreliable,2,unreliable=2,0,0,0,0,2,0,0,0
unrest,2,unrest=2,2,0,0,0,0,0,0,0
unsaturated,2,unsaturated=2,0,0,0,0,2,0,0,0
unstable,2,unstable=2,0,0,0,0,2,0,0,0
untapped,2,untapped=2,0,0,0,0,2,0,0,0
unused,2,unused=2,0,0,0,0,2,0,0,0
unveiling,2,unveiling=2,0,2,0,0,0,0,0,0
unwind,2,unwind=2,0,0,1,0,1,0,0,0
unwritten,2,unwritten=2,0,0,0,0,2,0,0,0
updraft,2,updraft=2,0,2,0,0,0,0,0,0
upgrades,2,upgrades=2,0,2,0,0,0,0,0,0
upheaval,2,upheavals=2,2,0,0,0,0,0,0,0
upkeep,2,upkeep=2,2,0,0,0,0,0,0,0
uptake,2,uptake=2,2,0,0,0,0,0,0,0
urie,2,urie=2,0,2,0,0,0,0,0,0
vacant,2,vacant=2,0,0,0,0,2,0,0,0
valid,2,valid=2,0,0,0,0,2,0,0,0
van,2,van=1; vans=1,1,1,0,0,0,0,0,0
vantage,2,vantage=2,2,0,0,0,0,0,0,0
varying,2,varying=2,0,0,0,0,2,0,0,0
vasco,2,vasco=2,0,2,0,0,0,0,0,0
vase,2,vase=2,2,0,0,0,0,0,0,0
vasily,2,vasily=2,0,2,0,0,0,0,0,0
velociraptor,2,velociraptor=2,0,2,0,0,0,0,0,0
veronese,2,veronese=2,0,2,0,0,0,0,0,0
viability,2,viability=2,2,0,0,0,0,0,0,0
vibrate,2,vibrate=1; vibrating=1,0,0,2,0,0,0,0,0
victory,2,victory=2,2,0,0,0,0,0,0,0
vihuela,2,vihuela=2,2,0,0,0,0,0,0,0
village,2,village=2,2,0,0,0,0,0,0,0
vine,2,vines=2,2,0,0,0,0,0,0,0
vintage,2,vintage=2,0,0,0,0,2,0,0,0
virtually,2,virtually=2,0,0,0,0,0,2,0,0
visigoths,2,visigoths=2,0,2,0,0,0,0,0,0
vitamin,2,vitamin=1; vitamins=1,2,0,0,0,0,0,0,0
vocal,2,vocal=2,0,0,0,0,2,0,0,0
vocalization,2,vocalizations=2,2,0,0,0,0,0,0,0
vulnerability,2,vulnerability=2,2,0,0,0,0,0,0,0
wage,2,wages=2,2,0,0,0,0,0,0,0
waive,2,waive=1; waived=1,0,0,2,0,0,0,0,0
warehouse,2,warehouse=1; warehouses=1,2,0,0,0,0,0,0,0
warlord,2,warlords=2,2,0,0,0,0,0,0,0
warning,2,warning=2,2,0,0,0,0,0,0,0
waterproof,2,waterproof=2,0,0,0,0,2,0,0,0
waves,2,waves=2,0,2,0,0,0,0,0,0
wavesound,2,wavesound=2,0,2,0,0,0,0,0,0
weak,2,weaker=2,0,0,0,0,2,0,0,0
weightlifting,2,weightlifting=2,2,0,0,0,0,0,0,0
whatever,2,whatever=2,0,0,0,0,0,0,0,2
wherever,2,wherever=2,0,0,0,0,0,0,0,2
wi,2,wi=2,0,2,0,0,0,0,0,0
wildebeest,2,wildebeest=1; wildebeests=1,1,0,0,0,1,0,0,0
willingness,2,willingness=2,2,0,0,0,0,0,0,0
willis,2,willis=2,0,2,0,0,0,0,0,0
windless,2,windless=2,0,0,0,0,2,0,0,0
wire,2,wire=2,2,0,0,0,0,0,0,0
wisely,2,wisely=2,0,0,0,0,0,2,0,0
wool,2,wool=2,2,0,0,0,0,0,0,0
worsen,2,worsen=1; worsening=1,0,0,2,0,0,0,0,0
worthwhile,2,worthwhile=2,0,0,0,0,2,0,0,0
yours,2,yours=2,0,0,0,0,0,0,2,0
zenith,2,zenith=2,1,1,0,0,0,0,0,0
zero,2,zero=2,0,0,0,0,0,0,0,2
œloss,2,œloss=2,2,0,0,0,0,0,0,0
œstoic,2,œstoic=2,0,0,0,0,2,0,0,0
abby,1,abby=1,0,1,0,0,0,0,0,0
absent,1,absent=1,0,0,0,0,1,0,0,0
abundance,1,abundance=1,1,0,0,0,0,0,0,0
abyss,1,abyss=1,1,0,0,0,0,0,0,0
academics,1,academics=1,0,1,0,0,0,0,0,0
acceleration,1,acceleration=1,1,0,0,0,0,0,0,0
accentuate,1,accentuate=1,0,0,1,0,0,0,0,0
acclaim,1,acclaimed=1,0,0,1,0,0,0,0,0
accountable,1,accountable=1,0,0,0,0,1,0,0,0
achievable,1,achievable=1,0,0,0,0,1,0,0,0
actionable,1,actionable=1,0,0,0,0,1,0,0,0
activist,1,activist=1,1,0,0,0,0,0,0,0
adam,1,adam=1,0,1,0,0,0,0,0,0
adaptations,1,adaptations=1,0,1,0,0,0,0,0,0
adding,1,adding=1,0,1,0,0,0,0,0,0
adept,1,adept=1,0,0,0,0,1,0,0,0
adequately,1,adequately=1,0,0,0,0,0,1,0,0
adjacent,1,adjacent=1,0,0,0,0,1,0,0,0
adjustable,1,adjustable=1,0,0,0,0,1,0,0,0
adjusted,1,adjusted=1,0,0,0,0,1,0,0,0
admissions,1,admissions=1,0,1,0,0,0,0,0,0
adorn,1,adorned=1,0,0,1,0,0,0,0,0
advancements,1,advancements=1,0,1,0,0,0,0,0,0
advances,1,advances=1,0,1,0,0,0,0,0,0
advantageous,1,advantageous=1,0,0,0,0,1,0,0,0
advertiser,1,advertisers=1,1,0,0,0,0,0,0,0
adviser,1,adviser=1,1,0,0,0,0,0,0,0
aeolus,1,aeolus=1,0,1,0,0,0,0,0,0
aerobic,1,aerobic=1,0,0,0,0,1,0,0,0
aerobically,1,aerobically=1,0,0,0,0,0,1,0,0
affected,1,affected=1,0,0,0,0,1,0,0,0
affection,1,affection=1,1,0,0,0,0,0,0,0
affective,1,affective=1,1,0,0,0,0,0,0,0
affluent,1,affluent=1,0,0,0,0,1,0,0,0
afghanistan,1,afghanistan=1,0,1,0,0,0,0,0,0
afterwards,1,afterwards=1,0,0,0,0,0,1,0,0
aggressor,1,aggressor=1,1,0,0,0,0,0,0,0
agonized,1,agonized=1,0,0,0,0,1,0,0,0
agriculturally,1,agriculturally=1,0,0,0,0,0,1,0,0
ahab,1,ahab=1,0,1,0,0,0,0,0,0
aimingto,1,aimingto=1,0,1,0,0,0,0,0,0
aircraft,1,aircraft=1,1,0,0,0,0,0,0,0
aisha,1,aisha=1,0,1,0,0,0,0,0,0
al,1,al=1,0,1,0,0,0,0,0,0
alas,1,alas=1,0,0,0,0,0,0,0,1
albur,1,albur=1,0,1,0,0,0,0,0,0
alexander,1,alexander=1,0,1,0,0,0,0,0,0
alissa,1,alissa=1,0,1,0,0,0,0,0,0
allergic,1,allergic=1,0,0,0,0,1,0,0,0
alley,1,alley=1,1,0,0,0,0,0,0,0
alliance,1,alliances=1,1,0,0,0,0,0,0,0
allot,1,allotted=1,0,0,1,0,0,0,0,0
allspice,1,allspice=1,1,0,0,0,0,0,0,0
allure,1,allure=1,1,0,0,0,0,0,0,0
almond,1,almonds=1,1,0,0,0,0,0,0,0
aloud,1,aloud=1,0,0,0,0,0,1,0,0
alpine,1,alpine=1,1,0,0,0,0,0,0,0
altarpiece,1,altarpieces=1,1,0,0,0,0,0,0,0
alteration,1,alteration=1,1,0,0,0,0,0,0,0
altering,1,altering=1,1,0,0,0,0,0,0,0
alternatively,1,alternatively=1,0,0,0,0,0,1,0,0
altogether,1,altogether=1,0,0,0,0,0,1,0,0
ambiance,1,ambiance=1,1,0,0,0,0,0,0,0
ambition,1,ambitions=1,1,0,0,0,0,0,0,0
amuse,1,amused=1,0,0,1,0,0,0,0,0
amyloid,1,amyloid=1,1,0,0,0,0,0,0,0
anaerobic,1,anaerobic=1,1,0,0,0,0,0,0,0
anaerobically,1,anaerobically=1,0,0,0,0,0,1,0,0
analog,1,analogs=1,1,0,0,0,0,0,0,0
analogy,1,analogy=1,1,0,0,0,0,0,0,0
analytic,1,analytics=1,1,0,0,0,0,0,0,0
anatomist,1,anatomists=1,1,0,0,0,0,0,0,0
andre,1,andre=1,0,1,0,0,0,0,0,0
andrea,1,andrea=1,0,1,0,0,0,0,0,0
anger,1,anger=1,1,0,0,0,0,0,0,0
angry,1,angry=1,0,1,0,0,0,0,0,0
angst,1,angst=1,1,0,0,0,0,0,0,0
animate,1,animated=1,0,0,1,0,0,0,0,0
ankle,1,ankle=1,1,0,0,0,0,0,0,0
anniversary,1,anniversary=1,1,0,0,0,0,0,0,0
annotation,1,annotations=1,1,0,0,0,0,0,0,0
annoy,1,annoyed=1,0,0,1,0,0,0,0,0
annually,1,annually=1,0,0,0,0,0,1,0,0
anonymous,1,anonymous=1,0,0,0,0,1,0,0,0
antagonistic,1,antagonistic=1,0,0,0,0,1,0,0,0
antarctic,1,antarctic=1,0,1,0,0,0,0,0,0
anthropological,1,anthropological=1,1,0,0,0,0,0,0,0
anti,1,anti=1,0,0,0,0,1,0,0,0
antibacterial,1,antibacterial=1,0,0,0,0,1,0,0,0
antique,1,antiques=1,1,0,0,0,0,0,0,0
antonio,1,antonio=1,0,1,0,0,0,0,0,0
ants,1,ants=1,0,1,0,0,0,0,0,0
anytime,1,anytime=1,0,0,0,0,0,1,0,0
appalachian,1,appalachian=1,0,1,0,0,0,0,0,0
apparent,1,apparent=1,0,0,0,0,1,0,0,0
appetite,1,appetite=1,1,0,0,0,0,0,0,0
applause,1,applause=1,1,0,0,0,0,0,0,0
apple,1,apples=1,1,0,0,0,0,0,0,0
appreciated,1,appreciated=1,0,0,0,0,1,0,0,0
appreciative,1,appreciative=1,0,1,0,0,0,0,0,0
apprenticeship,1,apprenticeship=1,1,0,0,0,0,0,0,0
approximate,1,approximate=1,0,0,0,0,1,0,0,0
apps,1,apps=1,0,1,0,0,0,0,0,0
apt,1,apt=1,0,1,0,0,0,0,0,0
arabic,1,arabic=1,0,1,0,0,0,0,0,0
archetype,1,archetypes=1,1,0,0,0,0,0,0,0
archiving,1,archiving=1,0,0,0,0,1,0,0,0
arena,1,arenas=1,1,0,0,0,0,0,0,0
argumentation,1,argumentation=1,0,1,0,0,0,0,0,0
aristocrat,1,aristocrats=1,0,0,1,0,0,0,0,0
armour,1,armour=1,1,0,0,0,0,0,0,0
arriving,1,arriving=1,0,1,0,0,0,0,0,0
artichoke,1,artichoke=1,1,0,0,0,0,0,0,0
articulate,1,articulated=1,0,0,1,0,0,0,0,0
artifacts,1,artifacts=1,0,1,0,0,0,0,0,0
artificially,1,artificially=1,0,0,0,0,0,1,0,0
artisanal,1,artisanal=1,0,0,0,0,1,0,0,0
artisans,1,artisans=1,0,1,0,0,0,0,0,0
artistically,1,artistically=1,0,0,0,0,0,1,0,0
ascent,1,ascent=1,0,1,0,0,0,0,0,0
aspiration,1,aspiration=1,1,0,0,0,0,0,0,0
aspire,1,aspiring=1,0,0,1,0,0,0,0,0
assemble,1,assemble=1,0,0,1,0,0,0,0,0
assertion,1,assertion=1,1,0,0,0,0,0,0,0
assertive,1,assertive=1,1,0,0,0,0,0,0,0
associated,1,associated=1,0,0,0,0,1,0,0,0
association,1,association=1,1,0,0,0,0,0,0,0
assortment,1,assortment=1,1,0,0,0,0,0,0,0
assure,1,assure=1,0,0,1,0,0,0,0,0
asteroid,1,asteroid=1,1,0,0,0,0,0,0,0
astonish,1,astonishing=1,0,0,1,0,0,0,0,0
astonishingly,1,astonishingly=1,0,0,0,0,0,1,0,0
astrolabe,1,astrolabe=1,1,0,0,0,0,0,0,0
astrology,1,astrology=1,1,0,0,0,0,0,0,0
astronauts,1,astronauts=1,0,1,0,0,0,0,0,0
astronomist,1,astronomist=1,1,0,0,0,0,0,0,0
astrophysic,1,astrophysics=1,1,0,0,0,0,0,0,0
atlantic,1,atlantic=1,0,1,0,0,0,0,0,0
atrium,1,atrium=1,1,0,0,0,0,0,0,0
attache,1,attaches=1,1,0,0,0,0,0,0,0
attain,1,attained=1,0,0,1,0,0,0,0,0
attendees,1,attendees=1,0,1,0,0,0,0,0,0
audiobook,1,audiobooks=1,1,0,0,0,0,0,0,0
audiovisual,1,audiovisual=1,0,0,0,0,1,0,0,0
audition,1,audition=1,1,0,0,0,0,0,0,0
australian,1,australian=1,0,0,0,0,1,0,0,0
authorize,1,authorized=1,0,0,1,0,0,0,0,0
autoimmune,1,autoimmune=1,0,0,0,0,1,0,0,0
automatism,1,automatism=1,1,0,0,0,0,0,0,0
autoplay,1,autoplay=1,1,0,0,0,0,0,0,0
avelin,1,avelin=1,0,1,0,0,0,0,0,0
avenue,1,avenue=1,0,1,0,0,0,0,0,0
averse,1,averse=1,0,0,0,0,1,0,0,0
avila,1,avila=1,0,1,0,0,0,0,0,0
awakening,1,awakening=1,1,0,0,0,0,0,0,0
awfully,1,awfully=1,0,0,0,0,0,1,0,0
awkward,1,awkward=1,0,0,0,0,1,0,0,0
axe,1,axe=1,1,0,0,0,0,0,0,0
backfire,1,backfire=1,0,0,1,0,0,0,0,0
backlash,1,backlash=1,1,0,0,0,0,0,0,0
backseat,1,backseat=1,1,0,0,0,0,0,0,0
badly,1,badly=1,0,0,0,0,0,1,0,0
baker,1,baker=1,0,1,0,0,0,0,0,0
ballroom,1,ballroom=1,1,0,0,0,0,0,0,0
baltic,1,baltic=1,0,1,0,0,0,0,0,0
bamboo,1,bamboo=1,1,0,0,0,0,0,0,0
bandage,1,bandages=1,1,0,0,0,0,0,0,0
bangladesh,1,bangladesh=1,0,1,0,0,0,0,0,0
bankrupt,1,bankrupt=1,0,0,0,0,1,0,0,0
bankruptcy,1,bankruptcy=1,1,0,0,0,0,0,0,0
barcode,1,barcode=1,1,0,0,0,0,0,0,0
baritone,1,baritone=1,1,0,0,0,0,0,0,0
barren,1,barren=1,0,0,0,0,1,0,0,0
barthes,1,barthes=1,0,1,0,0,0,0,0,0
bartolomeo,1,bartolomeo=1,0,1,0,0,0,0,0,0
basalt,1,basalt=1,1,0,0,0,0,0,0,0
bass,1,bass=1,1,0,0,0,0,0,0,0
beacon,1,beacon=1,1,0,0,0,0,0,0,0
beak,1,beak=1,1,0,0,0,0,0,0,0
beans,1,beans=1,0,1,0,0,0,0,0,0
beastie,1,beastie=1,0,1,0,0,0,0,0,0
beautifully,1,beautifully=1,0,0,0,0,0,1,0,0
beautify,1,beautify=1,0,0,1,0,0,0,0,0
beaux,1,beaux=1,0,1,0,0,0,0,0,0
becoming,1,becoming=1,0,1,0,0,0,0,0,0
bede,1,bede=1,0,1,0,0,0,0,0,0
beef,1,beef=1,1,0,0,0,0,0,0,0
beehive,1,beehives=1,1,0,0,0,0,0,0,0
bees,1,bees=1,0,1,0,0,0,0,0,0
beg,1,beg=1,0,0,1,0,0,0,0,0
behaviors,1,behaviors=1,0,1,0,0,0,0,0,0
behaviour,1,behaviours=1,1,0,0,0,0,0,0,0
believable,1,believable=1,0,0,0,0,1,0,0,0
ben,1,ben=1,0,1,0,0,0,0,0,0
benchmark,1,benchmark=1,1,0,0,0,0,0,0,0
benny,1,benny=1,0,1,0,0,0,0,0,0
bent,1,bent=1,0,0,0,0,1,0,0,0
bergsen,1,bergsen=1,0,1,0,0,0,0,0,0
bertolt,1,bertolt=1,0,1,0,0,0,0,0,0
besides,1,besides=1,0,0,0,0,0,0,0,1
bestseller,1,bestsellers=1,1,0,0,0,0,0,0,0
beta,1,beta=1,1,0,0,0,0,0,0,0
beth,1,beth=1,0,1,0,0,0,0,0,0
betrayal,1,betrayal=1,0,1,0,0,0,0,0,0
beyoncé,1,beyoncé=1,0,1,0,0,0,0,0,0
bigwig,1,bigwigs=1,1,0,0,0,0,0,0,0
bioactivity,1,bioactivity=1,1,0,0,0,0,0,0,0
biohacker,1,biohackers=1,1,0,0,0,0,0,0,0
biomolecule,1,biomolecules=1,1,0,0,0,0,0,0,0
bioscience,1,bioscience=1,1,0,0,0,0,0,0,0
birdsong,1,birdsongs=1,1,0,0,0,0,0,0,0
birthplace,1,birthplaces=1,1,0,0,0,0,0,0,0
bisect,1,bisect=1,0,0,1,0,0,0,0,0
bite,1,bites=1,1,0,0,0,0,0,0,0
bitterness,1,bitterness=1,1,0,0,0,0,0,0,0
bizarre,1,bizarre=1,0,0,0,0,1,0,0,0
bleach,1,bleaching=1,0,0,1,0,0,0,0,0
blog,1,blog=1,1,0,0,0,0,0,0,0
bluetooth,1,bluetooth=1,0,1,0,0,0,0,0,0
bluish,1,bluish=1,0,0,0,0,1,0,0,0
blurry,1,blurry=1,0,0,0,0,1,0,0,0
boat,1,boat=1,1,0,0,0,0,0,0,0
boatbuilding,1,boatbuilding=1,1,0,0,0,0,0,0,0
bogart,1,bogart=1,0,1,0,0,0,0,0,0
boil,1,boiling=1,0,0,1,0,0,0,0,0
bonding,1,bonding=1,1,0,0,0,0,0,0,0
bookmark,1,bookmarks=1,1,0,0,0,0,0,0,0
bookshelf,1,bookshelf=1,1,0,0,0,0,0,0,0
bookshop,1,bookshop=1,1,0,0,0,0,0,0,0
borderline,1,borderlines=1,1,0,0,0,0,0,0,0
boston,1,boston=1,0,1,0,0,0,0,0,0
bow,1,bow=1,1,0,0,0,0,0,0,0
bowler,1,bowlers=1,1,0,0,0,0,0,0,0
boys,1,boys=1,0,1,0,0,0,0,0,0
bracket,1,brackets=1,1,0,0,0,0,0,0,0
braid,1,braid=1,1,0,0,0,0,0,0,0
brainstorm,1,brainstormed=1,0,0,1,0,0,0,0,0
brainwave,1,brainwave=1,1,0,0,0,0,0,0,0
braque,1,braque=1,0,1,0,0,0,0,0,0
brazil,1,brazil=1,0,1,0,0,0,0,0,0
breadth,1,breadth=1,1,0,0,0,0,0,0,0
breaking,1,breaking=1,1,0,0,0,0,0,0,0
breakout,1,breakouts=1,1,0,0,0,0,0,0,0
breathless,1,breathless=1,0,1,0,0,0,0,0,0
breathtaking,1,breathtaking=1,0,0,0,0,1,0,0,0
brecht,1,brecht=1,0,1,0,0,0,0,0,0
briefly,1,briefly=1,1,0,0,0,0,0,0,0
brightness,1,brightness=1,0,1,0,0,0,0,0,0
brilliant,1,brilliant=1,0,0,0,0,1,0,0,0
brisk,1,brisk=1,0,0,0,0,1,0,0,0
brittle,1,brittle=1,0,0,0,0,1,0,0,0
broadcast,1,broadcast=1,0,0,1,0,0,0,0,0
broken,1,broken=1,0,0,0,0,1,0,0,0
broker,1,brokers=1,1,0,0,0,0,0,0,0
brontë,1,brontë=1,0,1,0,0,0,0,0,0
brothers,1,brothers=1,0,1,0,0,0,0,0,0
browser,1,browser=1,1,0,0,0,0,0,0,0
bruce,1,bruce=1,0,1,0,0,0,0,0,0
brunelleschi,1,brunelleschi=1,0,1,0,0,0,0,0,0
brushwork,1,brushwork=1,1,0,0,0,0,0,0,0
brutal,1,brutal=1,0,0,0,0,1,0,0,0
buffet,1,buffet=1,1,0,0,0,0,0,0,0
builds,1,builds=1,0,1,0,0,0,0,0,0
bummer,1,bummer=1,0,1,0,0,0,0,0,0
bun,1,buns=1,1,0,0,0,0,0,0,0
burden,1,burden=1,1,0,0,0,0,0,0,0
burnout,1,burnout=1,1,0,0,0,0,0,0,0
bush,1,bush=1,0,1,0,0,0,0,0,0
butcher,1,butchers=1,1,0,0,0,0,0,0,0
buzzing,1,buzzing=1,1,0,0,0,0,0,0,0
cab,1,cab=1,1,0,0,0,0,0,0,0
cacti,1,cacti=1,1,0,0,0,0,0,0,0
calder,1,calder=1,0,1,0,0,0,0,0,0
calling,1,calling=1,1,0,0,0,0,0,0,0
calmly,1,calmly=1,0,0,0,0,0,1,0,0
calmness,1,calmness=1,0,1,0,0,0,0,0,0
camels,1,camels=1,0,1,0,0,0,0,0,0
cameron,1,cameron=1,0,1,0,0,0,0,0,0
campfire,1,campfire=1,1,0,0,0,0,0,0,0
canada,1,canada=1,0,1,0,0,0,0,0,0
cancer,1,cancer=1,1,0,0,0,0,0,0,0
candid,1,candid=1,0,0,0,0,1,0,0,0
candy,1,candy=1,1,0,0,0,0,0,0,0
canoe,1,canoe=1,1,0,0,0,0,0,0,0
canopy,1,canopy=1,1,0,0,0,0,0,0,0
cap,1,caps=1,1,0,0,0,0,0,0,0
capitalist,1,capitalist=1,1,0,0,0,0,0,0,0
captain,1,captain=1,0,1,0,0,0,0,0,0
captivate,1,captivate=1,0,0,0,0,1,0,0,0
carbohydrate,1,carbohydrates=1,1,0,0,0,0,0,0,0
carbonic,1,carbonic=1,0,0,0,0,1,0,0,0
caregiver,1,caregivers=1,1,0,0,0,0,0,0,0
caretaker,1,caretakers=1,1,0,0,0,0,0,0,0
carla,1,carla=1,0,1,0,0,0,0,0,0
carmaker,1,carmaker=1,1,0,0,0,0,0,0,0
carpentry,1,carpentry=1,1,0,0,0,0,0,0,0
carpet,1,carpet=1,1,0,0,0,0,0,0,0
carpoole,1,carpooling=1,0,0,1,0,0,0,0,0
carpooling,1,carpooling=1,1,0,0,0,0,0,0,0
carrots,1,carrots=1,0,1,0,0,0,0,0,0
cartographer,1,cartographer=1,1,0,0,0,0,0,0,0
carving,1,carvings=1,1,0,0,0,0,0,0,0
cascading,1,cascading=1,1,0,0,0,0,0,0,0
cashew,1,cashews=1,1,0,0,0,0,0,0,0
catalysis,1,catalysis=1,1,0,0,0,0,0,0,0
catastrophe,1,catastrophe=1,1,0,0,0,0,0,0,0
catcher,1,catcher=1,0,1,0,0,0,0,0,0
caterer,1,caterers=1,1,0,0,0,0,0,0,0
cathedrals,1,cathedrals=1,0,1,0,0,0,0,0,0
cattle,1,cattle=1,1,0,0,0,0,0,0,0
caulfield,1,caulfield=1,0,1,0,0,0,0,0,0
causally,1,causally=1,0,0,0,0,0,1,0,0
ce,1,ce=1,0,1,0,0,0,0,0,0
ceiling,1,ceilings=1,1,0,0,0,0,0,0,0
celebratory,1,celebratory=1,0,0,1,0,0,0,0,0
celle,1,celled=1,0,0,1,0,0,0,0,0
cement,1,cement=1,1,0,0,0,0,0,0,0
centennial,1,centennial=1,0,0,0,0,1,0,0,0
centrality,1,centrality=1,1,0,0,0,0,0,0,0
centric,1,centric=1,0,0,0,0,1,0,0,0
ceramics,1,ceramics=1,1,0,0,0,0,0,0,0
cereal,1,cereal=1,1,0,0,0,0,0,0,0
certainty,1,certainty=1,1,0,0,0,0,0,0,0
cetera,1,cetera=1,1,0,0,0,0,0,0,0
changemaker,1,changemakers=1,1,0,0,0,0,0,0,0
changer,1,changer=1,1,0,0,0,0,0,0,0
chaperone,1,chaperones=1,1,0,0,0,0,0,0,0
charlotte,1,charlotte=1,0,1,0,0,0,0,0,0
charter,1,charters=1,1,0,0,0,0,0,0,0
chase,1,chase=1,0,0,1,0,0,0,0,0
chatbots,1,chatbots=1,0,1,0,0,0,0,0,0
cheaply,1,cheaply=1,0,0,0,0,0,1,0,0
cheetah,1,cheetahs=1,1,0,0,0,0,0,0,0
chemist,1,chemists=1,1,0,0,0,0,0,0,0
cherry,1,cherries=1,1,0,0,0,0,0,0,0
chest,1,chest=1,1,0,0,0,0,0,0,0
childcare,1,childcare=1,1,0,0,0,0,0,0,0
childlike,1,childlike=1,0,0,0,0,1,0,0,0
chilly,1,chilly=1,0,0,0,0,1,0,0,0
chimney,1,chimneys=1,1,0,0,0,0,0,0,0
chin,1,chin=1,0,1,0,0,0,0,0,0
chirping,1,chirping=1,1,0,0,0,0,0,0,0
cholera,1,cholera=1,1,0,0,0,0,0,0,0
choosing,1,choosing=1,1,0,0,0,0,0,0,0
choreographed,1,choreographed=1,0,0,0,0,1,0,0,0
christy,1,christy=1,0,1,0,0,0,0,0,0
chronicle,1,chronicle=1,0,0,1,0,0,0,0,0
chronological,1,chronological=1,0,0,0,0,1,0,0,0
cinnamon,1,cinnamon=1,0,0,0,0,1,0,0,0
circuit,1,circuits=1,1,0,0,0,0,0,0,0
circulate,1,circulate=1,0,0,1,0,0,0,0,0
circulatory,1,circulatory=1,0,0,0,0,1,0,0,0
circumnavigate,1,circumnavigate=1,0,0,1,0,0,0,0,0
citation,1,citation=1,1,0,0,0,0,0,0,0
cladh,1,cladh=1,0,1,0,0,0,0,0,0
clam,1,clams=1,1,0,0,0,0,0,0,0
clamp,1,clamps=1,1,0,0,0,0,0,0,0
classes,1,classes=1,0,1,0,0,0,0,0,0
classwork,1,classwork=1,1,0,0,0,0,0,0,0
clavichord,1,clavichord=1,1,0,0,0,0,0,0,0
claw,1,claws=1,1,0,0,0,0,0,0,0
cleaner,1,cleaner=1,0,0,0,0,0,1,0,0
cleanliness,1,cleanliness=1,1,0,0,0,0,0,0,0
clearance,1,clearance=1,1,0,0,0,0,0,0,0
clerkin,1,clerkin=1,0,1,0,0,0,0,0,0
clicco,1,clicco=1,0,1,0,0,0,0,0,0
clicko,1,clicko=1,0,1,0,0,0,0,0,0
cliff,1,cliffs=1,1,0,0,0,0,0,0,0
climatic,1,climatic=1,0,0,0,0,1,0,0,0
climber,1,climbers=1,1,0,0,0,0,0,0,0
clime,1,climes=1,1,0,0,0,0,0,0,0
clip,1,clips=1,1,0,0,0,0,0,0,0
closet,1,closet=1,1,0,0,0,0,0,0,0
cluttered,1,cluttered=1,0,0,0,0,1,0,0,0
cm,1,cm=1,1,0,0,0,0,0,0,0
cobwebs,1,cobwebs=1,1,0,0,0,0,0,0,0
coexist,1,coexist=1,0,0,1,0,0,0,0,0
coexistence,1,coexistence=1,1,0,0,0,0,0,0,0
coincidence,1,coincidence=1,1,0,0,0,0,0,0,0
collaboratively,1,collaboratively=1,0,0,0,0,0,1,0,0
colonist,1,colonists=1,1,0,0,0,0,0,0,0
colonization,1,colonization=1,1,0,0,0,0,0,0,0
columbian,1,columbian=1,0,0,0,0,1,0,0,0
combustible,1,combustible=1,0,0,0,0,1,0,0,0
comforts,1,comforts=1,0,1,0,0,0,0,0,0
command,1,command=1,1,0,0,0,0,0,0,0
commemorative,1,commemorative=1,0,0,0,0,1,0,0,0
commence,1,commence=1,0,0,1,0,0,0,0,0
commencement,1,commencement=1,1,0,0,0,0,0,0,0
commending,1,commending=1,0,1,0,0,0,0,0,0
commerce,1,commerce=1,1,0,0,0,0,0,0,0
commonality,1,commonalities=1,1,0,0,0,0,0,0,0
commons,1,commons=1,0,1,0,0,0,0,0,0
compacted,1,compacted=1,0,0,0,0,1,0,0,0
comparisons,1,comparisons=1,0,1,0,0,0,0,0,0
compensation,1,compensation=1,1,0,0,0,0,0,0,0
competent,1,competent=1,0,0,0,0,1,0,0,0
complain,1,complained=1,0,0,1,0,0,0,0,0
complaints,1,complaints=1,0,1,0,0,0,0,0,0
completed,1,completed=1,0,1,0,0,0,0,0,0
compliance,1,compliance=1,1,0,0,0,0,0,0,0
comply,1,comply=1,0,0,1,0,0,0,0,0
composting,1,composting=1,0,1,0,0,0,0,0,0
compressing,1,compressing=1,0,1,0,0,0,0,0,0
compressive,1,compressive=1,0,0,0,0,1,0,0,0
compute,1,computing=1,0,0,1,0,0,0,0,0
conceal,1,conceal=1,0,0,1,0,0,0,0,0
concent,1,concent=1,1,0,0,0,0,0,0,0
concentrated,1,concentrated=1,0,0,0,0,1,0,0,0
concentrating,1,concentrating=1,0,1,0,0,0,0,0,0
concentric,1,concentric=1,0,0,0,0,1,0,0,0
concerns,1,concerns=1,0,1,0,0,0,0,0,0
concisely,1,concisely=1,0,0,0,0,0,1,0,0
conclusive,1,conclusive=1,0,0,0,0,1,0,0,0
cone,1,cone=1,1,0,0,0,0,0,0,0
confidently,1,confidently=1,0,0,0,0,0,1,0,0
confirmed,1,confirmed=1,0,0,0,0,1,0,0,0
confrontation,1,confrontation=1,1,0,0,0,0,0,0,0
congested,1,congested=1,0,0,0,0,1,0,0,0
conical,1,conical=1,0,0,0,0,1,0,0,0
conjecture,1,conjecture=1,1,0,0,0,0,0,0,0
consciously,1,consciously=1,0,0,0,0,0,1,0,0
consent,1,consent=1,1,0,0,0,0,0,0,0
considerably,1,considerably=1,0,0,0,0,0,1,0,0
considerate,1,considerate=1,1,0,0,0,0,0,0,0
consistency,1,consistency=1,1,0,0,0,0,0,0,0
consistently,1,consistently=1,0,0,0,0,0,1,0,0
consolidate,1,consolidate=1,0,0,1,0,0,0,0,0
constantinople,1,constantinople=1,0,1,0,0,0,0,0,0
constrain,1,constrains=1,0,0,1,0,0,0,0,0
consuming,1,consuming=1,1,0,0,0,0,0,0,0
contaminate,1,contaminated=1,0,0,1,0,0,0,0,0
contention,1,contention=1,1,0,0,0,0,0,0,0
contextually,1,contextually=1,0,0,0,0,0,1,0,0
contingency,1,contingency=1,1,0,0,0,0,0,0,0
contort,1,contorts=1,0,0,1,0,0,0,0,0
contraction,1,contractions=1,1,0,0,0,0,0,0,0
contrary,1,contrary=1,0,0,0,0,1,0,0,0
contributor,1,contributors=1,1,0,0,0,0,0,0,0
conveniently,1,conveniently=1,0,0,0,0,0,1,0,0
conversational,1,conversational=1,0,0,0,0,1,0,0,0
converse,1,converse=1,0,0,1,0,0,0,0,0
conversely,1,conversely=1,0,0,0,0,0,1,0,0
conveyor,1,conveyor=1,1,0,0,0,0,0,0,0
conviction,1,convictions=1,1,0,0,0,0,0,0,0
cookbook,1,cookbook=1,1,0,0,0,0,0,0,0
cooler,1,cooler=1,0,0,0,0,1,0,0,0
cooperate,1,cooperate=1,0,1,0,0,0,0,0,0
cooperative,1,cooperative=1,0,0,0,0,1,0,0,0
coordinated,1,coordinated=1,0,0,0,0,1,0,0,0
cop,1,coping=1,0,0,1,0,0,0,0,0
cope,1,cope=1,0,0,1,0,0,0,0,0
coriolis,1,coriolis=1,0,1,0,0,0,0,0,0
correction,1,correction=1,1,0,0,0,0,0,0,0
correlate,1,correlate=1,0,0,1,0,0,0,0,0
corrode,1,corrode=1,0,0,1,0,0,0,0,0
corrosion,1,corrosion=1,1,0,0,0,0,0,0,0
cosmetic,1,cosmetics=1,1,0,0,0,0,0,0,0
cosmo,1,cosmos=1,1,0,0,0,0,0,0,0
cosmology,1,cosmology=1,0,1,0,0,0,0,0,0
costa,1,costa=1,0,1,0,0,0,0,0,0
costume,1,costumes=1,1,0,0,0,0,0,0,0
cotton,1,cotton=1,1,0,0,0,0,0,0,0
counselling,1,counselling=1,1,0,0,0,0,0,0,0
counselor,1,counselors=1,1,0,0,0,0,0,0,0
counterargument,1,counterargument=1,1,0,0,0,0,0,0,0
counterpart,1,counterparts=1,1,0,0,0,0,0,0,0
counterpoint,1,counterpoint=1,1,0,0,0,0,0,0,0
counting,1,counting=1,1,0,0,0,0,0,0,0
coursework,1,coursework=1,1,0,0,0,0,0,0,0
courtney,1,courtney=1,0,1,0,0,0,0,0,0
cozy,1,cozy=1,0,1,0,0,0,0,0,0
crabs,1,crabs=1,0,1,0,0,0,0,0,0
crafter,1,crafters=1,1,0,0,0,0,0,0,0
craftspeople,1,craftspeople=1,1,0,0,0,0,0,0,0
crash,1,crashed=1,0,0,1,0,0,0,0,0
crayon,1,crayons=1,1,0,0,0,0,0,0,0
crea,1,crea=1,0,0,1,0,0,0,0,0
credulous,1,credulous=1,0,0,0,0,1,0,0,0
creep,1,creeping=1,0,0,1,0,0,0,0,0
crescendo,1,crescendo=1,1,0,0,0,0,0,0,0
cretaceous,1,cretaceous=1,0,0,0,0,1,0,0,0
criminal,1,criminal=1,0,0,0,0,1,0,0,0
cristofori,1,cristofori=1,0,1,0,0,0,0,0,0
croak,1,croaks=1,1,0,0,0,0,0,0,0
crops,1,crops=1,0,1,0,0,0,0,0,0
crossbreed,1,crossbreed=1,0,0,1,0,0,0,0,0
crouching,1,crouching=1,0,1,0,0,0,0,0,0
crude,1,crude=1,0,0,0,0,1,0,0,0
crumbly,1,crumbly=1,0,0,0,0,0,1,0,0
cub,1,cub=1,0,0,1,0,0,0,0,0
cubists,1,cubists=1,0,1,0,0,0,0,0,0
cucumber,1,cucumbers=1,1,0,0,0,0,0,0,0
cultivation,1,cultivation=1,1,0,0,0,0,0,0,0
cumin,1,cumin=1,1,0,0,0,0,0,0,0
cupboard,1,cupboards=1,1,0,0,0,0,0,0,0
curate,1,curating=1,0,0,1,0,0,0,0,0
curry,1,curry=1,0,1,0,0,0,0,0,0
customize,1,customize=1,0,0,1,0,0,0,0,0
cute,1,cute=1,0,0,0,0,1,0,0,0
cyber,1,cyber=1,0,0,0,0,1,0,0,0
cybersecurity,1,cybersecurity=1,1,0,0,0,0,0,0,0
dada,1,dada=1,0,1,0,0,0,0,0,0
damp,1,damp=1,0,0,0,0,1,0,0,0
daniel,1,daniel=1,0,1,0,0,0,0,0,0
daring,1,daring=1,0,0,0,0,1,0,0,0
darkness,1,darkness=1,1,0,0,0,0,0,0,0
dating,1,dating=1,1,0,0,0,0,0,0,0
daycare,1,daycare=1,1,0,0,0,0,0,0,0
dazzle,1,dazzling=1,0,0,1,0,0,0,0,0
dead,1,dead=1,0,0,0,0,1,0,0,0
deadlines,1,deadlines=1,0,1,0,0,0,0,0,0
deadly,1,deadly=1,0,0,0,0,1,0,0,0
deaf,1,deaf=1,0,0,0,0,1,0,0,0
debater,1,debaters=1,1,0,0,0,0,0,0,0
deceive,1,deceive=1,0,0,1,0,0,0,0,0
decently,1,decently=1,0,0,0,0,0,1,0,0
deceptive,1,deceptive=1,0,0,0,0,1,0,0,0
decidedly,1,decidedly=1,0,0,0,0,0,1,0,0
decipher,1,decipher=1,0,0,1,0,0,0,0,0
decisions,1,decisions=1,0,1,0,0,0,0,0,0
decisive,1,decisive=1,0,0,0,0,1,0,0,0
deck,1,deck=1,1,0,0,0,0,0,0,0
decorum,1,decorum=1,1,0,0,0,0,0,0,0
decreases,1,decreases=1,0,1,0,0,0,0,0,0
decreasing,1,decreasing=1,1,0,0,0,0,0,0,0
deductive,1,deductive=1,0,0,0,0,1,0,0,0
deem,1,deem=1,0,0,1,0,0,0,0,0
defining,1,defining=1,0,0,0,0,1,0,0,0
definition,1,definition=1,1,0,0,0,0,0,0,0
definitive,1,definitive=1,0,0,0,0,1,0,0,0
deflate,1,deflate=1,0,0,1,0,0,0,0,0
dehumanizing,1,dehumanizing=1,0,0,0,0,1,0,0,0
dei,1,dei=1,0,1,0,0,0,0,0,0
delaying,1,delaying=1,1,0,0,0,0,0,0,0
delete,1,deleting=1,0,0,1,0,0,0,0,0
delf,1,delves=1,1,0,0,0,0,0,0,0
delicately,1,delicately=1,0,0,0,0,0,1,0,0
delighted,1,delighted=1,0,0,0,0,1,0,0,0
demos,1,demos=1,0,1,0,0,0,0,0,0
demote,1,demoted=1,0,0,1,0,0,0,0,0
denmark,1,denmark=1,0,1,0,0,0,0,0,0
densest,1,densest=1,1,0,0,0,0,0,0,0
dental,1,dental=1,0,0,0,0,1,0,0,0
dentist,1,dentist=1,1,0,0,0,0,0,0,0
dependable,1,dependable=1,0,0,0,0,1,0,0,0
depiction,1,depictions=1,1,0,0,0,0,0,0,0
deronda,1,deronda=1,0,1,0,0,0,0,0,0
des,1,des=1,0,0,0,0,0,0,0,1
designated,1,designated=1,0,0,0,0,1,0,0,0
desirability,1,desirability=1,1,0,0,0,0,0,0,0
desirable,1,desirable=1,0,0,0,0,1,0,0,0
destabilize,1,destabilized=1,0,0,1,0,0,0,0,0
detached,1,detached=1,0,1,0,0,0,0,0,0
detectable,1,detectable=1,0,0,0,0,1,0,0,0
detective,1,detective=1,1,0,0,0,0,0,0,0
detector,1,detector=1,1,0,0,0,0,0,0,0
deter,1,deters=1,0,0,1,0,0,0,0,0
deteriorate,1,deteriorate=1,0,0,1,0,0,0,0,0
determination,1,determination=1,1,0,0,0,0,0,0,0
determined,1,determined=1,0,0,0,0,1,0,0,0
determining,1,determining=1,0,1,0,0,0,0,0,0
detour,1,detours=1,1,0,0,0,0,0,0,0
detoxify,1,detoxify=1,0,0,1,0,0,0,0,0
detract,1,detract=1,0,0,1,0,0,0,0,0
devastating,1,devastating=1,0,0,0,0,1,0,0,0
devil,1,devil=1,1,0,0,0,0,0,0,0
devotional,1,devotional=1,0,0,0,0,1,0,0,0
diabetes,1,diabetes=1,1,0,0,0,0,0,0,0
diagonal,1,diagonal=1,0,0,0,0,1,0,0,0
dial,1,dial=1,0,0,1,0,0,0,0,0
diameter,1,diameter=1,1,0,0,0,0,0,0,0
diego,1,diego=1,0,1,0,0,0,0,0,0
differential,1,differentials=1,1,0,0,0,0,0,0,0
differs,1,differs=1,0,1,0,0,0,0,0,0
dim,1,dimming=1,0,0,1,0,0,0,0,0
dimension,1,dimension=1,1,0,0,0,0,0,0,0
dip,1,dipped=1,0,0,1,0,0,0,0,0
diploma,1,diplomas=1,1,0,0,0,0,0,0,0
disappearance,1,disappearance=1,1,0,0,0,0,0,0,0
disastrous,1,disastrous=1,0,0,0,0,1,0,0,0
discern,1,discern=1,0,0,1,0,0,0,0,0
disciplinary,1,disciplinary=1,0,0,0,0,1,0,0,0
disclose,1,disclose=1,0,0,1,0,0,0,0,0
disconnected,1,disconnected=1,0,0,0,0,1,0,0,0
discontent,1,discontent=1,0,0,1,0,0,0,0,0
discouraged,1,discouraged=1,0,1,0,0,0,0,0,0
discourse,1,discourse=1,1,0,0,0,0,0,0,0
diseases,1,diseases=1,0,1,0,0,0,0,0,0
disguise,1,disguise=1,0,0,0,0,1,0,0,0
disgusted,1,disgusted=1,0,1,0,0,0,0,0,0
dishonest,1,dishonest=1,0,0,0,0,1,0,0,0
disincentivize,1,disincentivize=1,0,0,1,0,0,0,0,0
disinfectant,1,disinfectant=1,0,0,0,0,1,0,0,0
dismissive,1,dismissive=1,0,1,0,0,0,0,0,0
disobey,1,disobeyed=1,0,0,1,0,0,0,0,0
disorderly,1,disorderly=1,0,0,0,0,1,0,0,0
disorient,1,disorient=1,0,0,1,0,0,0,0,0
dispense,1,dispense=1,0,0,1,0,0,0,0,0
disproven,1,disproven=1,0,0,0,0,1,0,0,0
dispute,1,disputes=1,1,0,0,0,0,0,0,0
disregard,1,disregarding=1,0,0,1,0,0,0,0,0
disrupted,1,disrupted=1,0,0,0,0,1,0,0,0
disruptive,1,disruptive=1,0,0,0,0,1,0,0,0
dissatisfied,1,dissatisfied=1,0,1,0,0,0,0,0,0
dissemination,1,dissemination=1,1,0,0,0,0,0,0,0
dissipation,1,dissipation=1,1,0,0,0,0,0,0,0
distinctive,1,distinctive=1,0,0,0,0,1,0,0,0
distort,1,distort=1,0,0,1,0,0,0,0,0
distorted,1,distorted=1,0,0,0,0,1,0,0,0
distortion,1,distortions=1,1,0,0,0,0,0,0,0
distributor,1,distributor=1,1,0,0,0,0,0,0,0
disturbing,1,disturbing=1,0,0,0,0,1,0,0,0
diversify,1,diversified=1,0,0,1,0,0,0,0,0
divert,1,divert=1,0,0,1,0,0,0,0,0
divisional,1,divisional=1,0,0,0,0,1,0,0,0
dock,1,dock=1,1,0,0,0,0,0,0,0
documenting,1,documenting=1,1,0,0,0,0,0,0,0
doing,1,doing=1,1,0,0,0,0,0,0,0
dolphins,1,dolphins=1,0,1,0,0,0,0,0,0
dome,1,dome=1,1,0,0,0,0,0,0,0
domed,1,domed=1,0,0,0,0,1,0,0,0
domesticate,1,domesticated=1,0,0,1,0,0,0,0,0
domestication,1,domestication=1,1,0,0,0,0,0,0,0
donor,1,donor=1,1,0,0,0,0,0,0,0
dough,1,dough=1,1,0,0,0,0,0,0,0
dovetail,1,dovetailed=1,0,0,1,0,0,0,0,0
downstair,1,downstairs=1,1,0,0,0,0,0,0,0
downstairs,1,downstairs=1,0,0,0,0,1,0,0,0
downstream,1,downstream=1,0,0,0,0,1,0,0,0
downturn,1,downturn=1,1,0,0,0,0,0,0,0
dozen,1,dozens=1,1,0,0,0,0,0,0,0
drab,1,drab=1,0,0,0,0,1,0,0,0
drain,1,drained=1,0,0,1,0,0,0,0,0
drawings,1,drawings=1,0,1,0,0,0,0,0,0
dredge,1,dredging=1,0,0,1,0,0,0,0,0
dressed,1,dressed=1,0,0,0,0,1,0,0,0
dressing,1,dressing=1,1,0,0,0,0,0,0,0
drinkable,1,drinkable=1,0,0,0,0,1,0,0,0
drinking,1,drinking=1,0,1,0,0,0,0,0,0
drinks,1,drinks=1,0,1,0,0,0,0,0,0
dropping,1,droppings=1,1,0,0,0,0,0,0,0
drove,1,droves=1,1,0,0,0,0,0,0,0
dublin,1,dublin=1,0,1,0,0,0,0,0,0
duct,1,ducts=1,1,0,0,0,0,0,0,0
duke,1,duke=1,1,0,0,0,0,0,0,0
dull,1,dull=1,0,0,0,0,1,0,0,0
dune,1,dunes=1,1,0,0,0,0,0,0,0
dunlap,1,dunlap=1,0,1,0,0,0,0,0,0
dusty,1,dusty=1,0,0,0,0,1,0,0,0
dutch,1,dutch=1,0,0,0,0,1,0,0,0
dvd,1,dvd=1,1,0,0,0,0,0,0,0
dweller,1,dwellers=1,1,0,0,0,0,0,0,0
dyer,1,dyers=1,1,0,0,0,0,0,0,0
e,1,e=1,0,1,0,0,0,0,0,0
earthly,1,earthly=1,0,0,0,0,1,0,0,0
earthquakes,1,earthquakes=1,0,1,0,0,0,0,0,0
earthy,1,earthy=1,0,0,0,0,1,0,0,0
eastern,1,eastern=1,0,0,0,0,1,0,0,0
eatery,1,eatery=1,1,0,0,0,0,0,0,0
eating,1,eating=1,1,0,0,0,0,0,0,0
edgy,1,edgy=1,0,0,0,0,1,0,0,0
edible,1,edible=1,0,0,0,0,1,0,0,0
effortless,1,effortless=1,0,0,0,0,1,0,0,0
eighty,1,eighty=1,0,0,0,0,0,0,0,1
el,1,el=1,0,1,0,0,0,0,0,0
elara,1,elara=1,0,1,0,0,0,0,0,0
elasticity,1,elasticity=1,1,0,0,0,0,0,0,0
elated,1,elated=1,0,0,0,0,1,0,0,0
electrician,1,electrician=1,1,0,0,0,0,0,0,0
electrify,1,electrify=1,0,0,1,0,0,0,0,0
electrolyte,1,electrolytes=1,1,0,0,0,0,0,0,0
electronically,1,electronically=1,0,0,0,0,0,1,0,0
electronics,1,electronics=1,1,0,0,0,0,0,0,0
electrons,1,electrons=1,0,1,0,0,0,0,0,0
elegant,1,elegant=1,0,0,0,0,1,0,0,0
elementary,1,elementary=1,0,0,0,0,1,0,0,0
elevate,1,elevate=1,0,0,1,0,0,0,0,0
elevated,1,elevated=1,0,0,0,0,1,0,0,0
elimination,1,elimination=1,1,0,0,0,0,0,0,0
ella,1,ella=1,0,1,0,0,0,0,0,0
elmer,1,elmer=1,0,1,0,0,0,0,0,0
elongate,1,elongate=1,0,0,1,0,0,0,0,0
elucidate,1,elucidate=1,0,0,1,0,0,0,0,0
emails,1,emails=1,0,1,0,0,0,0,0,0
emanate,1,emanated=1,0,0,1,0,0,0,0,0
embarrassed,1,embarrassed=1,0,1,0,0,0,0,0,0
emblem,1,emblems=1,1,0,0,0,0,0,0,0
emblematic,1,emblematic=1,0,0,0,0,1,0,0,0
embody,1,embodied=1,0,0,1,0,0,0,0,0
embolden,1,embolden=1,0,0,1,0,0,0,0,0
embryos,1,embryos=1,1,0,0,0,0,0,0,0
employees,1,employees=1,0,1,0,0,0,0,0,0
emus,1,emus=1,1,0,0,0,0,0,0,0
enact,1,enacted=1,0,0,1,0,0,0,0,0
enclave,1,enclaves=1,1,0,0,0,0,0,0,0
encroach,1,encroach=1,0,0,1,0,0,0,0,0
endurance,1,endurance=1,1,0,0,0,0,0,0,0
energetic,1,energetic=1,0,0,0,0,1,0,0,0
energize,1,energized=1,0,0,1,0,0,0,0,0
engaged,1,engaged=1,0,0,0,0,1,0,0,0
engines,1,engines=1,0,1,0,0,0,0,0,0
engross,1,engrossed=1,0,0,1,0,0,0,0,0
enhanced,1,enhanced=1,0,0,0,0,1,0,0,0
enhancement,1,enhancement=1,1,0,0,0,0,0,0,0
enlighten,1,enlighten=1,0,0,1,0,0,0,0,0
enlightening,1,enlightening=1,0,0,0,0,1,0,0,0
enrichment,1,enrichment=1,1,0,0,0,0,0,0,0
ensue,1,ensuing=1,0,0,1,0,0,0,0,0
entangled,1,entangled=1,0,0,0,0,1,0,0,0
entertain,1,entertains=1,1,0,0,0,0,0,0,0
entertainer,1,entertainers=1,1,0,0,0,0,0,0,0
entice,1,enticing=1,0,0,1,0,0,0,0,0
entitle,1,entitled=1,0,0,1,0,0,0,0,0
envelope,1,envelope=1,1,0,0,0,0,0,0,0
envious,1,envious=1,0,0,0,0,1,0,0,0
environmentalism,1,environmentalism=1,1,0,0,0,0,0,0,0
environmentalist,1,environmentalists=1,1,0,0,0,0,0,0,0
envy,1,envy=1,0,0,1,0,0,0,0,0
epic,1,epic=1,0,0,0,0,1,0,0,0
equation,1,equation=1,1,0,0,0,0,0,0,0
equivalent,1,equivalent=1,0,0,0,0,1,0,0,0
er,1,er=1,0,0,0,0,0,0,0,1
eraser,1,erasers=1,1,0,0,0,0,0,0,0
ergonomic,1,ergonomic=1,0,0,0,0,1,0,0,0
eric,1,eric=1,0,1,0,0,0,0,0,0
errand,1,errands=1,1,0,0,0,0,0,0,0
erupt,1,erupted=1,0,0,1,0,0,0,0,0
escalator,1,escalators=1,1,0,0,0,0,0,0,0
escort,1,escort=1,0,0,1,0,0,0,0,0
espanola,1,espanola=1,0,1,0,0,0,0,0,0
española,1,española=1,0,1,0,0,0,0,0,0
essentials,1,essentials=1,0,1,0,0,0,0,0,0
estate,1,estate=1,1,0,0,0,0,0,0,0
estates,1,estates=1,0,1,0,0,0,0,0,0
estonia,1,estonia=1,0,1,0,0,0,0,0,0
et,1,et=1,1,0,0,0,0,0,0,0
ethos,1,ethos=1,1,0,0,0,0,0,0,0
eurasia,1,eurasia=1,0,1,0,0,0,0,0,0
europeans,1,europeans=1,0,1,0,0,0,0,0,0
evaporation,1,evaporation=1,0,1,0,0,0,0,0,0
everywhere,1,everywhere=1,0,0,0,0,0,1,0,0
evident,1,evident=1,0,0,0,0,1,0,0,0
evidentiary,1,evidentiary=1,0,0,0,0,1,0,0,0
ex,1,ex=1,1,0,0,0,0,0,0,0
exaggeration,1,exaggeration=1,1,0,0,0,0,0,0,0
examples,1,examples=1,0,1,0,0,0,0,0,0
exceed,1,exceeded=1,0,0,1,0,0,0,0,0
excel,1,excelled=1,0,0,1,0,0,0,0,0
exceptional,1,exceptional=1,0,0,0,0,1,0,0,0
excite,1,excited=1,0,0,1,0,0,0,0,0
excitement,1,excitement=1,0,1,0,0,0,0,0,0
execution,1,execution=1,1,0,0,0,0,0,0,0
exhale,1,exhaling=1,0,0,1,0,0,0,0,0
exhaust,1,exhaust=1,0,0,1,0,0,0,0,0
existential,1,existential=1,0,0,0,0,1,0,0,0
exoplanet,1,exoplanets=1,1,0,0,0,0,0,0,0
exotic,1,exotic=1,0,0,0,0,1,0,0,0
expanse,1,expanse=1,1,0,0,0,0,0,0,0
expedition,1,expedition=1,0,1,0,0,0,0,0,0
explanatory,1,explanatory=1,0,0,0,0,1,0,0,0
explicitly,1,explicitly=1,0,0,0,0,0,1,0,0
exploit,1,exploit=1,0,1,0,0,0,0,0,0
exponential,1,exponential=1,0,0,0,0,1,0,0,0
extant,1,extant=1,0,0,0,0,1,0,0,0
extenuate,1,extenuating=1,0,0,1,0,0,0,0,0
exterior,1,exterior=1,0,0,0,0,1,0,0,0
extraordinary,1,extraordinary=1,0,0,0,0,1,0,0,0
extremophile,1,extremophiles=1,1,0,0,0,0,0,0,0
extrinsic,1,extrinsic=1,0,0,0,0,1,0,0,0
fabricate,1,fabricate=1,0,0,1,0,0,0,0,0
fabrication,1,fabrication=1,1,0,0,0,0,0,0,0
faces,1,faces=1,0,1,0,0,0,0,0,0
facilities,1,facilities=1,0,1,0,0,0,0,0,0
faith,1,faith=1,1,0,0,0,0,0,0,0
falsehood,1,falsehoods=1,1,0,0,0,0,0,0,0
falter,1,falter=1,1,0,0,0,0,0,0,0
familiarize,1,familiarize=1,0,0,1,0,0,0,0,0
famine,1,famine=1,0,1,0,0,0,0,0,0
fantasy,1,fantasy=1,1,0,0,0,0,0,0,0
fare,1,fares=1,1,0,0,0,0,0,0,0
farewell,1,farewell=1,1,0,0,0,0,0,0,0
farmers,1,farmers=1,0,1,0,0,0,0,0,0
farmhouse,1,farmhouse=1,1,0,0,0,0,0,0,0
farnese,1,farnese=1,0,1,0,0,0,0,0,0
farsi,1,farsi=1,0,1,0,0,0,0,0,0
fascinated,1,fascinated=1,0,1,0,0,0,0,0,0
father,1,father=1,1,0,0,0,0,0,0,0
fatten,1,fatten=1,0,0,1,0,0,0,0,0
faucet,1,faucets=1,1,0,0,0,0,0,0,0
favorably,1,favorably=1,0,0,0,0,0,1,0,0
fax,1,fax=1,1,0,0,0,0,0,0,0
featured,1,featured=1,0,0,0,0,1,0,0,0
february,1,february=1,0,1,0,0,0,0,0,0
federal,1,federal=1,0,0,0,0,1,0,0,0
fees,1,fees=1,0,1,0,0,0,0,0,0
fellowship,1,fellowship=1,0,1,0,0,0,0,0,0
feminist,1,feminist=1,0,0,0,0,1,0,0,0
fennec,1,fennec=1,0,1,0,0,0,0,0,0
ferrara,1,ferrara=1,0,1,0,0,0,0,0,0
fertilize,1,fertilizing=1,0,0,1,0,0,0,0,0
fiancée,1,fiancée=1,1,0,0,0,0,0,0,0
fictional,1,fictional=1,0,0,0,0,1,0,0,0
fictitious,1,fictitious=1,0,0,0,0,1,0,0,0
fieldwork,1,fieldwork=1,1,0,0,0,0,0,0,0
fiercely,1,fiercely=1,0,0,0,0,0,1,0,0
fifty,1,fifty=1,0,0,0,0,0,0,0,1
filmmake,1,filmmaking=1,0,0,1,0,0,0,0,0
fim,1,fim=1,1,0,0,0,0,0,0,0
fin,1,fins=1,1,0,0,0,0,0,0,0
financially,1,financially=1,0,0,0,0,0,1,0,0
fingernail,1,fingernails=1,1,0,0,0,0,0,0,0
finland,1,finland=1,0,1,0,0,0,0,0,0
fins,1,fins=1,0,1,0,0,0,0,0,0
firefighter,1,firefighters=1,1,0,0,0,0,0,0,0
fireproofing,1,fireproofing=1,1,0,0,0,0,0,0,0
fiscal,1,fiscal=1,0,0,0,0,1,0,0,0
fisher,1,fishers=1,1,0,0,0,0,0,0,0
fishing,1,fishing=1,1,0,0,0,0,0,0,0
fjord,1,fjords=1,1,0,0,0,0,0,0,0
flap,1,flap=1,1,0,0,0,0,0,0,0
flashlight,1,flashlight=1,1,0,0,0,0,0,0,0
flashy,1,flashy=1,0,0,0,0,1,0,0,0
flatten,1,flatten=1,0,0,1,0,0,0,0,0
flavour,1,flavours=1,1,0,0,0,0,0,0,0
flawless,1,flawless=1,0,0,0,0,1,0,0,0
flaws,1,flaws=1,0,1,0,0,0,0,0,0
fleet,1,fleet=1,0,1,0,0,0,0,0,0
flexibly,1,flexibly=1,0,0,0,0,0,1,0,0
flick,1,flick=1,1,0,0,0,0,0,0,0
flickering,1,flickering=1,1,0,0,0,0,0,0,0
flint,1,flint=1,1,0,0,0,0,0,0,0
floodwater,1,floodwaters=1,1,0,0,0,0,0,0,0
flooring,1,flooring=1,1,0,0,0,0,0,0,0
florence,1,florence=1,0,1,0,0,0,0,0,0
florist,1,florist=1,1,0,0,0,0,0,0,0
floss,1,floss=1,0,1,0,0,0,0,0,0
flour,1,flour=1,1,0,0,0,0,0,0,0
fluent,1,fluent=1,0,0,0,0,1,0,0,0
flux,1,flux=1,1,0,0,0,0,0,0,0
fo,1,fo=1,0,0,0,0,0,0,0,1
fog,1,fog=1,1,0,0,0,0,0,0,0
folder,1,folder=1,1,0,0,0,0,0,0,0
fond,1,fond=1,0,0,0,0,1,0,0,0
foodborne,1,foodborne=1,0,0,0,0,1,0,0,0
fool,1,fooling=1,0,0,1,0,0,0,0,0
foolproof,1,foolproof=1,1,0,0,0,0,0,0,0
footwear,1,footwear=1,1,0,0,0,0,0,0,0
forearm,1,forearm=1,1,0,0,0,0,0,0,0
forefront,1,forefront=1,1,0,0,0,0,0,0,0
foreigner,1,foreigners=1,1,0,0,0,0,0,0,0
forked,1,forked=1,0,0,0,0,1,0,0,0
formalism,1,formalism=1,1,0,0,0,0,0,0,0
formative,1,formative=1,0,0,0,0,1,0,0,0
formatting,1,formatting=1,1,0,0,0,0,0,0,0
formulate,1,formulate=1,0,0,1,0,0,0,0,0
forth,1,forth=1,0,0,0,0,0,1,0,0
forty,1,forty=1,0,0,0,0,0,0,0,1
fossilized,1,fossilized=1,0,0,0,0,1,0,0,0
fossils,1,fossils=1,0,1,0,0,0,0,0,0
fourteenth,1,fourteenth=1,1,0,0,0,0,0,0,0
fowl,1,fowls=1,1,0,0,0,0,0,0,0
fox,1,foxes=1,1,0,0,0,0,0,0,0
fraction,1,fraction=1,1,0,0,0,0,0,0,0
francesco,1,francesco=1,0,1,0,0,0,0,0,0
franz,1,franz=1,0,1,0,0,0,0,0,0
fraternity,1,fraternity=1,1,0,0,0,0,0,0,0
freshly,1,freshly=1,0,0,0,0,0,1,0,0
freshness,1,freshness=1,1,0,0,0,0,0,0,0
fridge,1,fridge=1,1,0,0,0,0,0,0,0
frigid,1,frigid=1,0,0,0,0,1,0,0,0
frost,1,frost=1,1,0,0,0,0,0,0,0
fry,1,fries=1,1,0,0,0,0,0,0,0
fullness,1,fullness=1,1,0,0,0,0,0,0,0
functionally,1,functionally=1,0,0,0,0,0,1,0,0
fundraise,1,fundraising=1,0,0,1,0,0,0,0,0
fungi,1,fungi=1,0,0,1,0,0,0,0,0
furnishing,1,furnishings=1,1,0,0,0,0,0,0,0
fuss,1,fuss=1,1,0,0,0,0,0,0,0
futurist,1,futurist=1,1,0,0,0,0,0,0,0
fuzzy,1,fuzzy=1,0,0,0,0,1,0,0,0
galicia,1,galicia=1,0,1,0,0,0,0,0,0
gallerys,1,gallerys=1,0,1,0,0,0,0,0,0
games,1,games=1,0,1,0,0,0,0,0,0
gaming,1,gaming=1,1,0,0,0,0,0,0,0
garlic,1,garlic=1,1,0,0,0,0,0,0,0
gel,1,gels=1,1,0,0,0,0,0,0,0
genealogy,1,genealogy=1,1,0,0,0,0,0,0,0
generous,1,generous=1,0,0,0,0,1,0,0,0
gentrification,1,gentrification=1,1,0,0,0,0,0,0,0
geo,1,geo=1,0,1,0,0,0,0,0,0
geologically,1,geologically=1,0,0,0,0,0,1,0,0
georges,1,georges=1,0,1,0,0,0,0,0,0
gill,1,gills=1,1,0,0,0,0,0,0,0
gimmick,1,gimmicks=1,1,0,0,0,0,0,0,0
glaci,1,glacier=1,0,0,0,0,1,0,0,0
glaciers,1,glaciers=1,0,1,0,0,0,0,0,0
gladly,1,gladly=1,0,0,0,0,0,1,0,0
glassblower,1,glassblowers=1,1,0,0,0,0,0,0,0
glassware,1,glassware=1,1,0,0,0,0,0,0,0
glazing,1,glazing=1,1,0,0,0,0,0,0,0
glitch,1,glitches=1,1,0,0,0,0,0,0,0
gloom,1,gloom=1,1,0,0,0,0,0,0,0
glove,1,gloves=1,1,0,0,0,0,0,0,0
gluten,1,gluten=1,0,0,1,0,0,0,0,0
gmo,1,gmos=1,1,0,0,0,0,0,0,0
gmos,1,gmos=1,0,1,0,0,0,0,0,0
gobekli,1,gobekli=1,0,1,0,0,0,0,0,0
god,1,god=1,1,0,0,0,0,0,0,0
godard,1,godard=1,0,1,0,0,0,0,0,0
gomez,1,gomez=1,0,1,0,0,0,0,0,0
goodwill,1,goodwill=1,1,0,0,0,0,0,0,0
gothic,1,gothic=1,0,1,0,0,0,0,0,0
goya,1,goya=1,0,1,0,0,0,0,0,0
gracefully,1,gracefully=1,0,0,0,0,0,1,0,0
gracious,1,gracious=1,0,0,0,0,1,0,0,0
grail,1,grail=1,1,0,0,0,0,0,0,0
grandmother,1,grandmother=1,1,0,0,0,0,0,0,0
grandparent,1,grandparents=1,1,0,0,0,0,0,0,0
grape,1,grape=1,1,0,0,0,0,0,0,0
grapevine,1,grapevines=1,1,0,0,0,0,0,0,0
grappling,1,grappling=1,1,0,0,0,0,0,0,0
grassroots,1,grassroots=1,0,0,0,0,1,0,0,0
grateful,1,grateful=1,0,0,0,0,1,0,0,0
gravitate,1,gravitated=1,0,0,1,0,0,0,0,0
graze,1,grazing=1,0,0,1,0,0,0,0,0
greenfield,1,greenfield=1,0,1,0,0,0,0,0,0
greet,1,greeting=1,0,0,1,0,0,0,0,0
greeting,1,greetings=1,1,0,0,0,0,0,0,0
gridiron,1,gridiron=1,0,1,0,0,0,0,0,0
gridlock,1,gridlock=1,1,0,0,0,0,0,0,0
grill,1,grilled=1,0,0,1,0,0,0,0,0
grip,1,grip=1,1,0,0,0,0,0,0,0
grotesque,1,grotesque=1,0,0,0,0,1,0,0,0
grunfeld,1,grunfeld=1,0,1,0,0,0,0,0,0
guaranteed,1,guaranteed=1,0,0,0,0,1,0,0,0
guard,1,guard=1,1,0,0,0,0,0,0,0
guardian,1,guardians=1,1,0,0,0,0,0,0,0
guided,1,guided=1,0,1,0,0,0,0,0,0
gust,1,gust=1,1,0,0,0,0,0,0,0
gutenberg,1,gutenberg=1,0,1,0,0,0,0,0,0
guy,1,guy=1,1,0,0,0,0,0,0,0
gycon,1,gycon=1,0,1,0,0,0,0,0,0
gymnasium,1,gymnasium=1,1,0,0,0,0,0,0,0
gyms,1,gyms=1,0,1,0,0,0,0,0,0
gypsum,1,gypsum=1,1,0,0,0,0,0,0,0
gómez,1,gómez=1,0,1,0,0,0,0,0,0
ha,1,ha=1,0,0,0,0,0,0,0,1
habitability,1,habitability=1,1,0,0,0,0,0,0,0
habitable,1,habitable=1,0,0,0,0,1,0,0,0
habitation,1,habitation=1,1,0,0,0,0,0,0,0
habitual,1,habitual=1,0,0,0,0,1,0,0,0
hail,1,hailed=1,0,0,1,0,0,0,0,0
hairy,1,hairy=1,0,0,0,0,1,0,0,0
hallan,1,hallan=1,0,1,0,0,0,0,0,0
hamburger,1,hamburgers=1,1,0,0,0,0,0,0,0
hamlet,1,hamlet=1,0,1,0,0,0,0,0,0
hamper,1,hampering=1,0,0,1,0,0,0,0,0
handbag,1,handbag=1,1,0,0,0,0,0,0,0
handmade,1,handmade=1,0,0,1,0,0,0,0,0
handout,1,handouts=1,1,0,0,0,0,0,0,0
handwriting,1,handwriting=1,1,0,0,0,0,0,0,0
handwritten,1,handwritten=1,0,0,0,0,1,0,0,0
hannah,1,hannah=1,0,1,0,0,0,0,0,0
haphazardly,1,haphazardly=1,0,0,0,0,0,1,0,0
happily,1,happily=1,0,0,0,0,0,1,0,0
harare,1,harare=1,0,1,0,0,0,0,0,0
harmonious,1,harmonious=1,0,0,0,0,1,0,0,0
harpsichord,1,harpsichord=1,1,0,0,0,0,0,0,0
hart,1,hart=1,0,1,0,0,0,0,0,0
hashtag,1,hashtag=1,1,0,0,0,0,0,0,0
hassle,1,hassle=1,1,0,0,0,0,0,0,0
hasty,1,hasty=1,0,0,0,0,1,0,0,0
hate,1,hate=1,0,0,1,0,0,0,0,0
haunt,1,haunting=1,0,0,1,0,0,0,0,0
hayes,1,hayes=1,0,1,0,0,0,0,0,0
haywire,1,haywire=1,1,0,0,0,0,0,0,0
heading,1,heading=1,1,0,0,0,0,0,0,0
headline,1,headline=1,1,0,0,0,0,0,0,0
headquarters,1,headquarters=1,1,0,0,0,0,0,0,0
hearing,1,hearing=1,1,0,0,0,0,0,0,0
heartland,1,heartlands=1,1,0,0,0,0,0,0,0
heaven,1,heavens=1,1,0,0,0,0,0,0,0
heir,1,heir=1,1,0,0,0,0,0,0,0
helicopter,1,helicopter=1,1,0,0,0,0,0,0,0
heliocentric,1,heliocentric=1,0,0,0,0,1,0,0,0
helper,1,helpers=1,1,0,0,0,0,0,0,0
hepburn,1,hepburn=1,0,1,0,0,0,0,0,0
heraldic,1,heraldic=1,0,0,0,0,1,0,0,0
herman,1,herman=1,0,1,0,0,0,0,0,0
heroic,1,heroic=1,0,0,0,0,1,0,0,0
hesitant,1,hesitant=1,0,1,0,0,0,0,0,0
hibernation,1,hibernation=1,1,0,0,0,0,0,0,0
hiding,1,hiding=1,1,0,0,0,0,0,0,0
higher,1,higher=1,0,1,0,0,0,0,0,0
hill,1,hill=1,1,0,0,0,0,0,0,0
historians,1,historians=1,0,1,0,0,0,0,0,0
historicism,1,historicism=1,0,1,0,0,0,0,0,0
hobbyhorse,1,hobbyhorse=1,1,0,0,0,0,0,0,0
hockey,1,hockey=1,1,0,0,0,0,0,0,0
hollow,1,hollow=1,0,0,0,0,1,0,0,0
holly,1,holly=1,0,1,0,0,0,0,0,0
homepage,1,homepage=1,1,0,0,0,0,0,0,0
honey,1,honey=1,1,0,0,0,0,0,0,0
honeybee,1,honeybee=1,0,1,0,0,0,0,0,0
hong,1,hong=1,0,1,0,0,0,0,0,0
honored,1,honored=1,0,0,0,0,1,0,0,0
honour,1,honouring=1,0,0,1,0,0,0,0,0
hoogstraten,1,hoogstraten=1,0,1,0,0,0,0,0,0
horse,1,horses=1,1,0,0,0,0,0,0,0
hose,1,hose=1,1,0,0,0,0,0,0,0
hospitality,1,hospitality=1,1,0,0,0,0,0,0,0
hospitals,1,hospitals=1,0,1,0,0,0,0,0,0
hostess,1,hostess=1,1,0,0,0,0,0,0,0
hourly,1,hourly=1,0,0,0,0,1,0,0,0
hr,1,hr=1,1,0,0,0,0,0,0,0
hue,1,hues=1,1,0,0,0,0,0,0,0
hug,1,hug=1,0,0,1,0,0,0,0,0
humanism,1,humanism=1,1,0,0,0,0,0,0,0
humans,1,humans=1,0,1,0,0,0,0,0,0
humid,1,humid=1,0,0,0,0,1,0,0,0
humility,1,humility=1,0,1,0,0,0,0,0,0
hump,1,hump=1,1,0,0,0,0,0,0,0
humpback,1,humpback=1,1,0,0,0,0,0,0,0
humphrey,1,humphrey=1,0,1,0,0,0,0,0,0
hunch,1,hunch=1,1,0,0,0,0,0,0,0
hustle,1,hustle=1,1,0,0,0,0,0,0,0
hydrated,1,hydrated=1,0,0,0,0,1,0,0,0
hydration,1,hydration=1,1,0,0,0,0,0,0,0
hydrocarbon,1,hydrocarbons=1,1,0,0,0,0,0,0,0
hyena,1,hyenas=1,1,0,0,0,0,0,0,0
hygienic,1,hygienic=1,0,0,0,0,1,0,0,0
hymn,1,hymn=1,1,0,0,0,0,0,0,0
icebreaker,1,icebreakers=1,1,0,0,0,0,0,0,0
iced,1,iced=1,0,0,0,0,1,0,0,0
iceland,1,iceland=1,0,1,0,0,0,0,0,0
icon,1,icon=1,1,0,0,0,0,0,0,0
iconography,1,iconography=1,0,1,0,0,0,0,0,0
ideas,1,ideas=1,0,1,0,0,0,0,0,0
idiom,1,idioms=1,1,0,0,0,0,0,0,0
idiosyncratic,1,idiosyncratic=1,0,0,0,0,1,0,0,0
ikat,1,ikat=1,0,1,0,0,0,0,0,0
illuminated,1,illuminated=1,0,0,0,0,1,0,0,0
illumination,1,illumination=1,1,0,0,0,0,0,0,0
imagery,1,imagery=1,1,0,0,0,0,0,0,0
imaginary,1,imaginary=1,0,0,0,0,1,0,0,0
imaginative,1,imaginative=1,0,0,0,0,1,0,0,0
imaging,1,imaging=1,1,0,0,0,0,0,0,0
immigrant,1,immigrants=1,1,0,0,0,0,0,0,0
immobilize,1,immobilized=1,0,0,1,0,0,0,0,0
immoral,1,immoral=1,0,0,0,0,1,0,0,0
impairment,1,impairment=1,1,0,0,0,0,0,0,0
impenetrable,1,impenetrable=1,0,0,0,0,1,0,0,0
imperative,1,imperative=1,0,0,0,0,1,0,0,0
imperfection,1,imperfection=1,1,0,0,0,0,0,0,0
impermanent,1,impermanent=1,1,0,0,0,0,0,0,0
implicit,1,implicit=1,0,0,0,0,1,0,0,0
implicitly,1,implicitly=1,0,0,0,0,0,1,0,0
importantly,1,importantly=1,0,0,0,0,0,1,0,0
impressionist,1,impressionist=1,0,0,0,0,1,0,0,0
impressively,1,impressively=1,0,0,0,0,0,1,0,0
imprint,1,imprint=1,0,0,1,0,0,0,0,0
improperly,1,improperly=1,0,0,0,0,0,1,0,0
improving,1,improving=1,0,1,0,0,0,0,0,0
improvisation,1,improvisation=1,1,0,0,0,0,0,0,0
improvisational,1,improvisational=1,0,0,0,0,1,0,0,0
inaccessibility,1,inaccessibility=1,1,0,0,0,0,0,0,0
inactive,1,inactive=1,0,0,0,0,1,0,0,0
inadequacy,1,inadequacy=1,1,0,0,0,0,0,0,0
inadequate,1,inadequate=1,0,0,0,0,1,0,0,0
inappropriately,1,inappropriately=1,0,0,0,0,0,1,0,0
incapable,1,incapable=1,0,0,0,0,1,0,0,0
incentivize,1,incentivize=1,0,0,1,0,0,0,0,0
incise,1,incised=1,0,0,1,0,0,0,0,0
incite,1,incite=1,0,0,0,0,1,0,0,0
inconsistency,1,inconsistencies=1,1,0,0,0,0,0,0,0
incorporation,1,incorporation=1,1,0,0,0,0,0,0,0
increased,1,increased=1,0,1,0,0,0,0,0,0
indecision,1,indecision=1,1,0,0,0,0,0,0,0
indelible,1,indelible=1,0,0,0,0,1,0,0,0
indication,1,indications=1,1,0,0,0,0,0,0,0
indicative,1,indicative=1,0,0,0,0,1,0,0,0
indifference,1,indifference=1,0,1,0,0,0,0,0,0
indirectly,1,indirectly=1,0,0,0,0,0,1,0,0
individualistic,1,individualistic=1,0,0,0,0,1,0,0,0
individualized,1,individualized=1,0,0,0,0,1,0,0,0
inductive,1,inductive=1,0,0,0,0,1,0,0,0
industrialization,1,industrialization=1,1,0,0,0,0,0,0,0
ineducation,1,ineducation=1,1,0,0,0,0,0,0,0
inefficient,1,inefficient=1,0,0,0,0,1,0,0,0
inexperienced,1,inexperienced=1,0,0,0,0,1,0,0,0
infamous,1,infamous=1,0,0,0,0,1,0,0,0
infect,1,infected=1,0,0,1,0,0,0,0,0
infected,1,infected=1,0,0,0,0,1,0,0,0
inflate,1,inflate=1,0,0,1,0,0,0,0,0
influx,1,influx=1,1,0,0,0,0,0,0,0
informational,1,informational=1,0,0,0,0,1,0,0,0
infrasonic,1,infrasonic=1,0,0,0,0,1,0,0,0
ingenious,1,ingenious=1,0,0,0,0,1,0,0,0
ingeniously,1,ingeniously=1,0,0,0,0,0,1,0,0
ingot,1,ingots=1,1,0,0,0,0,0,0,0
inhabitant,1,inhabitants=1,1,0,0,0,0,0,0,0
inhale,1,inhaling=1,0,0,1,0,0,0,0,0
inhaling,1,inhaling=1,0,1,0,0,0,0,0,0
inherit,1,inherited=1,0,0,1,0,0,0,0,0
injure,1,injured=1,0,0,1,0,0,0,0,0
innovate,1,innovate=1,0,0,1,0,0,0,0,0
inoculant,1,inoculants=1,1,0,0,0,0,0,0,0
insomnia,1,insomnia=1,1,0,0,0,0,0,0,0
instill,1,instills=1,0,0,1,0,0,0,0,0
instructional,1,instructional=1,0,0,0,0,1,0,0,0
instruments,1,instruments=1,0,1,0,0,0,0,0,0
insular,1,insular=1,0,0,0,0,1,0,0,0
intentional,1,intentional=1,0,0,0,0,1,0,0,0
intercollegiate,1,intercollegiate=1,0,0,0,0,1,0,0,0
interconnectedness,1,interconnectedness=1,1,0,0,0,0,0,0,0
intercropping,1,intercropping=1,1,0,0,0,0,0,0,0
interdependence,1,interdependence=1,1,0,0,0,0,0,0,0
interdisciplinary,1,interdisciplinary=1,0,0,0,0,1,0,0,0
intergenerational,1,intergenerational=1,0,0,0,0,1,0,0,0
interlace,1,interlacing=1,0,0,1,0,0,0,0,0
internships,1,internships=1,0,1,0,0,0,0,0,0
interpersonal,1,interpersonal=1,0,0,0,0,1,0,0,0
interpretable,1,interpretable=1,0,0,0,0,1,0,0,0
interpretative,1,interpretative=1,0,0,0,0,1,0,0,0
interspecie,1,interspecies=1,1,0,0,0,0,0,0,0
intimidate,1,intimidating=1,0,0,1,0,0,0,0,0
intolerable,1,intolerable=1,0,0,0,0,1,0,0,0
intuitively,1,intuitively=1,0,0,0,0,0,1,0,0
investigative,1,investigative=1,0,0,0,0,1,0,0,0
investing,1,investing=1,0,1,0,0,0,0,0,0
investors,1,investors=1,0,1,0,0,0,0,0,0
ireland,1,ireland=1,0,1,0,0,0,0,0,0
irish,1,irish=1,0,1,0,0,0,0,0,0
irony,1,irony=1,1,0,0,0,0,0,0,0
irregular,1,irregular=1,0,0,0,0,1,0,0,0
irregularity,1,irregularities=1,1,0,0,0,0,0,0,0
irritation,1,irritation=1,1,0,0,0,0,0,0,0
ish,1,ish=1,1,0,0,0,0,0,0,0
islamic,1,islamic=1,0,0,0,0,1,0,0,0
iʻa,1,iʻa=1,0,1,0,0,0,0,0,0
jack,1,jacks=1,1,0,0,0,0,0,0,0
jamal,1,jamal=1,0,1,0,0,0,0,0,0
jamie,1,jamie=1,0,1,0,0,0,0,0,0
janet,1,janet=1,0,1,0,0,0,0,0,0
jansen,1,jansen=1,0,1,0,0,0,0,0,0
javier,1,javier=1,0,1,0,0,0,0,0,0
jaw,1,jaws=1,1,0,0,0,0,0,0,0
jealous,1,jealous=1,0,0,0,0,1,0,0,0
jealously,1,jealously=1,0,1,0,0,0,0,0,0
jee,1,jee=1,0,1,0,0,0,0,0,0
jellyfish,1,jellyfish=1,1,0,0,0,0,0,0,0
jenna,1,jenna=1,0,1,0,0,0,0,0,0
jessica,1,jessica=1,0,1,0,0,0,0,0,0
jigsaw,1,jigsaw=1,1,0,0,0,0,0,0,0
johanne,1,johannes=1,1,0,0,0,0,0,0,0
jose,1,jose=1,0,1,0,0,0,0,0,0
joshi,1,joshi=1,0,1,0,0,0,0,0,0
jot,1,jot=1,0,0,1,0,0,0,0,0
journalist,1,journalist=1,1,0,0,0,0,0,0,0
joya,1,joya=1,0,1,0,0,0,0,0,0
joyful,1,joyful=1,0,0,0,0,1,0,0,0
judith,1,judith=1,0,1,0,0,0,0,0,0
julie,1,julie=1,0,1,0,0,0,0,0,0
jumping,1,jumping=1,1,0,0,0,0,0,0,0
jungle,1,jungle=1,1,0,0,0,0,0,0,0
juvenile,1,juvenile=1,0,0,0,0,1,0,0,0
kafka,1,kafka=1,0,1,0,0,0,0,0,0
kaizen,1,kaizen=1,1,0,0,0,0,0,0,0
karen,1,karen=1,0,1,0,0,0,0,0,0
katharine,1,katharine=1,0,1,0,0,0,0,0,0
kayak,1,kayaking=1,0,0,1,0,0,0,0,0
keen,1,keen=1,0,0,0,0,1,0,0,0
keith,1,keith=1,0,1,0,0,0,0,0,0
kelsey,1,kelsey=1,0,1,0,0,0,0,0,0
kettlebell,1,kettlebells=1,1,0,0,0,0,0,0,0
keyboard,1,keyboard=1,1,0,0,0,0,0,0,0
khoa,1,khoa=1,0,1,0,0,0,0,0,0
kilogram,1,kilograms=1,1,0,0,0,0,0,0,0
kin,1,kin=1,0,1,0,0,0,0,0,0
kindly,1,kindly=1,0,0,0,0,0,1,0,0
kiosk,1,kiosk=1,1,0,0,0,0,0,0,0
kira,1,kira=1,0,1,0,0,0,0,0,0
kite,1,kite=1,1,0,0,0,0,0,0,0
knee,1,knee=1,1,0,0,0,0,0,0,0
knit,1,knit=1,0,0,1,0,0,0,0,0
knitting,1,knitting=1,1,0,0,0,0,0,0,0
kong,1,kong=1,0,1,0,0,0,0,0,0
korean,1,korean=1,0,0,0,0,1,0,0,0
laboratories,1,laboratories=1,0,1,0,0,0,0,0,0
labroom,1,labroom=1,0,1,0,0,0,0,0,0
lackluster,1,lackluster=1,0,0,0,0,1,0,0,0
laden,1,laden=1,0,1,0,0,0,0,0,0
lagos,1,lagos=1,0,1,0,0,0,0,0,0
lahemaa,1,lahemaa=1,0,1,0,0,0,0,0,0
latin,1,latin=1,0,1,0,0,0,0,0,0
latrine,1,latrines=1,1,0,0,0,0,0,0,0
latte,1,lattes=1,1,0,0,0,0,0,0,0
laugh,1,laughing=1,0,0,1,0,0,0,0,0
laws,1,laws=1,0,1,0,0,0,0,0,0
lawyer,1,lawyer=1,1,0,0,0,0,0,0,0
leach,1,leaching=1,0,0,1,0,0,0,0,0
league,1,league=1,1,0,0,0,0,0,0,0
leah,1,leah=1,0,1,0,0,0,0,0,0
leap,1,leaps=1,1,0,0,0,0,0,0,0
leash,1,leash=1,1,0,0,0,0,0,0,0
leasing,1,leasing=1,1,0,0,0,0,0,0,0
leather,1,leather=1,1,0,0,0,0,0,0,0
legato,1,legato=1,1,0,0,0,0,0,0,0
lena,1,lena=1,0,1,0,0,0,0,0,0
lethargic,1,lethargic=1,0,0,0,0,1,0,0,0
levels,1,levels=1,0,1,0,0,0,0,0,0
liability,1,liability=1,1,0,0,0,0,0,0,0
liaison,1,liaison=1,1,0,0,0,0,0,0,0
liberal,1,liberal=1,0,0,0,0,1,0,0,0
libraries,1,libraries=1,0,1,0,0,0,0,0,0
license,1,license=1,1,0,0,0,0,0,0,0
lifesaver,1,lifesaver=1,1,0,0,0,0,0,0,0
lightbulb,1,lightbulbs=1,1,0,0,0,0,0,0,0
lighthearted,1,lighthearted=1,0,1,0,0,0,0,0,0
lights,1,lights=1,0,1,0,0,0,0,0,0
liking,1,liking=1,1,0,0,0,0,0,0,0
lily,1,lily=1,0,1,0,0,0,0,0,0
lime,1,lime=1,1,0,0,0,0,0,0,0
limiting,1,limiting=1,0,0,0,0,1,0,0,0
lineage,1,lineage=1,1,0,0,0,0,0,0,0
linen,1,linen=1,1,0,0,0,0,0,0,0
lineup,1,lineup=1,1,0,0,0,0,0,0,0
lisbon,1,lisbon=1,0,1,0,0,0,0,0,0
listening,1,listening=1,1,0,0,0,0,0,0,0
litigation,1,litigation=1,1,0,0,0,0,0,0,0
livable,1,livable=1,0,0,0,0,1,0,0,0
liveable,1,liveable=1,0,0,0,0,1,0,0,0
lived,1,lived=1,0,0,0,0,1,0,0,0
lizard,1,lizards=1,1,0,0,0,0,0,0,0
locations,1,locations=1,0,1,0,0,0,0,0,0
locked,1,locked=1,0,0,0,0,1,0,0,0
loko,1,loko=1,0,1,0,0,0,0,0,0
lone,1,lone=1,0,0,0,0,1,0,0,0
loneliness,1,loneliness=1,1,0,0,0,0,0,0,0
lonesome,1,lonesome=1,0,1,0,0,0,0,0,0
longevity,1,longevity=1,1,0,0,0,0,0,0,0
longing,1,longing=1,1,0,0,0,0,0,0,0
looking,1,looking=1,1,0,0,0,0,0,0,0
loom,1,looms=1,1,0,0,0,0,0,0,0
lord,1,lords=1,1,0,0,0,0,0,0,0
loudspeaker,1,loudspeaker=1,1,0,0,0,0,0,0,0
louisiana,1,louisiana=1,0,1,0,0,0,0,0,0
louver,1,louvers=1,1,0,0,0,0,0,0,0
louvre,1,louvre=1,0,1,0,0,0,0,0,0
loyal,1,loyal=1,0,0,0,0,1,0,0,0
lua,1,lua=1,0,1,0,0,0,0,0,0
luc,1,luc=1,0,1,0,0,0,0,0,0
lucas,1,lucas=1,0,1,0,0,0,0,0,0
lucy,1,lucy=1,0,1,0,0,0,0,0,0
lure,1,lure=1,0,0,1,0,0,0,0,0
lyric,1,lyrics=1,1,0,0,0,0,0,0,0
lyrical,1,lyrical=1,0,0,0,0,1,0,0,0
madrigal,1,madrigals=1,1,0,0,0,0,0,0,0
magical,1,magical=1,0,0,0,0,1,0,0,0
magnificent,1,magnificent=1,0,1,0,0,0,0,0,0
malnutrition,1,malnutrition=1,1,0,0,0,0,0,0,0
mama,1,mama=1,0,0,0,0,1,0,0,0
mammals,1,mammals=1,0,1,0,0,0,0,0,0
manageable,1,manageable=1,1,0,0,0,0,0,0,0
manchester,1,manchester=1,0,1,0,0,0,0,0,0
manioc,1,manioc=1,0,0,0,0,1,0,0,0
manipulating,1,manipulating=1,0,1,0,0,0,0,0,0
mantegna,1,mantegna=1,0,1,0,0,0,0,0,0
marble,1,marble=1,1,0,0,0,0,0,0,0
marcel,1,marcel=1,0,1,0,0,0,0,0,0
marcus,1,marcus=1,0,1,0,0,0,0,0,0
marginalize,1,marginalized=1,0,0,1,0,0,0,0,0
marginalized,1,marginalized=1,0,0,0,0,1,0,0,0
mariner,1,mariners=1,1,0,0,0,0,0,0,0
marks,1,marks=1,0,1,0,0,0,0,0,0
married,1,married=1,0,0,0,0,1,0,0,0
marsh,1,marshes=1,1,0,0,0,0,0,0,0
martha,1,martha=1,0,1,0,0,0,0,0,0
marxist,1,marxist=1,0,1,0,0,0,0,0,0
mary,1,mary=1,0,1,0,0,0,0,0,0
masque,1,masque=1,0,1,0,0,0,0,0,0
massalia,1,massalia=1,0,1,0,0,0,0,0,0
masterpiece,1,masterpieces=1,1,0,0,0,0,0,0,0
matcha,1,matcha=1,0,1,0,0,0,0,0,0
mateo,1,mateo=1,0,1,0,0,0,0,0,0
materialism,1,materialism=1,1,0,0,0,0,0,0,0
materialistic,1,materialistic=1,0,0,0,0,1,0,0,0
mathematics,1,mathematics=1,0,1,0,0,0,0,0,0
matinee,1,matinee=1,1,0,0,0,0,0,0,0
matsutake,1,matsutake=1,0,1,0,0,0,0,0,0
mature,1,matured=1,0,0,1,0,0,0,0,0
mauss,1,mauss=1,0,1,0,0,0,0,0,0
maze,1,maze=1,1,0,0,0,0,0,0,0
meaningfully,1,meaningfully=1,0,0,0,0,0,1,0,0
measured,1,measured=1,0,0,0,0,1,0,0,0
measurement,1,measurements=1,1,0,0,0,0,0,0,0
mediate,1,mediate=1,0,0,1,0,0,0,0,0
medicinal,1,medicinal=1,0,0,0,0,1,0,0,0
meetings,1,meetings=1,0,1,0,0,0,0,0,0
meetup,1,meetup=1,1,0,0,0,0,0,0,0
mei,1,mei=1,0,1,0,0,0,0,0,0
melancholic,1,melancholic=1,0,0,0,0,1,0,0,0
melancholy,1,melancholy=1,0,0,0,0,1,0,0,0
mellow,1,mellow=1,0,0,0,0,1,0,0,0
members,1,members=1,0,1,0,0,0,0,0,0
mentally,1,mentally=1,0,0,0,0,0,1,0,0
mentors,1,mentors=1,0,1,0,0,0,0,0,0
merger,1,merger=1,1,0,0,0,0,0,0,0
merging,1,merging=1,1,0,0,0,0,0,0,0
mess,1,mess=1,1,0,0,0,0,0,0,0
messaging,1,messaging=1,1,0,0,0,0,0,0,0
messenger,1,messengers=1,1,0,0,0,0,0,0,0
metaphilosophical,1,metaphilosophical=1,0,0,0,0,1,0,0,0
methodical,1,methodical=1,0,0,0,0,1,0,0,0
meticulously,1,meticulously=1,0,0,0,0,0,1,0,0
michelle,1,michelle=1,0,1,0,0,0,0,0,0
mick,1,mick=1,0,1,0,0,0,0,0,0
microcapsule,1,microcapsules=1,1,0,0,0,0,0,0,0
microorganisms,1,microorganisms=1,0,1,0,0,0,0,0,0
microseisms,1,microseisms=1,0,1,0,0,0,0,0,0
midair,1,midair=1,1,0,0,0,0,0,0,0
middlemarch,1,middlemarch=1,0,1,0,0,0,0,0,0
midway,1,midway=1,0,0,0,0,0,1,0,0
milano,1,milano=1,0,1,0,0,0,0,0,0
mild,1,mild=1,0,0,0,0,1,0,0,0
milky,1,milky=1,0,1,0,0,0,0,0,0
mill,1,mill=1,0,1,0,0,0,0,0,0
milliliter,1,milliliters=1,1,0,0,0,0,0,0,0
milpa,1,milpa=1,0,1,0,0,0,0,0,0
mindfulness,1,mindfulness=1,0,0,0,0,1,0,0,0
minoans,1,minoans=1,0,1,0,0,0,0,0,0
minority,1,minority=1,1,0,0,0,0,0,0,0
minus,1,minus=1,1,0,0,0,0,0,0,0
misguided,1,misguided=1,0,0,0,0,1,0,0,0
misjudge,1,misjudging=1,0,0,1,0,0,0,0,0
mislabele,1,mislabeled=1,0,0,1,0,0,0,0,0
mislead,1,misleading=1,0,0,1,0,0,0,0,0
misplace,1,misplaced=1,0,0,1,0,0,0,0,0
missionary,1,missionary=1,0,0,0,0,1,0,0,0
mistrust,1,mistrusts=1,1,0,0,0,0,0,0,0
misty,1,misty=1,0,0,0,0,1,0,0,0
misunderstand,1,misunderstand=1,0,0,1,0,0,0,0,0
mitigation,1,mitigation=1,1,0,0,0,0,0,0,0
mob,1,mob=1,1,0,0,0,0,0,0,0
mobilize,1,mobilizing=1,0,0,1,0,0,0,0,0
mode,1,modes=1,1,0,0,0,0,0,0,0
moderator,1,moderator=1,0,1,0,0,0,0,0,0
modernist,1,modernist=1,1,0,0,0,0,0,0,0
modified,1,modified=1,0,1,0,0,0,0,0,0
modulator,1,modulator=1,0,1,0,0,0,0,0,0
moist,1,moist=1,0,0,0,0,1,0,0,0
mold,1,mold=1,1,0,0,0,0,0,0,0
mollusk,1,mollusks=1,1,0,0,0,0,0,0,0
momentum,1,momentum=1,1,0,0,0,0,0,0,0
mona,1,mona=1,0,1,0,0,0,0,0,0
mondragén,1,mondragén=1,0,1,0,0,0,0,0,0
monica,1,monica=1,0,1,0,0,0,0,0,0
monoculture,1,monoculture=1,1,0,0,0,0,0,0,0
monograph,1,monograph=1,1,0,0,0,0,0,0,0
monomyth,1,monomyth=1,1,0,0,0,0,0,0,0
monopoly,1,monopolies=1,1,0,0,0,0,0,0,0
monstrous,1,monstrous=1,0,0,0,0,1,0,0,0
montmarte,1,montmarte=1,0,1,0,0,0,0,0,0
morale,1,morale=1,1,0,0,0,0,0,0,0
morales,1,morales=1,0,1,0,0,0,0,0,0
morality,1,morality=1,1,0,0,0,0,0,0,0
motivating,1,motivating=1,1,0,0,0,0,0,0,0
motorcycle,1,motorcycles=1,1,0,0,0,0,0,0,0
motorized,1,motorized=1,0,0,0,0,1,0,0,0
mouth,1,mouth=1,1,0,0,0,0,0,0,0
mouthpiece,1,mouthpiece=1,1,0,0,0,0,0,0,0
mover,1,movers=1,1,0,0,0,0,0,0,0
moving,1,moving=1,1,0,0,0,0,0,0,0
mow,1,mowing=1,0,0,1,0,0,0,0,0
mozzarella,1,mozzarella=1,1,0,0,0,0,0,0,0
multidisciplinary,1,multidisciplinary=1,0,0,0,0,1,0,0,0
multimedia,1,multimedia=1,1,0,0,0,0,0,0,0
multipurpose,1,multipurpose=1,0,0,0,0,1,0,0,0
multisensory,1,multisensory=1,1,0,0,0,0,0,0,0
multitasker,1,multitaskers=1,1,0,0,0,0,0,0,0
mummified,1,mummified=1,0,1,0,0,0,0,0,0
musicians,1,musicians=1,0,1,0,0,0,0,0,0
musée,1,musée=1,0,1,0,0,0,0,0,0
mutually,1,mutually=1,0,0,0,0,0,1,0,0
mwf,1,mwf=1,0,1,0,0,0,0,0,0
mysterypasta,1,mysterypasta=1,0,1,0,0,0,0,0,0
mythical,1,mythical=1,0,0,0,0,1,0,0,0
mythological,1,mythological=1,0,0,0,0,1,0,0,0
mythologist,1,mythologist=1,1,0,0,0,0,0,0,0
mythologize,1,mythologized=1,0,0,1,0,0,0,0,0
nadeem,1,nadeem=1,0,1,0,0,0,0,0,0
nail,1,nails=1,0,0,1,0,0,0,0,0
nair,1,nair=1,0,1,0,0,0,0,0,0
names,1,names=1,0,1,0,0,0,0,0,0
nano,1,nano=1,1,0,0,0,0,0,0,0
napkin,1,napkins=1,1,0,0,0,0,0,0,0
naples,1,naples=1,0,1,0,0,0,0,0,0
narrate,1,narrate=1,0,0,0,0,1,0,0,0
narrated,1,narrated=1,0,0,0,0,1,0,0,0
narration,1,narration=1,1,0,0,0,0,0,0,0
nasal,1,nasal=1,1,0,0,0,0,0,0,0
nasty,1,nasty=1,0,0,0,0,1,0,0,0
naval,1,naval=1,0,0,0,0,1,0,0,0
neck,1,necks=1,1,0,0,0,0,0,0,0
neighborhoods,1,neighborhoods=1,0,1,0,0,0,0,0,0
neighbour,1,neighbouring=1,0,0,1,0,0,0,0,0
neil,1,neil=1,0,1,0,0,0,0,0,0
neolithic,1,neolithic=1,0,0,0,0,1,0,0,0
neon,1,neon=1,0,1,0,0,0,0,0,0
nest,1,nest=1,1,0,0,0,0,0,0,0
netherlands,1,netherlands=1,0,1,0,0,0,0,0,0
neuroimage,1,neuroimaging=1,0,0,1,0,0,0,0,0
neuroscience,1,neuroscience=1,1,0,0,0,0,0,0,0
neuroscientist,1,neuroscientists=1,1,0,0,0,0,0,0,0
neurotoxic,1,neurotoxic=1,0,0,0,0,0,1,0,0
neurotoxin,1,neurotoxins=1,1,0,0,0,0,0,0,0
neutralize,1,neutralizing=1,0,0,1,0,0,0,0,0
newburg,1,newburg=1,0,1,0,0,0,0,0,0
newer,1,newer=1,0,1,0,0,0,0,0,0
nicer,1,nicer=1,0,0,0,0,1,0,0,0
niche,1,niche=1,1,0,0,0,0,0,0,0
nicolaus,1,nicolaus=1,0,1,0,0,0,0,0,0
nightly,1,nightly=1,0,0,0,0,1,0,0,0
nighttime,1,nighttime=1,0,0,0,0,1,0,0,0
ninth,1,ninth=1,0,0,0,0,1,0,0,0
nip,1,nip=1,0,0,1,0,0,0,0,0
noble,1,noble=1,0,0,0,0,1,0,0,0
nonrefundable,1,nonrefundable=1,0,0,0,0,1,0,0,0
nonscheduled,1,nonscheduled=1,0,0,0,0,1,0,0,0
nonsensical,1,nonsensical=1,0,0,0,0,1,0,0,0
nonstop,1,nonstop=1,0,0,0,0,0,1,0,0
nontechnical,1,nontechnical=1,0,0,0,0,1,0,0,0
nonurban,1,nonurban=1,0,0,0,0,1,0,0,0
nonverbal,1,nonverbal=1,0,0,0,0,1,0,0,0
normalize,1,normalize=1,0,0,1,0,0,0,0,0
northbridge,1,northbridge=1,0,1,0,0,0,0,0,0
northwest,1,northwest=1,0,1,0,0,0,0,0,0
nostalgia,1,nostalgia=1,1,0,0,0,0,0,0,0
notch,1,notch=1,1,0,0,0,0,0,0,0
notes,1,notes=1,0,1,0,0,0,0,0,0
noticeably,1,noticeably=1,0,0,0,0,0,1,0,0
notifying,1,notifying=1,1,0,0,0,0,0,0,0
novelist,1,novelist=1,1,0,0,0,0,0,0,0
nucleic,1,nucleic=1,0,0,0,0,1,0,0,0
numbered,1,numbered=1,0,0,0,0,1,0,0,0
nursing,1,nursing=1,1,0,0,0,0,0,0,0
nutritious,1,nutritious=1,0,0,0,0,1,0,0,0
objectively,1,objectively=1,0,0,0,0,0,1,0,0
oboe,1,oboe=1,1,0,0,0,0,0,0,0
observance,1,observances=1,1,0,0,0,0,0,0,0
observational,1,observational=1,0,0,0,0,1,0,0,0
observatorie,1,observatories=1,0,0,1,0,0,0,0,0
observed,1,observed=1,0,0,0,0,1,0,0,0
observer,1,observers=1,1,0,0,0,0,0,0,0
obsessive,1,obsessive=1,0,0,0,0,1,0,0,0
obstruct,1,obstruct=1,1,0,0,0,0,0,0,0
occasionally,1,occasionally=1,0,0,0,0,0,1,0,0
occupant,1,occupant=1,1,0,0,0,0,0,0,0
occupation,1,occupation=1,1,0,0,0,0,0,0,0
oceanographer,1,oceanographers=1,1,0,0,0,0,0,0,0
odd,1,odd=1,0,0,0,0,1,0,0,0
odor,1,odor=1,1,0,0,0,0,0,0,0
offices,1,offices=1,0,1,0,0,0,0,0,0
officially,1,officially=1,0,0,0,0,0,1,0,0
offline,1,offline=1,0,0,0,0,1,0,0,0
offset,1,offset=1,0,0,1,0,0,0,0,0
offspring,1,offspring=1,1,0,0,0,0,0,0,0
olaf,1,olaf=1,0,1,0,0,0,0,0,0
oldest,1,oldest=1,0,0,0,0,0,1,0,0
omelet,1,omelet=1,1,0,0,0,0,0,0,0
oneself,1,oneself=1,0,0,0,0,0,0,1,0
onion,1,onions=1,1,0,0,0,0,0,0,0
ontario,1,ontario=1,0,1,0,0,0,0,0,0
openness,1,openness=1,1,0,0,0,0,0,0,0
operator,1,operators=1,1,0,0,0,0,0,0,0
opponent,1,opponents=1,1,0,0,0,0,0,0,0
opportunities,1,opportunities=1,0,1,0,0,0,0,0,0
opposition,1,opposition=1,0,1,0,0,0,0,0,0
optimism,1,optimism=1,1,0,0,0,0,0,0,0
opulence,1,opulence=1,1,0,0,0,0,0,0,0
orchestrate,1,orchestrated=1,0,0,1,0,0,0,0,0
orchestration,1,orchestration=1,1,0,0,0,0,0,0,0
orderly,1,orderly=1,0,0,0,0,1,0,0,0
organ,1,organs=1,1,0,0,0,0,0,0,0
orignate,1,orignated=1,0,0,1,0,0,0,0,0
ornament,1,ornaments=1,1,0,0,0,0,0,0,0
ornamental,1,ornamental=1,0,0,0,0,1,0,0,0
ornamentation,1,ornamentation=1,1,0,0,0,0,0,0,0
ornate,1,ornate=1,0,0,0,0,1,0,0,0
oscar,1,oscar=1,0,1,0,0,0,0,0,0
oscillation,1,oscillations=1,1,0,0,0,0,0,0,0
ossibilitie,1,ossibilities=1,1,0,0,0,0,0,0,0
ostracize,1,ostracized=1,0,0,1,0,0,0,0,0
ostrich,1,ostriches=1,1,0,0,0,0,0,0,0
otherworldly,1,otherworldly=1,0,0,0,0,0,1,0,0
ottavio,1,ottavio=1,0,1,0,0,0,0,0,0
ottoman,1,ottoman=1,0,1,0,0,0,0,0,0
ottomans,1,ottomans=1,0,1,0,0,0,0,0,0
ouch,1,ouch=1,0,0,0,0,0,0,0,1
ought,1,ought=1,0,0,0,1,0,0,0,0
ours,1,ours=1,0,0,0,0,1,0,0,0
outcast,1,outcast=1,1,0,0,0,0,0,0,0
outdatedness,1,outdatedness=1,1,0,0,0,0,0,0,0
outgoing,1,outgoing=1,0,0,0,0,1,0,0,0
outlet,1,outlet=1,1,0,0,0,0,0,0,0
outpace,1,outpace=1,0,0,1,0,0,0,0,0
outpost,1,outpost=1,1,0,0,0,0,0,0,0
outward,1,outward=1,0,0,0,0,0,1,0,0
outweigh,1,outweigh=1,0,0,1,0,0,0,0,0
oval,1,oval=1,1,0,0,0,0,0,0,0
overcharge,1,overcharged=1,0,0,1,0,0,0,0,0
overconsumption,1,overconsumption=1,1,0,0,0,0,0,0,0
overdo,1,overdid=1,0,0,1,0,0,0,0,0
overeating,1,overeating=1,1,0,0,0,0,0,0,0
overemphasis,1,overemphasis=1,0,1,0,0,0,0,0,0
overemphasize,1,overemphasizing=1,0,0,1,0,0,0,0,0
overexploitation,1,overexploitation=1,1,0,0,0,0,0,0,0
overfishing,1,overfishing=1,0,1,0,0,0,0,0,0
overgrazing,1,overgrazing=1,1,0,0,0,0,0,0,0
overgrown,1,overgrown=1,0,0,0,0,1,0,0,0
overgrowth,1,overgrowth=1,1,0,0,0,0,0,0,0
overlapping,1,overlapping=1,0,0,0,0,1,0,0,0
overlay,1,overlays=1,0,0,1,0,0,0,0,0
overlying,1,overlying=1,0,0,0,0,1,0,0,0
override,1,override=1,1,0,0,0,0,0,0,0
overseas,1,overseas=1,0,0,0,0,0,1,0,0
oversight,1,oversight=1,1,0,0,0,0,0,0,0
oversimplifie,1,oversimplifies=1,1,0,0,0,0,0,0,0
overspend,1,overspend=1,0,0,1,0,0,0,0,0
oxen,1,oxen=1,1,0,0,0,0,0,0,0
oxide,1,oxides=1,1,0,0,0,0,0,0,0
oyster,1,oysters=1,1,0,0,0,0,0,0,0
packages,1,packages=1,0,1,0,0,0,0,0,0
packed,1,packed=1,0,0,0,0,1,0,0,0
paddle,1,paddling=1,0,0,1,0,0,0,0,0
palatable,1,palatable=1,0,0,0,0,1,0,0,0
paleogene,1,paleogene=1,0,1,0,0,0,0,0,0
palette,1,palette=1,1,0,0,0,0,0,0,0
pan,1,pan=1,0,0,0,0,1,0,0,0
pangolins,1,pangolins=1,0,1,0,0,0,0,0,0
papermaking,1,papermaking=1,1,0,0,0,0,0,0,0
paralyzed,1,paralyzed=1,0,0,0,0,1,0,0,0
paramount,1,paramount=1,0,0,0,0,1,0,0,0
paranoid,1,paranoid=1,0,0,0,0,1,0,0,0
parental,1,parental=1,0,0,0,0,1,0,0,0
parlance,1,parlance=1,1,0,0,0,0,0,0,0
parliamentary,1,parliamentary=1,0,0,0,0,1,0,0,0
parmesan,1,parmesan=1,0,1,0,0,0,0,0,0
partake,1,partake=1,0,0,1,0,0,0,0,0
partial,1,partial=1,0,0,0,0,1,0,0,0
passengers,1,passengers=1,0,1,0,0,0,0,0,0
passersby,1,passersby=1,0,0,0,0,1,0,0,0
passionate,1,passionate=1,0,0,0,0,1,0,0,0
paste,1,paste=1,1,0,0,0,0,0,0,0
pastime,1,pastime=1,1,0,0,0,0,0,0,0
patented,1,patented=1,0,0,0,0,1,0,0,0
patrician,1,patricians=1,1,0,0,0,0,0,0,0
pavement,1,pavement=1,1,0,0,0,0,0,0,0
pavilion,1,pavilion=1,0,1,0,0,0,0,0,0
payable,1,payable=1,0,0,0,0,1,0,0,0
peacefully,1,peacefully=1,0,0,0,0,0,1,0,0
pebble,1,pebbles=1,1,0,0,0,0,0,0,0
pemberton,1,pemberton=1,0,1,0,0,0,0,0,0
perez,1,perez=1,0,1,0,0,0,0,0,0
performances,1,performances=1,0,1,0,0,0,0,0,0
periodic,1,periodic=1,0,0,0,0,1,0,0,0
periodical,1,periodicals=1,1,0,0,0,0,0,0,0
periodically,1,periodically=1,0,0,0,0,0,1,0,0
perpetually,1,perpetually=1,0,0,0,0,0,1,0,0
perpetuate,1,perpetuate=1,0,0,1,0,0,0,0,0
persistence,1,persistence=1,1,0,0,0,0,0,0,0
personnel,1,personnel=1,1,0,0,0,0,0,0,0
persuade,1,persuade=1,0,0,1,0,0,0,0,0
persuasive,1,persuasive=1,0,0,0,0,1,0,0,0
pertain,1,pertaining=1,0,0,1,0,0,0,0,0
peruvian,1,peruvian=1,0,0,0,0,1,0,0,0
pervasive,1,pervasive=1,0,0,0,0,1,0,0,0
pete,1,pete=1,0,1,0,0,0,0,0,0
petrova,1,petrova=1,0,1,0,0,0,0,0,0
petrucci,1,petrucci=1,0,1,0,0,0,0,0,0
pharmaceutical,1,pharmaceuticals=1,1,0,0,0,0,0,0,0
pharmacology,1,pharmacology=1,1,0,0,0,0,0,0,0
pheromone,1,pheromones=1,1,0,0,0,0,0,0,0
phloem,1,phloem=1,1,0,0,0,0,0,0,0
phoenician,1,phoenician=1,0,0,0,0,1,0,0,0
phosphorus,1,phosphorus=1,1,0,0,0,0,0,0,0
photocopied,1,photocopied=1,0,0,0,0,1,0,0,0
photocopy,1,photocopies=1,1,0,0,0,0,0,0,0
photoperiod,1,photoperiods=1,1,0,0,0,0,0,0,0
photosynthesize,1,photosynthesizing=1,0,0,1,0,0,0,0,0
physician,1,physicians=1,1,0,0,0,0,0,0,0
physicist,1,physicists=1,1,0,0,0,0,0,0,0
piaget,1,piaget=1,0,1,0,0,0,0,0,0
pianist,1,pianist=1,1,0,0,0,0,0,0,0
pictorial,1,pictorial=1,0,0,0,0,1,0,0,0
pictures,1,pictures=1,0,1,0,0,0,0,0,0
picturesque,1,picturesque=1,0,0,0,0,1,0,0,0
pierce,1,pierce=1,0,1,0,0,0,0,0,0
pillar,1,pillars=1,1,0,0,0,0,0,0,0
pincer,1,pincers=1,1,0,0,0,0,0,0,0
pine,1,pine=1,0,0,0,0,1,0,0,0
ping,1,ping=1,0,1,0,0,0,0,0,0
pinpoint,1,pinpointing=1,0,0,1,0,0,0,0,0
pit,1,pits=1,1,0,0,0,0,0,0,0
piter,1,piter=1,0,1,0,0,0,0,0,0
pivot,1,pivoted=1,0,0,1,0,0,0,0,0
plains,1,plains=1,0,1,0,0,0,0,0,0
planetarium,1,planetarium=1,1,0,0,0,0,0,0,0
planforge,1,planforge=1,0,1,0,0,0,0,0,0
plantlike,1,plantlike=1,1,0,0,0,0,0,0,0
plat,1,plated=1,0,0,1,0,0,0,0,0
plateau,1,plateau=1,1,0,0,0,0,0,0,0
platinum,1,platinum=1,1,0,0,0,0,0,0,0
players,1,players=1,0,1,0,0,0,0,0,0
playing,1,playing=1,0,1,0,0,0,0,0,0
playlist,1,playlists=1,1,0,0,0,0,0,0,0
playwrite,1,playwriting=1,0,0,1,0,0,0,0,0
plazas,1,plazas=1,1,0,0,0,0,0,0,0
pleasing,1,pleasing=1,1,0,0,0,0,0,0,0
plentiful,1,plentiful=1,0,0,0,0,1,0,0,0
plow,1,plow=1,0,0,1,0,0,0,0,0
plowing,1,plowing=1,1,0,0,0,0,0,0,0
plural,1,plural=1,0,0,0,0,1,0,0,0
poach,1,poaching=1,0,0,1,0,0,0,0,0
podcaster,1,podcaster=1,1,0,0,0,0,0,0,0
poet,1,poet=1,1,0,0,0,0,0,0,0
poetic,1,poetic=1,0,0,0,0,1,0,0,0
poignant,1,poignant=1,0,0,0,0,1,0,0,0
poisonous,1,poisonous=1,0,0,0,0,1,0,0,0
polarization,1,polarization=1,1,0,0,0,0,0,0,0
pole,1,poles=1,1,0,0,0,0,0,0,0
policymake,1,policymaking=1,0,0,1,0,0,0,0,0
polished,1,polished=1,0,0,0,0,1,0,0,0
politely,1,politely=1,0,0,0,0,0,1,0,0
politic,1,politics=1,1,0,0,0,0,0,0,0
politician,1,politician=1,1,0,0,0,0,0,0,0
pollinate,1,pollinate=1,0,0,1,0,0,0,0,0
pompeii,1,pompeii=1,0,1,0,0,0,0,0,0
pong,1,pong=1,0,1,0,0,0,0,0,0
popularly,1,popularly=1,0,0,0,0,0,1,0,0
portable,1,portable=1,0,0,0,0,1,0,0,0
portland,1,portland=1,0,1,0,0,0,0,0,0
portrayal,1,portrayal=1,1,0,0,0,0,0,0,0
positively,1,positively=1,0,0,0,0,0,1,0,0
postcolonial,1,postcolonial=1,0,0,0,0,1,0,0,0
posture,1,posture=1,1,0,0,0,0,0,0,0
potlatch,1,potlatch=1,0,0,0,0,1,0,0,0
poultry,1,poultry=1,1,0,0,0,0,0,0,0
powerfully,1,powerfully=1,0,0,0,0,0,1,0,0
practiced,1,practiced=1,0,0,0,0,1,0,0,0
practices,1,practices=1,0,1,0,0,0,0,0,0
pragmatic,1,pragmatic=1,0,0,0,0,1,0,0,0
precede,1,preceded=1,0,0,1,0,0,0,0,0
precedence,1,precedence=1,1,0,0,0,0,0,0,0
precious,1,precious=1,0,0,0,0,1,0,0,0
predate,1,predates=1,0,0,1,0,0,0,0,0
predatory,1,predatory=1,0,0,0,0,1,0,0,0
predicate,1,predicate=1,1,0,0,0,0,0,0,0
predictor,1,predictors=1,1,0,0,0,0,0,0,0
predisposition,1,predisposition=1,1,0,0,0,0,0,0,0
prefabricate,1,prefabricated=1,0,0,1,0,0,0,0,0
prehistory,1,prehistory=1,1,0,0,0,0,0,0,0
premier,1,premiered=1,0,0,1,0,0,0,0,0
preoccupied,1,preoccupied=1,0,0,0,0,1,0,0,0
preparations,1,preparations=1,0,1,0,0,0,0,0,0
preparedness,1,preparedness=1,1,0,0,0,0,0,0,0
preparing,1,preparing=1,0,1,0,0,0,0,0,0
preregister,1,preregister=1,0,0,1,0,0,0,0,0
preregistration,1,preregistration=1,0,1,0,0,0,0,0,0
prescribe,1,prescribe=1,0,0,1,0,0,0,0,0
prescription,1,prescriptions=1,1,0,0,0,0,0,0,0
prestigious,1,prestigious=1,0,0,0,0,1,0,0,0
preventing,1,preventing=1,1,0,0,0,0,0,0,0
preview,1,previews=1,1,0,0,0,0,0,0,0
pricing,1,pricing=1,1,0,0,0,0,0,0,0
priya,1,priya=1,0,1,0,0,0,0,0,0
prizes,1,prizes=1,0,1,0,0,0,0,0,0
pro,1,pro=1,0,0,0,0,1,0,0,0
probe,1,probes=1,0,0,1,0,0,0,0,0
procedural,1,procedural=1,0,0,0,0,1,0,0,0
procrastination,1,procrastination=1,1,0,0,0,0,0,0,0
proficiency,1,proficiency=1,1,0,0,0,0,0,0,0
proficient,1,proficient=1,1,0,0,0,0,0,0,0
profitability,1,profitability=1,1,0,0,0,0,0,0,0
programmable,1,programmable=1,0,0,0,0,1,0,0,0
programme,1,programme=1,1,0,0,0,0,0,0,0
programmer,1,programmer=1,1,0,0,0,0,0,0,0
programs,1,programs=1,0,1,0,0,0,0,0,0
prohibitively,1,prohibitively=1,0,0,0,0,0,1,0,0
projection,1,projection=1,1,0,0,0,0,0,0,0
pronounced,1,pronounced=1,0,0,0,0,1,0,0,0
proofreading,1,proofreading=1,1,0,0,0,0,0,0,0
propellers,1,propellers=1,0,1,0,0,0,0,0,0
propositional,1,propositional=1,0,0,0,0,1,0,0,0
proprietary,1,proprietary=1,0,0,0,0,1,0,0,0
prototype,1,prototype=1,1,0,0,0,0,0,0,0
prototyping,1,prototyping=1,0,0,0,0,1,0,0,0
proud,1,proud=1,0,0,0,0,1,0,0,0
proudly,1,proudly=1,0,0,0,0,0,1,0,0
provider,1,providers=1,1,0,0,0,0,0,0,0
provocative,1,provocative=1,0,0,0,0,1,0,0,0
provost,1,provost=1,1,0,0,0,0,0,0,0
proximity,1,proximity=1,1,0,0,0,0,0,0,0
pry,1,pry=1,0,0,1,0,0,0,0,0
publication,1,publication=1,1,0,0,0,0,0,0,0
pulley,1,pulleys=1,1,0,0,0,0,0,0,0
punctual,1,punctual=1,0,0,0,0,1,0,0,0
puncture,1,puncture=1,1,0,0,0,0,0,0,0
punic,1,punic=1,0,1,0,0,0,0,0,0
pup,1,pup=1,0,0,1,0,0,0,0,0
puppet,1,puppets=1,1,0,0,0,0,0,0,0
purify,1,purifying=1,0,0,1,0,0,0,0,0
pytheas,1,pytheas=1,0,1,0,0,0,0,0,0
qr,1,qr=1,0,1,0,0,0,0,0,0
qualified,1,qualified=1,0,0,0,0,1,0,0,0
qualify,1,qualifies=1,0,0,1,0,0,0,0,0
qualitative,1,qualitative=1,0,0,0,0,1,0,0,0
qualities,1,qualities=1,0,1,0,0,0,0,0,0
quarterly,1,quarterly=1,0,0,0,0,1,0,0,0
query,1,queries=1,1,0,0,0,0,0,0,0
queue,1,queue=1,1,0,0,0,0,0,0,0
quicklime,1,quicklime=1,1,0,0,0,0,0,0,0
quo,1,quo=1,1,0,0,0,0,0,0,0
quote,1,quotes=1,1,0,0,0,0,0,0,0
rabbit,1,rabbits=1,1,0,0,0,0,0,0,0
racket,1,rackets=1,1,0,0,0,0,0,0,0
radar,1,radar=1,1,0,0,0,0,0,0,0
raffle,1,raffle=1,1,0,0,0,0,0,0,0
rag,1,raging=1,0,0,1,0,0,0,0,0
rainforest,1,rainforests=1,1,0,0,0,0,0,0,0
rainstorm,1,rainstorms=1,1,0,0,0,0,0,0,0
ranger,1,rangers=1,1,0,0,0,0,0,0,0
rat,1,rated=1,0,0,1,0,0,0,0,0
ratio,1,ratio=1,1,0,0,0,0,0,0,0
rationale,1,rationale=1,0,1,0,0,0,0,0,0
rave,1,raved=1,0,0,1,0,0,0,0,0
re,1,re=1,0,0,1,0,0,0,0,0
readout,1,readout=1,1,0,0,0,0,0,0,0
realign,1,realigned=1,0,0,1,0,0,0,0,0
realist,1,realists=1,1,0,0,0,0,0,0,0
realization,1,realization=1,1,0,0,0,0,0,0,0
reallocate,1,reallocating=1,0,0,1,0,0,0,0,0
reappearance,1,reappearance=1,1,0,0,0,0,0,0,0
rear,1,rear=1,1,0,0,0,0,0,0,0
rearing,1,rearing=1,1,0,0,0,0,0,0,0
rearrange,1,rearrange=1,0,0,1,0,0,0,0,0
reattach,1,reattach=1,0,0,1,0,0,0,0,0
rebellion,1,rebellion=1,1,0,0,0,0,0,0,0
rebirth,1,rebirth=1,1,0,0,0,0,0,0,0
reboot,1,reboot=1,1,0,0,0,0,0,0,0
recalibrate,1,recalibrating=1,0,0,1,0,0,0,0,0
recap,1,recap=1,1,0,0,0,0,0,0,0
recharge,1,recharging=1,0,0,1,0,0,0,0,0
reciprocity,1,reciprocity=1,1,0,0,0,0,0,0,0
reconfigure,1,reconfigure=1,0,0,1,0,0,0,0,0
records,1,records=1,0,1,0,0,0,0,0,0
recreate,1,recreating=1,0,0,1,0,0,0,0,0
rectangle,1,rectangle=1,1,0,0,0,0,0,0,0
recur,1,recurring=1,0,0,1,0,0,0,0,0
recycled,1,recycled=1,0,0,0,0,1,0,0,0
redecorate,1,redecorating=1,0,0,1,0,0,0,0,0
redirect,1,redirected=1,0,0,1,0,0,0,0,0
reede,1,reeded=1,0,0,1,0,0,0,0,0
referential,1,referential=1,0,0,0,0,1,0,0,0
refined,1,refined=1,0,0,0,0,1,0,0,0
refrain,1,refrain=1,0,0,1,0,0,0,0,0
refresher,1,refresher=1,1,0,0,0,0,0,0,0
refurbish,1,refurbished=1,0,0,1,0,0,0,0,0
refuse,1,refuses=1,0,0,1,0,0,0,0,0
refute,1,refuted=1,0,0,1,0,0,0,0,0
regally,1,regally=1,0,0,0,0,0,1,0,0
regimen,1,regimens=1,1,0,0,0,0,0,0,0
registering,1,registering=1,0,1,0,0,0,0,0,0
regulations,1,regulations=1,0,1,0,0,0,0,0,0
regulatory,1,regulatory=1,0,0,0,0,1,0,0,0
rehearse,1,rehearse=1,0,0,1,0,0,0,0,0
rehydrate,1,rehydrate=1,0,0,1,0,0,0,0,0
reign,1,reign=1,1,0,0,0,0,0,0,0
reimagine,1,reimagined=1,0,0,1,0,0,0,0,0
reimagines,1,reimagines=1,0,1,0,0,0,0,0,0
reimagining,1,reimagining=1,1,0,0,0,0,0,0,0
reimburse,1,reimburse=1,0,0,1,0,0,0,0,0
reimer,1,reimer=1,0,1,0,0,0,0,0,0
reindeer,1,reindeer=1,1,0,0,0,0,0,0,0
reintroduction,1,reintroduction=1,1,0,0,0,0,0,0,0
reiterate,1,reiterate=1,0,0,1,0,0,0,0,0
rejuvenate,1,rejuvenating=1,0,0,1,0,0,0,0,0
relative,1,relatives=1,1,0,0,0,0,0,0,0
relaxing,1,relaxing=1,1,0,0,0,0,0,0,0
relief,1,relief=1,1,0,0,0,0,0,0,0
relocation,1,relocation=1,1,0,0,0,0,0,0,0
reluctance,1,reluctance=1,1,0,0,0,0,0,0,0
reluctantly,1,reluctantly=1,0,0,0,0,0,1,0,0
remedy,1,remedy=1,1,0,0,0,0,0,0,0
reminiscent,1,reminiscent=1,0,0,0,0,1,0,0,0
remix,1,remix=1,1,0,0,0,0,0,0,0
remixe,1,remixes=1,1,0,0,0,0,0,0,0
removed,1,removed=1,0,0,0,0,1,0,0,0
rename,1,renamed=1,0,0,1,0,0,0,0,0
renewal,1,renewal=1,1,0,0,0,0,0,0,0
reopening,1,reopening=1,1,0,0,0,0,0,0,0
reorganize,1,reorganizing=1,0,0,1,0,0,0,0,0
repaint,1,repainted=1,0,0,1,0,0,0,0,0
repairable,1,repairable=1,0,0,0,0,1,0,0,0
repairs,1,repairs=1,0,1,0,0,0,0,0,0
repetition,1,repetitions=1,1,0,0,0,0,0,0,0
replica,1,replica=1,1,0,0,0,0,0,0,0
republic,1,republic=1,0,1,0,0,0,0,0,0
requisite,1,requisite=1,0,0,0,0,1,0,0,0
resell,1,reselling=1,0,0,1,0,0,0,0,0
resend,1,resend=1,0,0,1,0,0,0,0,0
reserved,1,reserved=1,0,0,0,0,1,0,0,0
reshelve,1,reshelve=1,0,0,1,0,0,0,0,0
residents,1,residents=1,0,1,0,0,0,0,0,0
resign,1,resigned=1,0,0,1,0,0,0,0,0
resolution,1,resolution=1,1,0,0,0,0,0,0,0
respectfully,1,respectfully=1,0,0,0,0,0,1,0,0
respective,1,respective=1,0,0,0,0,1,0,0,0
respectively,1,respectively=1,0,0,0,0,0,1,0,0
respiration,1,respiration=1,1,0,0,0,0,0,0,0
responsibly,1,responsibly=1,0,0,0,0,0,1,0,0
responsiveness,1,responsiveness=1,1,0,0,0,0,0,0,0
restate,1,restates=1,1,0,0,0,0,0,0,0
restorative,1,restorative=1,0,0,0,0,1,0,0,0
rethink,1,rethink=1,0,0,1,0,0,0,0,0
rethinking,1,rethinking=1,0,1,0,0,0,0,0,0
revenge,1,revenge=1,1,0,0,0,0,0,0,0
reversal,1,reversal=1,1,0,0,0,0,0,0,0
reviewer,1,reviewer=1,1,0,0,0,0,0,0,0
revised,1,revised=1,0,0,0,0,1,0,0,0
revision,1,revision=1,1,0,0,0,0,0,0,0
revisit,1,revisiting=1,0,0,1,0,0,0,0,0
rewarding,1,rewarding=1,0,0,0,0,1,0,0,0
rewind,1,rewind=1,1,0,0,0,0,0,0,0
ribbon,1,ribbon=1,1,0,0,0,0,0,0,0
rica,1,rica=1,0,1,0,0,0,0,0,0
ricercar,1,ricercars=1,1,0,0,0,0,0,0,0
riding,1,riding=1,1,0,0,0,0,0,0,0
ries,1,ries=1,0,1,0,0,0,0,0,0
rig,1,rig=1,1,0,0,0,0,0,0,0
rights,1,rights=1,0,1,0,0,0,0,0,0
rigidly,1,rigidly=1,0,0,0,0,0,1,0,0
rigorous,1,rigorous=1,0,0,0,0,1,0,0,0
rink,1,rink=1,1,0,0,0,0,0,0,0
rio,1,rio=1,0,1,0,0,0,0,0,0
ripple,1,ripple=1,0,0,0,0,1,0,0,0
rival,1,rival=1,0,0,0,0,1,0,0,0
rivalry,1,rivalry=1,1,0,0,0,0,0,0,0
rivera,1,rivera=1,0,1,0,0,0,0,0,0
rko,1,rko=1,0,1,0,0,0,0,0,0
rm,1,rm=1,0,1,0,0,0,0,0,0
roar,1,roars=1,1,0,0,0,0,0,0,0
robe,1,robes=1,1,0,0,0,0,0,0,0
robinson,1,robinson=1,0,1,0,0,0,0,0,0
rocks,1,rocks=1,0,1,0,0,0,0,0,0
rocky,1,rocky=1,0,0,0,0,1,0,0,0
rodent,1,rodents=1,1,0,0,0,0,0,0,0
rodents,1,rodents=1,0,1,0,0,0,0,0,0
roland,1,roland=1,0,1,0,0,0,0,0,0
romance,1,romance=1,0,1,0,0,0,0,0,0
roomy,1,roomy=1,1,0,0,0,0,0,0,0
rooted,1,rooted=1,0,0,0,0,1,0,0,0
rowing,1,rowing=1,1,0,0,0,0,0,0,0
royal,1,royal=1,0,0,0,0,1,0,0,0
royalty,1,royalty=1,1,0,0,0,0,0,0,0
rsvp,1,rsvp=1,1,0,0,0,0,0,0,0
rubber,1,rubber=1,1,0,0,0,0,0,0,0
rules,1,rules=1,0,1,0,0,0,0,0,0
rumour,1,rumour=1,0,1,0,0,0,0,0,0
runner,1,runners=1,1,0,0,0,0,0,0,0
russian,1,russian=1,0,0,0,0,1,0,0,0
ry,1,ry=1,0,1,0,0,0,0,0,0
rye,1,rye=1,0,1,0,0,0,0,0,0
sabbatical,1,sabbatical=1,1,0,0,0,0,0,0,0
sac,1,sacs=1,1,0,0,0,0,0,0,0
sacrifice,1,sacrificing=1,0,0,1,0,0,0,0,0
sadness,1,sadness=1,1,0,0,0,0,0,0,0
sail,1,sailed=1,0,0,1,0,0,0,0,0
saleslady,1,saleslady=1,1,0,0,0,0,0,0,0
salinger,1,salinger=1,0,1,0,0,0,0,0,0
saliva,1,saliva=1,0,1,0,0,0,0,0,0
saltwater,1,saltwater=1,1,0,0,0,0,0,0,0
salty,1,salty=1,0,0,0,0,1,0,0,0
salvador,1,salvador=1,0,1,0,0,0,0,0,0
samba,1,samba=1,1,0,0,0,0,0,0,0
samuel,1,samuel=1,0,1,0,0,0,0,0,0
sanchez,1,sanchez=1,0,1,0,0,0,0,0,0
sandra,1,sandra=1,0,1,0,0,0,0,0,0
sandwiches,1,sandwiches=1,0,1,0,0,0,0,0,0
sap,1,sap=1,0,1,0,0,0,0,0,0
sara,1,sara=1,0,1,0,0,0,0,0,0
satin,1,satin=1,0,1,0,0,0,0,0,0
satisfy,1,satisfy=1,0,0,1,0,0,0,0,0
satisfying,1,satisfying=1,0,0,0,0,1,0,0,0
saussure,1,saussure=1,0,1,0,0,0,0,0,0
savor,1,savor=1,0,0,1,0,0,0,0,0
saw,1,saw=1,1,0,0,0,0,0,0,0
saxophonist,1,saxophonist=1,1,0,0,0,0,0,0,0
scalable,1,scalable=1,0,0,0,0,1,0,0,0
scanning,1,scanning=1,0,1,0,0,0,0,0,0
scar,1,scared=1,0,0,1,0,0,0,0,0
scarce,1,scarce=1,0,0,0,0,1,0,0,0
scared,1,scared=1,0,0,0,0,1,0,0,0
scarf,1,scarf=1,1,0,0,0,0,0,0,0
scary,1,scary=1,0,0,0,0,1,0,0,0
scent,1,scent=1,1,0,0,0,0,0,0,0
scheme,1,scheme=1,1,0,0,0,0,0,0,0
schoolwork,1,schoolwork=1,1,0,0,0,0,0,0,0
sciences,1,sciences=1,0,1,0,0,0,0,0,0
scientifically,1,scientifically=1,0,0,0,0,0,1,0,0
scientists,1,scientists=1,0,1,0,0,0,0,0,0
scorekeeper,1,scorekeeper=1,1,0,0,0,0,0,0,0
scores,1,scores=1,0,1,0,0,0,0,0,0
scottish,1,scottish=1,0,0,0,0,1,0,0,0
scraping,1,scraping=1,1,0,0,0,0,0,0,0
scream,1,scream=1,0,1,0,0,0,0,0,0
screwdriver,1,screwdriver=1,1,0,0,0,0,0,0,0
scrolling,1,scrolling=1,1,0,0,0,0,0,0,0
scurvy,1,scurvy=1,0,0,1,0,0,0,0,0
seafarer,1,seafarers=1,1,0,0,0,0,0,0,0
seafloor,1,seafloor=1,1,0,0,0,0,0,0,0
seagrass,1,seagrass=1,1,0,0,0,0,0,0,0
seasonality,1,seasonality=1,1,0,0,0,0,0,0,0
seasoned,1,seasoned=1,0,0,0,0,1,0,0,0
seasoning,1,seasoning=1,1,0,0,0,0,0,0,0
seattle,1,seattle=1,0,1,0,0,0,0,0,0
secondary,1,secondary=1,0,0,0,0,1,0,0,0
secrecy,1,secrecy=1,1,0,0,0,0,0,0,0
secrete,1,secrete=1,0,0,1,0,0,0,0,0
secretive,1,secretive=1,0,0,0,0,1,0,0,0
secular,1,secular=1,0,0,0,0,1,0,0,0
securely,1,securely=1,0,0,0,0,0,1,0,0
securing,1,securing=1,0,1,0,0,0,0,0,0
sedimentation,1,sedimentation=1,1,0,0,0,0,0,0,0
seedling,1,seedlings=1,1,0,0,0,0,0,0,0
seeker,1,seekers=1,1,0,0,0,0,0,0,0
selecting,1,selecting=1,0,1,0,0,0,0,0,0
seniority,1,seniority=1,1,0,0,0,0,0,0,0
sens,1,senses=1,1,0,0,0,0,0,0,0
sensibility,1,sensibility=1,1,0,0,0,0,0,0,0
sensitivity,1,sensitivity=1,1,0,0,0,0,0,0,0
sent,1,sent=1,0,0,0,0,1,0,0,0
sentimentality,1,sentimentality=1,1,0,0,0,0,0,0,0
separately,1,separately=1,0,0,0,0,0,1,0,0
separation,1,separation=1,1,0,0,0,0,0,0,0
september,1,september=1,0,1,0,0,0,0,0,0
sequence,1,sequence=1,1,0,0,0,0,0,0,0
sequestration,1,sequestration=1,1,0,0,0,0,0,0,0
serengeti,1,serengeti=1,0,1,0,0,0,0,0,0
sergeant,1,sergeant=1,0,1,0,0,0,0,0,0
server,1,server=1,1,0,0,0,0,0,0,0
serén,1,serén=1,0,1,0,0,0,0,0,0
settler,1,settlers=1,1,0,0,0,0,0,0,0
seventy,1,seventy=1,0,0,0,0,0,0,0,1
sewage,1,sewage=1,1,0,0,0,0,0,0,0
sex,1,sexes=1,1,0,0,0,0,0,0,0
shale,1,shale=1,1,0,0,0,0,0,0,0
shallower,1,shallower=1,1,0,0,0,0,0,0,0
shame,1,shame=1,1,0,0,0,0,0,0,0
shampoo,1,shampoo=1,1,0,0,0,0,0,0,0
shaping,1,shaping=1,1,0,0,0,0,0,0,0
shaw,1,shaw=1,0,1,0,0,0,0,0,0
shear,1,shears=1,1,0,0,0,0,0,0,0
sheep,1,sheep=1,1,0,0,0,0,0,0,0
shelley,1,shelley=1,0,1,0,0,0,0,0,0
shellfish,1,shellfish=1,1,0,0,0,0,0,0,0
shielded,1,shielded=1,0,0,0,0,1,0,0,0
shifting,1,shifting=1,0,1,0,0,0,0,0,0
shimmer,1,shimmer=1,1,0,0,0,0,0,0,0
shimmering,1,shimmering=1,0,0,0,0,1,0,0,0
shiny,1,shiny=1,0,0,0,0,1,0,0,0
ships,1,ships=1,0,1,0,0,0,0,0,0
shiver,1,shivering=1,0,0,1,0,0,0,0,0
shocking,1,shocking=1,0,0,0,0,1,0,0,0
shoot,1,shoot=1,1,0,0,0,0,0,0,0
shortcoming,1,shortcoming=1,1,0,0,0,0,0,0,0
shorten,1,shortened=1,0,0,1,0,0,0,0,0
shorthand,1,shorthand=1,1,0,0,0,0,0,0,0
shoulder,1,shoulders=1,1,0,0,0,0,0,0,0
shovel,1,shovels=1,1,0,0,0,0,0,0,0
showing,1,showing=1,1,0,0,0,0,0,0,0
shredder,1,shredder=1,1,0,0,0,0,0,0,0
shrub,1,shrubs=1,1,0,0,0,0,0,0,0
shy,1,shy=1,0,1,0,0,0,0,0,0
sibling,1,siblings=1,1,0,0,0,0,0,0,0
sided,1,sided=1,0,0,0,0,1,0,0,0
sidewalk,1,sidewalks=1,1,0,0,0,0,0,0,0
siege,1,siege=1,1,0,0,0,0,0,0,0
sight,1,sight=1,1,0,0,0,0,0,0,0
sighting,1,sighting=1,1,0,0,0,0,0,0,0
sightsee,1,sightsee=1,0,0,1,0,0,0,0,0
sightseeing,1,sightseeing=1,1,0,0,0,0,0,0,0
signify,1,signifying=1,0,0,1,0,0,0,0,0
signing,1,signing=1,1,0,0,0,0,0,0,0
silly,1,silly=1,0,0,0,0,1,0,0,0
similarities,1,similarities=1,0,1,0,0,0,0,0,0
simmons,1,simmons=1,0,1,0,0,0,0,0,0
simplifie,1,simplifies=1,1,0,0,0,0,0,0,0
simultaneous,1,simultaneous=1,0,0,0,0,1,0,0,0
sincerely,1,sincerely=1,0,0,0,0,0,1,0,0
singing,1,singing=1,1,0,0,0,0,0,0,0
sitter,1,sitter=1,0,1,0,0,0,0,0,0
sitting,1,sitting=1,1,0,0,0,0,0,0,0
situate,1,situated=1,0,0,1,0,0,0,0,0
sixty,1,sixty=1,0,0,0,0,0,0,0,1
sizeable,1,sizeable=1,0,0,0,0,1,0,0,0
sized,1,sized=1,0,0,0,0,1,0,0,0
skating,1,skating=1,1,0,0,0,0,0,0,0
skeptically,1,skeptically=1,0,0,0,0,0,1,0,0
ski,1,ski=1,0,0,0,0,1,0,0,0
skiing,1,skiing=1,1,0,0,0,0,0,0,0
skim,1,skimmed=1,0,0,1,0,0,0,0,0
skirt,1,skirts=1,1,0,0,0,0,0,0,0
sleepy,1,sleepy=1,0,1,0,0,0,0,0,0
slippery,1,slippery=1,0,0,0,0,1,0,0,0
slope,1,slopes=1,1,0,0,0,0,0,0,0
smartwatch,1,smartwatch=1,1,0,0,0,0,0,0,0
smeary,1,smeary=1,0,0,0,0,1,0,0,0
smokeless,1,smokeless=1,1,0,0,0,0,0,0,0
smoothy,1,smoothies=1,1,0,0,0,0,0,0,0
sneak,1,sneak=1,1,0,0,0,0,0,0,0
snooty,1,snooty=1,0,0,0,0,1,0,0,0
soak,1,soaked=1,0,0,1,0,0,0,0,0
soar,1,soared=1,0,0,1,0,0,0,0,0
soccer,1,soccer=1,1,0,0,0,0,0,0,0
sociable,1,sociable=1,0,0,0,0,1,0,0,0
socialize,1,socializing=1,0,0,1,0,0,0,0,0
socioeconomic,1,socioeconomic=1,0,0,0,0,1,0,0,0
sociotechnological,1,sociotechnological=1,0,0,0,0,1,0,0,0
sofia,1,sofia=1,0,1,0,0,0,0,0,0
soggy,1,soggy=1,0,0,0,0,1,0,0,0
solace,1,solace=1,1,0,0,0,0,0,0,0
sole,1,sole=1,0,0,0,0,1,0,0,0
solitary,1,solitary=1,0,0,0,0,1,0,0,0
somebody,1,somebody=1,0,0,0,0,0,0,1,0
somehow,1,somehow=1,0,0,0,0,0,1,0,0
son,1,son=1,1,0,0,0,0,0,0,0
soot,1,soot=1,1,0,0,0,0,0,0,0
sophistication,1,sophistication=1,1,0,0,0,0,0,0,0
sophomore,1,sophomore=1,1,0,0,0,0,0,0,0
soul,1,soul=1,1,0,0,0,0,0,0,0
soundproof,1,soundproof=1,0,0,0,0,1,0,0,0
soundscapes,1,soundscapes=1,0,1,0,0,0,0,0,0
soup,1,soup=1,1,0,0,0,0,0,0,0
soviet,1,soviet=1,0,0,0,0,1,0,0,0
spacex,1,spacex=1,0,1,0,0,0,0,0,0
spaniard,1,spaniard=1,0,1,0,0,0,0,0,0
speakers,1,speakers=1,0,1,0,0,0,0,0,0
spear,1,spears=1,1,0,0,0,0,0,0,0
specially,1,specially=1,0,0,0,0,0,1,0,0
specimen,1,specimens=1,1,0,0,0,0,0,0,0
spectatorship,1,spectatorship=1,1,0,0,0,0,0,0,0
speculate,1,speculated=1,0,0,1,0,0,0,0,0
speculation,1,speculation=1,1,0,0,0,0,0,0,0
speculative,1,speculative=1,0,0,0,0,1,0,0,0
speeches,1,speeches=1,0,1,0,0,0,0,0,0
spices,1,spices=1,0,1,0,0,0,0,0,0
spill,1,spilled=1,0,0,1,0,0,0,0,0
spirituality,1,spirituality=1,1,0,0,0,0,0,0,0
spit,1,spit=1,0,1,0,0,0,0,0,0
splatter,1,splatter=1,0,0,1,0,0,0,0,0
spoilage,1,spoilage=1,1,0,0,0,0,0,0,0
spoiled,1,spoiled=1,0,0,0,0,1,0,0,0
sponge,1,sponges=1,1,0,0,0,0,0,0,0
sponges,1,sponges=1,0,1,0,0,0,0,0,0
sports,1,sports=1,0,1,0,0,0,0,0,0
spouse,1,spouses=1,1,0,0,0,0,0,0,0
spray,1,spray=1,0,0,1,0,0,0,0,0
spreading,1,spreading=1,1,0,0,0,0,0,0,0
squash,1,squash=1,0,0,1,0,0,0,0,0
stack,1,stacked=1,0,0,1,0,0,0,0,0
staffed,1,staffed=1,0,0,0,0,1,0,0,0
stag,1,staging=1,0,0,1,0,0,0,0,0
staghorn,1,staghorn=1,0,0,0,0,1,0,0,0
stagnate,1,stagnate=1,0,0,1,0,0,0,0,0
stair,1,stairs=1,1,0,0,0,0,0,0,0
staircase,1,staircase=1,1,0,0,0,0,0,0,0
stairwell,1,stairwells=1,1,0,0,0,0,0,0,0
stakeholder,1,stakeholders=1,1,0,0,0,0,0,0,0
stalk,1,stalks=1,1,0,0,0,0,0,0,0
stalls,1,stalls=1,0,1,0,0,0,0,0,0
stalne,1,stalned=1,0,0,1,0,0,0,0,0
standing,1,standing=1,1,0,0,0,0,0,0,0
starfish,1,starfish=1,1,0,0,0,0,0,0,0
stargazing,1,stargazing=1,1,0,0,0,0,0,0,0
stars,1,stars=1,0,1,0,0,0,0,0,0
startling,1,startling=1,1,0,0,0,0,0,0,0
starvation,1,starvation=1,1,0,0,0,0,0,0,0
stately,1,stately=1,0,0,0,0,1,0,0,0
statistician,1,statistician=1,0,0,0,0,1,0,0,0
statue,1,statues=1,1,0,0,0,0,0,0,0
steadily,1,steadily=1,0,0,0,0,0,1,0,0
steal,1,stolen=1,0,0,1,0,0,0,0,0
stealth,1,stealth=1,0,1,0,0,0,0,0,0
stealthy,1,stealthy=1,0,0,0,0,1,0,0,0
stems,1,stems=1,0,1,0,0,0,0,0,0
stevens,1,stevens=1,0,1,0,0,0,0,0,0
stimulant,1,stimulant=1,0,0,0,0,1,0,0,0
stir,1,stirs=1,0,0,1,0,0,0,0,0
stomata,1,stomata=1,1,0,0,0,0,0,0,0
stoneware,1,stoneware=1,0,0,0,0,1,0,0,0
storing,1,storing=1,1,0,0,0,0,0,0,0
storyline,1,storyline=1,1,0,0,0,0,0,0,0
stove,1,stove=1,1,0,0,0,0,0,0,0
straightforward,1,straightforward=1,0,0,0,0,1,0,0,0
strandbeasts,1,strandbeasts=1,0,1,0,0,0,0,0,0
stranger,1,stranger=1,1,0,0,0,0,0,0,0
streamside,1,streamside=1,1,0,0,0,0,0,0,0
streetcar,1,streetcars=1,1,0,0,0,0,0,0,0
streetlight,1,streetlights=1,1,0,0,0,0,0,0,0
streetscape,1,streetscapes=1,1,0,0,0,0,0,0,0
strife,1,strife=1,1,0,0,0,0,0,0,0
stripe,1,stripes=1,1,0,0,0,0,0,0,0
stroke,1,strokes=1,1,0,0,0,0,0,0,0
stu,1,stu=1,0,1,0,0,0,0,0,0
studying,1,studying=1,0,1,0,0,0,0,0,0
stunt,1,stunts=1,1,0,0,0,0,0,0,0
sturdy,1,sturdy=1,0,0,0,0,1,0,0,0
subconscious,1,subconscious=1,1,0,0,0,0,0,0,0
subconsciously,1,subconsciously=1,0,0,0,0,0,1,0,0
subscription,1,subscription=1,1,0,0,0,0,0,0,0
subsidy,1,subsidies=1,1,0,0,0,0,0,0,0
substantially,1,substantially=1,0,0,0,0,0,1,0,0
substitution,1,substitutions=1,1,0,0,0,0,0,0,0
substrate,1,substrate=1,1,0,0,0,0,0,0,0
subsurface,1,subsurface=1,1,0,0,0,0,0,0,0
subtlety,1,subtleties=1,1,0,0,0,0,0,0,0
subtopic,1,subtopics=1,1,0,0,0,0,0,0,0
successive,1,successive=1,0,0,0,0,1,0,0,0
suffice,1,suffice=1,0,0,1,0,0,0,0,0
suffocate,1,suffocate=1,0,0,1,0,0,0,0,0
suite,1,suite=1,1,0,0,0,0,0,0,0
sulawesi,1,sulawesi=1,0,1,0,0,0,0,0,0
suleyman,1,suleyman=1,0,1,0,0,0,0,0,0
sunblock,1,sunblock=1,1,0,0,0,0,0,0,0
sunburn,1,sunburn=1,1,0,0,0,0,0,0,0
sunflower,1,sunflowers=1,1,0,0,0,0,0,0,0
sunglass,1,sunglasses=1,1,0,0,0,0,0,0,0
sunrise,1,sunrise=1,1,0,0,0,0,0,0,0
superiority,1,superiority=1,1,0,0,0,0,0,0,0
superstition,1,superstition=1,1,0,0,0,0,0,0,0
supervise,1,supervised=1,0,0,1,0,0,0,0,0
supervision,1,supervision=1,1,0,0,0,0,0,0,0
supplemental,1,supplemental=1,0,0,0,0,1,0,0,0
supplier,1,suppliers=1,1,0,0,0,0,0,0,0
supplies,1,supplies=1,0,1,0,0,0,0,0,0
supportively,1,supportively=1,0,1,0,0,0,0,0,0
supposedly,1,supposedly=1,0,0,0,0,0,1,0,0
surgeon,1,surgeons=1,1,0,0,0,0,0,0,0
surrealistic,1,surrealistic=1,0,0,0,0,1,0,0,0
susan,1,susan=1,0,1,0,0,0,0,0,0
suspend,1,suspended=1,0,0,1,0,0,0,0,0
swallow,1,swallows=1,0,0,1,0,0,0,0,0
swear,1,sworn=1,0,0,1,0,0,0,0,0
sweep,1,sweep=1,1,0,0,0,0,0,0,0
sweet,1,sweet=1,0,0,0,0,1,0,0,0
sweetness,1,sweetness=1,1,0,0,0,0,0,0,0
swell,1,swells=1,1,0,0,0,0,0,0,0
swiftly,1,swiftly=1,0,0,0,0,0,1,0,0
swimmer,1,swimmers=1,1,0,0,0,0,0,0,0
swishing,1,swishing=1,0,0,0,0,1,0,0,0
symbolism,1,symbolism=1,1,0,0,0,0,0,0,0
symmetrical,1,symmetrical=1,0,0,0,0,1,0,0,0
symptom,1,symptoms=1,1,0,0,0,0,0,0,0
synonymous,1,synonymous=1,0,0,0,0,1,0,0,0
tablet,1,tablet=1,1,0,0,0,0,0,0,0
taco,1,tacos=1,1,0,0,0,0,0,0,0
tadpole,1,tadpoles=1,1,0,0,0,0,0,0,0
tail,1,tail=1,1,0,0,0,0,0,0,0
tailoring,1,tailoring=1,1,0,0,0,0,0,0,0
taker,1,takers=1,1,0,0,0,0,0,0,0
taking,1,taking=1,1,0,0,0,0,0,0,0
tallinn,1,tallinn=1,0,1,0,0,0,0,0,0
taos,1,taos=1,0,1,0,0,0,0,0,0
tardigrades,1,tardigrades=1,0,1,0,0,0,0,0,0
te,1,te=1,0,1,0,0,0,0,0,0
teachers,1,teachers=1,0,1,0,0,0,0,0,0
teammate,1,teammates=1,1,0,0,0,0,0,0,0
teams,1,teams=1,0,1,0,0,0,0,0,0
technicality,1,technicality=1,1,0,0,0,0,0,0,0
technologically,1,technologically=1,0,0,0,0,0,1,0,0
technologist,1,technologists=1,1,0,0,0,0,0,0,0
tectonic,1,tectonic=1,0,1,0,0,0,0,0,0
telegraph,1,telegraph=1,1,0,0,0,0,0,0,0
telephone,1,telephone=1,1,0,0,0,0,0,0,0
temp,1,temps=1,1,0,0,0,0,0,0,0
tense,1,tense=1,0,0,0,0,1,0,0,0
termites,1,termites=1,0,1,0,0,0,0,0,0
terrain,1,terrain=1,1,0,0,0,0,0,0,0
tessera,1,tesserae=1,1,0,0,0,0,0,0,0
testament,1,testament=1,1,0,0,0,0,0,0,0
tester,1,testers=1,1,0,0,0,0,0,0,0
texting,1,texting=1,1,0,0,0,0,0,0,0
thai,1,thai=1,0,1,0,0,0,0,0,0
thailand,1,thailand=1,0,1,0,0,0,0,0,0
thankful,1,thankful=1,0,0,0,0,1,0,0,0
thankfully,1,thankfully=1,0,0,0,0,0,1,0,0
thawing,1,thawing=1,1,0,0,0,0,0,0,0
theo,1,theo=1,0,1,0,0,0,0,0,0
theoretically,1,theoretically=1,0,0,0,0,0,1,0,0
theories,1,theories=1,0,1,0,0,0,0,0,0
therm,1,therm=1,1,0,0,0,0,0,0,0
thermal,1,thermal=1,0,0,0,0,1,0,0,0
thirsty,1,thirsty=1,0,0,0,0,1,0,0,0
threatening,1,threatening=1,0,0,0,0,1,0,0,0
threats,1,threats=1,0,1,0,0,0,0,0,0
thrilled,1,thrilled=1,0,0,0,0,1,0,0,0
thriller,1,thriller=1,1,0,0,0,0,0,0,0
thrilling,1,thrilling=1,1,0,0,0,0,0,0,0
thumb,1,thumb=1,1,0,0,0,0,0,0,0
thump,1,thumped=1,0,0,1,0,0,0,0,0
thunderstorm,1,thunderstorm=1,1,0,0,0,0,0,0,0
ticketing,1,ticketing=1,1,0,0,0,0,0,0,0
tidy,1,tidy=1,0,0,0,0,1,0,0,0
tighten,1,tighten=1,0,0,1,0,0,0,0,0
tightness,1,tightness=1,1,0,0,0,0,0,0,0
tile,1,tile=1,1,0,0,0,0,0,0,0
tim,1,tim=1,0,1,0,0,0,0,0,0
timber,1,timber=1,1,0,0,0,0,0,0,0
timeless,1,timeless=1,0,0,0,0,1,0,0,0
timetable,1,timetables=1,1,0,0,0,0,0,0,0
tin,1,tin=1,1,0,0,0,0,0,0,0
ting,1,ting=1,0,0,0,0,1,0,0,0
titular,1,titular=1,0,0,0,0,1,0,0,0
toed,1,toed=1,1,0,0,0,0,0,0,0
token,1,token=1,0,0,1,0,0,0,0,0
tolerant,1,tolerant=1,0,0,0,0,1,0,0,0
tolerate,1,tolerate=1,1,0,0,0,0,0,0,0
toller,1,toller=1,0,1,0,0,0,0,0,0
tomás,1,tomás=1,0,1,0,0,0,0,0,0
tongue,1,tongue=1,1,0,0,0,0,0,0,0
toolbox,1,toolbox=1,1,0,0,0,0,0,0,0
toolmaking,1,toolmaking=1,1,0,0,0,0,0,0,0
tools,1,tools=1,0,1,0,0,0,0,0,0
topsoil,1,topsoil=1,1,0,0,0,0,0,0,0
tortoises,1,tortoises=1,0,1,0,0,0,0,0,0
toss,1,toss=1,0,0,1,0,0,0,0,0
tours,1,tours=1,0,1,0,0,0,0,0,0
tout,1,touted=1,0,0,1,0,0,0,0,0
towel,1,towels=1,1,0,0,0,0,0,0,0
trachea,1,trachea=1,1,0,0,0,0,0,0,0
traditionalist,1,traditionalists=1,1,0,0,0,0,0,0,0
trailhead,1,trailhead=1,1,0,0,0,0,0,0,0
trainable,1,trainable=1,0,0,0,0,1,0,0,0
trainers,1,trainers=1,0,1,0,0,0,0,0,0
trajectory,1,trajectories=1,1,0,0,0,0,0,0,0
tram,1,tram=1,1,0,0,0,0,0,0,0
translator,1,translators=1,1,0,0,0,0,0,0,0
translocation,1,translocation=1,1,0,0,0,0,0,0,0
translucent,1,translucent=1,0,0,0,0,1,0,0,0
transplant,1,transplanted=1,0,0,1,0,0,0,0,0
traveling,1,traveling=1,1,0,0,0,0,0,0,0
treadmill,1,treadmill=1,1,0,0,0,0,0,0,0
treasure,1,treasure=1,1,0,0,0,0,0,0,0
treasurer,1,treasurer=1,1,0,0,0,0,0,0,0
trendie,1,trendie=1,0,1,0,0,0,0,0,0
tri,1,tri=1,0,0,0,0,1,0,0,0
triangle,1,triangle=1,1,0,0,0,0,0,0,0
tricky,1,tricky=1,0,0,0,0,1,0,0,0
tricycle,1,tricycle=1,1,0,0,0,0,0,0,0
trillion,1,trillions=1,1,0,0,0,0,0,0,0
trivium,1,trivia=1,1,0,0,0,0,0,0,0
trojan,1,trojan=1,0,1,0,0,0,0,0,0
tropism,1,tropism=1,1,0,0,0,0,0,0,0
troupe,1,troupe=1,1,0,0,0,0,0,0,0
trouser,1,trousers=1,1,0,0,0,0,0,0,0
truffle,1,truffle=1,0,0,0,0,1,0,0,0
trustworthy,1,trustworthy=1,0,0,0,0,1,0,0,0
truthfulness,1,truthfulness=1,1,0,0,0,0,0,0,0
tuber,1,tubers=1,1,0,0,0,0,0,0,0
tuned,1,tuned=1,0,0,0,0,1,0,0,0
turnaround,1,turnaround=1,1,0,0,0,0,0,0,0
turtle,1,turtles=1,1,0,0,0,0,0,0,0
tuscany,1,tuscany=1,0,1,0,0,0,0,0,0
tweak,1,tweaked=1,0,0,1,0,0,0,0,0
twill,1,twill=1,1,0,0,0,0,0,0,0
typhoid,1,typhoid=1,1,0,0,0,0,0,0,0
ubiquitous,1,ubiquitous=1,0,0,0,0,1,0,0,0
ugh,1,ugh=1,0,0,0,0,0,0,0,1
ultimate,1,ultimate=1,0,0,0,0,1,0,0,0
ultra,1,ultra=1,0,0,0,0,1,0,0,0
unattended,1,unattended=1,0,0,0,0,1,0,0,0
unattractive,1,unattractive=1,0,0,0,0,1,0,0,0
unbalanced,1,unbalanced=1,0,0,0,0,1,0,0,0
unbiased,1,unbiased=1,0,0,0,0,1,0,0,0
unchangeable,1,unchangeable=1,0,0,0,0,1,0,0,0
unclear,1,unclear=1,0,0,0,0,1,0,0,0
uncomfortable,1,uncomfortable=1,0,0,0,0,1,0,0,0
uncontaminated,1,uncontaminated=1,0,0,0,0,1,0,0,0
uncontrolled,1,uncontrolled=1,0,0,0,0,1,0,0,0
undefeated,1,undefeated=1,0,0,0,0,1,0,0,0
undeniable,1,undeniable=1,0,0,0,0,1,0,0,0
underdeveloped,1,underdeveloped=1,0,0,0,0,1,0,0,0
underpin,1,underpin=1,0,0,1,0,0,0,0,0
undertaking,1,undertaking=1,1,0,0,0,0,0,0,0
unearth,1,unearthed=1,0,0,1,0,0,0,0,0
unemployed,1,unemployed=1,0,0,0,0,1,0,0,0
unenthusiastic,1,unenthusiastic=1,0,0,0,0,1,0,0,0
unethical,1,unethical=1,0,0,0,0,1,0,0,0
unexpectedly,1,unexpectedly=1,0,0,0,0,0,1,0,0
unfiltered,1,unfiltered=1,0,0,0,0,1,0,0,0
unhappy,1,unhappy=1,0,0,0,0,1,0,0,0
unheard,1,unheard=1,0,0,0,0,1,0,0,0
unicorn,1,unicorn=1,1,0,0,0,0,0,0,0
uniformity,1,uniformity=1,1,0,0,0,0,0,0,0
unimaginable,1,unimaginable=1,0,0,0,0,1,0,0,0
uninstall,1,uninstall=1,0,1,0,0,0,0,0,0
uninterested,1,uninterested=1,0,1,0,0,0,0,0,0
uniquely,1,uniquely=1,0,0,0,0,0,1,0,0
unjustified,1,unjustified=1,0,0,0,0,1,0,0,0
unkind,1,unkind=1,0,0,0,0,1,0,0,0
unlabeled,1,unlabeled=1,0,0,0,0,1,0,0,0
unload,1,unloading=1,0,0,1,0,0,0,0,0
unnatural,1,unnatural=1,0,0,0,0,1,0,0,0
unnoticed,1,unnoticed=1,0,0,0,0,1,0,0,0
unoriginal,1,unoriginal=1,0,0,0,0,1,0,0,0
unparalleled,1,unparalleled=1,0,0,0,0,1,0,0,0
unpleasant,1,unpleasant=1,0,0,0,0,0,1,0,0
unplug,1,unplug=1,0,1,0,0,0,0,0,0
unpopular,1,unpopular=1,0,0,0,0,1,0,0,0
unpublished,1,unpublished=1,0,0,0,0,1,0,0,0
unresolved,1,unresolved=1,0,0,0,0,1,0,0,0
unsafe,1,unsafe=1,0,0,0,0,1,0,0,0
unsatisfying,1,unsatisfying=1,1,0,0,0,0,0,0,0
unseen,1,unseen=1,0,0,0,0,1,0,0,0
unskilled,1,unskilled=1,0,0,0,0,1,0,0,0
unsuccessful,1,unsuccessful=1,0,0,0,0,1,0,0,0
unsurprise,1,unsurprised=1,0,0,1,0,0,0,0,0
unsuspecting,1,unsuspecting=1,0,0,0,0,1,0,0,0
unsustainable,1,unsustainable=1,0,0,0,0,1,0,0,0
untouched,1,untouched=1,0,0,0,0,1,0,0,0
unviable,1,unviable=1,0,0,0,0,1,0,0,0
unwilling,1,unwilling=1,0,0,0,0,1,0,0,0
upbeat,1,upbeat=1,0,0,0,0,1,0,0,0
upbringe,1,upbringing=1,0,0,1,0,0,0,0,0
upbringing,1,upbringing=1,1,0,0,0,0,0,0,0
updated,1,updated=1,0,0,0,0,1,0,0,0
updating,1,updating=1,1,0,0,0,0,0,0,0
uphold,1,uphold=1,0,0,1,0,0,0,0,0
upset,1,upset=1,0,0,1,0,0,0,0,0
upstairs,1,upstairs=1,0,0,0,0,0,1,0,0
urbanisation,1,urbanisation=1,1,0,0,0,0,0,0,0
urbanism,1,urbanism=1,1,0,0,0,0,0,0,0
usb,1,usb=1,1,0,0,0,0,0,0,0
used,1,used=1,0,0,0,0,1,0,0,0
username,1,username=1,1,0,0,0,0,0,0,0
utah,1,utah=1,0,1,0,0,0,0,0,0
utensil,1,utensils=1,1,0,0,0,0,0,0,0
utilization,1,utilization=1,1,0,0,0,0,0,0,0
utterly,1,utterly=1,0,0,0,0,0,1,0,0
vaccination,1,vaccination=1,1,0,0,0,0,0,0,0
valente,1,valente=1,0,1,0,0,0,0,0,0
validation,1,validation=1,1,0,0,0,0,0,0,0
vandalism,1,vandalism=1,1,0,0,0,0,0,0,0
vanish,1,vanished=1,0,0,1,0,0,0,0,0
vargas,1,vargas=1,0,1,0,0,0,0,0,0
varsity,1,varsity=1,1,0,0,0,0,0,0,0
vas,1,vases=1,1,0,0,0,0,0,0,0
vascular,1,vascular=1,0,0,0,0,1,0,0,0
vassal,1,vassals=1,1,0,0,0,0,0,0,0
vcs,1,vcs=1,0,1,0,0,0,0,0,0
veer,1,veer=1,1,0,0,0,0,0,0,0
vehicular,1,vehicular=1,0,0,0,0,1,0,0,0
vend,1,vending=1,0,0,1,0,0,0,0,0
vendors,1,vendors=1,0,1,0,0,0,0,0,0
veneer,1,veneer=1,1,0,0,0,0,0,0,0
vengeful,1,vengeful=1,0,0,0,0,1,0,0,0
venusian,1,venusian=1,0,0,0,0,1,0,0,0
verbal,1,verbal=1,0,0,0,0,1,0,0,0
verify,1,verified=1,0,0,1,0,0,0,0,0
vest,1,vests=1,1,0,0,0,0,0,0,0
vibe,1,vibes=1,1,0,0,0,0,0,0,0
vibrancy,1,vibrancy=1,1,0,0,0,0,0,0,0
vibrations,1,vibrations=1,0,1,0,0,0,0,0,0
vice,1,vice=1,1,0,0,0,0,0,0,0
vicinity,1,vicinity=1,1,0,0,0,0,0,0,0
victor,1,victor=1,0,1,0,0,0,0,0,0
victorian,1,victorian=1,0,0,0,0,1,0,0,0
vigorously,1,vigorously=1,0,0,0,0,0,1,0,0
villa,1,villa=1,1,0,0,0,0,0,0,0
villanella,1,villanellas=1,1,0,0,0,0,0,0,0
violate,1,violates=1,0,0,1,0,0,0,0,0
violent,1,violent=1,0,0,0,0,1,0,0,0
virality,1,virality=1,1,0,0,0,0,0,0,0
virtue,1,virtue=1,1,0,0,0,0,0,0,0
virtuoso,1,virtuosos=1,1,0,0,0,0,0,0,0
virtuosos,1,virtuosos=1,0,1,0,0,0,0,0,0
visor,1,visor=1,1,0,0,0,0,0,0,0
vitae,1,vitae=1,1,0,0,0,0,0,0,0
vitality,1,vitality=1,1,0,0,0,0,0,0,0
voiceover,1,voiceover=1,1,0,0,0,0,0,0,0
volcanoes,1,volcanoes=1,0,1,0,0,0,0,0,0
volleyball,1,volleyball=1,1,0,0,0,0,0,0,0
voter,1,voters=1,1,0,0,0,0,0,0,0
voyaging,1,voyaging=1,1,0,0,0,0,0,0,0
waiter,1,waiter=1,1,0,0,0,0,0,0,0
waitlist,1,waitlist=1,1,0,0,0,0,0,0,0
waltz,1,waltz=1,1,0,0,0,0,0,0,0
wanna,1,wanna=1,0,1,0,0,0,0,0,0
warfare,1,warfare=1,1,0,0,0,0,0,0,0
warmer,1,warmer=1,0,1,0,0,0,0,0,0
warmup,1,warmup=1,1,0,0,0,0,0,0,0
warner,1,warner=1,0,1,0,0,0,0,0,0
warranty,1,warranty=1,1,0,0,0,0,0,0,0
wars,1,wars=1,0,1,0,0,0,0,0,0
wasting,1,wasting=1,1,0,0,0,0,0,0,0
watchful,1,watchful=1,0,0,1,0,0,0,0,0
watercolour,1,watercolour=1,1,0,0,0,0,0,0,0
waterfront,1,waterfront=1,1,0,0,0,0,0,0,0
waterlogge,1,waterlogged=1,0,0,1,0,0,0,0,0
waterway,1,waterway=1,1,0,0,0,0,0,0,0
waxy,1,waxy=1,0,0,0,0,1,0,0,0
weakness,1,weaknesses=1,1,0,0,0,0,0,0,0
wearable,1,wearable=1,0,0,0,0,1,0,0,0
weathering,1,weathering=1,1,0,0,0,0,0,0,0
webinar,1,webinar=1,1,0,0,0,0,0,0,0
wednesdays,1,wednesdays=1,0,1,0,0,0,0,0,0
weightlift,1,weightlifting=1,0,0,1,0,0,0,0,0
welcoming,1,welcoming=1,0,0,0,0,1,0,0,0
wellbeing,1,wellbeing=1,1,0,0,0,0,0,0,0
wg,1,wg=1,0,1,0,0,0,0,0,0
wgs,1,wgs=1,1,0,0,0,0,0,0,0
wha,1,wha=1,0,1,0,0,0,0,0,0
whaler,1,whalers=1,1,0,0,0,0,0,0,0
whereby,1,whereby=1,0,0,0,0,0,0,0,1
whimsical,1,whimsical=1,0,0,0,0,1,0,0,0
whine,1,whining=1,0,0,1,0,0,0,0,0
whining,1,whining=1,1,0,0,0,0,0,0,0
whistle,1,whistle=1,0,0,0,0,1,0,0,0
whiteboard,1,whiteboard=1,1,0,0,0,0,0,0,0
whiz,1,whiz=1,0,1,0,0,0,0,0,0
whooshing,1,whooshing=1,1,0,0,0,0,0,0,0
wife,1,wife=1,1,0,0,0,0,0,0,0
wifi,1,wifi=1,1,0,0,0,0,0,0,0
wil,1,wil=1,1,0,0,0,0,0,0,0
wilderness,1,wilderness=1,1,0,0,0,0,0,0,0
william,1,william=1,0,1,0,0,0,0,0,0
windowsill,1,windowsill=1,1,0,0,0,0,0,0,0
windy,1,windy=1,0,0,0,0,1,0,0,0
wings,1,wings=1,0,1,0,0,0,0,0,0
witherspoon,1,witherspoon=1,0,1,0,0,0,0,0,0
withhold,1,withhold=1,0,0,1,0,0,0,0,0
wobble,1,wobble=1,0,0,0,0,1,0,0,0
woodworke,1,woodworking=1,0,0,1,0,0,0,0,0
workability,1,workability=1,0,1,0,0,0,0,0,0
workable,1,workable=1,0,0,0,0,1,0,0,0
workers,1,workers=1,0,1,0,0,0,0,0,0
workshops,1,workshops=1,0,1,0,0,0,0,0,0
workspace,1,workspace=1,1,0,0,0,0,0,0,0
workweek,1,workweeks=1,1,0,0,0,0,0,0,0
worm,1,worms=1,0,0,1,0,0,0,0,0
worship,1,worship=1,1,0,0,0,0,0,0,0
wound,1,wound=1,1,0,0,0,0,0,0,0
woven,1,woven=1,0,0,0,0,1,0,0,0
wrapping,1,wrappings=1,1,0,0,0,0,0,0,0
wrench,1,wrench=1,1,0,0,0,0,0,0,0
wrist,1,wrist=1,1,0,0,0,0,0,0,0
wristband,1,wristband=1,1,0,0,0,0,0,0,0
wug,1,wug=1,0,1,0,0,0,0,0,0
xylem,1,xylem=1,0,1,0,0,0,0,0,0
yangtze,1,yangtze=1,0,1,0,0,0,0,0,0
yard,1,yard=1,1,0,0,0,0,0,0,0
yearning,1,yearning=1,1,0,0,0,0,0,0,0
yep,1,yep=1,0,1,0,0,0,0,0,0
yike,1,yikes=1,1,0,0,0,0,0,0,0
yoghurt,1,yoghurt=1,1,0,0,0,0,0,0,0
yogurt,1,yogurt=1,0,1,0,0,0,0,0,0
yorkers,1,yorkers=1,0,1,0,0,0,0,0,0
yoshida,1,yoshida=1,0,1,0,0,0,0,0,0
yuck,1,yuck=1,0,1,0,0,0,0,0,0
zealand,1,zealand=1,0,1,0,0,0,0,0,0
zimbabwe,1,zimbabwe=1,0,1,0,0,0,0,0,0
zimmerman,1,zimmerman=1,0,1,0,0,0,0,0,0
zoning,1,zoning=1,1,0,0,0,0,0,0,0
zoom,1,zoom=1,0,1,0,0,0,0,0,0
œby,1,œby=1,0,0,1,0,0,0,0,0
œdress,1,œdress=1,0,0,0,0,0,1,0,0
œgravitational,1,œgravitational=1,0,0,0,0,1,0,0,0
œheraldic,1,œheraldic=1,0,0,0,0,1,0,0,0
œit,1,œit=1,1,0,0,0,0,0,0,0
œmight,1,œmight=1,0,0,0,0,1,0,0,0
œprecautionary,1,œprecautionary=1,0,0,0,0,1,0,0,0
œsmoke,1,œsmoke=1,0,0,1,0,0,0,0,0
œwe,1,œwe=1,1,0,0,0,0,0,0,0
